order_id,order_date,region,channel,revenue
ORD-0,2024-01-14,East,Web,401
ORD-1,2024-01-17,East,Partner,277
ORD-2,2024-01-10,North,Web,349
ORD-3,2024-01-08,South,Partner,454
ORD-4,2024-01-16,West,Web,509
ORD-5,2024-01-01,East,Partner,560
ORD-6,2024-01-11,North,Web,677
ORD-7,2024-01-06,South,Retail,377
ORD-8,2024-01-03,East,Retail,545
ORD-9,2024-01-22,West,Retail,436
ORD-10,2024-01-19,West,Web,475
ORD-11,2024-01-27,East,Partner,543
ORD-12,2024-01-05,North,Web,399
ORD-13,2024-01-27,East,Web,514
ORD-14,2024-01-20,West,Retail,419
ORD-15,2024-01-17,East,Web,456
ORD-16,2024-01-26,West,Web,604
ORD-17,2024-01-02,North,Partner,378
ORD-18,2024-01-19,East,Retail,528
ORD-19,2024-01-22,West,Partner,709
ORD-20,2024-01-06,North,Retail,473
ORD-21,2024-01-21,North,Retail,519
ORD-22,2024-01-20,North,Web,494
ORD-23,2024-01-08,North,Web,494
ORD-24,2024-01-01,West,Web,484
ORD-25,2024-01-07,East,Partner,364
ORD-26,2024-01-16,West,Web,533
ORD-27,2024-01-12,East,Partner,520
ORD-28,2024-01-10,East,Retail,666
ORD-29,2024-01-19,West,Retail,416
ORD-30,2024-01-05,East,Partner,586
ORD-31,2024-01-19,East,Partner,472
ORD-32,2024-01-06,East,Retail,464
ORD-33,2024-01-18,South,Retail,524
ORD-34,2024-01-01,East,Retail,513
ORD-35,2024-01-19,South,Web,553
ORD-36,2024-01-26,West,Retail,520
ORD-37,2024-01-18,South,Retail,639
ORD-38,2024-01-23,North,Retail,448
ORD-39,2024-01-21,South,Retail,528
ORD-40,2024-01-27,North,Web,531
ORD-41,2024-01-05,East,Partner,381
ORD-42,2024-01-14,North,Retail,540
ORD-43,2024-01-13,North,Retail,561
ORD-44,2024-01-21,North,Partner,467
ORD-45,2024-01-21,East,Web,480
ORD-46,2024-01-04,North,Web,578
ORD-47,2024-01-02,West,Partner,546
ORD-48,2024-01-19,South,Retail,537
ORD-49,2024-01-20,North,Partner,632
ORD-50,2024-01-22,West,Web,405
ORD-51,2024-01-15,East,Partner,578
ORD-52,2024-01-13,East,Partner,525
ORD-53,2024-01-24,East,Partner,386
ORD-54,2024-01-09,North,Web,584
ORD-55,2024-01-22,North,Web,450
ORD-56,2024-01-08,East,Partner,535
ORD-57,2024-01-16,West,Retail,365
ORD-58,2024-01-25,North,Partner,557
ORD-59,2024-01-12,North,Web,520
ORD-60,2024-01-06,South,Retail,412
ORD-61,2024-01-23,South,Web,634
ORD-62,2024-01-06,South,Web,535
ORD-63,2024-01-01,North,Partner,644
ORD-64,2024-01-26,West,Web,552
ORD-65,2024-01-04,North,Partner,439
ORD-66,2024-01-02,South,Partner,594
ORD-67,2024-01-01,North,Retail,472
ORD-68,2024-01-06,North,Partner,553
ORD-69,2024-01-04,East,Retail,421
ORD-70,2024-01-19,South,Web,480
ORD-71,2024-01-02,South,Retail,493
ORD-72,2024-01-16,South,Retail,578
ORD-73,2024-01-16,South,Web,536
ORD-74,2024-01-03,West,Retail,411
ORD-75,2024-01-28,South,Web,501
ORD-76,2024-01-09,West,Web,675
ORD-77,2024-01-11,South,Web,632
ORD-78,2024-01-12,West,Partner,732
ORD-79,2024-01-01,West,Web,520
ORD-80,2024-01-06,South,Partner,507
ORD-81,2024-01-10,South,Retail,447
ORD-82,2024-01-21,West,Partner,390
ORD-83,2024-01-25,North,Partner,417
ORD-84,2024-01-21,South,Retail,463
ORD-85,2024-01-23,South,Web,580
ORD-86,2024-01-09,East,Web,487
ORD-87,2024-01-17,South,Partner,405
ORD-88,2024-01-10,East,Retail,362
ORD-89,2024-01-26,East,Web,532
ORD-90,2024-01-04,West,Web,618
ORD-91,2024-01-09,North,Partner,460
ORD-92,2024-01-22,North,Retail,611
ORD-93,2024-01-18,South,Retail,531
ORD-94,2024-01-16,North,Web,669
ORD-95,2024-01-23,East,Retail,436
ORD-96,2024-01-17,East,Retail,523
ORD-97,2024-01-20,West,Partner,449
ORD-98,2024-01-07,South,Web,608
ORD-99,2024-01-11,North,Web,550
ORD-100,2024-01-25,East,Retail,368
ORD-101,2024-01-25,South,Web,582
ORD-102,2024-01-07,South,Web,299
ORD-103,2024-01-24,South,Partner,532
ORD-104,2024-01-23,West,Web,436
ORD-105,2024-01-09,North,Web,655
ORD-106,2024-01-12,East,Retail,488
ORD-107,2024-01-05,South,Partner,550
ORD-108,2024-01-11,South,Retail,422
ORD-109,2024-01-08,South,Web,485
ORD-110,2024-01-19,East,Web,376
ORD-111,2024-01-18,North,Retail,503
ORD-112,2024-01-01,South,Web,676
ORD-113,2024-01-21,West,Partner,508
ORD-114,2024-01-27,East,Partner,445
ORD-115,2024-01-01,West,Partner,500
ORD-116,2024-01-07,East,Retail,509
ORD-117,2024-01-25,South,Retail,416
ORD-118,2024-01-27,South,Web,424
ORD-119,2024-01-08,South,Partner,583
ORD-120,2024-01-19,West,Retail,618
ORD-121,2024-01-06,North,Web,522
ORD-122,2024-01-04,East,Web,571
ORD-123,2024-01-15,East,Retail,536
ORD-124,2024-01-17,South,Partner,541
ORD-125,2024-01-28,South,Partner,476
ORD-126,2024-01-02,South,Partner,615
ORD-127,2024-01-03,East,Partner,589
ORD-128,2024-01-19,East,Partner,361
ORD-129,2024-01-24,South,Web,499
ORD-130,2024-01-11,East,Partner,408
ORD-131,2024-01-13,North,Retail,458
ORD-132,2024-01-12,West,Retail,379
ORD-133,2024-01-18,East,Retail,500
ORD-134,2024-01-03,South,Partner,472
ORD-135,2024-01-05,East,Web,648
ORD-136,2024-01-11,East,Web,558
ORD-137,2024-01-04,North,Web,581
ORD-138,2024-01-28,South,Retail,532
ORD-139,2024-01-06,South,Partner,589
ORD-140,2024-01-24,North,Retail,597
ORD-141,2024-01-19,North,Web,579
ORD-142,2024-01-23,North,Web,558
ORD-143,2024-01-19,South,Web,564
ORD-144,2024-01-06,West,Partner,423
ORD-145,2024-01-17,North,Web,510
ORD-146,2024-01-01,East,Partner,412
ORD-147,2024-01-19,East,Retail,460
ORD-148,2024-01-16,North,Retail,603
ORD-149,2024-01-02,East,Retail,487
ORD-150,2024-01-28,South,Retail,425
ORD-151,2024-01-26,West,Web,658
ORD-152,2024-01-22,West,Retail,466
ORD-153,2024-01-23,South,Retail,500
ORD-154,2024-01-08,East,Web,500
ORD-155,2024-01-11,East,Partner,482
ORD-156,2024-01-05,North,Partner,434
ORD-157,2024-01-20,North,Web,492
ORD-158,2024-01-02,South,Partner,568
ORD-159,2024-01-01,North,Web,483
ORD-160,2024-01-19,East,Web,451
ORD-161,2024-01-07,East,Partner,416
ORD-162,2024-01-03,East,Retail,551
ORD-163,2024-01-14,East,Partner,467
ORD-164,2024-01-05,West,Web,460
ORD-165,2024-01-20,East,Web,419
ORD-166,2024-01-27,South,Web,428
ORD-167,2024-01-28,North,Retail,516
ORD-168,2024-01-03,South,Partner,543
ORD-169,2024-01-26,West,Partner,395
ORD-170,2024-01-22,South,Web,310
ORD-171,2024-01-25,East,Retail,487
ORD-172,2024-01-20,North,Retail,390
ORD-173,2024-01-03,East,Partner,527
ORD-174,2024-01-13,South,Web,396
ORD-175,2024-01-22,East,Web,682
ORD-176,2024-01-05,North,Web,473
ORD-177,2024-01-19,North,Web,514
ORD-178,2024-01-28,North,Partner,329
ORD-179,2024-01-08,North,Web,481
ORD-180,2024-01-14,North,Web,593
ORD-181,2024-01-08,North,Web,489
ORD-182,2024-01-26,West,Retail,509
ORD-183,2024-01-06,West,Web,648
ORD-184,2024-01-02,North,Retail,330
ORD-185,2024-01-06,East,Retail,531
ORD-186,2024-01-03,West,Partner,676
ORD-187,2024-01-20,South,Web,398
ORD-188,2024-01-11,South,Partner,555
ORD-189,2024-01-02,North,Partner,450
ORD-190,2024-01-17,South,Partner,510
ORD-191,2024-01-08,North,Retail,561
ORD-192,2024-01-01,West,Partner,504
ORD-193,2024-01-25,South,Retail,526
ORD-194,2024-01-06,South,Partner,630
ORD-195,2024-01-17,South,Partner,537
ORD-196,2024-01-18,East,Web,555
ORD-197,2024-01-21,North,Partner,414
ORD-198,2024-01-05,East,Retail,525
ORD-199,2024-01-09,South,Partner,495
ORD-200,2024-01-03,West,Retail,421
ORD-201,2024-01-12,South,Partner,403
ORD-202,2024-01-12,East,Web,764
ORD-203,2024-01-27,South,Web,531
ORD-204,2024-01-07,East,Web,590
ORD-205,2024-01-21,North,Web,520
ORD-206,2024-01-26,East,Partner,397
ORD-207,2024-01-28,West,Partner,561
ORD-208,2024-01-03,North,Web,627
ORD-209,2024-01-01,South,Partner,576
ORD-210,2024-01-20,South,Web,548
ORD-211,2024-01-23,North,Partner,475
ORD-212,2024-01-21,South,Retail,473
ORD-213,2024-01-17,West,Partner,561
ORD-214,2024-01-22,South,Retail,384
ORD-215,2024-01-06,North,Partner,373
ORD-216,2024-01-22,East,Partner,365
ORD-217,2024-01-14,East,Web,515
ORD-218,2024-01-22,West,Retail,567
ORD-219,2024-01-17,West,Partner,403
ORD-220,2024-01-03,North,Web,460
ORD-221,2024-01-21,North,Web,481
ORD-222,2024-01-21,East,Retail,517
ORD-223,2024-01-28,East,Retail,567
ORD-224,2024-01-17,South,Web,647
ORD-225,2024-01-27,West,Partner,565
ORD-226,2024-01-16,West,Partner,320
ORD-227,2024-01-02,West,Retail,558
ORD-228,2024-01-16,East,Partner,490
ORD-229,2024-01-05,East,Partner,447
ORD-230,2024-01-18,South,Web,474
ORD-231,2024-01-11,East,Retail,493
ORD-232,2024-01-25,North,Retail,594
ORD-233,2024-01-15,East,Web,578
ORD-234,2024-01-13,West,Retail,341
ORD-235,2024-01-28,South,Retail,465
ORD-236,2024-01-03,North,Retail,393
ORD-237,2024-01-23,West,Retail,389
ORD-238,2024-01-18,West,Web,416
ORD-239,2024-01-19,North,Partner,583
ORD-240,2024-01-17,North,Web,337
ORD-241,2024-01-25,East,Retail,489
ORD-242,2024-01-18,North,Partner,337
ORD-243,2024-01-16,North,Retail,422
ORD-244,2024-01-07,East,Partner,550
ORD-245,2024-01-28,East,Web,517
ORD-246,2024-01-24,South,Retail,461
ORD-247,2024-01-02,North,Web,514
ORD-248,2024-01-27,East,Partner,528
ORD-249,2024-01-02,South,Retail,526
ORD-250,2024-01-25,North,Web,671
ORD-251,2024-01-06,East,Web,329
ORD-252,2024-01-28,East,Retail,592
ORD-253,2024-01-26,North,Partner,485
ORD-254,2024-01-28,North,Retail,515
ORD-255,2024-01-01,East,Retail,509
ORD-256,2024-01-19,West,Partner,561
ORD-257,2024-01-25,South,Partner,592
ORD-258,2024-01-18,West,Partner,586
ORD-259,2024-01-08,North,Partner,441
ORD-260,2024-01-04,West,Partner,701
ORD-261,2024-01-24,East,Retail,606
ORD-262,2024-01-17,South,Partner,348
ORD-263,2024-01-12,North,Partner,477
ORD-264,2024-01-21,North,Partner,409
ORD-265,2024-01-19,North,Partner,447
ORD-266,2024-01-22,South,Retail,464
ORD-267,2024-01-06,South,Web,399
ORD-268,2024-01-02,South,Partner,600
ORD-269,2024-01-25,South,Partner,570
ORD-270,2024-01-22,West,Retail,450
ORD-271,2024-01-01,East,Retail,579
ORD-272,2024-01-13,South,Partner,570
ORD-273,2024-01-21,East,Retail,539
ORD-274,2024-01-11,East,Web,639
ORD-275,2024-01-28,East,Partner,798
ORD-276,2024-01-09,East,Partner,659
ORD-277,2024-01-26,North,Partner,524
ORD-278,2024-01-11,East,Web,482
ORD-279,2024-01-19,North,Web,547
ORD-280,2024-01-28,North,Partner,596
ORD-281,2024-01-23,West,Partner,412
ORD-282,2024-01-15,East,Web,460
ORD-283,2024-01-14,North,Retail,540
ORD-284,2024-01-04,North,Partner,583
ORD-285,2024-01-09,East,Web,490
ORD-286,2024-01-10,East,Retail,489
ORD-287,2024-01-16,East,Partner,324
ORD-288,2024-01-06,South,Partner,536
ORD-289,2024-01-28,East,Partner,597
ORD-290,2024-01-02,South,Partner,522
ORD-291,2024-01-14,South,Partner,696
ORD-292,2024-01-08,South,Retail,379
ORD-293,2024-01-01,East,Web,587
ORD-294,2024-01-21,West,Partner,576
ORD-295,2024-01-08,South,Retail,610
ORD-296,2024-01-23,North,Web,565
ORD-297,2024-01-25,South,Web,564
ORD-298,2024-01-07,West,Partner,390
ORD-299,2024-01-16,East,Retail,507
ORD-300,2024-01-08,South,Web,594
ORD-301,2024-01-22,West,Partner,458
ORD-302,2024-01-16,West,Retail,517
ORD-303,2024-01-23,South,Retail,484
ORD-304,2024-01-22,West,Web,453
ORD-305,2024-01-22,East,Web,554
ORD-306,2024-01-12,South,Web,397
ORD-307,2024-01-19,South,Retail,513
ORD-308,2024-01-11,North,Partner,460
ORD-309,2024-01-15,West,Partner,371
ORD-310,2024-01-20,South,Retail,538
ORD-311,2024-01-28,West,Partner,574
ORD-312,2024-01-26,South,Retail,605
ORD-313,2024-01-27,East,Partner,506
ORD-314,2024-01-04,East,Retail,360
ORD-315,2024-01-15,North,Partner,624
ORD-316,2024-01-28,East,Partner,456
ORD-317,2024-01-12,West,Retail,409
ORD-318,2024-01-24,South,Partner,746
ORD-319,2024-01-21,North,Partner,385
ORD-320,2024-01-12,South,Retail,527
ORD-321,2024-01-19,East,Web,353
ORD-322,2024-01-02,West,Web,430
ORD-323,2024-01-18,East,Retail,618
ORD-324,2024-01-19,East,Web,514
ORD-325,2024-01-04,West,Retail,588
ORD-326,2024-01-09,North,Web,425
ORD-327,2024-01-16,North,Partner,461
ORD-328,2024-01-23,East,Retail,613
ORD-329,2024-01-23,East,Partner,345
ORD-330,2024-01-16,West,Retail,509
ORD-331,2024-01-21,East,Retail,413
ORD-332,2024-01-03,West,Retail,432
ORD-333,2024-01-12,North,Partner,570
ORD-334,2024-01-02,South,Partner,479
ORD-335,2024-01-23,East,Web,585
ORD-336,2024-01-19,West,Web,469
ORD-337,2024-01-09,North,Web,455
ORD-338,2024-01-23,West,Web,613
ORD-339,2024-01-08,East,Partner,448
ORD-340,2024-01-24,West,Retail,351
ORD-341,2024-01-28,West,Partner,478
ORD-342,2024-01-02,North,Web,597
ORD-343,2024-01-15,East,Retail,706
ORD-344,2024-01-21,West,Web,508
ORD-345,2024-01-15,South,Retail,429
ORD-346,2024-01-27,South,Web,383
ORD-347,2024-01-02,North,Web,452
ORD-348,2024-01-16,East,Retail,359
ORD-349,2024-01-08,West,Retail,574
ORD-350,2024-01-08,North,Web,480
ORD-351,2024-01-08,South,Web,511
ORD-352,2024-01-20,North,Retail,512
ORD-353,2024-01-17,South,Retail,552
ORD-354,2024-01-25,West,Partner,508
ORD-355,2024-01-03,West,Web,458
ORD-356,2024-01-18,West,Retail,487
ORD-357,2024-01-14,South,Partner,612
ORD-358,2024-01-25,West,Web,275
ORD-359,2024-01-14,North,Web,281
ORD-360,2024-01-17,East,Partner,639
ORD-361,2024-01-09,North,Web,543
ORD-362,2024-01-03,North,Partner,601
ORD-363,2024-01-08,North,Retail,637
ORD-364,2024-01-12,West,Retail,491
ORD-365,2024-01-16,East,Partner,399
ORD-366,2024-01-05,West,Web,522
ORD-367,2024-01-27,North,Retail,419
ORD-368,2024-01-05,East,Web,409
ORD-369,2024-01-07,South,Web,551
ORD-370,2024-01-12,East,Retail,438
ORD-371,2024-01-27,South,Retail,440
ORD-372,2024-01-11,South,Web,564
ORD-373,2024-01-11,East,Partner,474
ORD-374,2024-01-23,South,Web,595
ORD-375,2024-01-23,West,Retail,380
ORD-376,2024-01-07,West,Partner,348
ORD-377,2024-01-01,North,Web,412
ORD-378,2024-01-11,South,Web,566
ORD-379,2024-01-21,East,Partner,485
ORD-380,2024-01-05,West,Partner,539
ORD-381,2024-01-18,North,Retail,501
ORD-382,2024-01-02,North,Web,468
ORD-383,2024-01-20,East,Web,562
ORD-384,2024-01-19,West,Retail,572
ORD-385,2024-01-24,South,Web,454
ORD-386,2024-01-04,North,Retail,533
ORD-387,2024-01-05,West,Web,473
ORD-388,2024-01-21,South,Retail,583
ORD-389,2024-01-28,North,Retail,590
ORD-390,2024-01-20,West,Retail,411
ORD-391,2024-01-19,West,Web,496
ORD-392,2024-01-16,North,Web,662
ORD-393,2024-01-10,West,Web,548
ORD-394,2024-01-19,East,Partner,292
ORD-395,2024-01-22,East,Retail,551
ORD-396,2024-01-16,South,Web,539
ORD-397,2024-01-10,South,Retail,225
ORD-398,2024-01-22,South,Web,388
ORD-399,2024-01-03,West,Web,333
ORD-400,2024-01-27,East,Web,429
ORD-401,2024-01-18,East,Web,676
ORD-402,2024-01-13,South,Retail,469
ORD-403,2024-01-23,West,Retail,543
ORD-404,2024-01-27,West,Retail,532
ORD-405,2024-01-26,East,Partner,562
ORD-406,2024-01-10,West,Retail,626
ORD-407,2024-01-04,South,Partner,482
ORD-408,2024-01-20,West,Retail,544
ORD-409,2024-01-15,North,Partner,519
ORD-410,2024-01-16,South,Partner,565
ORD-411,2024-01-13,South,Web,464
ORD-412,2024-01-28,North,Partner,329
ORD-413,2024-01-16,East,Partner,450
ORD-414,2024-01-17,North,Partner,636
ORD-415,2024-01-25,East,Retail,539
ORD-416,2024-01-04,South,Partner,506
ORD-417,2024-01-07,South,Web,492
ORD-418,2024-01-14,South,Retail,443
ORD-419,2024-01-10,West,Web,536
ORD-420,2024-01-10,West,Partner,498
ORD-421,2024-01-05,North,Web,355
ORD-422,2024-01-19,South,Retail,504
ORD-423,2024-01-19,South,Retail,509
ORD-424,2024-01-12,South,Web,323
ORD-425,2024-01-15,South,Partner,438
ORD-426,2024-01-11,West,Web,491
ORD-427,2024-01-08,East,Partner,498
ORD-428,2024-01-21,North,Retail,363
ORD-429,2024-01-02,North,Retail,581
ORD-430,2024-01-09,West,Retail,556
ORD-431,2024-01-04,North,Web,649
ORD-432,2024-01-10,East,Partner,640
ORD-433,2024-01-04,West,Partner,585
ORD-434,2024-01-15,East,Partner,502
ORD-435,2024-01-11,East,Web,529
ORD-436,2024-01-16,West,Partner,621
ORD-437,2024-01-18,East,Retail,596
ORD-438,2024-01-08,North,Retail,404
ORD-439,2024-01-16,South,Partner,515
ORD-440,2024-01-05,South,Web,618
ORD-441,2024-01-25,South,Retail,496
ORD-442,2024-01-13,West,Retail,499
ORD-443,2024-01-20,East,Retail,483
ORD-444,2024-01-28,West,Web,378
ORD-445,2024-01-01,West,Retail,259
ORD-446,2024-01-04,North,Retail,342
ORD-447,2024-01-12,South,Web,489
ORD-448,2024-01-16,South,Retail,505
ORD-449,2024-01-24,South,Retail,354
ORD-450,2024-01-12,East,Partner,526
ORD-451,2024-01-01,West,Partner,507
ORD-452,2024-01-05,South,Partner,544
ORD-453,2024-01-23,East,Retail,507
ORD-454,2024-01-08,West,Partner,449
ORD-455,2024-01-21,West,Partner,549
ORD-456,2024-01-02,South,Retail,604
ORD-457,2024-01-21,East,Web,384
ORD-458,2024-01-22,West,Web,395
ORD-459,2024-01-26,West,Retail,493
ORD-460,2024-01-17,West,Web,327
ORD-461,2024-01-27,West,Web,480
ORD-462,2024-01-24,North,Partner,579
ORD-463,2024-01-16,West,Retail,399
ORD-464,2024-01-04,West,Web,435
ORD-465,2024-01-01,West,Retail,407
ORD-466,2024-01-23,East,Partner,505
ORD-467,2024-01-06,East,Retail,664
ORD-468,2024-01-23,West,Partner,616
ORD-469,2024-01-19,East,Retail,580
ORD-470,2024-01-08,North,Retail,496
ORD-471,2024-01-20,West,Partner,447
ORD-472,2024-01-17,East,Web,474
ORD-473,2024-01-06,East,Retail,607
ORD-474,2024-01-16,West,Partner,417
ORD-475,2024-01-12,West,Partner,549
ORD-476,2024-01-18,South,Retail,318
ORD-477,2024-01-22,North,Retail,371
ORD-478,2024-01-17,South,Partner,290
ORD-479,2024-01-07,East,Web,508
ORD-480,2024-01-25,South,Partner,491
ORD-481,2024-01-02,West,Partner,475
ORD-482,2024-01-08,East,Web,490
ORD-483,2024-01-06,North,Retail,318
ORD-484,2024-01-20,West,Partner,479
ORD-485,2024-01-01,East,Partner,419
ORD-486,2024-01-28,South,Partner,505
ORD-487,2024-01-19,East,Retail,509
ORD-488,2024-01-06,East,Retail,483
ORD-489,2024-01-11,West,Retail,430
ORD-490,2024-01-26,East,Partner,561
ORD-491,2024-01-10,South,Partner,470
ORD-492,2024-01-19,North,Retail,664
ORD-493,2024-01-27,South,Retail,529
ORD-494,2024-01-12,West,Partner,498
ORD-495,2024-01-02,South,Partner,622
ORD-496,2024-01-24,South,Partner,401
ORD-497,2024-01-28,West,Partner,498
ORD-498,2024-01-16,North,Web,558
ORD-499,2024-01-05,South,Web,521
ORD-500,2024-01-18,North,Retail,476
ORD-501,2024-01-06,West,Retail,523
ORD-502,2024-01-24,North,Web,641
ORD-503,2024-01-20,South,Web,406
ORD-504,2024-01-15,North,Retail,473
ORD-505,2024-01-03,East,Retail,546
ORD-506,2024-01-09,East,Partner,439
ORD-507,2024-01-01,East,Partner,541
ORD-508,2024-01-28,East,Retail,549
ORD-509,2024-01-28,West,Web,382
ORD-510,2024-01-11,South,Web,588
ORD-511,2024-01-22,North,Retail,313
ORD-512,2024-01-12,South,Web,359
ORD-513,2024-01-20,West,Web,595
ORD-514,2024-01-07,South,Partner,449
ORD-515,2024-01-10,West,Partner,509
ORD-516,2024-01-22,North,Partner,539
ORD-517,2024-01-12,East,Retail,454
ORD-518,2024-01-07,South,Partner,408
ORD-519,2024-01-12,North,Web,588
ORD-520,2024-01-04,East,Retail,485
ORD-521,2024-01-03,South,Web,548
ORD-522,2024-01-18,East,Partner,491
ORD-523,2024-01-26,South,Retail,472
ORD-524,2024-01-25,South,Retail,456
ORD-525,2024-01-14,North,Web,531
ORD-526,2024-01-23,South,Partner,574
ORD-527,2024-01-03,South,Partner,771
ORD-528,2024-01-26,West,Partner,521
ORD-529,2024-01-06,South,Retail,519
ORD-530,2024-01-12,North,Web,559
ORD-531,2024-01-11,North,Partner,406
ORD-532,2024-01-18,North,Partner,383
ORD-533,2024-01-14,North,Partner,484
ORD-534,2024-01-23,North,Web,383
ORD-535,2024-01-22,South,Retail,563
ORD-536,2024-01-05,West,Web,545
ORD-537,2024-01-01,North,Retail,461
ORD-538,2024-01-24,West,Retail,573
ORD-539,2024-01-20,South,Partner,497
ORD-540,2024-01-26,South,Partner,491
ORD-541,2024-01-16,East,Retail,564
ORD-542,2024-01-12,West,Retail,525
ORD-543,2024-01-13,South,Web,582
ORD-544,2024-01-01,North,Web,671
ORD-545,2024-01-22,East,Web,532
ORD-546,2024-01-24,North,Partner,624
ORD-547,2024-01-03,West,Web,498
ORD-548,2024-01-21,West,Web,366
ORD-549,2024-01-20,West,Partner,398
ORD-550,2024-01-28,West,Retail,612
ORD-551,2024-01-20,West,Web,453
ORD-552,2024-01-16,West,Retail,498
ORD-553,2024-01-14,East,Web,489
ORD-554,2024-01-23,East,Partner,437
ORD-555,2024-01-13,East,Retail,612
ORD-556,2024-01-27,West,Web,472
ORD-557,2024-01-09,West,Partner,507
ORD-558,2024-01-20,East,Retail,349
ORD-559,2024-01-13,North,Web,487
ORD-560,2024-01-08,South,Retail,506
ORD-561,2024-01-21,South,Partner,712
ORD-562,2024-01-06,West,Retail,448
ORD-563,2024-01-10,West,Partner,480
ORD-564,2024-01-03,South,Partner,539
ORD-565,2024-01-12,North,Partner,606
ORD-566,2024-01-07,North,Partner,449
ORD-567,2024-01-26,West,Web,539
ORD-568,2024-01-17,West,Web,574
ORD-569,2024-01-20,North,Retail,740
ORD-570,2024-01-02,South,Retail,485
ORD-571,2024-01-26,South,Web,614
ORD-572,2024-01-26,North,Partner,473
ORD-573,2024-01-01,West,Web,562
ORD-574,2024-01-08,West,Retail,493
ORD-575,2024-01-18,North,Partner,620
ORD-576,2024-01-22,East,Web,426
ORD-577,2024-01-08,North,Partner,341
ORD-578,2024-01-06,West,Retail,453
ORD-579,2024-01-20,South,Retail,386
ORD-580,2024-01-05,North,Retail,564
ORD-581,2024-01-28,South,Partner,471
ORD-582,2024-01-08,West,Retail,517
ORD-583,2024-01-05,East,Retail,599
ORD-584,2024-01-25,South,Retail,561
ORD-585,2024-01-10,South,Partner,364
ORD-586,2024-01-20,West,Web,378
ORD-587,2024-01-18,South,Retail,689
ORD-588,2024-01-15,West,Partner,485
ORD-589,2024-01-25,North,Web,514
ORD-590,2024-01-22,West,Web,525
ORD-591,2024-01-23,South,Web,685
ORD-592,2024-01-12,East,Web,502
ORD-593,2024-01-08,North,Partner,448
ORD-594,2024-01-04,West,Retail,669
ORD-595,2024-01-03,South,Retail,477
ORD-596,2024-01-06,North,Partner,529
ORD-597,2024-01-24,West,Web,484
ORD-598,2024-01-23,East,Retail,466
ORD-599,2024-01-15,North,Retail,592
ORD-600,2024-01-07,East,Partner,582
ORD-601,2024-01-02,East,Retail,488
ORD-602,2024-01-01,North,Retail,503
ORD-603,2024-01-13,South,Web,430
ORD-604,2024-01-23,South,Retail,550
ORD-605,2024-01-07,East,Web,534
ORD-606,2024-01-09,East,Web,370
ORD-607,2024-01-11,South,Partner,506
ORD-608,2024-01-03,North,Partner,530
ORD-609,2024-01-10,North,Web,522
ORD-610,2024-01-27,South,Web,322
ORD-611,2024-01-06,East,Partner,246
ORD-612,2024-01-17,North,Partner,551
ORD-613,2024-01-12,East,Partner,524
ORD-614,2024-01-04,North,Partner,715
ORD-615,2024-01-17,South,Retail,543
ORD-616,2024-01-23,North,Web,405
ORD-617,2024-01-26,South,Web,436
ORD-618,2024-01-21,East,Retail,383
ORD-619,2024-01-19,South,Retail,450
ORD-620,2024-01-18,East,Retail,497
ORD-621,2024-01-12,South,Partner,384
ORD-622,2024-01-01,North,Retail,666
ORD-623,2024-01-23,East,Retail,546
ORD-624,2024-01-08,South,Web,541
ORD-625,2024-01-02,East,Retail,521
ORD-626,2024-01-17,East,Partner,447
ORD-627,2024-01-10,East,Web,406
ORD-628,2024-01-11,West,Retail,394
ORD-629,2024-01-14,South,Partner,402
ORD-630,2024-01-27,North,Retail,431
ORD-631,2024-01-09,South,Web,506
ORD-632,2024-01-08,East,Partner,462
ORD-633,2024-01-06,South,Partner,342
ORD-634,2024-01-19,South,Retail,473
ORD-635,2024-01-10,West,Retail,464
ORD-636,2024-01-28,South,Retail,498
ORD-637,2024-01-19,South,Partner,509
ORD-638,2024-01-10,North,Web,292
ORD-639,2024-01-12,South,Partner,602
ORD-640,2024-01-24,West,Partner,538
ORD-641,2024-01-27,West,Partner,402
ORD-642,2024-01-24,West,Web,624
ORD-643,2024-01-08,North,Partner,574
ORD-644,2024-01-28,South,Retail,661
ORD-645,2024-01-07,North,Partner,472
ORD-646,2024-01-07,East,Retail,501
ORD-647,2024-01-07,North,Web,474
ORD-648,2024-01-02,West,Partner,478
ORD-649,2024-01-07,South,Partner,601
ORD-650,2024-01-01,East,Partner,676
ORD-651,2024-01-23,East,Partner,541
ORD-652,2024-01-27,East,Web,360
ORD-653,2024-01-04,East,Web,593
ORD-654,2024-01-17,South,Web,565
ORD-655,2024-01-28,West,Retail,360
ORD-656,2024-01-22,West,Partner,573
ORD-657,2024-01-12,North,Web,587
ORD-658,2024-01-17,West,Retail,612
ORD-659,2024-01-03,East,Web,527
ORD-660,2024-01-05,North,Retail,552
ORD-661,2024-01-28,North,Partner,561
ORD-662,2024-01-12,East,Partner,439
ORD-663,2024-01-11,East,Web,571
ORD-664,2024-01-08,West,Partner,337
ORD-665,2024-01-02,South,Partner,661
ORD-666,2024-01-08,West,Partner,539
ORD-667,2024-01-19,East,Partner,505
ORD-668,2024-01-04,North,Partner,489
ORD-669,2024-01-12,North,Partner,454
ORD-670,2024-01-15,West,Web,453
ORD-671,2024-01-22,West,Retail,514
ORD-672,2024-01-07,North,Web,563
ORD-673,2024-01-03,West,Partner,504
ORD-674,2024-01-14,South,Partner,536
ORD-675,2024-01-27,North,Retail,524
ORD-676,2024-01-01,East,Retail,277
ORD-677,2024-01-17,East,Web,625
ORD-678,2024-01-23,West,Retail,553
ORD-679,2024-01-28,East,Retail,595
ORD-680,2024-01-04,West,Partner,471
ORD-681,2024-01-28,South,Partner,617
ORD-682,2024-01-11,South,Partner,529
ORD-683,2024-01-22,West,Retail,488
ORD-684,2024-01-20,South,Web,434
ORD-685,2024-01-05,South,Retail,603
ORD-686,2024-01-01,North,Web,448
ORD-687,2024-01-01,North,Partner,598
ORD-688,2024-01-26,North,Retail,437
ORD-689,2024-01-16,West,Retail,560
ORD-690,2024-01-08,North,Web,602
ORD-691,2024-01-23,East,Web,355
ORD-692,2024-01-04,East,Retail,441
ORD-693,2024-01-19,North,Web,472
ORD-694,2024-01-16,East,Partner,368
ORD-695,2024-01-13,South,Partner,588
ORD-696,2024-01-27,East,Retail,342
ORD-697,2024-01-03,West,Web,496
ORD-698,2024-01-20,East,Web,450
ORD-699,2024-01-28,South,Retail,393
ORD-700,2024-01-12,West,Partner,561
ORD-701,2024-01-28,East,Web,395
ORD-702,2024-01-13,East,Partner,440
ORD-703,2024-01-11,South,Retail,346
ORD-704,2024-01-28,West,Web,514
ORD-705,2024-01-10,North,Retail,647
ORD-706,2024-01-11,West,Partner,481
ORD-707,2024-01-04,East,Partner,463
ORD-708,2024-01-19,North,Web,512
ORD-709,2024-01-12,West,Retail,367
ORD-710,2024-01-08,East,Web,449
ORD-711,2024-01-22,East,Web,457
ORD-712,2024-01-21,South,Partner,478
ORD-713,2024-01-17,North,Retail,453
ORD-714,2024-01-15,North,Retail,582
ORD-715,2024-01-21,West,Web,569
ORD-716,2024-01-18,North,Web,371
ORD-717,2024-01-09,North,Web,537
ORD-718,2024-01-11,South,Retail,438
ORD-719,2024-01-19,North,Web,430
ORD-720,2024-01-25,South,Retail,505
ORD-721,2024-01-26,East,Retail,485
ORD-722,2024-01-27,South,Web,412
ORD-723,2024-01-15,East,Retail,580
ORD-724,2024-01-17,North,Partner,625
ORD-725,2024-01-27,North,Web,371
ORD-726,2024-01-19,South,Web,473
ORD-727,2024-01-01,West,Retail,580
ORD-728,2024-01-15,North,Web,219
ORD-729,2024-01-22,North,Retail,315
ORD-730,2024-01-07,South,Retail,574
ORD-731,2024-01-24,North,Partner,496
ORD-732,2024-01-05,South,Partner,463
ORD-733,2024-01-10,East,Web,457
ORD-734,2024-01-06,West,Retail,497
ORD-735,2024-01-28,South,Partner,432
ORD-736,2024-01-17,South,Partner,552
ORD-737,2024-01-18,North,Web,487
ORD-738,2024-01-19,East,Retail,477
ORD-739,2024-01-02,North,Partner,563
ORD-740,2024-01-27,South,Retail,379
ORD-741,2024-01-17,East,Web,508
ORD-742,2024-01-18,South,Retail,448
ORD-743,2024-01-03,North,Web,693
ORD-744,2024-01-04,East,Retail,453
ORD-745,2024-01-23,West,Partner,188
ORD-746,2024-01-06,West,Web,460
ORD-747,2024-01-24,North,Web,405
ORD-748,2024-01-14,East,Partner,425
ORD-749,2024-01-16,East,Partner,572
ORD-750,2024-01-10,West,Retail,468
ORD-751,2024-01-12,South,Web,587
ORD-752,2024-01-10,East,Web,490
ORD-753,2024-01-07,East,Web,516
ORD-754,2024-01-10,East,Web,430
ORD-755,2024-01-08,North,Web,277
ORD-756,2024-01-28,East,Web,286
ORD-757,2024-01-12,South,Web,560
ORD-758,2024-01-20,North,Web,438
ORD-759,2024-01-10,North,Partner,461
ORD-760,2024-01-28,East,Partner,560
ORD-761,2024-01-03,West,Retail,507
ORD-762,2024-01-13,West,Retail,412
ORD-763,2024-01-19,East,Partner,575
ORD-764,2024-01-24,North,Web,559
ORD-765,2024-01-09,North,Web,549
ORD-766,2024-01-08,West,Partner,523
ORD-767,2024-01-17,East,Retail,425
ORD-768,2024-01-06,South,Partner,371
ORD-769,2024-01-19,East,Partner,273
ORD-770,2024-01-24,South,Web,593
ORD-771,2024-01-08,South,Partner,392
ORD-772,2024-01-21,North,Partner,566
ORD-773,2024-01-07,West,Retail,421
ORD-774,2024-01-28,West,Retail,563
ORD-775,2024-01-13,West,Web,649
ORD-776,2024-01-21,South,Partner,540
ORD-777,2024-01-11,East,Retail,562
ORD-778,2024-01-09,East,Web,480
ORD-779,2024-01-25,South,Retail,492
ORD-780,2024-01-03,West,Retail,528
ORD-781,2024-01-03,East,Partner,367
ORD-782,2024-01-16,South,Web,211
ORD-783,2024-01-12,East,Retail,457
ORD-784,2024-01-19,East,Partner,584
ORD-785,2024-01-11,West,Partner,430
ORD-786,2024-01-01,North,Web,493
ORD-787,2024-01-10,East,Partner,575
ORD-788,2024-01-07,South,Web,634
ORD-789,2024-01-13,North,Retail,422
ORD-790,2024-01-25,North,Web,476
ORD-791,2024-01-07,West,Web,732
ORD-792,2024-01-09,West,Web,441
ORD-793,2024-01-11,West,Web,798
ORD-794,2024-01-23,East,Partner,490
ORD-795,2024-01-06,West,Retail,617
ORD-796,2024-01-17,South,Web,633
ORD-797,2024-01-23,East,Web,462
ORD-798,2024-01-27,East,Retail,519
ORD-799,2024-01-14,East,Web,561
ORD-800,2024-01-25,North,Partner,417
ORD-801,2024-01-20,West,Web,543
ORD-802,2024-01-21,West,Retail,418
ORD-803,2024-01-06,South,Partner,623
ORD-804,2024-01-18,South,Web,498
ORD-805,2024-01-16,North,Web,438
ORD-806,2024-01-19,South,Partner,505
ORD-807,2024-01-12,North,Retail,489
ORD-808,2024-01-25,South,Partner,570
ORD-809,2024-01-22,West,Web,598
ORD-810,2024-01-06,East,Web,510
ORD-811,2024-01-04,East,Retail,535
ORD-812,2024-01-04,North,Web,471
ORD-813,2024-01-09,East,Partner,470
ORD-814,2024-01-12,South,Partner,491
ORD-815,2024-01-19,North,Web,656
ORD-816,2024-01-28,West,Retail,518
ORD-817,2024-01-06,North,Web,638
ORD-818,2024-01-14,North,Retail,424
ORD-819,2024-01-01,East,Partner,415
ORD-820,2024-01-25,South,Web,487
ORD-821,2024-01-20,North,Retail,578
ORD-822,2024-01-12,South,Partner,531
ORD-823,2024-01-16,North,Retail,590
ORD-824,2024-01-12,East,Retail,525
ORD-825,2024-01-04,East,Retail,494
ORD-826,2024-01-09,West,Partner,588
ORD-827,2024-01-23,South,Web,488
ORD-828,2024-01-26,South,Retail,489
ORD-829,2024-01-21,South,Partner,410
ORD-830,2024-01-22,West,Web,448
ORD-831,2024-01-05,East,Retail,470
ORD-832,2024-01-22,West,Retail,495
ORD-833,2024-01-04,West,Partner,520
ORD-834,2024-01-14,West,Retail,639
ORD-835,2024-01-05,South,Retail,445
ORD-836,2024-01-25,East,Web,623
ORD-837,2024-01-16,West,Partner,473
ORD-838,2024-01-03,South,Partner,385
ORD-839,2024-01-14,South,Partner,572
ORD-840,2024-01-04,South,Partner,610
ORD-841,2024-01-04,South,Retail,435
ORD-842,2024-01-19,South,Web,475
ORD-843,2024-01-03,South,Retail,480
ORD-844,2024-01-19,West,Web,594
ORD-845,2024-01-07,South,Retail,453
ORD-846,2024-01-10,East,Web,561
ORD-847,2024-01-14,East,Web,587
ORD-848,2024-01-01,North,Partner,506
ORD-849,2024-01-21,East,Retail,457
ORD-850,2024-01-25,East,Retail,549
ORD-851,2024-01-16,West,Retail,620
ORD-852,2024-01-01,North,Partner,437
ORD-853,2024-01-02,South,Web,563
ORD-854,2024-01-06,West,Retail,395
ORD-855,2024-01-27,North,Web,578
ORD-856,2024-01-05,West,Web,494
ORD-857,2024-01-08,North,Partner,475
ORD-858,2024-01-24,East,Retail,561
ORD-859,2024-01-15,West,Retail,459
ORD-860,2024-01-28,West,Retail,412
ORD-861,2024-01-10,West,Retail,589
ORD-862,2024-01-26,West,Retail,355
ORD-863,2024-01-03,West,Web,260
ORD-864,2024-01-23,South,Web,599
ORD-865,2024-01-06,North,Web,450
ORD-866,2024-01-12,South,Partner,510
ORD-867,2024-01-14,East,Web,542
ORD-868,2024-01-05,East,Partner,561
ORD-869,2024-01-18,North,Web,563
ORD-870,2024-01-15,South,Partner,535
ORD-871,2024-01-02,North,Partner,536
ORD-872,2024-01-24,West,Retail,585
ORD-873,2024-01-21,North,Web,451
ORD-874,2024-01-06,West,Partner,424
ORD-875,2024-01-27,East,Web,330
ORD-876,2024-01-10,North,Retail,514
ORD-877,2024-01-05,East,Web,408
ORD-878,2024-01-28,North,Partner,559
ORD-879,2024-01-14,West,Web,366
ORD-880,2024-01-25,North,Web,575
ORD-881,2024-01-14,West,Web,587
ORD-882,2024-01-28,North,Retail,487
ORD-883,2024-01-13,East,Web,499
ORD-884,2024-01-15,North,Web,489
ORD-885,2024-01-23,West,Partner,424
ORD-886,2024-01-19,South,Web,494
ORD-887,2024-01-03,North,Retail,476
ORD-888,2024-01-05,North,Retail,428
ORD-889,2024-01-13,West,Retail,517
ORD-890,2024-01-09,North,Web,306
ORD-891,2024-01-15,North,Retail,442
ORD-892,2024-01-21,South,Partner,516
ORD-893,2024-01-20,South,Partner,469
ORD-894,2024-01-11,East,Partner,411
ORD-895,2024-01-22,North,Retail,437
ORD-896,2024-01-18,North,Web,530
ORD-897,2024-01-26,West,Web,498
ORD-898,2024-01-08,West,Retail,363
ORD-899,2024-01-04,North,Retail,345
ORD-900,2024-02-01,South,Retail,617
ORD-901,2024-02-18,North,Retail,409
ORD-902,2024-02-16,East,Web,541
ORD-903,2024-02-17,North,Partner,578
ORD-904,2024-02-21,East,Retail,521
ORD-905,2024-02-06,North,Retail,496
ORD-906,2024-02-07,South,Web,717
ORD-907,2024-02-18,South,Retail,432
ORD-908,2024-02-25,West,Partner,381
ORD-909,2024-02-09,West,Partner,744
ORD-910,2024-02-26,East,Partner,503
ORD-911,2024-02-20,North,Partner,636
ORD-912,2024-02-14,East,Retail,568
ORD-913,2024-02-03,East,Retail,517
ORD-914,2024-02-13,South,Web,556
ORD-915,2024-02-28,West,Retail,418
ORD-916,2024-02-15,South,Retail,401
ORD-917,2024-02-01,North,Web,444
ORD-918,2024-02-13,West,Web,411
ORD-919,2024-02-09,East,Web,242
ORD-920,2024-02-01,West,Web,563
ORD-921,2024-02-19,North,Web,549
ORD-922,2024-02-09,East,Retail,512
ORD-923,2024-02-08,East,Partner,380
ORD-924,2024-02-04,East,Retail,556
ORD-925,2024-02-10,North,Retail,477
ORD-926,2024-02-19,East,Partner,391
ORD-927,2024-02-10,West,Partner,514
ORD-928,2024-02-08,North,Web,468
ORD-929,2024-02-12,North,Web,543
ORD-930,2024-02-06,South,Partner,624
ORD-931,2024-02-08,North,Partner,377
ORD-932,2024-02-05,North,Retail,722
ORD-933,2024-02-28,North,Web,398
ORD-934,2024-02-26,East,Partner,659
ORD-935,2024-02-12,East,Partner,570
ORD-936,2024-02-01,North,Retail,477
ORD-937,2024-02-05,North,Partner,403
ORD-938,2024-02-28,North,Partner,559
ORD-939,2024-02-20,North,Web,410
ORD-940,2024-02-28,North,Web,457
ORD-941,2024-02-02,North,Web,517
ORD-942,2024-02-17,West,Web,528
ORD-943,2024-02-13,South,Retail,495
ORD-944,2024-02-17,West,Partner,479
ORD-945,2024-02-22,North,Retail,335
ORD-946,2024-02-12,South,Web,565
ORD-947,2024-02-23,South,Web,485
ORD-948,2024-02-05,West,Partner,510
ORD-949,2024-02-26,East,Web,485
ORD-950,2024-02-13,East,Retail,549
ORD-951,2024-02-01,North,Partner,542
ORD-952,2024-02-11,South,Partner,283
ORD-953,2024-02-13,West,Partner,438
ORD-954,2024-02-07,North,Retail,433
ORD-955,2024-02-04,East,Partner,683
ORD-956,2024-02-26,North,Partner,499
ORD-957,2024-02-25,West,Partner,503
ORD-958,2024-02-10,West,Retail,509
ORD-959,2024-02-02,East,Retail,676
ORD-960,2024-02-14,West,Partner,451
ORD-961,2024-02-09,South,Retail,512
ORD-962,2024-02-11,East,Retail,463
ORD-963,2024-02-05,West,Web,433
ORD-964,2024-02-28,North,Web,296
ORD-965,2024-02-18,South,Web,522
ORD-966,2024-02-03,West,Retail,428
ORD-967,2024-02-20,West,Partner,571
ORD-968,2024-02-27,North,Partner,555
ORD-969,2024-02-12,South,Partner,551
ORD-970,2024-02-07,North,Partner,406
ORD-971,2024-02-26,South,Partner,610
ORD-972,2024-02-15,South,Partner,530
ORD-973,2024-02-06,East,Web,507
ORD-974,2024-02-03,West,Web,518
ORD-975,2024-02-28,North,Retail,451
ORD-976,2024-02-27,North,Web,599
ORD-977,2024-02-21,West,Web,800
ORD-978,2024-02-26,North,Web,529
ORD-979,2024-02-18,South,Partner,640
ORD-980,2024-02-22,West,Partner,420
ORD-981,2024-02-15,West,Web,409
ORD-982,2024-02-07,South,Web,387
ORD-983,2024-02-04,North,Web,451
ORD-984,2024-02-13,East,Web,527
ORD-985,2024-02-07,North,Web,454
ORD-986,2024-02-10,West,Web,518
ORD-987,2024-02-23,West,Partner,539
ORD-988,2024-02-28,North,Retail,426
ORD-989,2024-02-21,South,Partner,511
ORD-990,2024-02-20,West,Partner,683
ORD-991,2024-02-08,South,Partner,503
ORD-992,2024-02-28,South,Web,580
ORD-993,2024-02-20,South,Retail,368
ORD-994,2024-02-20,West,Web,435
ORD-995,2024-02-03,North,Retail,464
ORD-996,2024-02-26,West,Partner,571
ORD-997,2024-02-04,North,Retail,535
ORD-998,2024-02-09,West,Web,519
ORD-999,2024-02-27,North,Partner,422
ORD-1000,2024-02-15,North,Retail,595
ORD-1001,2024-02-21,West,Retail,561
ORD-1002,2024-02-03,North,Retail,502
ORD-1003,2024-02-10,South,Web,406
ORD-1004,2024-02-24,North,Retail,438
ORD-1005,2024-02-09,North,Retail,529
ORD-1006,2024-02-16,East,Partner,613
ORD-1007,2024-02-18,South,Retail,459
ORD-1008,2024-02-05,South,Web,373
ORD-1009,2024-02-27,North,Partner,558
ORD-1010,2024-02-04,West,Retail,315
ORD-1011,2024-02-02,South,Partner,420
ORD-1012,2024-02-17,East,Retail,494
ORD-1013,2024-02-20,South,Retail,539
ORD-1014,2024-02-04,South,Retail,688
ORD-1015,2024-02-17,West,Web,434
ORD-1016,2024-02-15,East,Web,586
ORD-1017,2024-02-02,East,Partner,606
ORD-1018,2024-02-26,North,Partner,491
ORD-1019,2024-02-01,South,Retail,385
ORD-1020,2024-02-12,West,Partner,616
ORD-1021,2024-02-01,North,Retail,429
ORD-1022,2024-02-15,East,Web,533
ORD-1023,2024-02-22,North,Retail,513
ORD-1024,2024-02-18,North,Web,390
ORD-1025,2024-02-07,North,Web,480
ORD-1026,2024-02-13,West,Web,502
ORD-1027,2024-02-12,North,Retail,536
ORD-1028,2024-02-25,West,Retail,486
ORD-1029,2024-02-23,West,Partner,461
ORD-1030,2024-02-28,South,Retail,598
ORD-1031,2024-02-07,West,Retail,390
ORD-1032,2024-02-20,West,Partner,367
ORD-1033,2024-02-05,East,Web,480
ORD-1034,2024-02-03,South,Web,382
ORD-1035,2024-02-10,North,Retail,731
ORD-1036,2024-02-02,West,Web,545
ORD-1037,2024-02-28,West,Web,484
ORD-1038,2024-02-27,East,Web,393
ORD-1039,2024-02-15,East,Partner,420
ORD-1040,2024-02-24,South,Partner,394
ORD-1041,2024-02-15,East,Web,378
ORD-1042,2024-02-04,North,Retail,589
ORD-1043,2024-02-25,East,Partner,535
ORD-1044,2024-02-21,North,Partner,481
ORD-1045,2024-02-28,North,Retail,561
ORD-1046,2024-02-11,South,Retail,390
ORD-1047,2024-02-09,East,Partner,526
ORD-1048,2024-02-23,South,Web,704
ORD-1049,2024-02-12,South,Partner,524
ORD-1050,2024-02-07,North,Partner,448
ORD-1051,2024-02-21,South,Web,310
ORD-1052,2024-02-24,West,Web,678
ORD-1053,2024-02-03,South,Web,576
ORD-1054,2024-02-04,East,Partner,461
ORD-1055,2024-02-14,West,Partner,445
ORD-1056,2024-02-10,West,Web,414
ORD-1057,2024-02-21,North,Web,471
ORD-1058,2024-02-06,East,Partner,468
ORD-1059,2024-02-03,South,Retail,432
ORD-1060,2024-02-11,South,Web,618
ORD-1061,2024-02-20,West,Partner,445
ORD-1062,2024-02-03,South,Retail,596
ORD-1063,2024-02-25,West,Retail,569
ORD-1064,2024-02-04,South,Partner,458
ORD-1065,2024-02-04,West,Partner,593
ORD-1066,2024-02-20,South,Partner,506
ORD-1067,2024-02-15,North,Partner,649
ORD-1068,2024-02-14,North,Web,506
ORD-1069,2024-02-21,West,Retail,465
ORD-1070,2024-02-02,South,Partner,614
ORD-1071,2024-02-24,West,Retail,638
ORD-1072,2024-02-21,West,Partner,420
ORD-1073,2024-02-28,West,Partner,676
ORD-1074,2024-02-15,South,Web,528
ORD-1075,2024-02-09,East,Partner,613
ORD-1076,2024-02-25,South,Web,455
ORD-1077,2024-02-19,South,Retail,449
ORD-1078,2024-02-28,West,Web,720
ORD-1079,2024-02-24,West,Web,651
ORD-1080,2024-02-11,South,Retail,416
ORD-1081,2024-02-23,North,Web,619
ORD-1082,2024-02-07,South,Partner,377
ORD-1083,2024-02-02,West,Partner,267
ORD-1084,2024-02-03,South,Web,445
ORD-1085,2024-02-02,North,Web,574
ORD-1086,2024-02-27,West,Retail,442
ORD-1087,2024-02-24,North,Retail,642
ORD-1088,2024-02-04,East,Partner,622
ORD-1089,2024-02-18,South,Retail,417
ORD-1090,2024-02-02,West,Retail,395
ORD-1091,2024-02-27,South,Partner,666
ORD-1092,2024-02-03,North,Retail,520
ORD-1093,2024-02-08,West,Web,469
ORD-1094,2024-02-15,North,Partner,427
ORD-1095,2024-02-01,East,Retail,370
ORD-1096,2024-02-09,West,Web,565
ORD-1097,2024-02-22,North,Web,610
ORD-1098,2024-02-13,East,Web,472
ORD-1099,2024-02-20,North,Web,618
ORD-1100,2024-02-24,West,Retail,471
ORD-1101,2024-02-14,East,Web,454
ORD-1102,2024-02-21,North,Retail,383
ORD-1103,2024-02-07,West,Partner,578
ORD-1104,2024-02-20,North,Web,498
ORD-1105,2024-02-02,South,Retail,466
ORD-1106,2024-02-06,South,Retail,352
ORD-1107,2024-02-21,South,Web,362
ORD-1108,2024-02-20,East,Partner,514
ORD-1109,2024-02-17,North,Retail,368
ORD-1110,2024-02-18,East,Partner,447
ORD-1111,2024-02-06,North,Web,270
ORD-1112,2024-02-15,South,Retail,431
ORD-1113,2024-02-13,South,Retail,551
ORD-1114,2024-02-09,East,Partner,331
ORD-1115,2024-02-27,South,Retail,458
ORD-1116,2024-02-13,West,Web,210
ORD-1117,2024-02-13,North,Web,587
ORD-1118,2024-02-26,West,Web,555
ORD-1119,2024-02-18,East,Web,422
ORD-1120,2024-02-07,South,Web,552
ORD-1121,2024-02-08,West,Retail,304
ORD-1122,2024-02-10,North,Retail,538
ORD-1123,2024-02-16,South,Web,513
ORD-1124,2024-02-14,North,Retail,540
ORD-1125,2024-02-06,West,Web,409
ORD-1126,2024-02-23,South,Retail,518
ORD-1127,2024-02-08,East,Retail,549
ORD-1128,2024-02-07,East,Retail,543
ORD-1129,2024-02-27,East,Web,621
ORD-1130,2024-02-13,North,Retail,405
ORD-1131,2024-02-06,South,Retail,507
ORD-1132,2024-02-23,East,Partner,521
ORD-1133,2024-02-25,West,Retail,481
ORD-1134,2024-02-11,North,Web,474
ORD-1135,2024-02-16,East,Partner,592
ORD-1136,2024-02-07,South,Web,397
ORD-1137,2024-02-15,South,Partner,580
ORD-1138,2024-02-02,East,Retail,442
ORD-1139,2024-02-26,North,Retail,376
ORD-1140,2024-02-13,West,Partner,544
ORD-1141,2024-02-28,South,Web,674
ORD-1142,2024-02-05,West,Partner,394
ORD-1143,2024-02-08,North,Web,621
ORD-1144,2024-02-25,East,Partner,352
ORD-1145,2024-02-17,South,Web,558
ORD-1146,2024-02-17,North,Web,411
ORD-1147,2024-02-26,West,Partner,338
ORD-1148,2024-02-23,North,Partner,465
ORD-1149,2024-02-05,South,Retail,552
ORD-1150,2024-02-13,South,Web,445
ORD-1151,2024-02-11,West,Web,586
ORD-1152,2024-02-16,South,Partner,447
ORD-1153,2024-02-16,East,Web,365
ORD-1154,2024-02-26,South,Partner,464
ORD-1155,2024-02-06,West,Partner,439
ORD-1156,2024-02-15,West,Retail,352
ORD-1157,2024-02-23,West,Retail,387
ORD-1158,2024-02-12,East,Web,568
ORD-1159,2024-02-06,East,Retail,542
ORD-1160,2024-02-14,South,Web,467
ORD-1161,2024-02-20,North,Web,636
ORD-1162,2024-02-22,East,Partner,498
ORD-1163,2024-02-04,North,Retail,471
ORD-1164,2024-02-18,West,Partner,510
ORD-1165,2024-02-01,West,Web,576
ORD-1166,2024-02-25,West,Partner,572
ORD-1167,2024-02-19,West,Partner,436
ORD-1168,2024-02-18,West,Partner,707
ORD-1169,2024-02-04,West,Web,496
ORD-1170,2024-02-07,East,Web,445
ORD-1171,2024-02-25,North,Retail,449
ORD-1172,2024-02-12,North,Partner,405
ORD-1173,2024-02-01,North,Retail,425
ORD-1174,2024-02-15,South,Retail,557
ORD-1175,2024-02-11,East,Web,601
ORD-1176,2024-02-02,North,Web,634
ORD-1177,2024-02-09,West,Retail,362
ORD-1178,2024-02-06,North,Retail,617
ORD-1179,2024-02-20,North,Partner,577
ORD-1180,2024-02-13,West,Partner,493
ORD-1181,2024-02-03,West,Retail,426
ORD-1182,2024-02-18,East,Partner,468
ORD-1183,2024-02-19,West,Partner,407
ORD-1184,2024-02-24,South,Partner,498
ORD-1185,2024-02-11,West,Retail,595
ORD-1186,2024-02-19,North,Web,514
ORD-1187,2024-02-16,East,Web,586
ORD-1188,2024-02-26,East,Retail,591
ORD-1189,2024-02-27,East,Partner,512
ORD-1190,2024-02-16,South,Partner,513
ORD-1191,2024-02-04,East,Retail,589
ORD-1192,2024-02-03,West,Partner,426
ORD-1193,2024-02-18,North,Partner,516
ORD-1194,2024-02-03,East,Web,269
ORD-1195,2024-02-10,West,Retail,427
ORD-1196,2024-02-14,West,Partner,534
ORD-1197,2024-02-10,North,Retail,420
ORD-1198,2024-02-13,South,Retail,601
ORD-1199,2024-02-06,North,Web,660
ORD-1200,2024-02-25,South,Retail,469
ORD-1201,2024-02-28,South,Partner,597
ORD-1202,2024-02-03,North,Web,668
ORD-1203,2024-02-22,North,Web,457
ORD-1204,2024-02-27,North,Partner,510
ORD-1205,2024-02-14,East,Web,534
ORD-1206,2024-02-06,South,Web,527
ORD-1207,2024-02-02,North,Partner,501
ORD-1208,2024-02-05,East,Partner,396
ORD-1209,2024-02-02,East,Retail,556
ORD-1210,2024-02-14,East,Web,604
ORD-1211,2024-02-21,West,Web,458
ORD-1212,2024-02-11,South,Partner,402
ORD-1213,2024-02-01,North,Web,603
ORD-1214,2024-02-24,South,Retail,470
ORD-1215,2024-02-04,North,Partner,422
ORD-1216,2024-02-05,North,Partner,561
ORD-1217,2024-02-13,North,Web,659
ORD-1218,2024-02-02,East,Retail,349
ORD-1219,2024-02-18,South,Retail,558
ORD-1220,2024-02-09,East,Partner,377
ORD-1221,2024-02-13,North,Retail,343
ORD-1222,2024-02-01,East,Web,566
ORD-1223,2024-02-26,West,Web,410
ORD-1224,2024-02-09,North,Web,545
ORD-1225,2024-02-23,North,Retail,328
ORD-1226,2024-02-22,East,Partner,553
ORD-1227,2024-02-03,North,Retail,466
ORD-1228,2024-02-13,South,Partner,585
ORD-1229,2024-02-13,North,Retail,424
ORD-1230,2024-02-15,West,Web,300
ORD-1231,2024-02-14,South,Partner,490
ORD-1232,2024-02-20,North,Web,536
ORD-1233,2024-02-26,East,Retail,207
ORD-1234,2024-02-16,West,Partner,547
ORD-1235,2024-02-12,North,Partner,472
ORD-1236,2024-02-22,East,Web,404
ORD-1237,2024-02-13,South,Retail,712
ORD-1238,2024-02-07,South,Partner,386
ORD-1239,2024-02-26,North,Retail,554
ORD-1240,2024-02-08,South,Partner,660
ORD-1241,2024-02-13,East,Partner,444
ORD-1242,2024-02-18,North,Partner,383
ORD-1243,2024-02-20,East,Partner,380
ORD-1244,2024-02-23,North,Retail,468
ORD-1245,2024-02-05,North,Partner,387
ORD-1246,2024-02-01,West,Web,454
ORD-1247,2024-02-01,West,Web,585
ORD-1248,2024-02-12,West,Web,618
ORD-1249,2024-02-28,South,Web,327
ORD-1250,2024-02-12,East,Web,435
ORD-1251,2024-02-18,North,Retail,615
ORD-1252,2024-02-24,East,Retail,587
ORD-1253,2024-02-25,East,Retail,535
ORD-1254,2024-02-20,East,Partner,536
ORD-1255,2024-02-09,East,Retail,612
ORD-1256,2024-02-08,West,Retail,566
ORD-1257,2024-02-15,East,Retail,484
ORD-1258,2024-02-27,South,Partner,434
ORD-1259,2024-02-05,West,Web,468
ORD-1260,2024-02-16,East,Partner,531
ORD-1261,2024-02-05,North,Web,390
ORD-1262,2024-02-08,North,Partner,539
ORD-1263,2024-02-08,North,Web,350
ORD-1264,2024-02-28,South,Partner,432
ORD-1265,2024-02-08,West,Retail,457
ORD-1266,2024-02-14,East,Web,558
ORD-1267,2024-02-20,North,Web,503
ORD-1268,2024-02-22,West,Partner,409
ORD-1269,2024-02-06,West,Partner,610
ORD-1270,2024-02-10,North,Web,381
ORD-1271,2024-02-18,South,Partner,559
ORD-1272,2024-02-03,North,Retail,543
ORD-1273,2024-02-01,West,Web,460
ORD-1274,2024-02-27,East,Web,652
ORD-1275,2024-02-11,West,Retail,580
ORD-1276,2024-02-28,South,Partner,495
ORD-1277,2024-02-11,East,Partner,464
ORD-1278,2024-02-28,South,Retail,561
ORD-1279,2024-02-26,South,Web,555
ORD-1280,2024-02-22,South,Retail,343
ORD-1281,2024-02-06,East,Retail,554
ORD-1282,2024-02-17,East,Retail,389
ORD-1283,2024-02-28,West,Web,508
ORD-1284,2024-02-21,South,Web,546
ORD-1285,2024-02-21,West,Partner,454
ORD-1286,2024-02-21,West,Web,693
ORD-1287,2024-02-15,East,Web,302
ORD-1288,2024-02-23,West,Web,515
ORD-1289,2024-02-01,West,Partner,577
ORD-1290,2024-02-15,West,Partner,522
ORD-1291,2024-02-25,East,Web,585
ORD-1292,2024-02-07,South,Partner,399
ORD-1293,2024-02-19,East,Retail,544
ORD-1294,2024-02-21,West,Web,488
ORD-1295,2024-02-08,North,Web,480
ORD-1296,2024-02-19,East,Retail,386
ORD-1297,2024-02-23,South,Partner,505
ORD-1298,2024-02-28,South,Web,587
ORD-1299,2024-02-05,South,Retail,431
ORD-1300,2024-02-04,West,Retail,523
ORD-1301,2024-02-09,East,Web,508
ORD-1302,2024-02-28,South,Partner,517
ORD-1303,2024-02-22,East,Web,568
ORD-1304,2024-02-24,South,Partner,491
ORD-1305,2024-02-01,East,Retail,394
ORD-1306,2024-02-21,South,Retail,247
ORD-1307,2024-02-28,West,Partner,524
ORD-1308,2024-02-20,East,Retail,333
ORD-1309,2024-02-26,South,Partner,429
ORD-1310,2024-02-18,East,Retail,411
ORD-1311,2024-02-24,North,Retail,626
ORD-1312,2024-02-05,East,Partner,362
ORD-1313,2024-02-13,North,Partner,515
ORD-1314,2024-02-06,North,Web,455
ORD-1315,2024-02-01,South,Web,412
ORD-1316,2024-02-03,North,Partner,462
ORD-1317,2024-02-06,North,Web,456
ORD-1318,2024-02-12,North,Partner,491
ORD-1319,2024-02-06,North,Retail,445
ORD-1320,2024-02-22,West,Partner,406
ORD-1321,2024-02-18,West,Web,575
ORD-1322,2024-02-11,North,Partner,500
ORD-1323,2024-02-01,East,Retail,465
ORD-1324,2024-02-24,North,Partner,575
ORD-1325,2024-02-14,South,Web,465
ORD-1326,2024-02-01,East,Web,578
ORD-1327,2024-02-27,North,Web,399
ORD-1328,2024-02-27,East,Partner,375
ORD-1329,2024-02-24,South,Partner,618
ORD-1330,2024-02-14,North,Partner,524
ORD-1331,2024-02-01,North,Web,388
ORD-1332,2024-02-10,West,Web,439
ORD-1333,2024-02-13,East,Web,414
ORD-1334,2024-02-25,West,Web,472
ORD-1335,2024-02-26,East,Partner,511
ORD-1336,2024-02-21,East,Retail,555
ORD-1337,2024-02-14,West,Web,546
ORD-1338,2024-02-16,West,Partner,474
ORD-1339,2024-02-21,South,Partner,552
ORD-1340,2024-02-24,North,Partner,404
ORD-1341,2024-02-15,East,Web,457
ORD-1342,2024-02-25,South,Retail,460
ORD-1343,2024-02-10,South,Web,468
ORD-1344,2024-02-16,North,Partner,601
ORD-1345,2024-02-21,South,Retail,546
ORD-1346,2024-02-26,North,Web,485
ORD-1347,2024-02-21,West,Retail,557
ORD-1348,2024-02-23,North,Partner,484
ORD-1349,2024-02-03,North,Web,622
ORD-1350,2024-02-14,West,Partner,454
ORD-1351,2024-02-19,North,Partner,608
ORD-1352,2024-02-26,West,Web,436
ORD-1353,2024-02-11,East,Web,559
ORD-1354,2024-02-03,South,Partner,410
ORD-1355,2024-02-11,South,Retail,257
ORD-1356,2024-02-10,North,Web,652
ORD-1357,2024-02-21,North,Partner,461
ORD-1358,2024-02-24,North,Retail,392
ORD-1359,2024-02-09,South,Retail,715
ORD-1360,2024-02-19,West,Web,446
ORD-1361,2024-02-17,East,Retail,540
ORD-1362,2024-02-19,East,Web,479
ORD-1363,2024-02-14,West,Web,481
ORD-1364,2024-02-27,West,Partner,630
ORD-1365,2024-02-14,North,Partner,505
ORD-1366,2024-02-05,West,Partner,520
ORD-1367,2024-02-27,South,Web,481
ORD-1368,2024-02-06,East,Partner,465
ORD-1369,2024-02-11,West,Partner,501
ORD-1370,2024-02-15,North,Partner,429
ORD-1371,2024-02-25,West,Partner,631
ORD-1372,2024-02-23,North,Web,538
ORD-1373,2024-02-17,North,Retail,532
ORD-1374,2024-02-17,North,Web,550
ORD-1375,2024-02-22,West,Retail,518
ORD-1376,2024-02-26,West,Partner,527
ORD-1377,2024-02-09,East,Web,390
ORD-1378,2024-02-06,North,Partner,517
ORD-1379,2024-02-20,West,Partner,591
ORD-1380,2024-02-06,West,Retail,461
ORD-1381,2024-02-16,East,Web,611
ORD-1382,2024-02-11,West,Retail,395
ORD-1383,2024-02-09,West,Web,477
ORD-1384,2024-02-12,West,Retail,467
ORD-1385,2024-02-16,East,Retail,490
ORD-1386,2024-02-09,South,Partner,428
ORD-1387,2024-02-16,North,Retail,503
ORD-1388,2024-02-10,East,Partner,478
ORD-1389,2024-02-10,North,Web,578
ORD-1390,2024-02-23,South,Web,518
ORD-1391,2024-02-27,South,Partner,408
ORD-1392,2024-02-01,South,Partner,448
ORD-1393,2024-02-21,East,Web,553
ORD-1394,2024-02-15,West,Retail,629
ORD-1395,2024-02-16,West,Web,529
ORD-1396,2024-02-02,South,Partner,565
ORD-1397,2024-02-10,South,Retail,742
ORD-1398,2024-02-16,West,Retail,650
ORD-1399,2024-02-09,North,Partner,461
ORD-1400,2024-02-08,North,Web,713
ORD-1401,2024-02-06,South,Partner,567
ORD-1402,2024-02-21,East,Partner,345
ORD-1403,2024-02-22,East,Retail,281
ORD-1404,2024-02-10,West,Partner,490
ORD-1405,2024-02-03,South,Web,555
ORD-1406,2024-02-21,West,Web,534
ORD-1407,2024-02-14,South,Retail,470
ORD-1408,2024-02-04,South,Retail,458
ORD-1409,2024-02-23,South,Web,406
ORD-1410,2024-02-16,South,Partner,554
ORD-1411,2024-02-25,North,Retail,504
ORD-1412,2024-02-03,South,Web,428
ORD-1413,2024-02-07,East,Partner,344
ORD-1414,2024-02-10,East,Retail,561
ORD-1415,2024-02-09,North,Web,533
ORD-1416,2024-02-04,North,Partner,449
ORD-1417,2024-02-28,South,Retail,506
ORD-1418,2024-02-16,West,Retail,395
ORD-1419,2024-02-11,South,Partner,508
ORD-1420,2024-02-06,South,Web,548
ORD-1421,2024-02-01,North,Web,608
ORD-1422,2024-02-27,East,Partner,528
ORD-1423,2024-02-02,North,Web,512
ORD-1424,2024-02-21,West,Web,562
ORD-1425,2024-02-19,East,Retail,525
ORD-1426,2024-02-23,South,Partner,538
ORD-1427,2024-02-11,North,Web,492
ORD-1428,2024-02-28,South,Partner,477
ORD-1429,2024-02-14,West,Retail,521
ORD-1430,2024-02-26,South,Retail,398
ORD-1431,2024-02-05,South,Retail,374
ORD-1432,2024-02-07,West,Retail,336
ORD-1433,2024-02-10,North,Retail,403
ORD-1434,2024-02-20,South,Retail,501
ORD-1435,2024-02-12,North,Web,439
ORD-1436,2024-02-05,West,Web,490
ORD-1437,2024-02-09,North,Partner,400
ORD-1438,2024-02-06,North,Partner,497
ORD-1439,2024-02-07,North,Partner,560
ORD-1440,2024-02-13,South,Partner,581
ORD-1441,2024-02-12,East,Partner,479
ORD-1442,2024-02-25,North,Web,488
ORD-1443,2024-02-09,East,Web,586
ORD-1444,2024-02-26,East,Partner,516
ORD-1445,2024-02-01,West,Web,551
ORD-1446,2024-02-25,South,Partner,509
ORD-1447,2024-02-08,West,Web,469
ORD-1448,2024-02-09,West,Partner,549
ORD-1449,2024-02-06,North,Web,467
ORD-1450,2024-02-07,South,Retail,443
ORD-1451,2024-02-17,South,Web,529
ORD-1452,2024-02-06,West,Web,475
ORD-1453,2024-02-17,West,Retail,511
ORD-1454,2024-02-15,North,Retail,485
ORD-1455,2024-02-17,West,Web,506
ORD-1456,2024-02-14,East,Retail,264
ORD-1457,2024-02-27,South,Retail,645
ORD-1458,2024-02-28,East,Partner,501
ORD-1459,2024-02-18,South,Partner,520
ORD-1460,2024-02-16,West,Web,414
ORD-1461,2024-02-06,North,Retail,510
ORD-1462,2024-02-06,West,Web,428
ORD-1463,2024-02-12,East,Retail,409
ORD-1464,2024-02-27,North,Partner,676
ORD-1465,2024-02-01,South,Retail,592
ORD-1466,2024-02-25,South,Partner,493
ORD-1467,2024-02-07,West,Partner,540
ORD-1468,2024-02-25,East,Web,504
ORD-1469,2024-02-23,East,Retail,522
ORD-1470,2024-02-27,South,Retail,540
ORD-1471,2024-02-22,West,Partner,714
ORD-1472,2024-02-22,North,Retail,407
ORD-1473,2024-02-13,South,Web,572
ORD-1474,2024-02-11,East,Partner,445
ORD-1475,2024-02-28,West,Partner,467
ORD-1476,2024-02-19,East,Retail,505
ORD-1477,2024-02-09,North,Web,377
ORD-1478,2024-02-25,South,Partner,313
ORD-1479,2024-02-08,East,Retail,635
ORD-1480,2024-02-27,South,Web,478
ORD-1481,2024-02-13,North,Web,472
ORD-1482,2024-02-12,South,Retail,700
ORD-1483,2024-02-01,West,Retail,602
ORD-1484,2024-02-22,South,Retail,535
ORD-1485,2024-02-20,West,Retail,435
ORD-1486,2024-02-09,West,Partner,545
ORD-1487,2024-02-05,East,Partner,446
ORD-1488,2024-02-26,South,Web,529
ORD-1489,2024-02-24,South,Web,508
ORD-1490,2024-02-20,West,Retail,526
ORD-1491,2024-02-10,South,Partner,472
ORD-1492,2024-02-01,West,Partner,449
ORD-1493,2024-02-27,North,Partner,398
ORD-1494,2024-02-06,West,Retail,517
ORD-1495,2024-02-13,West,Partner,428
ORD-1496,2024-02-08,North,Retail,595
ORD-1497,2024-02-18,North,Retail,377
ORD-1498,2024-02-26,South,Retail,481
ORD-1499,2024-02-05,West,Partner,532
ORD-1500,2024-02-15,North,Web,494
ORD-1501,2024-02-12,South,Web,596
ORD-1502,2024-02-24,East,Retail,619
ORD-1503,2024-02-06,East,Partner,440
ORD-1504,2024-02-02,North,Partner,444
ORD-1505,2024-02-11,North,Partner,395
ORD-1506,2024-02-12,North,Retail,619
ORD-1507,2024-02-24,East,Partner,518
ORD-1508,2024-02-15,North,Web,353
ORD-1509,2024-02-01,North,Partner,486
ORD-1510,2024-02-19,North,Web,385
ORD-1511,2024-02-08,East,Partner,395
ORD-1512,2024-02-13,South,Retail,537
ORD-1513,2024-02-13,East,Retail,494
ORD-1514,2024-02-17,North,Partner,502
ORD-1515,2024-02-11,North,Retail,403
ORD-1516,2024-02-26,East,Partner,387
ORD-1517,2024-02-18,North,Partner,528
ORD-1518,2024-02-11,North,Partner,507
ORD-1519,2024-02-23,South,Web,559
ORD-1520,2024-02-19,North,Partner,498
ORD-1521,2024-02-10,West,Partner,389
ORD-1522,2024-02-09,East,Web,615
ORD-1523,2024-02-09,East,Partner,509
ORD-1524,2024-02-10,South,Retail,628
ORD-1525,2024-02-01,West,Partner,453
ORD-1526,2024-02-07,North,Retail,342
ORD-1527,2024-02-06,East,Web,595
ORD-1528,2024-02-03,North,Retail,499
ORD-1529,2024-02-09,West,Retail,373
ORD-1530,2024-02-04,West,Partner,448
ORD-1531,2024-02-26,West,Partner,434
ORD-1532,2024-02-19,South,Partner,506
ORD-1533,2024-02-08,North,Web,585
ORD-1534,2024-02-17,West,Partner,574
ORD-1535,2024-02-28,East,Web,548
ORD-1536,2024-02-08,North,Web,566
ORD-1537,2024-02-17,West,Retail,295
ORD-1538,2024-02-12,West,Web,505
ORD-1539,2024-02-22,North,Web,423
ORD-1540,2024-02-06,East,Retail,654
ORD-1541,2024-02-07,West,Retail,370
ORD-1542,2024-02-07,East,Web,487
ORD-1543,2024-02-27,East,Retail,551
ORD-1544,2024-02-23,East,Web,454
ORD-1545,2024-02-05,West,Web,345
ORD-1546,2024-02-07,South,Partner,527
ORD-1547,2024-02-13,West,Partner,625
ORD-1548,2024-02-06,South,Partner,611
ORD-1549,2024-02-28,West,Retail,460
ORD-1550,2024-02-21,South,Retail,461
ORD-1551,2024-02-05,South,Web,466
ORD-1552,2024-02-07,South,Partner,423
ORD-1553,2024-02-24,North,Web,450
ORD-1554,2024-02-02,North,Web,443
ORD-1555,2024-02-16,East,Retail,442
ORD-1556,2024-02-26,West,Partner,663
ORD-1557,2024-02-27,South,Web,488
ORD-1558,2024-02-13,East,Web,430
ORD-1559,2024-02-15,East,Partner,591
ORD-1560,2024-02-05,North,Partner,410
ORD-1561,2024-02-01,South,Retail,470
ORD-1562,2024-02-19,East,Retail,489
ORD-1563,2024-02-01,North,Retail,563
ORD-1564,2024-02-19,East,Retail,565
ORD-1565,2024-02-20,West,Partner,203
ORD-1566,2024-02-04,South,Partner,564
ORD-1567,2024-02-02,West,Web,628
ORD-1568,2024-02-01,East,Partner,462
ORD-1569,2024-02-25,West,Retail,476
ORD-1570,2024-02-06,South,Web,557
ORD-1571,2024-02-24,West,Retail,520
ORD-1572,2024-02-20,South,Partner,453
ORD-1573,2024-02-26,West,Partner,581
ORD-1574,2024-02-16,East,Web,411
ORD-1575,2024-02-27,East,Retail,657
ORD-1576,2024-02-25,East,Web,525
ORD-1577,2024-02-15,South,Partner,464
ORD-1578,2024-02-06,East,Web,766
ORD-1579,2024-02-11,North,Web,506
ORD-1580,2024-02-23,West,Retail,620
ORD-1581,2024-02-07,South,Retail,535
ORD-1582,2024-02-10,North,Partner,480
ORD-1583,2024-02-12,West,Partner,434
ORD-1584,2024-02-17,East,Retail,299
ORD-1585,2024-02-08,East,Retail,555
ORD-1586,2024-02-18,South,Retail,436
ORD-1587,2024-02-10,South,Web,430
ORD-1588,2024-02-24,West,Retail,596
ORD-1589,2024-02-02,East,Partner,417
ORD-1590,2024-02-16,West,Web,394
ORD-1591,2024-02-14,South,Retail,682
ORD-1592,2024-02-08,West,Retail,442
ORD-1593,2024-02-09,West,Partner,447
ORD-1594,2024-02-22,North,Retail,288
ORD-1595,2024-02-21,West,Web,481
ORD-1596,2024-02-08,North,Web,489
ORD-1597,2024-02-05,East,Retail,641
ORD-1598,2024-02-24,North,Web,539
ORD-1599,2024-02-08,West,Web,561
ORD-1600,2024-02-09,North,Web,610
ORD-1601,2024-02-14,East,Retail,371
ORD-1602,2024-02-23,South,Web,386
ORD-1603,2024-02-26,South,Partner,450
ORD-1604,2024-02-28,East,Web,542
ORD-1605,2024-02-02,South,Web,533
ORD-1606,2024-02-17,West,Web,513
ORD-1607,2024-02-14,East,Retail,390
ORD-1608,2024-02-23,North,Retail,623
ORD-1609,2024-02-04,West,Partner,425
ORD-1610,2024-02-23,East,Web,413
ORD-1611,2024-02-04,East,Partner,564
ORD-1612,2024-02-20,West,Partner,584
ORD-1613,2024-02-22,East,Partner,354
ORD-1614,2024-02-11,West,Partner,594
ORD-1615,2024-02-26,North,Retail,664
ORD-1616,2024-02-03,South,Retail,519
ORD-1617,2024-02-06,East,Web,477
ORD-1618,2024-02-25,East,Partner,450
ORD-1619,2024-02-07,East,Partner,503
ORD-1620,2024-02-18,East,Web,520
ORD-1621,2024-02-27,North,Web,519
ORD-1622,2024-02-18,South,Retail,526
ORD-1623,2024-02-23,West,Retail,496
ORD-1624,2024-02-18,North,Web,634
ORD-1625,2024-02-09,East,Partner,469
ORD-1626,2024-02-24,South,Partner,511
ORD-1627,2024-02-20,South,Retail,452
ORD-1628,2024-02-14,South,Partner,475
ORD-1629,2024-02-15,South,Retail,422
ORD-1630,2024-02-13,South,Partner,421
ORD-1631,2024-02-08,North,Retail,360
ORD-1632,2024-02-06,West,Partner,547
ORD-1633,2024-02-02,South,Web,570
ORD-1634,2024-02-23,South,Retail,581
ORD-1635,2024-02-12,East,Retail,508
ORD-1636,2024-02-03,East,Web,481
ORD-1637,2024-02-22,South,Retail,513
ORD-1638,2024-02-17,South,Retail,512
ORD-1639,2024-02-04,East,Retail,477
ORD-1640,2024-02-14,East,Partner,530
ORD-1641,2024-02-17,South,Retail,543
ORD-1642,2024-02-21,West,Web,592
ORD-1643,2024-02-16,North,Web,488
ORD-1644,2024-02-26,North,Retail,452
ORD-1645,2024-02-04,East,Web,358
ORD-1646,2024-02-11,West,Partner,429
ORD-1647,2024-02-21,East,Web,475
ORD-1648,2024-02-21,West,Partner,400
ORD-1649,2024-02-04,North,Web,518
ORD-1650,2024-02-25,North,Web,563
ORD-1651,2024-02-21,North,Web,601
ORD-1652,2024-02-10,East,Partner,402
ORD-1653,2024-02-23,East,Retail,604
ORD-1654,2024-02-15,South,Web,409
ORD-1655,2024-02-05,West,Retail,524
ORD-1656,2024-02-01,West,Retail,526
ORD-1657,2024-02-12,East,Web,547
ORD-1658,2024-02-26,East,Web,510
ORD-1659,2024-02-15,North,Partner,450
ORD-1660,2024-02-21,East,Partner,639
ORD-1661,2024-02-16,East,Web,639
ORD-1662,2024-02-13,South,Retail,503
ORD-1663,2024-02-02,South,Web,423
ORD-1664,2024-02-25,East,Web,518
ORD-1665,2024-02-15,West,Web,430
ORD-1666,2024-02-06,West,Retail,463
ORD-1667,2024-02-23,West,Partner,559
ORD-1668,2024-02-25,West,Partner,615
ORD-1669,2024-02-04,West,Retail,529
ORD-1670,2024-02-09,North,Partner,561
ORD-1671,2024-02-19,South,Web,414
ORD-1672,2024-02-16,North,Partner,565
ORD-1673,2024-02-16,West,Retail,472
ORD-1674,2024-02-17,South,Partner,488
ORD-1675,2024-02-07,East,Partner,430
ORD-1676,2024-02-16,South,Partner,590
ORD-1677,2024-02-16,North,Retail,560
ORD-1678,2024-02-01,North,Retail,441
ORD-1679,2024-02-12,East,Partner,555
ORD-1680,2024-02-20,West,Web,460
ORD-1681,2024-02-17,West,Retail,518
ORD-1682,2024-02-10,South,Retail,438
ORD-1683,2024-02-15,East,Partner,476
ORD-1684,2024-02-08,East,Web,436
ORD-1685,2024-02-01,East,Web,444
ORD-1686,2024-02-24,South,Web,417
ORD-1687,2024-02-25,South,Web,444
ORD-1688,2024-02-26,East,Retail,414
ORD-1689,2024-02-12,West,Partner,313
ORD-1690,2024-02-02,North,Retail,438
ORD-1691,2024-02-28,South,Retail,435
ORD-1692,2024-02-14,South,Partner,385
ORD-1693,2024-02-15,North,Partner,484
ORD-1694,2024-02-21,South,Partner,463
ORD-1695,2024-02-18,South,Web,557
ORD-1696,2024-02-25,West,Web,561
ORD-1697,2024-02-13,West,Retail,534
ORD-1698,2024-02-23,West,Web,529
ORD-1699,2024-02-14,West,Partner,425
ORD-1700,2024-02-23,West,Partner,462
ORD-1701,2024-02-13,South,Retail,401
ORD-1702,2024-02-08,West,Retail,474
ORD-1703,2024-02-21,North,Web,618
ORD-1704,2024-02-13,West,Retail,486
ORD-1705,2024-02-15,South,Retail,576
ORD-1706,2024-02-09,West,Web,504
ORD-1707,2024-02-25,South,Retail,660
ORD-1708,2024-02-03,West,Web,459
ORD-1709,2024-02-25,West,Partner,580
ORD-1710,2024-02-05,West,Web,555
ORD-1711,2024-02-13,East,Retail,703
ORD-1712,2024-02-15,West,Retail,445
ORD-1713,2024-02-08,South,Retail,563
ORD-1714,2024-02-09,West,Retail,533
ORD-1715,2024-02-24,East,Retail,435
ORD-1716,2024-02-10,West,Partner,505
ORD-1717,2024-02-21,East,Partner,500
ORD-1718,2024-02-02,East,Retail,649
ORD-1719,2024-02-21,South,Retail,529
ORD-1720,2024-02-05,West,Web,616
ORD-1721,2024-02-08,North,Retail,478
ORD-1722,2024-02-15,West,Web,516
ORD-1723,2024-02-24,South,Retail,603
ORD-1724,2024-02-12,West,Partner,513
ORD-1725,2024-02-16,North,Partner,447
ORD-1726,2024-02-08,South,Web,409
ORD-1727,2024-02-22,North,Web,475
ORD-1728,2024-02-13,East,Web,540
ORD-1729,2024-02-23,South,Retail,418
ORD-1730,2024-02-19,South,Partner,308
ORD-1731,2024-02-18,West,Retail,610
ORD-1732,2024-02-04,North,Partner,507
ORD-1733,2024-02-10,South,Retail,553
ORD-1734,2024-02-01,West,Partner,411
ORD-1735,2024-02-24,West,Web,550
ORD-1736,2024-02-22,North,Partner,619
ORD-1737,2024-02-25,East,Retail,630
ORD-1738,2024-02-23,North,Partner,435
ORD-1739,2024-02-03,East,Partner,564
ORD-1740,2024-02-04,South,Partner,423
ORD-1741,2024-02-26,North,Web,634
ORD-1742,2024-02-23,North,Retail,469
ORD-1743,2024-02-18,South,Retail,609
ORD-1744,2024-02-04,West,Partner,417
ORD-1745,2024-02-04,South,Web,459
ORD-1746,2024-02-17,East,Web,489
ORD-1747,2024-02-27,East,Web,569
ORD-1748,2024-02-12,North,Web,578
ORD-1749,2024-02-28,East,Retail,398
ORD-1750,2024-02-21,West,Partner,522
ORD-1751,2024-02-08,South,Retail,380
ORD-1752,2024-02-22,East,Retail,429
ORD-1753,2024-02-23,East,Web,503
ORD-1754,2024-02-22,North,Retail,464
ORD-1755,2024-02-15,North,Partner,213
ORD-1756,2024-02-10,West,Web,475
ORD-1757,2024-02-17,East,Retail,469
ORD-1758,2024-02-07,South,Web,584
ORD-1759,2024-02-06,East,Web,431
ORD-1760,2024-02-12,West,Partner,419
ORD-1761,2024-02-19,North,Retail,463
ORD-1762,2024-02-10,West,Partner,483
ORD-1763,2024-02-19,West,Web,518
ORD-1764,2024-02-24,South,Retail,600
ORD-1765,2024-02-21,East,Partner,564
ORD-1766,2024-02-01,South,Partner,483
ORD-1767,2024-02-02,East,Partner,442
ORD-1768,2024-02-22,North,Partner,624
ORD-1769,2024-02-22,South,Partner,483
ORD-1770,2024-02-04,North,Retail,676
ORD-1771,2024-02-26,South,Retail,266
ORD-1772,2024-02-24,East,Web,468
ORD-1773,2024-02-07,South,Retail,409
ORD-1774,2024-02-08,North,Retail,522
ORD-1775,2024-02-18,East,Retail,401
ORD-1776,2024-02-10,West,Retail,427
ORD-1777,2024-02-28,North,Partner,562
ORD-1778,2024-02-04,East,Web,533
ORD-1779,2024-02-16,South,Retail,491
ORD-1780,2024-02-13,East,Retail,495
ORD-1781,2024-02-23,West,Retail,340
ORD-1782,2024-02-21,South,Retail,617
ORD-1783,2024-02-01,East,Retail,521
ORD-1784,2024-02-13,North,Partner,560
ORD-1785,2024-02-15,West,Retail,471
ORD-1786,2024-02-11,East,Retail,494
ORD-1787,2024-02-21,North,Retail,589
ORD-1788,2024-02-21,South,Web,502
ORD-1789,2024-02-24,South,Partner,759
ORD-1790,2024-02-15,East,Partner,373
ORD-1791,2024-02-21,South,Retail,409
ORD-1792,2024-02-28,East,Retail,531
ORD-1793,2024-02-28,West,Partner,576
ORD-1794,2024-02-28,West,Retail,515
ORD-1795,2024-02-09,West,Retail,601
ORD-1796,2024-02-02,East,Web,490
ORD-1797,2024-02-25,East,Partner,611
ORD-1798,2024-02-15,West,Retail,409
ORD-1799,2024-02-21,West,Partner,474
ORD-1800,2024-03-28,South,Web,518
ORD-1801,2024-03-19,North,Retail,412
ORD-1802,2024-03-12,East,Web,549
ORD-1803,2024-03-03,West,Partner,645
ORD-1804,2024-03-01,South,Partner,505
ORD-1805,2024-03-02,South,Partner,484
ORD-1806,2024-03-28,North,Web,630
ORD-1807,2024-03-28,North,Retail,570
ORD-1808,2024-03-08,South,Partner,541
ORD-1809,2024-03-18,South,Retail,606
ORD-1810,2024-03-24,South,Partner,582
ORD-1811,2024-03-27,North,Retail,573
ORD-1812,2024-03-03,West,Web,532
ORD-1813,2024-03-21,North,Partner,533
ORD-1814,2024-03-24,East,Retail,356
ORD-1815,2024-03-15,North,Web,654
ORD-1816,2024-03-27,South,Partner,495
ORD-1817,2024-03-21,South,Partner,455
ORD-1818,2024-03-14,South,Partner,544
ORD-1819,2024-03-16,North,Partner,385
ORD-1820,2024-03-15,North,Retail,463
ORD-1821,2024-03-18,East,Partner,546
ORD-1822,2024-03-04,North,Retail,715
ORD-1823,2024-03-17,South,Web,513
ORD-1824,2024-03-19,East,Web,581
ORD-1825,2024-03-21,West,Retail,565
ORD-1826,2024-03-09,South,Retail,526
ORD-1827,2024-03-12,South,Web,433
ORD-1828,2024-03-23,East,Web,481
ORD-1829,2024-03-08,North,Partner,580
ORD-1830,2024-03-22,South,Web,620
ORD-1831,2024-03-01,South,Retail,585
ORD-1832,2024-03-06,North,Retail,557
ORD-1833,2024-03-06,South,Retail,385
ORD-1834,2024-03-12,South,Partner,471
ORD-1835,2024-03-24,West,Web,440
ORD-1836,2024-03-02,South,Web,350
ORD-1837,2024-03-24,East,Partner,561
ORD-1838,2024-03-27,North,Partner,366
ORD-1839,2024-03-02,South,Retail,610
ORD-1840,2024-03-25,East,Retail,499
ORD-1841,2024-03-11,South,Retail,567
ORD-1842,2024-03-20,North,Partner,713
ORD-1843,2024-03-22,South,Retail,431
ORD-1844,2024-03-07,East,Retail,389
ORD-1845,2024-03-09,South,Retail,479
ORD-1846,2024-03-22,North,Web,504
ORD-1847,2024-03-05,North,Retail,431
ORD-1848,2024-03-19,West,Retail,688
ORD-1849,2024-03-20,North,Retail,500
ORD-1850,2024-03-23,West,Web,480
ORD-1851,2024-03-16,West,Retail,239
ORD-1852,2024-03-02,South,Partner,521
ORD-1853,2024-03-16,South,Retail,535
ORD-1854,2024-03-11,South,Partner,637
ORD-1855,2024-03-14,West,Partner,436
ORD-1856,2024-03-06,West,Partner,443
ORD-1857,2024-03-09,North,Partner,611
ORD-1858,2024-03-02,West,Web,476
ORD-1859,2024-03-21,North,Retail,432
ORD-1860,2024-03-23,East,Retail,465
ORD-1861,2024-03-07,West,Partner,560
ORD-1862,2024-03-25,North,Web,281
ORD-1863,2024-03-02,West,Retail,545
ORD-1864,2024-03-20,West,Web,433
ORD-1865,2024-03-10,South,Retail,347
ORD-1866,2024-03-26,West,Retail,593
ORD-1867,2024-03-22,North,Web,364
ORD-1868,2024-03-10,East,Web,581
ORD-1869,2024-03-14,North,Web,448
ORD-1870,2024-03-04,South,Partner,485
ORD-1871,2024-03-10,North,Web,581
ORD-1872,2024-03-26,South,Partner,421
ORD-1873,2024-03-07,West,Partner,576
ORD-1874,2024-03-02,North,Web,605
ORD-1875,2024-03-11,West,Partner,420
ORD-1876,2024-03-06,North,Partner,369
ORD-1877,2024-03-22,West,Retail,526
ORD-1878,2024-03-16,North,Web,506
ORD-1879,2024-03-17,North,Retail,471
ORD-1880,2024-03-28,East,Retail,285
ORD-1881,2024-03-17,East,Retail,558
ORD-1882,2024-03-01,South,Partner,580
ORD-1883,2024-03-05,West,Retail,451
ORD-1884,2024-03-24,West,Partner,498
ORD-1885,2024-03-01,North,Partner,449
ORD-1886,2024-03-08,South,Web,337
ORD-1887,2024-03-09,North,Partner,531
ORD-1888,2024-03-12,East,Web,549
ORD-1889,2024-03-17,East,Web,503
ORD-1890,2024-03-19,East,Web,518
ORD-1891,2024-03-25,West,Web,578
ORD-1892,2024-03-22,North,Partner,571
ORD-1893,2024-03-09,East,Partner,564
ORD-1894,2024-03-10,West,Partner,365
ORD-1895,2024-03-21,West,Web,500
ORD-1896,2024-03-20,East,Web,420
ORD-1897,2024-03-18,South,Web,527
ORD-1898,2024-03-05,North,Retail,575
ORD-1899,2024-03-24,North,Partner,526
ORD-1900,2024-03-08,East,Retail,374
ORD-1901,2024-03-17,West,Retail,521
ORD-1902,2024-03-28,East,Web,465
ORD-1903,2024-03-05,East,Retail,400
ORD-1904,2024-03-22,South,Web,524
ORD-1905,2024-03-02,East,Retail,569
ORD-1906,2024-03-27,East,Partner,488
ORD-1907,2024-03-16,East,Retail,562
ORD-1908,2024-03-19,North,Web,460
ORD-1909,2024-03-19,South,Partner,422
ORD-1910,2024-03-06,East,Partner,455
ORD-1911,2024-03-25,North,Partner,379
ORD-1912,2024-03-06,West,Web,484
ORD-1913,2024-03-13,West,Retail,615
ORD-1914,2024-03-27,South,Web,500
ORD-1915,2024-03-06,East,Retail,392
ORD-1916,2024-03-27,South,Web,626
ORD-1917,2024-03-14,West,Web,422
ORD-1918,2024-03-14,North,Partner,445
ORD-1919,2024-03-15,East,Web,537
ORD-1920,2024-03-16,South,Retail,461
ORD-1921,2024-03-17,East,Retail,698
ORD-1922,2024-03-24,West,Retail,637
ORD-1923,2024-03-18,North,Web,549
ORD-1924,2024-03-18,West,Web,573
ORD-1925,2024-03-17,East,Web,591
ORD-1926,2024-03-05,East,Partner,112
ORD-1927,2024-03-13,West,Web,624
ORD-1928,2024-03-15,South,Partner,414
ORD-1929,2024-03-16,East,Retail,414
ORD-1930,2024-03-12,East,Partner,594
ORD-1931,2024-03-16,East,Partner,625
ORD-1932,2024-03-18,South,Retail,454
ORD-1933,2024-03-07,East,Retail,604
ORD-1934,2024-03-28,East,Web,559
ORD-1935,2024-03-10,North,Retail,475
ORD-1936,2024-03-02,South,Web,484
ORD-1937,2024-03-17,South,Partner,549
ORD-1938,2024-03-13,South,Web,507
ORD-1939,2024-03-26,East,Web,479
ORD-1940,2024-03-10,East,Partner,455
ORD-1941,2024-03-12,West,Web,341
ORD-1942,2024-03-05,East,Partner,591
ORD-1943,2024-03-24,West,Retail,444
ORD-1944,2024-03-06,East,Retail,411
ORD-1945,2024-03-16,East,Partner,559
ORD-1946,2024-03-18,West,Web,456
ORD-1947,2024-03-09,East,Web,412
ORD-1948,2024-03-10,North,Web,426
ORD-1949,2024-03-08,North,Web,605
ORD-1950,2024-03-03,East,Web,428
ORD-1951,2024-03-24,South,Partner,426
ORD-1952,2024-03-11,West,Partner,634
ORD-1953,2024-03-06,South,Partner,615
ORD-1954,2024-03-06,East,Retail,524
ORD-1955,2024-03-02,South,Partner,555
ORD-1956,2024-03-05,East,Web,594
ORD-1957,2024-03-14,North,Web,391
ORD-1958,2024-03-17,West,Partner,620
ORD-1959,2024-03-08,North,Partner,255
ORD-1960,2024-03-05,North,Web,563
ORD-1961,2024-03-20,West,Web,524
ORD-1962,2024-03-15,South,Partner,560
ORD-1963,2024-03-13,South,Partner,575
ORD-1964,2024-03-24,East,Retail,532
ORD-1965,2024-03-18,West,Retail,551
ORD-1966,2024-03-08,East,Retail,376
ORD-1967,2024-03-16,West,Retail,588
ORD-1968,2024-03-24,East,Web,511
ORD-1969,2024-03-08,North,Web,391
ORD-1970,2024-03-06,East,Web,593
ORD-1971,2024-03-19,North,Web,504
ORD-1972,2024-03-06,East,Web,577
ORD-1973,2024-03-13,West,Retail,604
ORD-1974,2024-03-27,West,Retail,534
ORD-1975,2024-03-12,West,Web,398
ORD-1976,2024-03-16,East,Retail,448
ORD-1977,2024-03-19,East,Web,559
ORD-1978,2024-03-08,East,Partner,382
ORD-1979,2024-03-16,North,Retail,471
ORD-1980,2024-03-09,West,Retail,622
ORD-1981,2024-03-25,West,Partner,460
ORD-1982,2024-03-02,South,Web,510
ORD-1983,2024-03-02,North,Partner,547
ORD-1984,2024-03-28,South,Retail,384
ORD-1985,2024-03-16,West,Retail,398
ORD-1986,2024-03-10,West,Web,453
ORD-1987,2024-03-18,North,Retail,522
ORD-1988,2024-03-25,South,Partner,495
ORD-1989,2024-03-27,East,Retail,587
ORD-1990,2024-03-01,North,Web,500
ORD-1991,2024-03-01,West,Web,589
ORD-1992,2024-03-22,North,Retail,368
ORD-1993,2024-03-19,East,Retail,476
ORD-1994,2024-03-05,East,Partner,567
ORD-1995,2024-03-12,East,Partner,294
ORD-1996,2024-03-22,West,Retail,330
ORD-1997,2024-03-24,East,Retail,453
ORD-1998,2024-03-15,South,Web,585
ORD-1999,2024-03-03,East,Partner,641
ORD-2000,2024-03-02,South,Web,483
ORD-2001,2024-03-17,North,Partner,582
ORD-2002,2024-03-19,West,Web,488
ORD-2003,2024-03-17,South,Web,487
ORD-2004,2024-03-10,West,Web,487
ORD-2005,2024-03-25,East,Web,601
ORD-2006,2024-03-23,South,Partner,560
ORD-2007,2024-03-16,West,Retail,550
ORD-2008,2024-03-06,West,Retail,413
ORD-2009,2024-03-12,West,Partner,600
ORD-2010,2024-03-28,West,Web,533
ORD-2011,2024-03-21,North,Retail,534
ORD-2012,2024-03-10,South,Web,433
ORD-2013,2024-03-17,North,Retail,650
ORD-2014,2024-03-25,North,Partner,525
ORD-2015,2024-03-08,West,Retail,474
ORD-2016,2024-03-01,South,Web,480
ORD-2017,2024-03-10,North,Web,393
ORD-2018,2024-03-19,East,Retail,540
ORD-2019,2024-03-24,North,Partner,429
ORD-2020,2024-03-19,South,Partner,659
ORD-2021,2024-03-27,West,Retail,644
ORD-2022,2024-03-28,North,Retail,399
ORD-2023,2024-03-06,East,Retail,451
ORD-2024,2024-03-06,West,Web,341
ORD-2025,2024-03-14,South,Retail,562
ORD-2026,2024-03-01,North,Partner,416
ORD-2027,2024-03-01,South,Retail,569
ORD-2028,2024-03-23,North,Partner,404
ORD-2029,2024-03-11,West,Retail,353
ORD-2030,2024-03-23,South,Partner,471
ORD-2031,2024-03-05,East,Web,335
ORD-2032,2024-03-18,South,Partner,499
ORD-2033,2024-03-21,East,Retail,614
ORD-2034,2024-03-13,South,Partner,551
ORD-2035,2024-03-27,West,Retail,407
ORD-2036,2024-03-11,West,Retail,383
ORD-2037,2024-03-14,East,Partner,618
ORD-2038,2024-03-19,South,Partner,460
ORD-2039,2024-03-23,South,Web,531
ORD-2040,2024-03-07,West,Web,445
ORD-2041,2024-03-28,West,Partner,388
ORD-2042,2024-03-13,East,Web,443
ORD-2043,2024-03-07,West,Partner,384
ORD-2044,2024-03-07,East,Web,563
ORD-2045,2024-03-02,South,Retail,523
ORD-2046,2024-03-12,West,Web,438
ORD-2047,2024-03-23,North,Retail,424
ORD-2048,2024-03-21,South,Retail,482
ORD-2049,2024-03-13,West,Web,342
ORD-2050,2024-03-07,North,Web,686
ORD-2051,2024-03-21,West,Retail,478
ORD-2052,2024-03-10,South,Retail,491
ORD-2053,2024-03-07,East,Retail,523
ORD-2054,2024-03-13,North,Partner,500
ORD-2055,2024-03-06,South,Retail,527
ORD-2056,2024-03-17,East,Partner,513
ORD-2057,2024-03-21,South,Retail,503
ORD-2058,2024-03-27,South,Web,454
ORD-2059,2024-03-18,North,Partner,450
ORD-2060,2024-03-08,East,Partner,313
ORD-2061,2024-03-18,East,Web,401
ORD-2062,2024-03-15,West,Web,431
ORD-2063,2024-03-12,South,Partner,466
ORD-2064,2024-03-03,South,Web,588
ORD-2065,2024-03-19,South,Retail,487
ORD-2066,2024-03-15,South,Partner,504
ORD-2067,2024-03-14,North,Web,294
ORD-2068,2024-03-23,East,Partner,423
ORD-2069,2024-03-06,South,Web,342
ORD-2070,2024-03-26,South,Retail,412
ORD-2071,2024-03-08,West,Retail,626
ORD-2072,2024-03-04,South,Web,464
ORD-2073,2024-03-24,South,Partner,685
ORD-2074,2024-03-15,South,Web,567
ORD-2075,2024-03-26,East,Retail,462
ORD-2076,2024-03-15,East,Retail,431
ORD-2077,2024-03-07,South,Partner,507
ORD-2078,2024-03-19,North,Web,423
ORD-2079,2024-03-02,West,Partner,577
ORD-2080,2024-03-22,East,Retail,638
ORD-2081,2024-03-14,North,Web,524
ORD-2082,2024-03-01,East,Partner,264
ORD-2083,2024-03-13,South,Retail,459
ORD-2084,2024-03-15,East,Retail,404
ORD-2085,2024-03-11,West,Retail,489
ORD-2086,2024-03-27,West,Partner,585
ORD-2087,2024-03-28,East,Retail,413
ORD-2088,2024-03-04,North,Retail,561
ORD-2089,2024-03-25,East,Retail,550
ORD-2090,2024-03-28,South,Partner,578
ORD-2091,2024-03-01,North,Web,720
ORD-2092,2024-03-12,West,Retail,564
ORD-2093,2024-03-22,West,Web,349
ORD-2094,2024-03-28,North,Partner,595
ORD-2095,2024-03-23,South,Partner,367
ORD-2096,2024-03-12,North,Web,529
ORD-2097,2024-03-06,South,Web,553
ORD-2098,2024-03-02,West,Web,475
ORD-2099,2024-03-24,East,Partner,558
ORD-2100,2024-03-28,South,Web,579
ORD-2101,2024-03-16,South,Retail,443
ORD-2102,2024-03-01,East,Partner,553
ORD-2103,2024-03-12,North,Retail,570
ORD-2104,2024-03-02,East,Web,472
ORD-2105,2024-03-04,East,Web,541
ORD-2106,2024-03-06,West,Partner,473
ORD-2107,2024-03-20,South,Partner,618
ORD-2108,2024-03-13,South,Partner,544
ORD-2109,2024-03-22,South,Web,355
ORD-2110,2024-03-09,South,Web,515
ORD-2111,2024-03-08,West,Partner,371
ORD-2112,2024-03-04,South,Partner,551
ORD-2113,2024-03-19,North,Retail,585
ORD-2114,2024-03-20,East,Partner,431
ORD-2115,2024-03-18,East,Retail,499
ORD-2116,2024-03-11,South,Retail,372
ORD-2117,2024-03-16,West,Partner,444
ORD-2118,2024-03-19,South,Partner,492
ORD-2119,2024-03-10,South,Web,328
ORD-2120,2024-03-15,West,Partner,523
ORD-2121,2024-03-24,South,Web,598
ORD-2122,2024-03-15,East,Web,606
ORD-2123,2024-03-16,East,Retail,484
ORD-2124,2024-03-06,West,Web,402
ORD-2125,2024-03-09,East,Retail,484
ORD-2126,2024-03-27,East,Retail,367
ORD-2127,2024-03-06,West,Web,538
ORD-2128,2024-03-02,North,Web,548
ORD-2129,2024-03-08,West,Retail,630
ORD-2130,2024-03-10,North,Web,577
ORD-2131,2024-03-02,East,Web,435
ORD-2132,2024-03-13,North,Web,570
ORD-2133,2024-03-03,South,Partner,476
ORD-2134,2024-03-11,South,Web,386
ORD-2135,2024-03-12,East,Partner,454
ORD-2136,2024-03-08,South,Web,454
ORD-2137,2024-03-13,South,Partner,562
ORD-2138,2024-03-10,South,Partner,417
ORD-2139,2024-03-21,East,Partner,490
ORD-2140,2024-03-24,North,Partner,520
ORD-2141,2024-03-21,East,Retail,484
ORD-2142,2024-03-26,North,Retail,466
ORD-2143,2024-03-02,North,Web,579
ORD-2144,2024-03-26,East,Partner,567
ORD-2145,2024-03-26,East,Retail,440
ORD-2146,2024-03-20,South,Retail,472
ORD-2147,2024-03-05,West,Partner,529
ORD-2148,2024-03-15,East,Web,654
ORD-2149,2024-03-17,South,Partner,560
ORD-2150,2024-03-27,North,Retail,540
ORD-2151,2024-03-22,East,Retail,300
ORD-2152,2024-03-07,East,Web,507
ORD-2153,2024-03-12,North,Partner,536
ORD-2154,2024-03-22,North,Web,530
ORD-2155,2024-03-23,West,Retail,494
ORD-2156,2024-03-09,South,Retail,529
ORD-2157,2024-03-08,North,Web,375
ORD-2158,2024-03-16,East,Retail,437
ORD-2159,2024-03-26,West,Retail,453
ORD-2160,2024-03-08,West,Web,496
ORD-2161,2024-03-01,North,Partner,527
ORD-2162,2024-03-09,West,Retail,434
ORD-2163,2024-03-12,East,Partner,620
ORD-2164,2024-03-20,East,Retail,596
ORD-2165,2024-03-09,West,Web,479
ORD-2166,2024-03-21,South,Web,578
ORD-2167,2024-03-09,South,Partner,609
ORD-2168,2024-03-22,North,Partner,637
ORD-2169,2024-03-11,South,Retail,579
ORD-2170,2024-03-19,North,Partner,544
ORD-2171,2024-03-11,South,Retail,543
ORD-2172,2024-03-08,North,Web,459
ORD-2173,2024-03-13,West,Retail,557
ORD-2174,2024-03-14,East,Retail,728
ORD-2175,2024-03-11,North,Retail,367
ORD-2176,2024-03-05,South,Web,394
ORD-2177,2024-03-28,South,Partner,642
ORD-2178,2024-03-05,South,Web,513
ORD-2179,2024-03-23,West,Web,466
ORD-2180,2024-03-12,West,Partner,629
ORD-2181,2024-03-16,North,Partner,509
ORD-2182,2024-03-22,North,Web,450
ORD-2183,2024-03-08,West,Retail,435
ORD-2184,2024-03-16,North,Partner,361
ORD-2185,2024-03-21,East,Web,658
ORD-2186,2024-03-15,West,Partner,508
ORD-2187,2024-03-18,North,Retail,484
ORD-2188,2024-03-08,South,Retail,254
ORD-2189,2024-03-28,North,Retail,589
ORD-2190,2024-03-24,West,Partner,485
ORD-2191,2024-03-17,East,Web,527
ORD-2192,2024-03-03,South,Web,525
ORD-2193,2024-03-17,North,Retail,403
ORD-2194,2024-03-12,West,Partner,511
ORD-2195,2024-03-02,North,Partner,607
ORD-2196,2024-03-05,West,Web,526
ORD-2197,2024-03-15,North,Web,451
ORD-2198,2024-03-10,North,Retail,460
ORD-2199,2024-03-23,North,Partner,449
ORD-2200,2024-03-09,North,Web,533
ORD-2201,2024-03-27,South,Partner,507
ORD-2202,2024-03-04,South,Partner,461
ORD-2203,2024-03-21,North,Partner,393
ORD-2204,2024-03-02,South,Partner,357
ORD-2205,2024-03-16,East,Retail,649
ORD-2206,2024-03-21,West,Partner,575
ORD-2207,2024-03-05,East,Partner,493
ORD-2208,2024-03-23,East,Partner,548
ORD-2209,2024-03-12,South,Retail,557
ORD-2210,2024-03-27,South,Partner,440
ORD-2211,2024-03-09,East,Partner,492
ORD-2212,2024-03-07,North,Web,377
ORD-2213,2024-03-23,East,Retail,619
ORD-2214,2024-03-19,East,Web,541
ORD-2215,2024-03-04,East,Partner,310
ORD-2216,2024-03-15,South,Web,515
ORD-2217,2024-03-23,North,Partner,511
ORD-2218,2024-03-06,East,Partner,524
ORD-2219,2024-03-17,North,Retail,526
ORD-2220,2024-03-20,East,Web,460
ORD-2221,2024-03-23,West,Web,414
ORD-2222,2024-03-24,South,Retail,563
ORD-2223,2024-03-03,North,Retail,545
ORD-2224,2024-03-23,South,Retail,424
ORD-2225,2024-03-09,North,Retail,638
ORD-2226,2024-03-02,West,Partner,553
ORD-2227,2024-03-16,East,Partner,398
ORD-2228,2024-03-23,South,Retail,363
ORD-2229,2024-03-26,South,Web,450
ORD-2230,2024-03-07,West,Retail,381
ORD-2231,2024-03-02,West,Partner,353
ORD-2232,2024-03-18,South,Retail,483
ORD-2233,2024-03-24,South,Partner,396
ORD-2234,2024-03-09,North,Web,520
ORD-2235,2024-03-18,West,Partner,613
ORD-2236,2024-03-09,South,Partner,562
ORD-2237,2024-03-27,South,Retail,603
ORD-2238,2024-03-18,North,Web,324
ORD-2239,2024-03-20,West,Partner,458
ORD-2240,2024-03-18,West,Partner,519
ORD-2241,2024-03-08,South,Retail,518
ORD-2242,2024-03-03,East,Retail,489
ORD-2243,2024-03-28,West,Partner,496
ORD-2244,2024-03-14,North,Web,420
ORD-2245,2024-03-01,East,Retail,506
ORD-2246,2024-03-25,South,Web,559
ORD-2247,2024-03-02,South,Partner,517
ORD-2248,2024-03-07,South,Web,468
ORD-2249,2024-03-17,West,Partner,574
ORD-2250,2024-03-17,West,Retail,425
ORD-2251,2024-03-23,West,Retail,400
ORD-2252,2024-03-28,South,Retail,461
ORD-2253,2024-03-12,South,Partner,450
ORD-2254,2024-03-08,West,Partner,286
ORD-2255,2024-03-26,North,Web,525
ORD-2256,2024-03-24,East,Web,518
ORD-2257,2024-03-22,South,Partner,435
ORD-2258,2024-03-15,South,Partner,472
ORD-2259,2024-03-01,East,Partner,551
ORD-2260,2024-03-12,West,Web,479
ORD-2261,2024-03-06,North,Web,595
ORD-2262,2024-03-16,West,Partner,511
ORD-2263,2024-03-27,North,Retail,425
ORD-2264,2024-03-11,North,Partner,354
ORD-2265,2024-03-12,South,Retail,562
ORD-2266,2024-03-13,North,Partner,444
ORD-2267,2024-03-26,West,Web,402
ORD-2268,2024-03-04,North,Retail,418
ORD-2269,2024-03-10,East,Retail,563
ORD-2270,2024-03-25,North,Partner,447
ORD-2271,2024-03-25,West,Web,457
ORD-2272,2024-03-04,West,Web,459
ORD-2273,2024-03-24,South,Partner,573
ORD-2274,2024-03-22,North,Web,477
ORD-2275,2024-03-10,South,Retail,524
ORD-2276,2024-03-21,East,Web,527
ORD-2277,2024-03-26,South,Retail,283
ORD-2278,2024-03-02,West,Web,633
ORD-2279,2024-03-01,South,Partner,511
ORD-2280,2024-03-22,North,Web,523
ORD-2281,2024-03-05,North,Retail,396
ORD-2282,2024-03-09,West,Partner,488
ORD-2283,2024-03-12,North,Retail,487
ORD-2284,2024-03-06,East,Retail,573
ORD-2285,2024-03-04,East,Partner,599
ORD-2286,2024-03-19,East,Retail,517
ORD-2287,2024-03-26,South,Partner,539
ORD-2288,2024-03-03,South,Web,622
ORD-2289,2024-03-03,East,Retail,557
ORD-2290,2024-03-09,West,Web,600
ORD-2291,2024-03-09,South,Partner,470
ORD-2292,2024-03-20,East,Web,654
ORD-2293,2024-03-24,South,Web,560
ORD-2294,2024-03-10,East,Retail,505
ORD-2295,2024-03-17,East,Partner,539
ORD-2296,2024-03-16,West,Retail,486
ORD-2297,2024-03-14,East,Partner,506
ORD-2298,2024-03-20,South,Partner,526
ORD-2299,2024-03-08,South,Web,667
ORD-2300,2024-03-06,North,Partner,484
ORD-2301,2024-03-18,South,Partner,430
ORD-2302,2024-03-14,East,Web,548
ORD-2303,2024-03-26,West,Partner,459
ORD-2304,2024-03-21,North,Web,537
ORD-2305,2024-03-23,West,Retail,345
ORD-2306,2024-03-14,East,Partner,463
ORD-2307,2024-03-17,South,Partner,473
ORD-2308,2024-03-25,North,Partner,586
ORD-2309,2024-03-23,West,Retail,507
ORD-2310,2024-03-21,South,Partner,536
ORD-2311,2024-03-15,North,Partner,562
ORD-2312,2024-03-25,North,Web,590
ORD-2313,2024-03-12,South,Retail,391
ORD-2314,2024-03-13,South,Retail,405
ORD-2315,2024-03-28,South,Web,677
ORD-2316,2024-03-28,East,Web,395
ORD-2317,2024-03-24,East,Web,547
ORD-2318,2024-03-21,West,Web,414
ORD-2319,2024-03-10,East,Web,575
ORD-2320,2024-03-07,North,Web,601
ORD-2321,2024-03-07,East,Retail,660
ORD-2322,2024-03-11,West,Web,419
ORD-2323,2024-03-03,East,Retail,516
ORD-2324,2024-03-28,South,Web,452
ORD-2325,2024-03-16,East,Web,357
ORD-2326,2024-03-12,South,Retail,419
ORD-2327,2024-03-14,East,Retail,533
ORD-2328,2024-03-03,East,Partner,674
ORD-2329,2024-03-06,North,Partner,427
ORD-2330,2024-03-05,North,Partner,541
ORD-2331,2024-03-15,North,Web,561
ORD-2332,2024-03-08,North,Web,495
ORD-2333,2024-03-02,North,Retail,486
ORD-2334,2024-03-11,East,Retail,568
ORD-2335,2024-03-02,South,Retail,441
ORD-2336,2024-03-18,West,Retail,663
ORD-2337,2024-03-27,West,Retail,459
ORD-2338,2024-03-08,West,Retail,724
ORD-2339,2024-03-18,North,Partner,498
ORD-2340,2024-03-01,West,Partner,323
ORD-2341,2024-03-16,North,Web,632
ORD-2342,2024-03-09,West,Web,547
ORD-2343,2024-03-15,East,Web,466
ORD-2344,2024-03-20,North,Web,422
ORD-2345,2024-03-25,North,Partner,529
ORD-2346,2024-03-21,South,Web,528
ORD-2347,2024-03-12,West,Retail,688
ORD-2348,2024-03-04,West,Retail,507
ORD-2349,2024-03-12,South,Partner,658
ORD-2350,2024-03-06,East,Web,559
ORD-2351,2024-03-20,West,Web,452
ORD-2352,2024-03-18,East,Retail,490
ORD-2353,2024-03-22,North,Web,524
ORD-2354,2024-03-06,South,Web,412
ORD-2355,2024-03-03,West,Web,479
ORD-2356,2024-03-21,East,Web,375
ORD-2357,2024-03-23,South,Partner,535
ORD-2358,2024-03-12,South,Retail,496
ORD-2359,2024-03-25,South,Retail,448
ORD-2360,2024-03-02,North,Partner,304
ORD-2361,2024-03-10,South,Retail,438
ORD-2362,2024-03-12,North,Partner,593
ORD-2363,2024-03-16,East,Web,487
ORD-2364,2024-03-21,North,Web,505
ORD-2365,2024-03-20,East,Retail,434
ORD-2366,2024-03-16,North,Retail,460
ORD-2367,2024-03-20,North,Retail,409
ORD-2368,2024-03-20,West,Web,726
ORD-2369,2024-03-04,East,Retail,546
ORD-2370,2024-03-09,East,Partner,610
ORD-2371,2024-03-08,North,Web,582
ORD-2372,2024-03-12,North,Web,516
ORD-2373,2024-03-25,North,Partner,569
ORD-2374,2024-03-03,West,Web,457
ORD-2375,2024-03-20,East,Web,656
ORD-2376,2024-03-02,West,Retail,552
ORD-2377,2024-03-21,West,Partner,594
ORD-2378,2024-03-16,North,Retail,418
ORD-2379,2024-03-13,East,Partner,574
ORD-2380,2024-03-08,West,Retail,411
ORD-2381,2024-03-02,North,Web,531
ORD-2382,2024-03-12,North,Partner,465
ORD-2383,2024-03-28,East,Web,348
ORD-2384,2024-03-04,East,Partner,466
ORD-2385,2024-03-06,East,Web,425
ORD-2386,2024-03-27,East,Web,648
ORD-2387,2024-03-15,East,Retail,389
ORD-2388,2024-03-17,East,Partner,516
ORD-2389,2024-03-04,West,Web,442
ORD-2390,2024-03-16,North,Web,665
ORD-2391,2024-03-16,East,Partner,518
ORD-2392,2024-03-06,North,Web,435
ORD-2393,2024-03-27,East,Retail,614
ORD-2394,2024-03-06,West,Web,442
ORD-2395,2024-03-28,South,Retail,602
ORD-2396,2024-03-21,South,Web,553
ORD-2397,2024-03-03,West,Retail,433
ORD-2398,2024-03-27,South,Partner,620
ORD-2399,2024-03-02,West,Retail,493
ORD-2400,2024-03-27,North,Partner,437
ORD-2401,2024-03-14,West,Web,605
ORD-2402,2024-03-16,East,Partner,510
ORD-2403,2024-03-01,South,Web,641
ORD-2404,2024-03-06,East,Partner,657
ORD-2405,2024-03-28,West,Web,583
ORD-2406,2024-03-15,North,Partner,458
ORD-2407,2024-03-08,West,Web,528
ORD-2408,2024-03-05,South,Web,643
ORD-2409,2024-03-09,East,Web,438
ORD-2410,2024-03-26,West,Web,561
ORD-2411,2024-03-23,West,Partner,486
ORD-2412,2024-03-21,South,Web,440
ORD-2413,2024-03-15,North,Partner,497
ORD-2414,2024-03-27,West,Partner,458
ORD-2415,2024-03-10,East,Retail,339
ORD-2416,2024-03-11,North,Partner,518
ORD-2417,2024-03-23,West,Web,544
ORD-2418,2024-03-24,South,Web,430
ORD-2419,2024-03-12,West,Retail,630
ORD-2420,2024-03-17,North,Web,534
ORD-2421,2024-03-11,East,Web,494
ORD-2422,2024-03-15,South,Partner,369
ORD-2423,2024-03-17,West,Web,599
ORD-2424,2024-03-24,East,Web,380
ORD-2425,2024-03-12,West,Web,527
ORD-2426,2024-03-25,North,Partner,564
ORD-2427,2024-03-19,North,Partner,402
ORD-2428,2024-03-11,East,Retail,535
ORD-2429,2024-03-03,North,Retail,356
ORD-2430,2024-03-10,North,Retail,495
ORD-2431,2024-03-23,East,Web,555
ORD-2432,2024-03-23,North,Retail,391
ORD-2433,2024-03-17,West,Web,421
ORD-2434,2024-03-09,East,Partner,437
ORD-2435,2024-03-03,East,Retail,530
ORD-2436,2024-03-20,West,Web,500
ORD-2437,2024-03-23,North,Retail,432
ORD-2438,2024-03-01,East,Web,620
ORD-2439,2024-03-19,North,Partner,576
ORD-2440,2024-03-11,North,Partner,405
ORD-2441,2024-03-22,North,Retail,411
ORD-2442,2024-03-25,West,Web,642
ORD-2443,2024-03-20,West,Web,516
ORD-2444,2024-03-08,East,Partner,567
ORD-2445,2024-03-21,South,Retail,468
ORD-2446,2024-03-28,North,Retail,582
ORD-2447,2024-03-15,South,Partner,459
ORD-2448,2024-03-06,East,Partner,524
ORD-2449,2024-03-05,North,Retail,472
ORD-2450,2024-03-07,North,Web,464
ORD-2451,2024-03-05,South,Web,481
ORD-2452,2024-03-19,West,Retail,508
ORD-2453,2024-03-27,West,Partner,490
ORD-2454,2024-03-18,West,Retail,621
ORD-2455,2024-03-27,East,Retail,632
ORD-2456,2024-03-10,South,Retail,452
ORD-2457,2024-03-15,West,Web,354
ORD-2458,2024-03-01,East,Partner,500
ORD-2459,2024-03-02,East,Partner,496
ORD-2460,2024-03-21,East,Web,642
ORD-2461,2024-03-01,North,Retail,586
ORD-2462,2024-03-14,West,Partner,549
ORD-2463,2024-03-03,South,Retail,439
ORD-2464,2024-03-11,South,Web,605
ORD-2465,2024-03-10,North,Web,556
ORD-2466,2024-03-10,North,Retail,449
ORD-2467,2024-03-17,South,Retail,654
ORD-2468,2024-03-28,South,Partner,475
ORD-2469,2024-03-10,South,Web,578
ORD-2470,2024-03-22,North,Retail,473
ORD-2471,2024-03-10,North,Partner,524
ORD-2472,2024-03-12,East,Retail,503
ORD-2473,2024-03-03,West,Partner,468
ORD-2474,2024-03-03,East,Partner,593
ORD-2475,2024-03-01,North,Web,501
ORD-2476,2024-03-24,West,Retail,641
ORD-2477,2024-03-04,South,Partner,472
ORD-2478,2024-03-11,North,Retail,377
ORD-2479,2024-03-20,South,Retail,468
ORD-2480,2024-03-14,South,Partner,563
ORD-2481,2024-03-22,West,Retail,461
ORD-2482,2024-03-01,South,Retail,488
ORD-2483,2024-03-12,West,Retail,647
ORD-2484,2024-03-14,East,Partner,628
ORD-2485,2024-03-08,East,Retail,435
ORD-2486,2024-03-06,East,Retail,494
ORD-2487,2024-03-26,South,Retail,448
ORD-2488,2024-03-03,East,Retail,498
ORD-2489,2024-03-23,West,Web,479
ORD-2490,2024-03-02,West,Web,441
ORD-2491,2024-03-20,East,Web,538
ORD-2492,2024-03-21,North,Retail,437
ORD-2493,2024-03-27,South,Web,487
ORD-2494,2024-03-11,South,Web,449
ORD-2495,2024-03-20,North,Web,362
ORD-2496,2024-03-15,South,Partner,594
ORD-2497,2024-03-18,South,Retail,488
ORD-2498,2024-03-23,North,Web,489
ORD-2499,2024-03-12,South,Web,361
ORD-2500,2024-03-11,East,Retail,659
ORD-2501,2024-03-26,North,Web,530
ORD-2502,2024-03-12,East,Partner,190
ORD-2503,2024-03-06,South,Web,528
ORD-2504,2024-03-12,South,Web,458
ORD-2505,2024-03-14,North,Partner,647
ORD-2506,2024-03-09,East,Web,592
ORD-2507,2024-03-19,North,Partner,437
ORD-2508,2024-03-05,West,Web,546
ORD-2509,2024-03-07,East,Partner,505
ORD-2510,2024-03-05,East,Web,539
ORD-2511,2024-03-27,North,Partner,356
ORD-2512,2024-03-02,East,Retail,488
ORD-2513,2024-03-16,East,Web,565
ORD-2514,2024-03-16,East,Web,435
ORD-2515,2024-03-21,North,Partner,473
ORD-2516,2024-03-03,West,Web,529
ORD-2517,2024-03-26,East,Partner,475
ORD-2518,2024-03-18,East,Partner,543
ORD-2519,2024-03-06,West,Partner,536
ORD-2520,2024-03-15,West,Retail,407
ORD-2521,2024-03-26,West,Partner,343
ORD-2522,2024-03-08,South,Partner,643
ORD-2523,2024-03-16,East,Web,504
ORD-2524,2024-03-05,West,Web,411
ORD-2525,2024-03-20,East,Web,623
ORD-2526,2024-03-11,North,Web,530
ORD-2527,2024-03-02,North,Retail,472
ORD-2528,2024-03-08,West,Web,457
ORD-2529,2024-03-24,North,Web,282
ORD-2530,2024-03-10,North,Partner,504
ORD-2531,2024-03-27,South,Retail,475
ORD-2532,2024-03-05,North,Web,509
ORD-2533,2024-03-24,East,Retail,600
ORD-2534,2024-03-08,West,Partner,585
ORD-2535,2024-03-26,North,Partner,396
ORD-2536,2024-03-24,West,Retail,509
ORD-2537,2024-03-24,North,Retail,743
ORD-2538,2024-03-22,East,Partner,496
ORD-2539,2024-03-23,North,Retail,438
ORD-2540,2024-03-02,South,Retail,475
ORD-2541,2024-03-08,East,Retail,503
ORD-2542,2024-03-22,West,Partner,494
ORD-2543,2024-03-12,South,Retail,340
ORD-2544,2024-03-27,North,Partner,322
ORD-2545,2024-03-21,West,Web,472
ORD-2546,2024-03-21,South,Partner,753
ORD-2547,2024-03-13,North,Retail,439
ORD-2548,2024-03-22,South,Retail,564
ORD-2549,2024-03-12,South,Retail,602
ORD-2550,2024-03-21,West,Partner,586
ORD-2551,2024-03-11,West,Web,370
ORD-2552,2024-03-07,East,Web,455
ORD-2553,2024-03-13,South,Retail,491
ORD-2554,2024-03-03,East,Web,275
ORD-2555,2024-03-16,North,Web,509
ORD-2556,2024-03-13,West,Retail,410
ORD-2557,2024-03-14,North,Retail,565
ORD-2558,2024-03-23,South,Web,608
ORD-2559,2024-03-25,South,Retail,551
ORD-2560,2024-03-18,South,Retail,588
ORD-2561,2024-03-11,South,Retail,482
ORD-2562,2024-03-28,North,Partner,511
ORD-2563,2024-03-21,West,Web,534
ORD-2564,2024-03-10,North,Retail,573
ORD-2565,2024-03-28,West,Web,697
ORD-2566,2024-03-03,South,Retail,365
ORD-2567,2024-03-28,South,Web,456
ORD-2568,2024-03-16,East,Web,476
ORD-2569,2024-03-15,East,Partner,499
ORD-2570,2024-03-11,East,Retail,596
ORD-2571,2024-03-17,North,Retail,498
ORD-2572,2024-03-24,South,Retail,430
ORD-2573,2024-03-14,North,Retail,513
ORD-2574,2024-03-17,West,Partner,498
ORD-2575,2024-03-17,East,Web,512
ORD-2576,2024-03-09,East,Web,396
ORD-2577,2024-03-07,North,Web,608
ORD-2578,2024-03-07,South,Web,439
ORD-2579,2024-03-03,North,Web,448
ORD-2580,2024-03-06,East,Partner,283
ORD-2581,2024-03-07,East,Partner,507
ORD-2582,2024-03-22,West,Partner,469
ORD-2583,2024-03-02,East,Web,389
ORD-2584,2024-03-11,North,Retail,337
ORD-2585,2024-03-27,East,Partner,498
ORD-2586,2024-03-03,South,Web,445
ORD-2587,2024-03-10,North,Retail,492
ORD-2588,2024-03-16,North,Retail,357
ORD-2589,2024-03-01,North,Web,534
ORD-2590,2024-03-14,South,Web,591
ORD-2591,2024-03-18,East,Web,593
ORD-2592,2024-03-05,South,Web,529
ORD-2593,2024-03-21,West,Retail,484
ORD-2594,2024-03-23,East,Retail,533
ORD-2595,2024-03-07,East,Web,477
ORD-2596,2024-03-21,South,Retail,465
ORD-2597,2024-03-22,South,Partner,340
ORD-2598,2024-03-02,North,Partner,413
ORD-2599,2024-03-12,North,Retail,612
ORD-2600,2024-03-12,South,Retail,663
ORD-2601,2024-03-09,South,Web,484
ORD-2602,2024-03-17,East,Web,532
ORD-2603,2024-03-01,West,Retail,606
ORD-2604,2024-03-14,West,Web,413
ORD-2605,2024-03-01,West,Web,539
ORD-2606,2024-03-25,West,Partner,520
ORD-2607,2024-03-14,East,Web,370
ORD-2608,2024-03-18,South,Retail,553
ORD-2609,2024-03-14,South,Retail,332
ORD-2610,2024-03-13,East,Partner,614
ORD-2611,2024-03-05,South,Retail,526
ORD-2612,2024-03-03,West,Retail,391
ORD-2613,2024-03-20,West,Partner,512
ORD-2614,2024-03-16,East,Retail,514
ORD-2615,2024-03-25,North,Retail,479
ORD-2616,2024-03-28,North,Partner,519
ORD-2617,2024-03-08,North,Web,477
ORD-2618,2024-03-07,South,Web,468
ORD-2619,2024-03-26,East,Partner,428
ORD-2620,2024-03-06,East,Web,438
ORD-2621,2024-03-03,East,Partner,457
ORD-2622,2024-03-08,West,Partner,626
ORD-2623,2024-03-27,East,Retail,263
ORD-2624,2024-03-05,West,Partner,628
ORD-2625,2024-03-16,North,Retail,428
ORD-2626,2024-03-09,East,Partner,442
ORD-2627,2024-03-03,West,Partner,520
ORD-2628,2024-03-03,North,Web,397
ORD-2629,2024-03-13,South,Retail,626
ORD-2630,2024-03-05,West,Web,443
ORD-2631,2024-03-16,East,Retail,502
ORD-2632,2024-03-28,East,Retail,439
ORD-2633,2024-03-09,South,Partner,400
ORD-2634,2024-03-21,West,Web,392
ORD-2635,2024-03-19,East,Partner,545
ORD-2636,2024-03-18,West,Retail,477
ORD-2637,2024-03-12,South,Retail,505
ORD-2638,2024-03-22,North,Partner,424
ORD-2639,2024-03-09,South,Retail,517
ORD-2640,2024-03-20,North,Web,572
ORD-2641,2024-03-03,West,Partner,415
ORD-2642,2024-03-17,West,Retail,547
ORD-2643,2024-03-10,South,Web,624
ORD-2644,2024-03-21,North,Retail,512
ORD-2645,2024-03-24,South,Partner,551
ORD-2646,2024-03-21,South,Partner,497
ORD-2647,2024-03-18,West,Partner,565
ORD-2648,2024-03-07,West,Retail,476
ORD-2649,2024-03-20,South,Partner,549
ORD-2650,2024-03-15,West,Retail,582
ORD-2651,2024-03-09,West,Partner,470
ORD-2652,2024-03-28,North,Partner,503
ORD-2653,2024-03-23,East,Partner,521
ORD-2654,2024-03-24,West,Retail,394
ORD-2655,2024-03-04,South,Retail,490
ORD-2656,2024-03-25,South,Web,499
ORD-2657,2024-03-23,South,Web,450
ORD-2658,2024-03-27,East,Retail,578
ORD-2659,2024-03-01,West,Partner,599
ORD-2660,2024-03-07,East,Partner,523
ORD-2661,2024-03-04,South,Retail,428
ORD-2662,2024-03-09,West,Web,535
ORD-2663,2024-03-14,South,Retail,490
ORD-2664,2024-03-04,South,Partner,548
ORD-2665,2024-03-24,West,Retail,453
ORD-2666,2024-03-07,North,Retail,522
ORD-2667,2024-03-19,East,Partner,412
ORD-2668,2024-03-15,South,Partner,576
ORD-2669,2024-03-07,North,Retail,436
ORD-2670,2024-03-27,West,Retail,545
ORD-2671,2024-03-19,North,Partner,533
ORD-2672,2024-03-28,North,Partner,511
ORD-2673,2024-03-17,South,Web,499
ORD-2674,2024-03-16,South,Partner,467
ORD-2675,2024-03-20,North,Partner,411
ORD-2676,2024-03-09,South,Partner,530
ORD-2677,2024-03-25,North,Retail,394
ORD-2678,2024-03-16,South,Retail,408
ORD-2679,2024-03-14,North,Web,533
ORD-2680,2024-03-27,South,Partner,599
ORD-2681,2024-03-25,North,Web,620
ORD-2682,2024-03-16,East,Web,556
ORD-2683,2024-03-08,West,Web,480
ORD-2684,2024-03-20,South,Partner,465
ORD-2685,2024-03-02,West,Web,629
ORD-2686,2024-03-26,North,Retail,561
ORD-2687,2024-03-09,North,Partner,419
ORD-2688,2024-03-09,West,Web,496
ORD-2689,2024-03-15,North,Retail,432
ORD-2690,2024-03-27,West,Partner,505
ORD-2691,2024-03-17,North,Web,421
ORD-2692,2024-03-22,South,Web,488
ORD-2693,2024-03-27,North,Retail,656
ORD-2694,2024-03-17,West,Web,481
ORD-2695,2024-03-25,South,Retail,485
ORD-2696,2024-03-25,North,Web,492
ORD-2697,2024-03-12,West,Partner,489
ORD-2698,2024-03-19,East,Partner,370
ORD-2699,2024-03-25,East,Partner,586
ORD-2700,2024-04-23,East,Retail,457
ORD-2701,2024-04-26,North,Web,524
ORD-2702,2024-04-18,West,Retail,475
ORD-2703,2024-04-26,North,Web,444
ORD-2704,2024-04-08,North,Retail,324
ORD-2705,2024-04-04,South,Web,465
ORD-2706,2024-04-15,South,Retail,428
ORD-2707,2024-04-21,South,Web,553
ORD-2708,2024-04-01,West,Partner,532
ORD-2709,2024-04-06,South,Partner,566
ORD-2710,2024-04-04,West,Retail,627
ORD-2711,2024-04-05,North,Web,373
ORD-2712,2024-04-01,West,Retail,383
ORD-2713,2024-04-03,East,Partner,492
ORD-2714,2024-04-25,North,Partner,361
ORD-2715,2024-04-24,West,Partner,459
ORD-2716,2024-04-12,South,Web,489
ORD-2717,2024-04-09,South,Web,471
ORD-2718,2024-04-16,East,Retail,557
ORD-2719,2024-04-11,West,Partner,500
ORD-2720,2024-04-16,North,Partner,422
ORD-2721,2024-04-26,East,Web,289
ORD-2722,2024-04-24,North,Partner,481
ORD-2723,2024-04-25,South,Retail,612
ORD-2724,2024-04-23,South,Web,473
ORD-2725,2024-04-23,West,Retail,430
ORD-2726,2024-04-26,West,Web,548
ORD-2727,2024-04-22,South,Web,386
ORD-2728,2024-04-16,East,Partner,366
ORD-2729,2024-04-21,West,Retail,313
ORD-2730,2024-04-17,South,Retail,535
ORD-2731,2024-04-21,East,Partner,543
ORD-2732,2024-04-05,South,Retail,474
ORD-2733,2024-04-03,North,Web,475
ORD-2734,2024-04-24,West,Retail,567
ORD-2735,2024-04-08,West,Retail,472
ORD-2736,2024-04-21,North,Retail,487
ORD-2737,2024-04-21,West,Web,592
ORD-2738,2024-04-01,North,Partner,482
ORD-2739,2024-04-14,South,Partner,374
ORD-2740,2024-04-17,South,Partner,581
ORD-2741,2024-04-11,South,Partner,599
ORD-2742,2024-04-16,East,Partner,436
ORD-2743,2024-04-11,North,Web,546
ORD-2744,2024-04-18,South,Retail,583
ORD-2745,2024-04-07,North,Partner,519
ORD-2746,2024-04-02,West,Partner,440
ORD-2747,2024-04-26,East,Partner,454
ORD-2748,2024-04-25,East,Partner,532
ORD-2749,2024-04-24,West,Partner,442
ORD-2750,2024-04-07,South,Web,407
ORD-2751,2024-04-05,West,Partner,554
ORD-2752,2024-04-25,West,Partner,639
ORD-2753,2024-04-07,West,Retail,461
ORD-2754,2024-04-01,South,Web,555
ORD-2755,2024-04-26,East,Partner,528
ORD-2756,2024-04-19,East,Partner,197
ORD-2757,2024-04-10,South,Partner,597
ORD-2758,2024-04-18,East,Web,563
ORD-2759,2024-04-27,South,Retail,522
ORD-2760,2024-04-22,East,Web,366
ORD-2761,2024-04-21,South,Partner,272
ORD-2762,2024-04-13,North,Web,428
ORD-2763,2024-04-14,North,Web,515
ORD-2764,2024-04-05,West,Retail,353
ORD-2765,2024-04-04,South,Retail,656
ORD-2766,2024-04-04,East,Partner,375
ORD-2767,2024-04-13,North,Retail,425
ORD-2768,2024-04-28,South,Web,512
ORD-2769,2024-04-04,East,Web,384
ORD-2770,2024-04-27,West,Web,674
ORD-2771,2024-04-15,East,Retail,382
ORD-2772,2024-04-15,North,Retail,454
ORD-2773,2024-04-14,South,Web,386
ORD-2774,2024-04-09,North,Partner,522
ORD-2775,2024-04-04,South,Web,518
ORD-2776,2024-04-11,West,Web,467
ORD-2777,2024-04-05,North,Web,662
ORD-2778,2024-04-24,South,Web,506
ORD-2779,2024-04-21,South,Web,552
ORD-2780,2024-04-24,East,Web,592
ORD-2781,2024-04-15,East,Partner,506
ORD-2782,2024-04-22,East,Retail,484
ORD-2783,2024-04-12,West,Partner,633
ORD-2784,2024-04-08,West,Web,479
ORD-2785,2024-04-17,South,Web,510
ORD-2786,2024-04-04,West,Partner,550
ORD-2787,2024-04-11,East,Partner,432
ORD-2788,2024-04-22,South,Retail,604
ORD-2789,2024-04-13,South,Web,487
ORD-2790,2024-04-22,West,Partner,441
ORD-2791,2024-04-06,East,Partner,456
ORD-2792,2024-04-14,West,Retail,557
ORD-2793,2024-04-06,East,Retail,435
ORD-2794,2024-04-09,South,Retail,495
ORD-2795,2024-04-24,East,Retail,422
ORD-2796,2024-04-26,West,Partner,546
ORD-2797,2024-04-21,West,Web,550
ORD-2798,2024-04-03,East,Web,465
ORD-2799,2024-04-06,West,Retail,443
ORD-2800,2024-04-05,East,Partner,499
ORD-2801,2024-04-16,West,Retail,480
ORD-2802,2024-04-03,East,Web,509
ORD-2803,2024-04-21,South,Partner,416
ORD-2804,2024-04-25,North,Web,573
ORD-2805,2024-04-13,West,Web,534
ORD-2806,2024-04-01,East,Partner,417
ORD-2807,2024-04-03,East,Web,358
ORD-2808,2024-04-25,North,Partner,482
ORD-2809,2024-04-12,North,Retail,557
ORD-2810,2024-04-03,North,Web,498
ORD-2811,2024-04-02,North,Web,473
ORD-2812,2024-04-27,West,Retail,528
ORD-2813,2024-04-02,West,Retail,529
ORD-2814,2024-04-04,East,Partner,458
ORD-2815,2024-04-24,North,Retail,577
ORD-2816,2024-04-09,West,Retail,508
ORD-2817,2024-04-07,South,Retail,430
ORD-2818,2024-04-19,South,Web,324
ORD-2819,2024-04-14,East,Retail,524
ORD-2820,2024-04-14,East,Retail,616
ORD-2821,2024-04-17,North,Partner,639
ORD-2822,2024-04-13,North,Web,577
ORD-2823,2024-04-17,East,Retail,542
ORD-2824,2024-04-15,West,Partner,480
ORD-2825,2024-04-22,West,Partner,589
ORD-2826,2024-04-05,West,Partner,548
ORD-2827,2024-04-16,South,Web,585
ORD-2828,2024-04-09,South,Web,391
ORD-2829,2024-04-06,West,Partner,551
ORD-2830,2024-04-01,East,Retail,467
ORD-2831,2024-04-22,North,Web,564
ORD-2832,2024-04-22,North,Partner,541
ORD-2833,2024-04-24,North,Web,495
ORD-2834,2024-04-14,West,Partner,451
ORD-2835,2024-04-19,West,Partner,604
ORD-2836,2024-04-20,West,Web,841
ORD-2837,2024-04-24,East,Retail,631
ORD-2838,2024-04-10,South,Web,543
ORD-2839,2024-04-24,South,Partner,509
ORD-2840,2024-04-02,South,Partner,664
ORD-2841,2024-04-28,West,Partner,458
ORD-2842,2024-04-25,West,Web,515
ORD-2843,2024-04-19,South,Web,581
ORD-2844,2024-04-12,West,Partner,540
ORD-2845,2024-04-12,East,Retail,617
ORD-2846,2024-04-08,East,Retail,402
ORD-2847,2024-04-02,East,Retail,518
ORD-2848,2024-04-15,South,Partner,588
ORD-2849,2024-04-21,East,Partner,430
ORD-2850,2024-04-02,East,Retail,462
ORD-2851,2024-04-03,North,Web,726
ORD-2852,2024-04-20,South,Web,550
ORD-2853,2024-04-12,South,Web,618
ORD-2854,2024-04-07,South,Partner,439
ORD-2855,2024-04-11,West,Web,593
ORD-2856,2024-04-05,West,Web,485
ORD-2857,2024-04-07,South,Retail,636
ORD-2858,2024-04-22,East,Web,583
ORD-2859,2024-04-10,West,Partner,488
ORD-2860,2024-04-02,West,Retail,746
ORD-2861,2024-04-17,South,Retail,469
ORD-2862,2024-04-05,South,Web,412
ORD-2863,2024-04-14,North,Partner,539
ORD-2864,2024-04-01,North,Partner,442
ORD-2865,2024-04-24,East,Partner,365
ORD-2866,2024-04-25,East,Retail,593
ORD-2867,2024-04-15,North,Retail,532
ORD-2868,2024-04-14,North,Web,542
ORD-2869,2024-04-01,East,Web,437
ORD-2870,2024-04-23,North,Web,528
ORD-2871,2024-04-23,East,Web,504
ORD-2872,2024-04-26,West,Retail,527
ORD-2873,2024-04-10,South,Partner,372
ORD-2874,2024-04-25,East,Retail,435
ORD-2875,2024-04-14,East,Partner,650
ORD-2876,2024-04-03,West,Retail,453
ORD-2877,2024-04-03,West,Partner,485
ORD-2878,2024-04-20,East,Partner,610
ORD-2879,2024-04-01,South,Retail,422
ORD-2880,2024-04-26,West,Web,544
ORD-2881,2024-04-17,West,Web,521
ORD-2882,2024-04-05,East,Retail,471
ORD-2883,2024-04-03,North,Partner,662
ORD-2884,2024-04-19,West,Retail,598
ORD-2885,2024-04-14,North,Web,391
ORD-2886,2024-04-14,South,Retail,608
ORD-2887,2024-04-19,North,Partner,533
ORD-2888,2024-04-18,East,Retail,541
ORD-2889,2024-04-06,West,Partner,522
ORD-2890,2024-04-23,South,Retail,498
ORD-2891,2024-04-13,West,Retail,433
ORD-2892,2024-04-27,North,Web,571
ORD-2893,2024-04-08,West,Web,495
ORD-2894,2024-04-20,South,Partner,490
ORD-2895,2024-04-09,East,Retail,531
ORD-2896,2024-04-15,North,Partner,619
ORD-2897,2024-04-27,South,Web,614
ORD-2898,2024-04-28,South,Partner,405
ORD-2899,2024-04-18,South,Partner,273
ORD-2900,2024-04-05,West,Retail,507
ORD-2901,2024-04-21,East,Web,536
ORD-2902,2024-04-21,North,Web,437
ORD-2903,2024-04-05,South,Partner,410
ORD-2904,2024-04-19,West,Retail,664
ORD-2905,2024-04-28,North,Web,664
ORD-2906,2024-04-25,West,Partner,545
ORD-2907,2024-04-28,North,Partner,502
ORD-2908,2024-04-12,East,Web,592
ORD-2909,2024-04-27,South,Partner,563
ORD-2910,2024-04-09,East,Retail,466
ORD-2911,2024-04-22,North,Retail,557
ORD-2912,2024-04-25,North,Web,417
ORD-2913,2024-04-06,South,Retail,548
ORD-2914,2024-04-20,North,Web,395
ORD-2915,2024-04-12,East,Partner,502
ORD-2916,2024-04-15,North,Partner,417
ORD-2917,2024-04-12,West,Partner,520
ORD-2918,2024-04-02,South,Partner,580
ORD-2919,2024-04-02,East,Partner,312
ORD-2920,2024-04-15,South,Web,613
ORD-2921,2024-04-21,East,Retail,594
ORD-2922,2024-04-28,South,Web,467
ORD-2923,2024-04-22,North,Retail,468
ORD-2924,2024-04-14,West,Partner,474
ORD-2925,2024-04-16,North,Web,420
ORD-2926,2024-04-04,West,Web,471
ORD-2927,2024-04-10,East,Web,523
ORD-2928,2024-04-22,South,Web,542
ORD-2929,2024-04-09,East,Web,423
ORD-2930,2024-04-01,South,Partner,450
ORD-2931,2024-04-12,East,Partner,607
ORD-2932,2024-04-17,North,Retail,453
ORD-2933,2024-04-13,West,Web,315
ORD-2934,2024-04-28,West,Partner,466
ORD-2935,2024-04-04,East,Web,474
ORD-2936,2024-04-05,South,Partner,476
ORD-2937,2024-04-08,North,Partner,641
ORD-2938,2024-04-18,South,Web,469
ORD-2939,2024-04-06,North,Web,641
ORD-2940,2024-04-13,West,Partner,452
ORD-2941,2024-04-07,South,Retail,522
ORD-2942,2024-04-20,North,Partner,622
ORD-2943,2024-04-21,South,Partner,580
ORD-2944,2024-04-23,East,Web,436
ORD-2945,2024-04-01,South,Web,379
ORD-2946,2024-04-18,South,Partner,509
ORD-2947,2024-04-16,South,Web,277
ORD-2948,2024-04-20,West,Partner,554
ORD-2949,2024-04-14,West,Web,565
ORD-2950,2024-04-07,East,Web,321
ORD-2951,2024-04-04,North,Web,488
ORD-2952,2024-04-10,South,Retail,472
ORD-2953,2024-04-22,South,Web,474
ORD-2954,2024-04-04,North,Web,608
ORD-2955,2024-04-22,East,Partner,496
ORD-2956,2024-04-14,South,Partner,449
ORD-2957,2024-04-15,South,Partner,553
ORD-2958,2024-04-03,South,Partner,461
ORD-2959,2024-04-15,North,Web,704
ORD-2960,2024-04-10,North,Web,583
ORD-2961,2024-04-13,South,Partner,401
ORD-2962,2024-04-05,North,Web,590
ORD-2963,2024-04-03,West,Retail,531
ORD-2964,2024-04-01,South,Partner,673
ORD-2965,2024-04-01,West,Web,587
ORD-2966,2024-04-16,North,Web,418
ORD-2967,2024-04-21,East,Web,574
ORD-2968,2024-04-13,South,Web,517
ORD-2969,2024-04-14,East,Retail,548
ORD-2970,2024-04-18,East,Partner,604
ORD-2971,2024-04-04,North,Retail,505
ORD-2972,2024-04-19,South,Retail,513
ORD-2973,2024-04-26,West,Partner,596
ORD-2974,2024-04-03,East,Partner,445
ORD-2975,2024-04-25,North,Partner,512
ORD-2976,2024-04-08,West,Partner,382
ORD-2977,2024-04-19,East,Web,525
ORD-2978,2024-04-13,East,Retail,347
ORD-2979,2024-04-10,West,Web,551
ORD-2980,2024-04-22,West,Partner,384
ORD-2981,2024-04-13,East,Web,492
ORD-2982,2024-04-21,North,Partner,498
ORD-2983,2024-04-15,North,Web,612
ORD-2984,2024-04-08,East,Web,447
ORD-2985,2024-04-26,East,Partner,336
ORD-2986,2024-04-16,West,Retail,592
ORD-2987,2024-04-27,East,Retail,592
ORD-2988,2024-04-01,North,Partner,562
ORD-2989,2024-04-19,West,Retail,519
ORD-2990,2024-04-18,East,Retail,453
ORD-2991,2024-04-23,East,Web,522
ORD-2992,2024-04-11,South,Web,547
ORD-2993,2024-04-20,South,Retail,461
ORD-2994,2024-04-20,West,Web,554
ORD-2995,2024-04-15,East,Partner,582
ORD-2996,2024-04-12,West,Retail,542
ORD-2997,2024-04-13,West,Partner,418
ORD-2998,2024-04-17,West,Partner,606
ORD-2999,2024-04-25,North,Web,546
ORD-3000,2024-04-08,North,Retail,347
ORD-3001,2024-04-19,West,Retail,601
ORD-3002,2024-04-06,North,Web,516
ORD-3003,2024-04-01,North,Partner,364
ORD-3004,2024-04-25,East,Retail,345
ORD-3005,2024-04-05,East,Partner,348
ORD-3006,2024-04-08,East,Retail,515
ORD-3007,2024-04-28,West,Partner,495
ORD-3008,2024-04-13,East,Web,485
ORD-3009,2024-04-27,West,Retail,554
ORD-3010,2024-04-08,East,Web,636
ORD-3011,2024-04-11,West,Retail,372
ORD-3012,2024-04-12,South,Partner,425
ORD-3013,2024-04-13,North,Partner,408
ORD-3014,2024-04-01,East,Retail,525
ORD-3015,2024-04-13,East,Web,437
ORD-3016,2024-04-10,West,Partner,299
ORD-3017,2024-04-03,East,Web,548
ORD-3018,2024-04-09,West,Web,535
ORD-3019,2024-04-24,North,Retail,624
ORD-3020,2024-04-18,South,Web,354
ORD-3021,2024-04-14,South,Retail,626
ORD-3022,2024-04-02,East,Web,529
ORD-3023,2024-04-20,East,Retail,532
ORD-3024,2024-04-05,South,Web,382
ORD-3025,2024-04-08,North,Partner,676
ORD-3026,2024-04-22,West,Partner,678
ORD-3027,2024-04-17,South,Web,405
ORD-3028,2024-04-01,South,Retail,560
ORD-3029,2024-04-16,North,Partner,393
ORD-3030,2024-04-14,South,Partner,439
ORD-3031,2024-04-27,West,Retail,334
ORD-3032,2024-04-08,West,Retail,402
ORD-3033,2024-04-25,South,Partner,658
ORD-3034,2024-04-05,West,Web,624
ORD-3035,2024-04-13,South,Web,418
ORD-3036,2024-04-08,West,Web,387
ORD-3037,2024-04-22,West,Retail,563
ORD-3038,2024-04-10,South,Partner,409
ORD-3039,2024-04-12,North,Retail,575
ORD-3040,2024-04-20,West,Partner,531
ORD-3041,2024-04-11,North,Retail,399
ORD-3042,2024-04-25,North,Retail,488
ORD-3043,2024-04-10,North,Partner,530
ORD-3044,2024-04-05,South,Retail,534
ORD-3045,2024-04-20,North,Partner,490
ORD-3046,2024-04-15,South,Web,623
ORD-3047,2024-04-25,East,Retail,501
ORD-3048,2024-04-24,North,Web,422
ORD-3049,2024-04-13,East,Web,538
ORD-3050,2024-04-02,West,Retail,563
ORD-3051,2024-04-24,West,Partner,561
ORD-3052,2024-04-12,South,Web,318
ORD-3053,2024-04-06,East,Retail,486
ORD-3054,2024-04-08,West,Partner,624
ORD-3055,2024-04-09,South,Web,363
ORD-3056,2024-04-06,North,Retail,624
ORD-3057,2024-04-08,West,Partner,551
ORD-3058,2024-04-08,North,Web,445
ORD-3059,2024-04-01,West,Web,398
ORD-3060,2024-04-01,West,Retail,372
ORD-3061,2024-04-16,South,Web,456
ORD-3062,2024-04-18,East,Retail,630
ORD-3063,2024-04-15,East,Partner,498
ORD-3064,2024-04-17,East,Web,595
ORD-3065,2024-04-28,North,Partner,427
ORD-3066,2024-04-04,North,Retail,615
ORD-3067,2024-04-02,North,Partner,511
ORD-3068,2024-04-04,North,Web,360
ORD-3069,2024-04-21,South,Partner,567
ORD-3070,2024-04-07,North,Partner,437
ORD-3071,2024-04-04,West,Web,519
ORD-3072,2024-04-17,North,Retail,507
ORD-3073,2024-04-16,East,Web,435
ORD-3074,2024-04-10,North,Retail,445
ORD-3075,2024-04-08,South,Web,513
ORD-3076,2024-04-19,West,Partner,589
ORD-3077,2024-04-02,West,Web,636
ORD-3078,2024-04-04,South,Retail,360
ORD-3079,2024-04-08,North,Retail,425
ORD-3080,2024-04-11,South,Retail,443
ORD-3081,2024-04-27,South,Web,334
ORD-3082,2024-04-07,West,Retail,602
ORD-3083,2024-04-12,West,Web,508
ORD-3084,2024-04-23,West,Partner,565
ORD-3085,2024-04-13,North,Web,445
ORD-3086,2024-04-22,North,Partner,529
ORD-3087,2024-04-19,East,Web,330
ORD-3088,2024-04-11,East,Web,573
ORD-3089,2024-04-11,East,Retail,553
ORD-3090,2024-04-25,East,Partner,519
ORD-3091,2024-04-06,North,Partner,582
ORD-3092,2024-04-24,South,Retail,441
ORD-3093,2024-04-19,East,Partner,295
ORD-3094,2024-04-20,West,Web,548
ORD-3095,2024-04-19,West,Retail,550
ORD-3096,2024-04-01,South,Web,492
ORD-3097,2024-04-28,West,Partner,534
ORD-3098,2024-04-25,South,Retail,630
ORD-3099,2024-04-20,South,Partner,573
ORD-3100,2024-04-14,North,Partner,382
ORD-3101,2024-04-14,North,Web,429
ORD-3102,2024-04-09,South,Web,577
ORD-3103,2024-04-14,East,Retail,348
ORD-3104,2024-04-27,South,Retail,404
ORD-3105,2024-04-23,West,Retail,363
ORD-3106,2024-04-14,South,Web,539
ORD-3107,2024-04-14,East,Web,464
ORD-3108,2024-04-09,North,Partner,553
ORD-3109,2024-04-05,West,Web,500
ORD-3110,2024-04-24,West,Web,403
ORD-3111,2024-04-24,North,Retail,432
ORD-3112,2024-04-15,North,Retail,534
ORD-3113,2024-04-04,South,Partner,605
ORD-3114,2024-04-22,East,Retail,330
ORD-3115,2024-04-17,South,Web,492
ORD-3116,2024-04-02,East,Web,550
ORD-3117,2024-04-26,West,Retail,573
ORD-3118,2024-04-03,West,Web,425
ORD-3119,2024-04-06,West,Retail,546
ORD-3120,2024-04-22,West,Web,646
ORD-3121,2024-04-04,South,Retail,637
ORD-3122,2024-04-03,West,Web,437
ORD-3123,2024-04-11,West,Retail,420
ORD-3124,2024-04-08,East,Partner,468
ORD-3125,2024-04-13,East,Partner,448
ORD-3126,2024-04-08,North,Web,568
ORD-3127,2024-04-17,West,Web,485
ORD-3128,2024-04-28,East,Retail,511
ORD-3129,2024-04-16,North,Partner,423
ORD-3130,2024-04-28,West,Web,525
ORD-3131,2024-04-02,North,Web,554
ORD-3132,2024-04-16,South,Partner,581
ORD-3133,2024-04-04,East,Retail,519
ORD-3134,2024-04-19,South,Web,605
ORD-3135,2024-04-23,West,Retail,543
ORD-3136,2024-04-24,West,Web,414
ORD-3137,2024-04-28,West,Partner,518
ORD-3138,2024-04-08,East,Retail,565
ORD-3139,2024-04-04,North,Retail,529
ORD-3140,2024-04-01,East,Retail,599
ORD-3141,2024-04-16,West,Retail,378
ORD-3142,2024-04-20,North,Web,541
ORD-3143,2024-04-04,South,Partner,440
ORD-3144,2024-04-09,South,Partner,557
ORD-3145,2024-04-15,West,Web,448
ORD-3146,2024-04-16,North,Partner,478
ORD-3147,2024-04-03,East,Partner,495
ORD-3148,2024-04-02,East,Retail,617
ORD-3149,2024-04-25,East,Web,485
ORD-3150,2024-04-08,North,Web,499
ORD-3151,2024-04-13,West,Partner,488
ORD-3152,2024-04-26,East,Partner,499
ORD-3153,2024-04-09,South,Web,581
ORD-3154,2024-04-09,North,Partner,308
ORD-3155,2024-04-26,North,Retail,479
ORD-3156,2024-04-12,North,Retail,544
ORD-3157,2024-04-23,North,Web,514
ORD-3158,2024-04-11,South,Web,532
ORD-3159,2024-04-04,North,Retail,575
ORD-3160,2024-04-22,South,Partner,676
ORD-3161,2024-04-18,East,Retail,458
ORD-3162,2024-04-28,West,Web,495
ORD-3163,2024-04-01,East,Web,584
ORD-3164,2024-04-22,North,Web,595
ORD-3165,2024-04-07,East,Web,364
ORD-3166,2024-04-15,East,Partner,647
ORD-3167,2024-04-25,East,Retail,495
ORD-3168,2024-04-17,South,Partner,577
ORD-3169,2024-04-23,South,Partner,353
ORD-3170,2024-04-25,West,Retail,625
ORD-3171,2024-04-04,South,Retail,395
ORD-3172,2024-04-19,East,Retail,488
ORD-3173,2024-04-11,South,Partner,444
ORD-3174,2024-04-23,West,Retail,604
ORD-3175,2024-04-28,West,Retail,476
ORD-3176,2024-04-05,South,Retail,495
ORD-3177,2024-04-19,South,Web,543
ORD-3178,2024-04-11,North,Web,506
ORD-3179,2024-04-14,North,Partner,543
ORD-3180,2024-04-11,West,Web,497
ORD-3181,2024-04-14,North,Partner,471
ORD-3182,2024-04-19,East,Partner,568
ORD-3183,2024-04-11,East,Partner,579
ORD-3184,2024-04-07,East,Partner,436
ORD-3185,2024-04-18,South,Retail,541
ORD-3186,2024-04-06,North,Web,611
ORD-3187,2024-04-11,West,Partner,593
ORD-3188,2024-04-15,West,Partner,507
ORD-3189,2024-04-05,North,Web,414
ORD-3190,2024-04-20,East,Retail,615
ORD-3191,2024-04-24,East,Partner,498
ORD-3192,2024-04-12,East,Web,618
ORD-3193,2024-04-26,East,Web,353
ORD-3194,2024-04-08,North,Web,522
ORD-3195,2024-04-04,West,Web,566
ORD-3196,2024-04-28,West,Partner,563
ORD-3197,2024-04-22,North,Retail,489
ORD-3198,2024-04-06,North,Web,595
ORD-3199,2024-04-14,North,Retail,442
ORD-3200,2024-04-16,South,Web,620
ORD-3201,2024-04-14,West,Partner,422
ORD-3202,2024-04-15,East,Partner,407
ORD-3203,2024-04-09,East,Retail,524
ORD-3204,2024-04-15,North,Partner,476
ORD-3205,2024-04-11,South,Partner,466
ORD-3206,2024-04-19,North,Partner,496
ORD-3207,2024-04-03,South,Retail,574
ORD-3208,2024-04-01,South,Retail,561
ORD-3209,2024-04-14,East,Retail,579
ORD-3210,2024-04-26,South,Web,451
ORD-3211,2024-04-05,East,Retail,570
ORD-3212,2024-04-14,West,Retail,463
ORD-3213,2024-04-09,South,Web,571
ORD-3214,2024-04-13,North,Partner,285
ORD-3215,2024-04-25,East,Partner,524
ORD-3216,2024-04-24,East,Partner,533
ORD-3217,2024-04-20,North,Partner,316
ORD-3218,2024-04-27,East,Web,490
ORD-3219,2024-04-18,South,Retail,563
ORD-3220,2024-04-20,South,Partner,503
ORD-3221,2024-04-17,East,Retail,483
ORD-3222,2024-04-15,North,Retail,425
ORD-3223,2024-04-27,West,Retail,533
ORD-3224,2024-04-03,North,Retail,418
ORD-3225,2024-04-19,South,Partner,500
ORD-3226,2024-04-24,North,Retail,524
ORD-3227,2024-04-19,South,Retail,551
ORD-3228,2024-04-09,West,Web,611
ORD-3229,2024-04-08,North,Web,409
ORD-3230,2024-04-08,South,Partner,500
ORD-3231,2024-04-17,South,Web,532
ORD-3232,2024-04-17,North,Web,483
ORD-3233,2024-04-02,West,Retail,635
ORD-3234,2024-04-12,West,Retail,432
ORD-3235,2024-04-15,South,Partner,385
ORD-3236,2024-04-08,North,Web,463
ORD-3237,2024-04-01,South,Web,566
ORD-3238,2024-04-11,West,Web,506
ORD-3239,2024-04-17,East,Web,618
ORD-3240,2024-04-11,West,Retail,479
ORD-3241,2024-04-08,East,Web,751
ORD-3242,2024-04-03,West,Retail,494
ORD-3243,2024-04-09,South,Retail,436
ORD-3244,2024-04-26,East,Retail,487
ORD-3245,2024-04-18,North,Partner,699
ORD-3246,2024-04-06,North,Web,296
ORD-3247,2024-04-10,North,Web,496
ORD-3248,2024-04-21,West,Retail,544
ORD-3249,2024-04-21,West,Retail,526
ORD-3250,2024-04-14,North,Web,359
ORD-3251,2024-04-01,East,Retail,390
ORD-3252,2024-04-20,South,Partner,567
ORD-3253,2024-04-14,West,Retail,567
ORD-3254,2024-04-12,South,Partner,432
ORD-3255,2024-04-18,West,Web,487
ORD-3256,2024-04-10,North,Retail,620
ORD-3257,2024-04-25,East,Partner,550
ORD-3258,2024-04-12,West,Web,390
ORD-3259,2024-04-26,East,Web,366
ORD-3260,2024-04-09,West,Web,435
ORD-3261,2024-04-06,West,Retail,573
ORD-3262,2024-04-22,South,Retail,412
ORD-3263,2024-04-06,West,Web,407
ORD-3264,2024-04-01,East,Retail,444
ORD-3265,2024-04-01,East,Partner,485
ORD-3266,2024-04-15,South,Retail,631
ORD-3267,2024-04-10,South,Partner,295
ORD-3268,2024-04-24,West,Retail,415
ORD-3269,2024-04-24,South,Web,423
ORD-3270,2024-04-13,South,Retail,634
ORD-3271,2024-04-24,East,Retail,333
ORD-3272,2024-04-13,North,Web,473
ORD-3273,2024-04-09,South,Web,491
ORD-3274,2024-04-24,West,Retail,449
ORD-3275,2024-04-13,South,Partner,560
ORD-3276,2024-04-08,South,Web,389
ORD-3277,2024-04-21,North,Partner,411
ORD-3278,2024-04-08,South,Retail,526
ORD-3279,2024-04-20,North,Partner,552
ORD-3280,2024-04-28,West,Web,498
ORD-3281,2024-04-07,East,Retail,462
ORD-3282,2024-04-25,East,Retail,489
ORD-3283,2024-04-27,North,Retail,401
ORD-3284,2024-04-04,North,Partner,534
ORD-3285,2024-04-03,South,Partner,458
ORD-3286,2024-04-20,East,Retail,396
ORD-3287,2024-04-23,South,Partner,479
ORD-3288,2024-04-12,South,Web,590
ORD-3289,2024-04-11,South,Retail,672
ORD-3290,2024-04-24,South,Web,479
ORD-3291,2024-04-21,East,Retail,365
ORD-3292,2024-04-12,West,Retail,361
ORD-3293,2024-04-07,East,Partner,484
ORD-3294,2024-04-16,East,Web,514
ORD-3295,2024-04-05,East,Retail,344
ORD-3296,2024-04-12,South,Partner,573
ORD-3297,2024-04-13,East,Retail,361
ORD-3298,2024-04-02,North,Partner,501
ORD-3299,2024-04-22,North,Web,584
ORD-3300,2024-04-07,North,Retail,549
ORD-3301,2024-04-21,North,Retail,351
ORD-3302,2024-04-01,South,Web,331
ORD-3303,2024-04-16,South,Web,486
ORD-3304,2024-04-07,South,Retail,383
ORD-3305,2024-04-23,North,Retail,427
ORD-3306,2024-04-15,East,Web,405
ORD-3307,2024-04-20,East,Retail,312
ORD-3308,2024-04-03,East,Retail,258
ORD-3309,2024-04-25,East,Retail,516
ORD-3310,2024-04-17,North,Web,623
ORD-3311,2024-04-26,East,Retail,300
ORD-3312,2024-04-08,West,Partner,458
ORD-3313,2024-04-12,East,Retail,350
ORD-3314,2024-04-21,South,Web,443
ORD-3315,2024-04-16,North,Partner,578
ORD-3316,2024-04-25,South,Web,546
ORD-3317,2024-04-05,South,Retail,660
ORD-3318,2024-04-09,North,Partner,410
ORD-3319,2024-04-07,North,Retail,272
ORD-3320,2024-04-11,South,Web,396
ORD-3321,2024-04-23,East,Partner,456
ORD-3322,2024-04-19,West,Web,523
ORD-3323,2024-04-11,West,Web,528
ORD-3324,2024-04-26,West,Web,591
ORD-3325,2024-04-23,West,Web,426
ORD-3326,2024-04-26,South,Retail,552
ORD-3327,2024-04-11,North,Partner,615
ORD-3328,2024-04-06,East,Partner,585
ORD-3329,2024-04-27,West,Partner,481
ORD-3330,2024-04-09,South,Web,406
ORD-3331,2024-04-11,East,Retail,388
ORD-3332,2024-04-10,North,Retail,470
ORD-3333,2024-04-26,South,Web,505
ORD-3334,2024-04-10,South,Partner,487
ORD-3335,2024-04-19,North,Retail,465
ORD-3336,2024-04-05,West,Partner,427
ORD-3337,2024-04-09,West,Retail,333
ORD-3338,2024-04-12,North,Partner,507
ORD-3339,2024-04-15,West,Retail,511
ORD-3340,2024-04-17,East,Web,572
ORD-3341,2024-04-28,West,Retail,570
ORD-3342,2024-04-22,East,Retail,491
ORD-3343,2024-04-15,South,Web,438
ORD-3344,2024-04-09,East,Retail,443
ORD-3345,2024-04-24,South,Web,437
ORD-3346,2024-04-28,North,Web,404
ORD-3347,2024-04-15,West,Web,367
ORD-3348,2024-04-07,South,Web,497
ORD-3349,2024-04-02,South,Partner,326
ORD-3350,2024-04-15,South,Partner,397
ORD-3351,2024-04-13,East,Partner,605
ORD-3352,2024-04-22,South,Web,425
ORD-3353,2024-04-19,East,Retail,565
ORD-3354,2024-04-08,North,Retail,448
ORD-3355,2024-04-08,East,Retail,570
ORD-3356,2024-04-02,West,Retail,558
ORD-3357,2024-04-10,West,Partner,319
ORD-3358,2024-04-07,South,Web,479
ORD-3359,2024-04-04,East,Retail,494
ORD-3360,2024-04-07,North,Retail,678
ORD-3361,2024-04-06,West,Retail,463
ORD-3362,2024-04-08,North,Web,534
ORD-3363,2024-04-26,East,Partner,568
ORD-3364,2024-04-04,South,Partner,480
ORD-3365,2024-04-17,East,Partner,607
ORD-3366,2024-04-20,West,Retail,603
ORD-3367,2024-04-24,East,Retail,614
ORD-3368,2024-04-22,North,Web,499
ORD-3369,2024-04-23,South,Web,583
ORD-3370,2024-04-10,West,Retail,642
ORD-3371,2024-04-22,South,Partner,603
ORD-3372,2024-04-07,North,Retail,466
ORD-3373,2024-04-22,West,Partner,583
ORD-3374,2024-04-19,South,Partner,493
ORD-3375,2024-04-09,West,Retail,582
ORD-3376,2024-04-14,South,Web,425
ORD-3377,2024-04-16,East,Partner,508
ORD-3378,2024-04-26,South,Partner,496
ORD-3379,2024-04-06,West,Partner,580
ORD-3380,2024-04-22,South,Partner,699
ORD-3381,2024-04-12,South,Retail,392
ORD-3382,2024-04-28,North,Retail,609
ORD-3383,2024-04-17,East,Partner,504
ORD-3384,2024-04-18,North,Retail,433
ORD-3385,2024-04-23,West,Retail,486
ORD-3386,2024-04-13,West,Retail,317
ORD-3387,2024-04-10,West,Web,345
ORD-3388,2024-04-19,East,Retail,534
ORD-3389,2024-04-11,West,Partner,561
ORD-3390,2024-04-03,West,Retail,678
ORD-3391,2024-04-06,West,Partner,543
ORD-3392,2024-04-20,East,Partner,421
ORD-3393,2024-04-20,North,Web,498
ORD-3394,2024-04-02,South,Partner,495
ORD-3395,2024-04-18,East,Web,496
ORD-3396,2024-04-12,South,Partner,523
ORD-3397,2024-04-20,North,Partner,351
ORD-3398,2024-04-02,North,Web,400
ORD-3399,2024-04-27,South,Retail,490
ORD-3400,2024-04-22,South,Web,438
ORD-3401,2024-04-03,North,Partner,467
ORD-3402,2024-04-14,North,Partner,501
ORD-3403,2024-04-19,South,Partner,596
ORD-3404,2024-04-19,North,Retail,510
ORD-3405,2024-04-16,West,Web,487
ORD-3406,2024-04-07,East,Retail,447
ORD-3407,2024-04-23,North,Retail,354
ORD-3408,2024-04-26,West,Partner,548
ORD-3409,2024-04-27,East,Retail,592
ORD-3410,2024-04-09,South,Partner,532
ORD-3411,2024-04-18,North,Retail,483
ORD-3412,2024-04-17,South,Web,534
ORD-3413,2024-04-20,North,Retail,536
ORD-3414,2024-04-13,East,Web,622
ORD-3415,2024-04-23,South,Partner,510
ORD-3416,2024-04-28,East,Partner,471
ORD-3417,2024-04-07,North,Partner,635
ORD-3418,2024-04-03,East,Web,514
ORD-3419,2024-04-01,South,Partner,453
ORD-3420,2024-04-17,West,Retail,579
ORD-3421,2024-04-14,West,Partner,431
ORD-3422,2024-04-13,North,Partner,418
ORD-3423,2024-04-22,East,Partner,408
ORD-3424,2024-04-07,West,Partner,547
ORD-3425,2024-04-14,West,Partner,566
ORD-3426,2024-04-04,East,Web,503
ORD-3427,2024-04-23,South,Partner,337
ORD-3428,2024-04-12,South,Web,344
ORD-3429,2024-04-04,South,Web,404
ORD-3430,2024-04-23,North,Web,453
ORD-3431,2024-04-26,South,Web,501
ORD-3432,2024-04-27,East,Partner,494
ORD-3433,2024-04-03,North,Retail,619
ORD-3434,2024-04-05,South,Web,454
ORD-3435,2024-04-06,South,Partner,472
ORD-3436,2024-04-18,North,Partner,405
ORD-3437,2024-04-07,North,Partner,534
ORD-3438,2024-04-16,North,Web,531
ORD-3439,2024-04-06,West,Partner,596
ORD-3440,2024-04-01,West,Web,550
ORD-3441,2024-04-17,East,Retail,639
ORD-3442,2024-04-20,West,Partner,695
ORD-3443,2024-04-23,North,Retail,345
ORD-3444,2024-04-01,East,Retail,403
ORD-3445,2024-04-11,West,Partner,508
ORD-3446,2024-04-01,West,Web,679
ORD-3447,2024-04-12,East,Retail,444
ORD-3448,2024-04-14,East,Retail,509
ORD-3449,2024-04-03,South,Retail,575
ORD-3450,2024-04-06,North,Partner,553
ORD-3451,2024-04-09,South,Retail,646
ORD-3452,2024-04-09,East,Retail,403
ORD-3453,2024-04-09,North,Retail,367
ORD-3454,2024-04-16,East,Partner,547
ORD-3455,2024-04-04,West,Retail,459
ORD-3456,2024-04-27,East,Retail,488
ORD-3457,2024-04-09,North,Retail,392
ORD-3458,2024-04-09,North,Partner,463
ORD-3459,2024-04-16,West,Web,644
ORD-3460,2024-04-14,North,Retail,439
ORD-3461,2024-04-18,North,Retail,473
ORD-3462,2024-04-21,North,Retail,413
ORD-3463,2024-04-16,South,Partner,592
ORD-3464,2024-04-25,North,Partner,446
ORD-3465,2024-04-07,East,Retail,455
ORD-3466,2024-04-17,West,Web,512
ORD-3467,2024-04-23,East,Web,530
ORD-3468,2024-04-02,South,Partner,494
ORD-3469,2024-04-08,South,Retail,607
ORD-3470,2024-04-01,North,Web,544
ORD-3471,2024-04-17,West,Retail,494
ORD-3472,2024-04-05,West,Partner,591
ORD-3473,2024-04-13,West,Web,550
ORD-3474,2024-04-28,East,Retail,595
ORD-3475,2024-04-27,South,Web,582
ORD-3476,2024-04-26,West,Partner,483
ORD-3477,2024-04-01,North,Partner,550
ORD-3478,2024-04-28,East,Retail,586
ORD-3479,2024-04-06,West,Retail,506
ORD-3480,2024-04-17,East,Partner,493
ORD-3481,2024-04-10,North,Web,472
ORD-3482,2024-04-13,North,Web,535
ORD-3483,2024-04-04,South,Web,542
ORD-3484,2024-04-03,East,Partner,499
ORD-3485,2024-04-01,North,Partner,375
ORD-3486,2024-04-15,East,Retail,451
ORD-3487,2024-04-10,South,Partner,474
ORD-3488,2024-04-08,North,Retail,615
ORD-3489,2024-04-28,West,Retail,488
ORD-3490,2024-04-15,South,Web,676
ORD-3491,2024-04-07,South,Partner,483
ORD-3492,2024-04-20,South,Partner,473
ORD-3493,2024-04-09,North,Retail,576
ORD-3494,2024-04-18,East,Retail,573
ORD-3495,2024-04-01,East,Web,630
ORD-3496,2024-04-28,North,Partner,393
ORD-3497,2024-04-12,East,Partner,510
ORD-3498,2024-04-26,South,Retail,435
ORD-3499,2024-04-24,North,Retail,525
ORD-3500,2024-04-15,North,Web,577
ORD-3501,2024-04-28,South,Partner,535
ORD-3502,2024-04-12,East,Web,620
ORD-3503,2024-04-08,North,Partner,407
ORD-3504,2024-04-14,North,Partner,403
ORD-3505,2024-04-09,East,Web,403
ORD-3506,2024-04-24,South,Retail,543
ORD-3507,2024-04-13,East,Web,324
ORD-3508,2024-04-23,North,Partner,492
ORD-3509,2024-04-11,North,Web,455
ORD-3510,2024-04-25,West,Web,629
ORD-3511,2024-04-16,West,Web,401
ORD-3512,2024-04-12,North,Partner,574
ORD-3513,2024-04-04,North,Web,550
ORD-3514,2024-04-11,West,Web,500
ORD-3515,2024-04-18,South,Retail,427
ORD-3516,2024-04-21,South,Partner,406
ORD-3517,2024-04-01,East,Partner,521
ORD-3518,2024-04-16,East,Web,643
ORD-3519,2024-04-08,South,Web,446
ORD-3520,2024-04-08,South,Partner,485
ORD-3521,2024-04-15,West,Web,509
ORD-3522,2024-04-20,West,Retail,721
ORD-3523,2024-04-07,East,Web,518
ORD-3524,2024-04-01,West,Partner,375
ORD-3525,2024-04-09,North,Web,353
ORD-3526,2024-04-12,East,Partner,699
ORD-3527,2024-04-01,North,Partner,395
ORD-3528,2024-04-17,West,Web,614
ORD-3529,2024-04-20,North,Retail,387
ORD-3530,2024-04-08,South,Partner,494
ORD-3531,2024-04-12,East,Retail,504
ORD-3532,2024-04-19,North,Web,626
ORD-3533,2024-04-24,West,Retail,587
ORD-3534,2024-04-27,East,Web,472
ORD-3535,2024-04-26,West,Web,474
ORD-3536,2024-04-24,North,Partner,578
ORD-3537,2024-04-07,North,Partner,490
ORD-3538,2024-04-17,East,Partner,394
ORD-3539,2024-04-28,South,Partner,703
ORD-3540,2024-04-25,East,Web,455
ORD-3541,2024-04-21,North,Partner,573
ORD-3542,2024-04-22,East,Web,606
ORD-3543,2024-04-16,East,Partner,465
ORD-3544,2024-04-22,West,Partner,579
ORD-3545,2024-04-21,North,Retail,554
ORD-3546,2024-04-09,East,Retail,472
ORD-3547,2024-04-27,South,Partner,417
ORD-3548,2024-04-28,East,Web,589
ORD-3549,2024-04-06,West,Web,618
ORD-3550,2024-04-11,East,Web,628
ORD-3551,2024-04-15,North,Partner,382
ORD-3552,2024-04-23,East,Web,561
ORD-3553,2024-04-15,North,Partner,440
ORD-3554,2024-04-25,East,Retail,440
ORD-3555,2024-04-24,East,Web,580
ORD-3556,2024-04-25,North,Web,502
ORD-3557,2024-04-20,South,Web,466
ORD-3558,2024-04-21,North,Web,467
ORD-3559,2024-04-23,West,Retail,530
ORD-3560,2024-04-10,East,Partner,430
ORD-3561,2024-04-21,East,Web,348
ORD-3562,2024-04-14,East,Web,604
ORD-3563,2024-04-13,North,Retail,510
ORD-3564,2024-04-02,West,Web,475
ORD-3565,2024-04-06,East,Web,594
ORD-3566,2024-04-12,South,Retail,476
ORD-3567,2024-04-24,North,Retail,513
ORD-3568,2024-04-03,North,Web,279
ORD-3569,2024-04-22,South,Web,472
ORD-3570,2024-04-28,North,Web,611
ORD-3571,2024-04-23,West,Retail,382
ORD-3572,2024-04-21,East,Web,452
ORD-3573,2024-04-18,East,Retail,473
ORD-3574,2024-04-11,South,Web,667
ORD-3575,2024-04-27,North,Retail,485
ORD-3576,2024-04-23,South,Web,459
ORD-3577,2024-04-10,North,Partner,467
ORD-3578,2024-04-01,South,Web,565
ORD-3579,2024-04-01,East,Retail,516
ORD-3580,2024-04-20,South,Web,550
ORD-3581,2024-04-20,South,Web,471
ORD-3582,2024-04-22,North,Web,520
ORD-3583,2024-04-21,South,Retail,451
ORD-3584,2024-04-04,North,Partner,525
ORD-3585,2024-04-03,South,Partner,392
ORD-3586,2024-04-26,East,Partner,502
ORD-3587,2024-04-08,West,Partner,495
ORD-3588,2024-04-22,North,Retail,484
ORD-3589,2024-04-05,West,Partner,474
ORD-3590,2024-04-12,West,Retail,648
ORD-3591,2024-04-08,South,Retail,540
ORD-3592,2024-04-05,West,Web,470
ORD-3593,2024-04-27,West,Web,252
ORD-3594,2024-04-01,North,Web,442
ORD-3595,2024-04-08,North,Web,500
ORD-3596,2024-04-03,East,Retail,553
ORD-3597,2024-04-24,South,Partner,451
ORD-3598,2024-04-13,North,Web,467
ORD-3599,2024-04-02,East,Web,503
ORD-3600,2024-05-06,South,Web,665
ORD-3601,2024-05-18,East,Retail,480
ORD-3602,2024-05-01,North,Web,519
ORD-3603,2024-05-03,West,Web,631
ORD-3604,2024-05-21,East,Retail,422
ORD-3605,2024-05-19,North,Retail,441
ORD-3606,2024-05-15,East,Retail,515
ORD-3607,2024-05-11,South,Web,419
ORD-3608,2024-05-16,East,Partner,375
ORD-3609,2024-05-20,East,Web,408
ORD-3610,2024-05-08,North,Partner,543
ORD-3611,2024-05-14,East,Web,470
ORD-3612,2024-05-09,South,Retail,603
ORD-3613,2024-05-07,South,Web,530
ORD-3614,2024-05-07,North,Retail,480
ORD-3615,2024-05-04,South,Web,401
ORD-3616,2024-05-25,North,Web,361
ORD-3617,2024-05-08,North,Partner,646
ORD-3618,2024-05-10,South,Partner,567
ORD-3619,2024-05-02,South,Web,553
ORD-3620,2024-05-14,South,Partner,470
ORD-3621,2024-05-27,East,Retail,413
ORD-3622,2024-05-21,North,Web,588
ORD-3623,2024-05-19,South,Retail,595
ORD-3624,2024-05-09,East,Retail,679
ORD-3625,2024-05-25,North,Web,493
ORD-3626,2024-05-25,West,Partner,649
ORD-3627,2024-05-27,North,Retail,575
ORD-3628,2024-05-04,North,Web,491
ORD-3629,2024-05-04,West,Retail,480
ORD-3630,2024-05-26,East,Retail,483
ORD-3631,2024-05-05,North,Web,308
ORD-3632,2024-05-15,North,Partner,415
ORD-3633,2024-05-24,South,Partner,453
ORD-3634,2024-05-22,East,Retail,425
ORD-3635,2024-05-19,South,Web,548
ORD-3636,2024-05-02,East,Web,542
ORD-3637,2024-05-04,East,Retail,442
ORD-3638,2024-05-19,East,Retail,544
ORD-3639,2024-05-22,West,Partner,414
ORD-3640,2024-05-18,South,Web,530
ORD-3641,2024-05-27,East,Partner,399
ORD-3642,2024-05-08,East,Web,521
ORD-3643,2024-05-11,West,Partner,510
ORD-3644,2024-05-28,East,Partner,406
ORD-3645,2024-05-15,South,Web,298
ORD-3646,2024-05-03,East,Retail,555
ORD-3647,2024-05-19,East,Web,375
ORD-3648,2024-05-18,South,Retail,289
ORD-3649,2024-05-02,West,Web,535
ORD-3650,2024-05-15,South,Retail,392
ORD-3651,2024-05-14,East,Web,520
ORD-3652,2024-05-08,North,Partner,473
ORD-3653,2024-05-13,North,Web,440
ORD-3654,2024-05-06,South,Web,376
ORD-3655,2024-05-04,South,Partner,425
ORD-3656,2024-05-06,North,Retail,409
ORD-3657,2024-05-26,North,Retail,380
ORD-3658,2024-05-22,South,Retail,480
ORD-3659,2024-05-02,East,Retail,776
ORD-3660,2024-05-13,North,Retail,537
ORD-3661,2024-05-15,North,Partner,506
ORD-3662,2024-05-15,South,Web,614
ORD-3663,2024-05-12,East,Partner,410
ORD-3664,2024-05-23,North,Web,444
ORD-3665,2024-05-18,South,Web,501
ORD-3666,2024-05-19,North,Retail,494
ORD-3667,2024-05-22,East,Partner,518
ORD-3668,2024-05-08,East,Retail,486
ORD-3669,2024-05-26,North,Retail,368
ORD-3670,2024-05-06,West,Web,602
ORD-3671,2024-05-22,East,Web,474
ORD-3672,2024-05-18,South,Partner,423
ORD-3673,2024-05-20,North,Web,507
ORD-3674,2024-05-12,East,Web,506
ORD-3675,2024-05-22,East,Web,553
ORD-3676,2024-05-08,East,Partner,329
ORD-3677,2024-05-02,North,Web,420
ORD-3678,2024-05-16,West,Retail,493
ORD-3679,2024-05-11,North,Web,464
ORD-3680,2024-05-21,South,Partner,481
ORD-3681,2024-05-04,South,Retail,461
ORD-3682,2024-05-18,South,Web,703
ORD-3683,2024-05-03,East,Retail,628
ORD-3684,2024-05-19,South,Partner,462
ORD-3685,2024-05-25,West,Partner,737
ORD-3686,2024-05-20,North,Web,434
ORD-3687,2024-05-17,South,Web,487
ORD-3688,2024-05-25,South,Partner,556
ORD-3689,2024-05-09,North,Retail,532
ORD-3690,2024-05-04,West,Web,553
ORD-3691,2024-05-25,South,Partner,435
ORD-3692,2024-05-18,West,Web,549
ORD-3693,2024-05-12,West,Retail,485
ORD-3694,2024-05-26,North,Partner,298
ORD-3695,2024-05-21,West,Partner,522
ORD-3696,2024-05-04,South,Web,584
ORD-3697,2024-05-06,North,Retail,545
ORD-3698,2024-05-18,East,Web,451
ORD-3699,2024-05-14,East,Web,374
ORD-3700,2024-05-03,West,Web,267
ORD-3701,2024-05-13,South,Web,449
ORD-3702,2024-05-19,South,Partner,602
ORD-3703,2024-05-09,West,Partner,395
ORD-3704,2024-05-16,South,Web,629
ORD-3705,2024-05-05,South,Web,487
ORD-3706,2024-05-04,North,Web,300
ORD-3707,2024-05-09,South,Retail,476
ORD-3708,2024-05-26,North,Retail,519
ORD-3709,2024-05-04,North,Web,515
ORD-3710,2024-05-10,South,Retail,571
ORD-3711,2024-05-18,West,Partner,599
ORD-3712,2024-05-19,North,Web,407
ORD-3713,2024-05-21,West,Partner,520
ORD-3714,2024-05-18,East,Retail,364
ORD-3715,2024-05-19,East,Retail,522
ORD-3716,2024-05-09,North,Retail,627
ORD-3717,2024-05-23,East,Partner,529
ORD-3718,2024-05-24,East,Web,315
ORD-3719,2024-05-10,East,Retail,471
ORD-3720,2024-05-01,North,Partner,633
ORD-3721,2024-05-13,West,Web,365
ORD-3722,2024-05-15,North,Retail,566
ORD-3723,2024-05-17,North,Retail,340
ORD-3724,2024-05-09,West,Partner,570
ORD-3725,2024-05-13,West,Partner,510
ORD-3726,2024-05-26,North,Retail,557
ORD-3727,2024-05-22,South,Web,370
ORD-3728,2024-05-03,South,Retail,767
ORD-3729,2024-05-14,East,Web,407
ORD-3730,2024-05-19,East,Web,537
ORD-3731,2024-05-02,South,Retail,457
ORD-3732,2024-05-03,South,Partner,477
ORD-3733,2024-05-01,South,Partner,496
ORD-3734,2024-05-16,South,Web,517
ORD-3735,2024-05-05,North,Retail,409
ORD-3736,2024-05-20,North,Web,447
ORD-3737,2024-05-04,North,Retail,525
ORD-3738,2024-05-26,South,Web,484
ORD-3739,2024-05-24,North,Partner,350
ORD-3740,2024-05-10,North,Retail,479
ORD-3741,2024-05-20,South,Web,500
ORD-3742,2024-05-14,South,Web,734
ORD-3743,2024-05-15,North,Web,433
ORD-3744,2024-05-15,West,Retail,576
ORD-3745,2024-05-08,South,Web,364
ORD-3746,2024-05-21,West,Web,409
ORD-3747,2024-05-10,South,Retail,483
ORD-3748,2024-05-01,West,Retail,514
ORD-3749,2024-05-04,South,Retail,393
ORD-3750,2024-05-15,East,Partner,396
ORD-3751,2024-05-02,West,Retail,415
ORD-3752,2024-05-06,East,Partner,540
ORD-3753,2024-05-01,North,Partner,575
ORD-3754,2024-05-08,North,Web,513
ORD-3755,2024-05-13,North,Partner,493
ORD-3756,2024-05-18,North,Web,384
ORD-3757,2024-05-24,West,Web,519
ORD-3758,2024-05-10,West,Partner,467
ORD-3759,2024-05-03,West,Web,424
ORD-3760,2024-05-05,South,Web,551
ORD-3761,2024-05-18,West,Retail,480
ORD-3762,2024-05-25,South,Web,568
ORD-3763,2024-05-21,North,Web,518
ORD-3764,2024-05-07,South,Partner,619
ORD-3765,2024-05-24,West,Web,598
ORD-3766,2024-05-14,North,Partner,571
ORD-3767,2024-05-13,North,Web,468
ORD-3768,2024-05-17,West,Partner,515
ORD-3769,2024-05-19,South,Retail,482
ORD-3770,2024-05-26,East,Partner,525
ORD-3771,2024-05-13,East,Partner,597
ORD-3772,2024-05-04,South,Web,483
ORD-3773,2024-05-11,West,Web,334
ORD-3774,2024-05-07,North,Partner,538
ORD-3775,2024-05-05,South,Retail,496
ORD-3776,2024-05-19,South,Partner,486
ORD-3777,2024-05-22,East,Retail,337
ORD-3778,2024-05-20,East,Partner,537
ORD-3779,2024-05-10,North,Partner,501
ORD-3780,2024-05-13,South,Retail,491
ORD-3781,2024-05-24,North,Web,433
ORD-3782,2024-05-18,South,Web,521
ORD-3783,2024-05-15,West,Partner,428
ORD-3784,2024-05-18,South,Web,443
ORD-3785,2024-05-05,South,Partner,568
ORD-3786,2024-05-09,East,Web,319
ORD-3787,2024-05-17,South,Retail,544
ORD-3788,2024-05-21,South,Partner,536
ORD-3789,2024-05-02,West,Retail,502
ORD-3790,2024-05-03,West,Retail,480
ORD-3791,2024-05-16,West,Partner,471
ORD-3792,2024-05-08,North,Web,461
ORD-3793,2024-05-05,North,Partner,504
ORD-3794,2024-05-10,West,Retail,768
ORD-3795,2024-05-18,West,Retail,401
ORD-3796,2024-05-06,North,Partner,481
ORD-3797,2024-05-15,South,Partner,548
ORD-3798,2024-05-23,East,Web,551
ORD-3799,2024-05-28,North,Web,560
ORD-3800,2024-05-25,West,Web,382
ORD-3801,2024-05-12,West,Web,450
ORD-3802,2024-05-23,West,Web,491
ORD-3803,2024-05-19,West,Partner,488
ORD-3804,2024-05-07,East,Partner,396
ORD-3805,2024-05-16,South,Web,522
ORD-3806,2024-05-01,North,Web,647
ORD-3807,2024-05-18,South,Partner,567
ORD-3808,2024-05-19,East,Retail,462
ORD-3809,2024-05-01,West,Partner,389
ORD-3810,2024-05-25,North,Web,491
ORD-3811,2024-05-07,North,Web,484
ORD-3812,2024-05-08,South,Retail,444
ORD-3813,2024-05-10,North,Web,404
ORD-3814,2024-05-24,East,Partner,450
ORD-3815,2024-05-10,East,Partner,455
ORD-3816,2024-05-05,South,Web,607
ORD-3817,2024-05-11,West,Web,316
ORD-3818,2024-05-17,South,Retail,352
ORD-3819,2024-05-02,South,Web,584
ORD-3820,2024-05-19,East,Partner,373
ORD-3821,2024-05-09,West,Retail,752
ORD-3822,2024-05-19,South,Web,505
ORD-3823,2024-05-05,West,Web,457
ORD-3824,2024-05-14,East,Web,646
ORD-3825,2024-05-23,South,Web,380
ORD-3826,2024-05-08,South,Retail,498
ORD-3827,2024-05-14,East,Retail,662
ORD-3828,2024-05-26,South,Web,482
ORD-3829,2024-05-27,West,Web,450
ORD-3830,2024-05-13,South,Partner,593
ORD-3831,2024-05-27,South,Web,362
ORD-3832,2024-05-03,South,Retail,492
ORD-3833,2024-05-28,West,Web,510
ORD-3834,2024-05-25,North,Web,418
ORD-3835,2024-05-22,East,Retail,543
ORD-3836,2024-05-03,East,Retail,421
ORD-3837,2024-05-23,South,Partner,581
ORD-3838,2024-05-01,West,Partner,523
ORD-3839,2024-05-07,East,Retail,488
ORD-3840,2024-05-03,North,Retail,454
ORD-3841,2024-05-18,North,Retail,604
ORD-3842,2024-05-19,East,Partner,484
ORD-3843,2024-05-11,North,Partner,583
ORD-3844,2024-05-24,East,Retail,507
ORD-3845,2024-05-21,South,Web,450
ORD-3846,2024-05-03,North,Web,586
ORD-3847,2024-05-15,East,Web,484
ORD-3848,2024-05-25,South,Partner,516
ORD-3849,2024-05-02,North,Web,541
ORD-3850,2024-05-28,South,Web,410
ORD-3851,2024-05-20,East,Retail,656
ORD-3852,2024-05-27,North,Web,409
ORD-3853,2024-05-11,East,Retail,377
ORD-3854,2024-05-16,North,Web,555
ORD-3855,2024-05-10,North,Retail,381
ORD-3856,2024-05-07,West,Partner,340
ORD-3857,2024-05-07,North,Partner,520
ORD-3858,2024-05-14,North,Retail,307
ORD-3859,2024-05-18,North,Web,462
ORD-3860,2024-05-08,West,Web,557
ORD-3861,2024-05-12,East,Partner,394
ORD-3862,2024-05-20,North,Partner,356
ORD-3863,2024-05-11,North,Partner,524
ORD-3864,2024-05-16,South,Web,624
ORD-3865,2024-05-22,East,Web,616
ORD-3866,2024-05-20,West,Retail,458
ORD-3867,2024-05-03,North,Partner,458
ORD-3868,2024-05-04,South,Partner,552
ORD-3869,2024-05-08,East,Retail,466
ORD-3870,2024-05-04,West,Partner,545
ORD-3871,2024-05-28,East,Partner,505
ORD-3872,2024-05-05,North,Retail,451
ORD-3873,2024-05-17,West,Web,554
ORD-3874,2024-05-17,West,Web,467
ORD-3875,2024-05-13,East,Partner,597
ORD-3876,2024-05-22,South,Partner,466
ORD-3877,2024-05-25,East,Retail,590
ORD-3878,2024-05-27,East,Partner,457
ORD-3879,2024-05-22,North,Partner,477
ORD-3880,2024-05-03,East,Retail,544
ORD-3881,2024-05-07,East,Partner,571
ORD-3882,2024-05-21,East,Retail,445
ORD-3883,2024-05-24,South,Partner,525
ORD-3884,2024-05-12,West,Partner,469
ORD-3885,2024-05-07,North,Partner,467
ORD-3886,2024-05-15,West,Partner,621
ORD-3887,2024-05-19,West,Retail,499
ORD-3888,2024-05-21,South,Web,520
ORD-3889,2024-05-23,South,Retail,447
ORD-3890,2024-05-16,North,Web,514
ORD-3891,2024-05-05,South,Partner,404
ORD-3892,2024-05-05,North,Partner,472
ORD-3893,2024-05-26,East,Partner,442
ORD-3894,2024-05-15,East,Web,522
ORD-3895,2024-05-19,North,Web,487
ORD-3896,2024-05-14,South,Web,498
ORD-3897,2024-05-11,West,Retail,536
ORD-3898,2024-05-20,South,Partner,457
ORD-3899,2024-05-26,North,Retail,473
ORD-3900,2024-05-26,East,Web,508
ORD-3901,2024-05-04,South,Retail,456
ORD-3902,2024-05-21,West,Partner,566
ORD-3903,2024-05-11,South,Partner,478
ORD-3904,2024-05-05,North,Retail,662
ORD-3905,2024-05-25,South,Web,588
ORD-3906,2024-05-03,South,Partner,539
ORD-3907,2024-05-06,East,Partner,644
ORD-3908,2024-05-09,North,Web,378
ORD-3909,2024-05-22,North,Web,511
ORD-3910,2024-05-18,West,Retail,508
ORD-3911,2024-05-11,South,Partner,609
ORD-3912,2024-05-19,South,Partner,533
ORD-3913,2024-05-18,South,Partner,490
ORD-3914,2024-05-16,South,Partner,536
ORD-3915,2024-05-18,South,Partner,356
ORD-3916,2024-05-14,South,Web,449
ORD-3917,2024-05-09,North,Retail,505
ORD-3918,2024-05-28,West,Web,405
ORD-3919,2024-05-13,South,Retail,442
ORD-3920,2024-05-19,West,Retail,377
ORD-3921,2024-05-26,West,Partner,511
ORD-3922,2024-05-24,South,Retail,441
ORD-3923,2024-05-26,East,Web,487
ORD-3924,2024-05-20,East,Retail,498
ORD-3925,2024-05-19,South,Partner,464
ORD-3926,2024-05-02,South,Web,576
ORD-3927,2024-05-10,South,Partner,545
ORD-3928,2024-05-24,West,Web,429
ORD-3929,2024-05-15,West,Web,639
ORD-3930,2024-05-20,North,Partner,386
ORD-3931,2024-05-21,North,Retail,408
ORD-3932,2024-05-19,North,Partner,463
ORD-3933,2024-05-18,South,Retail,486
ORD-3934,2024-05-02,South,Partner,525
ORD-3935,2024-05-15,West,Web,556
ORD-3936,2024-05-13,West,Web,515
ORD-3937,2024-05-22,North,Retail,385
ORD-3938,2024-05-26,East,Partner,617
ORD-3939,2024-05-28,North,Retail,503
ORD-3940,2024-05-18,East,Web,285
ORD-3941,2024-05-08,North,Web,528
ORD-3942,2024-05-21,North,Web,340
ORD-3943,2024-05-17,West,Web,617
ORD-3944,2024-05-23,West,Retail,546
ORD-3945,2024-05-25,North,Retail,523
ORD-3946,2024-05-01,West,Web,584
ORD-3947,2024-05-21,East,Partner,479
ORD-3948,2024-05-02,South,Web,553
ORD-3949,2024-05-04,South,Partner,549
ORD-3950,2024-05-08,North,Partner,433
ORD-3951,2024-05-08,West,Retail,571
ORD-3952,2024-05-13,East,Partner,754
ORD-3953,2024-05-01,North,Web,585
ORD-3954,2024-05-23,West,Web,514
ORD-3955,2024-05-11,South,Web,385
ORD-3956,2024-05-19,West,Partner,380
ORD-3957,2024-05-25,West,Partner,697
ORD-3958,2024-05-03,North,Retail,519
ORD-3959,2024-05-27,West,Retail,656
ORD-3960,2024-05-01,East,Partner,655
ORD-3961,2024-05-21,East,Partner,493
ORD-3962,2024-05-16,West,Retail,501
ORD-3963,2024-05-05,West,Partner,554
ORD-3964,2024-05-10,North,Web,550
ORD-3965,2024-05-15,West,Web,355
ORD-3966,2024-05-26,North,Web,501
ORD-3967,2024-05-25,West,Retail,448
ORD-3968,2024-05-26,West,Retail,218
ORD-3969,2024-05-07,South,Partner,454
ORD-3970,2024-05-02,North,Web,446
ORD-3971,2024-05-05,West,Retail,508
ORD-3972,2024-05-11,East,Web,445
ORD-3973,2024-05-04,West,Retail,416
ORD-3974,2024-05-26,South,Retail,398
ORD-3975,2024-05-19,North,Web,607
ORD-3976,2024-05-24,North,Retail,535
ORD-3977,2024-05-27,West,Retail,297
ORD-3978,2024-05-17,North,Retail,569
ORD-3979,2024-05-20,North,Retail,568
ORD-3980,2024-05-28,East,Partner,520
ORD-3981,2024-05-04,West,Partner,527
ORD-3982,2024-05-09,South,Partner,602
ORD-3983,2024-05-26,South,Retail,553
ORD-3984,2024-05-17,South,Partner,666
ORD-3985,2024-05-03,West,Partner,390
ORD-3986,2024-05-05,North,Web,533
ORD-3987,2024-05-19,South,Partner,454
ORD-3988,2024-05-23,North,Retail,621
ORD-3989,2024-05-10,North,Retail,468
ORD-3990,2024-05-12,South,Web,362
ORD-3991,2024-05-19,South,Web,519
ORD-3992,2024-05-21,South,Web,561
ORD-3993,2024-05-03,East,Retail,470
ORD-3994,2024-05-01,East,Retail,486
ORD-3995,2024-05-07,South,Web,429
ORD-3996,2024-05-03,East,Web,673
ORD-3997,2024-05-18,East,Partner,404
ORD-3998,2024-05-10,East,Web,447
ORD-3999,2024-05-22,East,Web,495
ORD-4000,2024-05-28,West,Retail,326
ORD-4001,2024-05-03,North,Web,502
ORD-4002,2024-05-12,North,Partner,530
ORD-4003,2024-05-16,East,Retail,528
ORD-4004,2024-05-18,South,Web,499
ORD-4005,2024-05-01,West,Web,493
ORD-4006,2024-05-14,East,Retail,580
ORD-4007,2024-05-19,South,Retail,463
ORD-4008,2024-05-26,West,Retail,625
ORD-4009,2024-05-06,West,Partner,487
ORD-4010,2024-05-09,North,Retail,555
ORD-4011,2024-05-12,East,Partner,490
ORD-4012,2024-05-06,West,Partner,533
ORD-4013,2024-05-08,North,Partner,717
ORD-4014,2024-05-12,East,Retail,384
ORD-4015,2024-05-05,West,Partner,365
ORD-4016,2024-05-20,West,Web,370
ORD-4017,2024-05-06,South,Partner,445
ORD-4018,2024-05-03,North,Web,483
ORD-4019,2024-05-24,South,Retail,577
ORD-4020,2024-05-16,North,Retail,310
ORD-4021,2024-05-15,West,Web,649
ORD-4022,2024-05-20,North,Web,494
ORD-4023,2024-05-26,South,Web,461
ORD-4024,2024-05-04,East,Web,419
ORD-4025,2024-05-09,South,Partner,529
ORD-4026,2024-05-12,North,Retail,545
ORD-4027,2024-05-20,South,Partner,613
ORD-4028,2024-05-16,North,Retail,682
ORD-4029,2024-05-23,East,Retail,440
ORD-4030,2024-05-17,North,Partner,510
ORD-4031,2024-05-27,East,Retail,504
ORD-4032,2024-05-05,East,Retail,405
ORD-4033,2024-05-21,East,Web,455
ORD-4034,2024-05-03,East,Partner,486
ORD-4035,2024-05-03,East,Partner,524
ORD-4036,2024-05-28,East,Retail,482
ORD-4037,2024-05-23,North,Partner,421
ORD-4038,2024-05-12,East,Web,487
ORD-4039,2024-05-25,North,Retail,616
ORD-4040,2024-05-13,North,Web,741
ORD-4041,2024-05-18,South,Retail,577
ORD-4042,2024-05-20,East,Retail,673
ORD-4043,2024-05-07,East,Retail,589
ORD-4044,2024-05-16,North,Partner,514
ORD-4045,2024-05-12,West,Partner,518
ORD-4046,2024-05-08,West,Web,513
ORD-4047,2024-05-17,South,Partner,426
ORD-4048,2024-05-16,West,Partner,665
ORD-4049,2024-05-12,South,Partner,597
ORD-4050,2024-05-14,North,Retail,226
ORD-4051,2024-05-25,North,Web,552
ORD-4052,2024-05-18,South,Retail,581
ORD-4053,2024-05-16,East,Retail,569
ORD-4054,2024-05-09,West,Web,481
ORD-4055,2024-05-20,North,Partner,614
ORD-4056,2024-05-11,East,Web,545
ORD-4057,2024-05-16,East,Web,558
ORD-4058,2024-05-18,West,Partner,325
ORD-4059,2024-05-03,East,Web,440
ORD-4060,2024-05-04,South,Partner,379
ORD-4061,2024-05-04,North,Web,571
ORD-4062,2024-05-20,North,Retail,485
ORD-4063,2024-05-24,South,Web,634
ORD-4064,2024-05-05,North,Partner,526
ORD-4065,2024-05-14,East,Web,503
ORD-4066,2024-05-26,West,Web,457
ORD-4067,2024-05-06,South,Partner,448
ORD-4068,2024-05-11,North,Web,462
ORD-4069,2024-05-24,East,Retail,567
ORD-4070,2024-05-26,North,Partner,435
ORD-4071,2024-05-27,North,Web,433
ORD-4072,2024-05-03,West,Retail,357
ORD-4073,2024-05-03,South,Web,507
ORD-4074,2024-05-16,North,Partner,393
ORD-4075,2024-05-02,North,Web,520
ORD-4076,2024-05-13,North,Web,423
ORD-4077,2024-05-04,South,Web,558
ORD-4078,2024-05-11,South,Partner,485
ORD-4079,2024-05-01,East,Retail,525
ORD-4080,2024-05-12,North,Web,518
ORD-4081,2024-05-15,North,Web,466
ORD-4082,2024-05-20,West,Web,324
ORD-4083,2024-05-02,East,Retail,579
ORD-4084,2024-05-07,West,Retail,497
ORD-4085,2024-05-23,West,Partner,450
ORD-4086,2024-05-01,West,Partner,428
ORD-4087,2024-05-22,North,Retail,391
ORD-4088,2024-05-19,South,Partner,439
ORD-4089,2024-05-11,South,Partner,545
ORD-4090,2024-05-16,North,Retail,424
ORD-4091,2024-05-05,North,Retail,351
ORD-4092,2024-05-19,East,Retail,476
ORD-4093,2024-05-01,North,Partner,525
ORD-4094,2024-05-10,North,Retail,411
ORD-4095,2024-05-23,East,Retail,484
ORD-4096,2024-05-16,South,Web,454
ORD-4097,2024-05-19,South,Retail,348
ORD-4098,2024-05-24,East,Partner,484
ORD-4099,2024-05-11,North,Web,594
ORD-4100,2024-05-13,West,Web,583
ORD-4101,2024-05-09,East,Partner,456
ORD-4102,2024-05-08,North,Retail,742
ORD-4103,2024-05-09,East,Partner,386
ORD-4104,2024-05-08,West,Web,648
ORD-4105,2024-05-11,East,Web,409
ORD-4106,2024-05-14,West,Retail,686
ORD-4107,2024-05-19,South,Web,403
ORD-4108,2024-05-07,East,Web,615
ORD-4109,2024-05-20,South,Retail,598
ORD-4110,2024-05-17,East,Partner,511
ORD-4111,2024-05-03,West,Web,459
ORD-4112,2024-05-27,West,Partner,579
ORD-4113,2024-05-27,West,Web,501
ORD-4114,2024-05-23,East,Web,534
ORD-4115,2024-05-13,South,Web,438
ORD-4116,2024-05-22,South,Partner,486
ORD-4117,2024-05-08,East,Partner,473
ORD-4118,2024-05-09,West,Partner,433
ORD-4119,2024-05-01,West,Partner,447
ORD-4120,2024-05-07,North,Retail,594
ORD-4121,2024-05-03,South,Partner,489
ORD-4122,2024-05-09,West,Partner,527
ORD-4123,2024-05-19,West,Retail,629
ORD-4124,2024-05-07,East,Retail,458
ORD-4125,2024-05-16,West,Web,377
ORD-4126,2024-05-17,North,Web,558
ORD-4127,2024-05-22,West,Retail,503
ORD-4128,2024-05-24,South,Web,724
ORD-4129,2024-05-24,East,Retail,532
ORD-4130,2024-05-17,West,Retail,475
ORD-4131,2024-05-07,South,Retail,588
ORD-4132,2024-05-01,West,Web,465
ORD-4133,2024-05-08,West,Retail,399
ORD-4134,2024-05-19,South,Partner,596
ORD-4135,2024-05-25,South,Partner,514
ORD-4136,2024-05-10,East,Web,445
ORD-4137,2024-05-27,East,Retail,661
ORD-4138,2024-05-26,East,Web,492
ORD-4139,2024-05-25,North,Retail,483
ORD-4140,2024-05-20,North,Web,640
ORD-4141,2024-05-22,South,Retail,498
ORD-4142,2024-05-10,South,Retail,530
ORD-4143,2024-05-05,South,Web,628
ORD-4144,2024-05-15,South,Web,557
ORD-4145,2024-05-09,East,Retail,455
ORD-4146,2024-05-28,West,Web,665
ORD-4147,2024-05-03,East,Web,717
ORD-4148,2024-05-19,North,Partner,580
ORD-4149,2024-05-21,East,Web,401
ORD-4150,2024-05-16,West,Retail,545
ORD-4151,2024-05-09,North,Web,524
ORD-4152,2024-05-19,South,Retail,580
ORD-4153,2024-05-19,West,Retail,525
ORD-4154,2024-05-11,North,Web,463
ORD-4155,2024-05-04,South,Retail,509
ORD-4156,2024-05-04,West,Web,188
ORD-4157,2024-05-28,East,Retail,481
ORD-4158,2024-05-22,East,Retail,416
ORD-4159,2024-05-17,West,Web,409
ORD-4160,2024-05-22,West,Web,483
ORD-4161,2024-05-15,East,Web,540
ORD-4162,2024-05-12,West,Retail,421
ORD-4163,2024-05-09,West,Web,572
ORD-4164,2024-05-05,South,Web,582
ORD-4165,2024-05-10,East,Web,463
ORD-4166,2024-05-09,North,Web,459
ORD-4167,2024-05-23,North,Web,365
ORD-4168,2024-05-01,West,Retail,570
ORD-4169,2024-05-11,East,Retail,525
ORD-4170,2024-05-04,East,Retail,499
ORD-4171,2024-05-15,North,Partner,614
ORD-4172,2024-05-14,West,Partner,573
ORD-4173,2024-05-28,North,Partner,522
ORD-4174,2024-05-10,East,Retail,591
ORD-4175,2024-05-05,West,Retail,523
ORD-4176,2024-05-24,North,Retail,547
ORD-4177,2024-05-15,South,Partner,403
ORD-4178,2024-05-24,North,Retail,661
ORD-4179,2024-05-17,North,Web,510
ORD-4180,2024-05-21,North,Web,511
ORD-4181,2024-05-06,West,Partner,614
ORD-4182,2024-05-02,South,Web,337
ORD-4183,2024-05-24,South,Partner,504
ORD-4184,2024-05-14,North,Web,607
ORD-4185,2024-05-28,South,Web,682
ORD-4186,2024-05-06,South,Partner,417
ORD-4187,2024-05-13,South,Retail,360
ORD-4188,2024-05-27,East,Web,542
ORD-4189,2024-05-12,West,Partner,675
ORD-4190,2024-05-12,East,Partner,552
ORD-4191,2024-05-23,South,Web,662
ORD-4192,2024-05-26,East,Partner,622
ORD-4193,2024-05-09,North,Partner,408
ORD-4194,2024-05-07,South,Partner,503
ORD-4195,2024-05-18,North,Web,277
ORD-4196,2024-05-09,West,Web,536
ORD-4197,2024-05-10,South,Retail,496
ORD-4198,2024-05-20,North,Retail,422
ORD-4199,2024-05-01,South,Retail,457
ORD-4200,2024-05-19,South,Retail,495
ORD-4201,2024-05-25,North,Retail,372
ORD-4202,2024-05-24,East,Retail,538
ORD-4203,2024-05-16,West,Web,402
ORD-4204,2024-05-11,East,Retail,518
ORD-4205,2024-05-19,North,Web,435
ORD-4206,2024-05-18,North,Web,281
ORD-4207,2024-05-12,East,Partner,588
ORD-4208,2024-05-11,West,Retail,543
ORD-4209,2024-05-28,North,Web,456
ORD-4210,2024-05-27,West,Web,577
ORD-4211,2024-05-15,East,Retail,471
ORD-4212,2024-05-26,East,Retail,566
ORD-4213,2024-05-28,South,Retail,605
ORD-4214,2024-05-20,West,Partner,502
ORD-4215,2024-05-12,West,Web,586
ORD-4216,2024-05-09,East,Partner,562
ORD-4217,2024-05-26,North,Web,450
ORD-4218,2024-05-24,East,Web,548
ORD-4219,2024-05-13,South,Partner,697
ORD-4220,2024-05-27,South,Web,412
ORD-4221,2024-05-05,North,Web,671
ORD-4222,2024-05-09,South,Partner,545
ORD-4223,2024-05-25,East,Partner,629
ORD-4224,2024-05-18,East,Retail,642
ORD-4225,2024-05-03,East,Web,517
ORD-4226,2024-05-19,South,Retail,417
ORD-4227,2024-05-06,South,Web,345
ORD-4228,2024-05-04,East,Partner,432
ORD-4229,2024-05-04,East,Retail,331
ORD-4230,2024-05-02,West,Retail,592
ORD-4231,2024-05-21,East,Partner,559
ORD-4232,2024-05-11,East,Web,472
ORD-4233,2024-05-23,East,Partner,482
ORD-4234,2024-05-20,West,Partner,578
ORD-4235,2024-05-09,South,Retail,444
ORD-4236,2024-05-09,East,Web,508
ORD-4237,2024-05-20,South,Web,496
ORD-4238,2024-05-13,East,Retail,506
ORD-4239,2024-05-13,North,Retail,475
ORD-4240,2024-05-26,South,Retail,529
ORD-4241,2024-05-15,West,Partner,363
ORD-4242,2024-05-19,East,Retail,500
ORD-4243,2024-05-03,West,Web,456
ORD-4244,2024-05-14,North,Partner,525
ORD-4245,2024-05-12,West,Web,328
ORD-4246,2024-05-23,West,Web,441
ORD-4247,2024-05-04,West,Partner,502
ORD-4248,2024-05-07,North,Partner,552
ORD-4249,2024-05-13,South,Partner,611
ORD-4250,2024-05-27,West,Partner,438
ORD-4251,2024-05-13,East,Web,612
ORD-4252,2024-05-07,South,Web,546
ORD-4253,2024-05-19,East,Retail,445
ORD-4254,2024-05-09,South,Web,424
ORD-4255,2024-05-09,North,Web,526
ORD-4256,2024-05-19,North,Retail,562
ORD-4257,2024-05-16,East,Retail,421
ORD-4258,2024-05-02,North,Retail,559
ORD-4259,2024-05-03,East,Web,489
ORD-4260,2024-05-17,East,Partner,487
ORD-4261,2024-05-16,West,Retail,621
ORD-4262,2024-05-11,North,Partner,470
ORD-4263,2024-05-12,East,Partner,337
ORD-4264,2024-05-05,North,Retail,445
ORD-4265,2024-05-28,West,Retail,603
ORD-4266,2024-05-03,South,Partner,510
ORD-4267,2024-05-09,East,Web,524
ORD-4268,2024-05-09,East,Retail,427
ORD-4269,2024-05-17,North,Retail,659
ORD-4270,2024-05-20,North,Partner,536
ORD-4271,2024-05-07,East,Partner,449
ORD-4272,2024-05-12,North,Partner,490
ORD-4273,2024-05-23,North,Web,487
ORD-4274,2024-05-15,West,Retail,378
ORD-4275,2024-05-01,South,Retail,712
ORD-4276,2024-05-09,West,Partner,530
ORD-4277,2024-05-12,East,Retail,585
ORD-4278,2024-05-09,East,Retail,501
ORD-4279,2024-05-10,West,Web,493
ORD-4280,2024-05-28,East,Web,530
ORD-4281,2024-05-11,North,Web,613
ORD-4282,2024-05-23,South,Partner,386
ORD-4283,2024-05-09,North,Web,490
ORD-4284,2024-05-18,East,Retail,468
ORD-4285,2024-05-19,South,Web,403
ORD-4286,2024-05-05,North,Web,590
ORD-4287,2024-05-15,East,Retail,471
ORD-4288,2024-05-13,North,Partner,481
ORD-4289,2024-05-08,East,Retail,354
ORD-4290,2024-05-06,West,Retail,589
ORD-4291,2024-05-26,North,Web,522
ORD-4292,2024-05-11,North,Retail,479
ORD-4293,2024-05-21,South,Partner,462
ORD-4294,2024-05-04,South,Web,482
ORD-4295,2024-05-23,South,Retail,398
ORD-4296,2024-05-09,West,Retail,796
ORD-4297,2024-05-13,West,Partner,622
ORD-4298,2024-05-12,North,Web,456
ORD-4299,2024-05-15,East,Partner,398
ORD-4300,2024-05-24,West,Web,497
ORD-4301,2024-05-25,South,Web,447
ORD-4302,2024-05-14,North,Web,443
ORD-4303,2024-05-16,North,Partner,588
ORD-4304,2024-05-02,West,Retail,371
ORD-4305,2024-05-06,North,Web,520
ORD-4306,2024-05-14,North,Retail,301
ORD-4307,2024-05-21,South,Retail,479
ORD-4308,2024-05-28,South,Web,428
ORD-4309,2024-05-11,West,Partner,628
ORD-4310,2024-05-11,East,Partner,525
ORD-4311,2024-05-22,West,Partner,582
ORD-4312,2024-05-15,South,Web,617
ORD-4313,2024-05-05,East,Partner,422
ORD-4314,2024-05-21,North,Web,426
ORD-4315,2024-05-19,West,Retail,507
ORD-4316,2024-05-25,South,Partner,442
ORD-4317,2024-05-28,South,Retail,512
ORD-4318,2024-05-18,East,Partner,460
ORD-4319,2024-05-20,North,Web,503
ORD-4320,2024-05-21,East,Retail,518
ORD-4321,2024-05-27,West,Retail,351
ORD-4322,2024-05-18,East,Web,522
ORD-4323,2024-05-26,North,Retail,350
ORD-4324,2024-05-24,East,Web,429
ORD-4325,2024-05-17,South,Partner,457
ORD-4326,2024-05-20,North,Retail,377
ORD-4327,2024-05-19,South,Partner,571
ORD-4328,2024-05-25,West,Partner,563
ORD-4329,2024-05-20,South,Web,583
ORD-4330,2024-05-20,West,Partner,554
ORD-4331,2024-05-01,North,Web,375
ORD-4332,2024-05-25,North,Partner,482
ORD-4333,2024-05-20,West,Retail,464
ORD-4334,2024-05-28,North,Partner,400
ORD-4335,2024-05-13,East,Web,545
ORD-4336,2024-05-23,South,Retail,381
ORD-4337,2024-05-11,North,Partner,385
ORD-4338,2024-05-16,South,Web,453
ORD-4339,2024-05-07,West,Retail,581
ORD-4340,2024-05-17,West,Partner,496
ORD-4341,2024-05-16,North,Partner,465
ORD-4342,2024-05-05,West,Web,439
ORD-4343,2024-05-23,West,Web,443
ORD-4344,2024-05-19,South,Partner,326
ORD-4345,2024-05-11,East,Partner,473
ORD-4346,2024-05-22,South,Web,412
ORD-4347,2024-05-27,West,Partner,681
ORD-4348,2024-05-15,North,Web,433
ORD-4349,2024-05-23,East,Web,381
ORD-4350,2024-05-03,East,Partner,532
ORD-4351,2024-05-23,South,Partner,504
ORD-4352,2024-05-19,North,Retail,501
ORD-4353,2024-05-27,West,Web,471
ORD-4354,2024-05-08,West,Partner,500
ORD-4355,2024-05-19,South,Retail,612
ORD-4356,2024-05-04,East,Retail,454
ORD-4357,2024-05-12,East,Web,501
ORD-4358,2024-05-20,West,Partner,486
ORD-4359,2024-05-23,South,Web,760
ORD-4360,2024-05-16,West,Web,622
ORD-4361,2024-05-22,North,Web,446
ORD-4362,2024-05-17,South,Partner,704
ORD-4363,2024-05-28,West,Web,516
ORD-4364,2024-05-26,West,Partner,615
ORD-4365,2024-05-27,North,Partner,402
ORD-4366,2024-05-15,West,Web,592
ORD-4367,2024-05-21,South,Partner,490
ORD-4368,2024-05-02,South,Partner,450
ORD-4369,2024-05-06,West,Partner,564
ORD-4370,2024-05-21,North,Partner,388
ORD-4371,2024-05-13,East,Web,543
ORD-4372,2024-05-27,North,Retail,463
ORD-4373,2024-05-17,South,Web,548
ORD-4374,2024-05-02,West,Partner,428
ORD-4375,2024-05-04,North,Retail,393
ORD-4376,2024-05-15,South,Partner,534
ORD-4377,2024-05-08,West,Retail,473
ORD-4378,2024-05-07,South,Retail,427
ORD-4379,2024-05-14,East,Retail,439
ORD-4380,2024-05-28,West,Partner,479
ORD-4381,2024-05-20,North,Retail,532
ORD-4382,2024-05-14,West,Partner,362
ORD-4383,2024-05-20,East,Retail,477
ORD-4384,2024-05-24,East,Partner,400
ORD-4385,2024-05-21,East,Retail,473
ORD-4386,2024-05-02,North,Retail,532
ORD-4387,2024-05-17,North,Partner,509
ORD-4388,2024-05-08,South,Web,630
ORD-4389,2024-05-04,North,Partner,392
ORD-4390,2024-05-17,North,Partner,588
ORD-4391,2024-05-10,South,Retail,614
ORD-4392,2024-05-19,East,Partner,528
ORD-4393,2024-05-25,West,Retail,412
ORD-4394,2024-05-13,East,Retail,458
ORD-4395,2024-05-16,South,Web,572
ORD-4396,2024-05-09,West,Web,403
ORD-4397,2024-05-10,South,Partner,418
ORD-4398,2024-05-15,South,Web,457
ORD-4399,2024-05-20,South,Web,521
ORD-4400,2024-05-09,South,Partner,446
ORD-4401,2024-05-21,West,Web,419
ORD-4402,2024-05-08,East,Web,639
ORD-4403,2024-05-20,South,Web,524
ORD-4404,2024-05-27,South,Partner,600
ORD-4405,2024-05-20,West,Partner,456
ORD-4406,2024-05-10,East,Web,336
ORD-4407,2024-05-22,South,Partner,593
ORD-4408,2024-05-21,East,Retail,677
ORD-4409,2024-05-18,South,Partner,484
ORD-4410,2024-05-26,East,Web,562
ORD-4411,2024-05-16,North,Partner,444
ORD-4412,2024-05-25,South,Partner,483
ORD-4413,2024-05-14,West,Retail,517
ORD-4414,2024-05-15,West,Retail,793
ORD-4415,2024-05-14,East,Web,593
ORD-4416,2024-05-04,South,Retail,504
ORD-4417,2024-05-08,West,Web,487
ORD-4418,2024-05-21,West,Retail,572
ORD-4419,2024-05-08,West,Web,568
ORD-4420,2024-05-12,West,Web,519
ORD-4421,2024-05-15,South,Partner,478
ORD-4422,2024-05-14,West,Retail,493
ORD-4423,2024-05-22,North,Partner,478
ORD-4424,2024-05-07,West,Partner,480
ORD-4425,2024-05-22,West,Web,434
ORD-4426,2024-05-07,West,Partner,471
ORD-4427,2024-05-27,West,Web,488
ORD-4428,2024-05-19,West,Retail,418
ORD-4429,2024-05-24,North,Web,291
ORD-4430,2024-05-10,South,Partner,471
ORD-4431,2024-05-15,West,Partner,621
ORD-4432,2024-05-14,East,Retail,675
ORD-4433,2024-05-26,East,Partner,386
ORD-4434,2024-05-18,North,Web,368
ORD-4435,2024-05-07,North,Partner,474
ORD-4436,2024-05-28,West,Retail,341
ORD-4437,2024-05-18,West,Partner,482
ORD-4438,2024-05-20,South,Partner,424
ORD-4439,2024-05-10,West,Web,473
ORD-4440,2024-05-14,South,Web,569
ORD-4441,2024-05-03,North,Web,424
ORD-4442,2024-05-28,East,Web,678
ORD-4443,2024-05-17,North,Retail,464
ORD-4444,2024-05-12,East,Partner,451
ORD-4445,2024-05-07,South,Retail,335
ORD-4446,2024-05-07,East,Web,287
ORD-4447,2024-05-17,South,Retail,322
ORD-4448,2024-05-05,South,Retail,615
ORD-4449,2024-05-18,West,Web,647
ORD-4450,2024-05-13,West,Partner,692
ORD-4451,2024-05-13,North,Web,404
ORD-4452,2024-05-19,East,Partner,477
ORD-4453,2024-05-18,East,Partner,461
ORD-4454,2024-05-12,West,Retail,566
ORD-4455,2024-05-22,East,Retail,569
ORD-4456,2024-05-22,North,Web,562
ORD-4457,2024-05-11,North,Web,453
ORD-4458,2024-05-10,South,Web,458
ORD-4459,2024-05-23,West,Retail,532
ORD-4460,2024-05-20,South,Web,487
ORD-4461,2024-05-23,South,Retail,391
ORD-4462,2024-05-02,East,Partner,447
ORD-4463,2024-05-26,East,Retail,436
ORD-4464,2024-05-09,North,Partner,425
ORD-4465,2024-05-19,East,Retail,558
ORD-4466,2024-05-12,East,Web,551
ORD-4467,2024-05-23,East,Partner,464
ORD-4468,2024-05-01,North,Retail,577
ORD-4469,2024-05-12,East,Web,607
ORD-4470,2024-05-14,East,Web,429
ORD-4471,2024-05-08,East,Web,489
ORD-4472,2024-05-07,West,Retail,498
ORD-4473,2024-05-18,West,Retail,492
ORD-4474,2024-05-24,South,Web,615
ORD-4475,2024-05-21,West,Partner,490
ORD-4476,2024-05-14,East,Retail,375
ORD-4477,2024-05-08,West,Retail,441
ORD-4478,2024-05-23,South,Web,564
ORD-4479,2024-05-16,East,Partner,527
ORD-4480,2024-05-26,East,Web,496
ORD-4481,2024-05-07,South,Web,389
ORD-4482,2024-05-11,North,Retail,543
ORD-4483,2024-05-17,East,Partner,525
ORD-4484,2024-05-23,West,Retail,429
ORD-4485,2024-05-17,South,Partner,410
ORD-4486,2024-05-22,North,Retail,380
ORD-4487,2024-05-20,West,Retail,558
ORD-4488,2024-05-15,East,Partner,405
ORD-4489,2024-05-10,West,Web,520
ORD-4490,2024-05-25,North,Partner,564
ORD-4491,2024-05-16,West,Web,391
ORD-4492,2024-05-10,East,Partner,451
ORD-4493,2024-05-09,North,Web,496
ORD-4494,2024-05-15,South,Retail,515
ORD-4495,2024-05-26,West,Partner,524
ORD-4496,2024-05-26,East,Partner,359
ORD-4497,2024-05-11,East,Retail,491
ORD-4498,2024-05-14,West,Retail,625
ORD-4499,2024-05-04,West,Retail,397
ORD-4500,2024-06-07,West,Retail,447
ORD-4501,2024-06-19,South,Partner,406
ORD-4502,2024-06-04,West,Partner,445
ORD-4503,2024-06-08,East,Web,597
ORD-4504,2024-06-27,East,Partner,553
ORD-4505,2024-06-13,South,Web,613
ORD-4506,2024-06-11,East,Partner,590
ORD-4507,2024-06-21,North,Partner,610
ORD-4508,2024-06-21,East,Retail,384
ORD-4509,2024-06-04,North,Retail,553
ORD-4510,2024-06-01,East,Partner,404
ORD-4511,2024-06-02,West,Partner,440
ORD-4512,2024-06-13,East,Web,510
ORD-4513,2024-06-13,West,Partner,578
ORD-4514,2024-06-04,East,Web,586
ORD-4515,2024-06-02,East,Retail,455
ORD-4516,2024-06-07,West,Web,343
ORD-4517,2024-06-26,East,Web,560
ORD-4518,2024-06-01,North,Partner,478
ORD-4519,2024-06-08,North,Partner,416
ORD-4520,2024-06-04,North,Retail,518
ORD-4521,2024-06-28,East,Web,518
ORD-4522,2024-06-12,East,Retail,568
ORD-4523,2024-06-05,North,Web,381
ORD-4524,2024-06-12,North,Web,449
ORD-4525,2024-06-01,South,Web,509
ORD-4526,2024-06-23,North,Retail,526
ORD-4527,2024-06-23,West,Retail,576
ORD-4528,2024-06-18,East,Web,635
ORD-4529,2024-06-19,East,Partner,414
ORD-4530,2024-06-01,North,Web,426
ORD-4531,2024-06-12,South,Web,300
ORD-4532,2024-06-22,North,Retail,434
ORD-4533,2024-06-03,East,Retail,550
ORD-4534,2024-06-06,West,Retail,512
ORD-4535,2024-06-21,East,Partner,612
ORD-4536,2024-06-19,West,Partner,471
ORD-4537,2024-06-14,West,Partner,369
ORD-4538,2024-06-16,North,Retail,431
ORD-4539,2024-06-02,West,Retail,458
ORD-4540,2024-06-16,South,Web,551
ORD-4541,2024-06-15,West,Retail,404
ORD-4542,2024-06-11,South,Partner,529
ORD-4543,2024-06-09,East,Partner,502
ORD-4544,2024-06-22,West,Retail,463
ORD-4545,2024-06-18,West,Retail,603
ORD-4546,2024-06-25,South,Web,545
ORD-4547,2024-06-24,North,Retail,450
ORD-4548,2024-06-27,East,Retail,532
ORD-4549,2024-06-01,North,Web,572
ORD-4550,2024-06-09,West,Partner,555
ORD-4551,2024-06-15,South,Web,348
ORD-4552,2024-06-02,South,Retail,427
ORD-4553,2024-06-15,West,Partner,576
ORD-4554,2024-06-03,South,Web,505
ORD-4555,2024-06-21,South,Web,503
ORD-4556,2024-06-05,North,Partner,512
ORD-4557,2024-06-13,East,Partner,419
ORD-4558,2024-06-03,East,Retail,480
ORD-4559,2024-06-24,South,Web,618
ORD-4560,2024-06-03,West,Retail,327
ORD-4561,2024-06-15,North,Retail,514
ORD-4562,2024-06-11,East,Web,529
ORD-4563,2024-06-01,South,Web,563
ORD-4564,2024-06-02,South,Retail,540
ORD-4565,2024-06-23,West,Retail,347
ORD-4566,2024-06-28,North,Web,359
ORD-4567,2024-06-22,South,Web,436
ORD-4568,2024-06-17,West,Retail,420
ORD-4569,2024-06-07,North,Retail,449
ORD-4570,2024-06-07,North,Retail,263
ORD-4571,2024-06-02,East,Web,614
ORD-4572,2024-06-03,North,Retail,619
ORD-4573,2024-06-24,North,Retail,506
ORD-4574,2024-06-07,North,Retail,504
ORD-4575,2024-06-17,West,Web,497
ORD-4576,2024-06-15,West,Web,589
ORD-4577,2024-06-08,East,Web,429
ORD-4578,2024-06-26,East,Web,476
ORD-4579,2024-06-01,South,Retail,469
ORD-4580,2024-06-08,North,Web,416
ORD-4581,2024-06-02,North,Web,454
ORD-4582,2024-06-17,North,Web,586
ORD-4583,2024-06-02,South,Retail,653
ORD-4584,2024-06-05,East,Partner,639
ORD-4585,2024-06-12,West,Partner,470
ORD-4586,2024-06-24,West,Partner,535
ORD-4587,2024-06-19,East,Web,426
ORD-4588,2024-06-24,West,Web,487
ORD-4589,2024-06-19,North,Retail,556
ORD-4590,2024-06-11,West,Partner,484
ORD-4591,2024-06-28,East,Partner,573
ORD-4592,2024-06-09,South,Retail,445
ORD-4593,2024-06-19,East,Web,635
ORD-4594,2024-06-13,East,Web,726
ORD-4595,2024-06-11,West,Web,451
ORD-4596,2024-06-23,South,Web,540
ORD-4597,2024-06-06,West,Retail,463
ORD-4598,2024-06-25,East,Retail,618
ORD-4599,2024-06-09,North,Retail,508
ORD-4600,2024-06-13,South,Partner,469
ORD-4601,2024-06-05,East,Partner,468
ORD-4602,2024-06-23,South,Web,296
ORD-4603,2024-06-13,South,Partner,539
ORD-4604,2024-06-07,South,Web,381
ORD-4605,2024-06-28,West,Retail,577
ORD-4606,2024-06-17,South,Retail,577
ORD-4607,2024-06-14,North,Partner,366
ORD-4608,2024-06-24,West,Partner,326
ORD-4609,2024-06-04,East,Web,537
ORD-4610,2024-06-06,East,Web,418
ORD-4611,2024-06-08,South,Partner,645
ORD-4612,2024-06-18,South,Partner,421
ORD-4613,2024-06-01,North,Partner,488
ORD-4614,2024-06-03,West,Retail,548
ORD-4615,2024-06-12,South,Partner,664
ORD-4616,2024-06-28,West,Partner,478
ORD-4617,2024-06-26,South,Retail,372
ORD-4618,2024-06-22,North,Web,528
ORD-4619,2024-06-21,South,Web,455
ORD-4620,2024-06-15,North,Web,536
ORD-4621,2024-06-14,North,Partner,518
ORD-4622,2024-06-04,South,Web,547
ORD-4623,2024-06-24,West,Partner,587
ORD-4624,2024-06-24,East,Web,612
ORD-4625,2024-06-18,East,Partner,685
ORD-4626,2024-06-10,West,Retail,371
ORD-4627,2024-06-25,West,Partner,455
ORD-4628,2024-06-17,East,Retail,403
ORD-4629,2024-06-01,West,Retail,419
ORD-4630,2024-06-05,North,Web,397
ORD-4631,2024-06-24,South,Partner,515
ORD-4632,2024-06-05,West,Retail,459
ORD-4633,2024-06-10,South,Retail,473
ORD-4634,2024-06-06,North,Partner,385
ORD-4635,2024-06-06,South,Partner,571
ORD-4636,2024-06-28,North,Partner,508
ORD-4637,2024-06-18,South,Partner,694
ORD-4638,2024-06-13,South,Partner,397
ORD-4639,2024-06-09,West,Partner,402
ORD-4640,2024-06-01,East,Web,564
ORD-4641,2024-06-16,East,Partner,504
ORD-4642,2024-06-08,South,Partner,576
ORD-4643,2024-06-23,North,Web,512
ORD-4644,2024-06-07,North,Partner,464
ORD-4645,2024-06-22,North,Retail,525
ORD-4646,2024-06-09,East,Partner,443
ORD-4647,2024-06-12,West,Web,417
ORD-4648,2024-06-12,West,Web,493
ORD-4649,2024-06-09,East,Web,393
ORD-4650,2024-06-11,West,Web,578
ORD-4651,2024-06-14,East,Retail,470
ORD-4652,2024-06-19,North,Web,426
ORD-4653,2024-06-28,East,Partner,398
ORD-4654,2024-06-19,East,Partner,342
ORD-4655,2024-06-18,North,Retail,520
ORD-4656,2024-06-07,South,Web,423
ORD-4657,2024-06-17,North,Partner,425
ORD-4658,2024-06-22,West,Partner,654
ORD-4659,2024-06-02,South,Partner,454
ORD-4660,2024-06-10,East,Partner,653
ORD-4661,2024-06-09,East,Partner,535
ORD-4662,2024-06-15,South,Web,487
ORD-4663,2024-06-08,East,Retail,480
ORD-4664,2024-06-28,West,Retail,364
ORD-4665,2024-06-13,West,Web,567
ORD-4666,2024-06-03,East,Retail,506
ORD-4667,2024-06-10,South,Retail,686
ORD-4668,2024-06-20,East,Retail,482
ORD-4669,2024-06-06,West,Retail,516
ORD-4670,2024-06-25,West,Partner,541
ORD-4671,2024-06-03,South,Retail,428
ORD-4672,2024-06-12,North,Retail,474
ORD-4673,2024-06-05,West,Retail,410
ORD-4674,2024-06-27,West,Retail,397
ORD-4675,2024-06-03,East,Retail,435
ORD-4676,2024-06-20,East,Retail,443
ORD-4677,2024-06-09,North,Partner,416
ORD-4678,2024-06-25,West,Partner,715
ORD-4679,2024-06-21,West,Partner,458
ORD-4680,2024-06-13,North,Web,382
ORD-4681,2024-06-24,East,Partner,566
ORD-4682,2024-06-25,East,Retail,499
ORD-4683,2024-06-01,West,Retail,488
ORD-4684,2024-06-03,East,Web,430
ORD-4685,2024-06-28,North,Web,554
ORD-4686,2024-06-08,North,Partner,543
ORD-4687,2024-06-26,South,Retail,458
ORD-4688,2024-06-23,West,Web,553
ORD-4689,2024-06-27,South,Web,553
ORD-4690,2024-06-16,West,Partner,547
ORD-4691,2024-06-22,North,Web,690
ORD-4692,2024-06-05,North,Web,545
ORD-4693,2024-06-08,West,Web,490
ORD-4694,2024-06-27,East,Retail,452
ORD-4695,2024-06-27,South,Web,653
ORD-4696,2024-06-16,West,Partner,552
ORD-4697,2024-06-24,West,Retail,554
ORD-4698,2024-06-06,North,Web,625
ORD-4699,2024-06-03,South,Retail,499
ORD-4700,2024-06-23,North,Partner,461
ORD-4701,2024-06-15,South,Partner,370
ORD-4702,2024-06-02,South,Partner,404
ORD-4703,2024-06-12,East,Partner,532
ORD-4704,2024-06-13,South,Partner,374
ORD-4705,2024-06-06,East,Web,545
ORD-4706,2024-06-04,South,Partner,422
ORD-4707,2024-06-07,South,Web,581
ORD-4708,2024-06-02,East,Retail,560
ORD-4709,2024-06-15,West,Partner,489
ORD-4710,2024-06-20,West,Web,549
ORD-4711,2024-06-04,West,Retail,518
ORD-4712,2024-06-08,South,Retail,326
ORD-4713,2024-06-17,East,Partner,418
ORD-4714,2024-06-24,North,Partner,257
ORD-4715,2024-06-26,West,Web,576
ORD-4716,2024-06-21,North,Retail,542
ORD-4717,2024-06-10,South,Web,509
ORD-4718,2024-06-01,South,Retail,441
ORD-4719,2024-06-24,West,Partner,513
ORD-4720,2024-06-03,North,Partner,510
ORD-4721,2024-06-23,North,Retail,428
ORD-4722,2024-06-11,North,Partner,497
ORD-4723,2024-06-07,North,Partner,590
ORD-4724,2024-06-06,West,Web,578
ORD-4725,2024-06-23,West,Partner,531
ORD-4726,2024-06-21,North,Web,495
ORD-4727,2024-06-07,South,Web,482
ORD-4728,2024-06-19,West,Partner,470
ORD-4729,2024-06-22,East,Web,506
ORD-4730,2024-06-04,South,Web,490
ORD-4731,2024-06-21,East,Retail,461
ORD-4732,2024-06-25,West,Partner,377
ORD-4733,2024-06-25,East,Partner,478
ORD-4734,2024-06-19,East,Retail,430
ORD-4735,2024-06-04,South,Retail,351
ORD-4736,2024-06-17,South,Partner,419
ORD-4737,2024-06-25,East,Web,568
ORD-4738,2024-06-19,South,Web,495
ORD-4739,2024-06-24,East,Partner,475
ORD-4740,2024-06-20,East,Partner,538
ORD-4741,2024-06-06,South,Web,560
ORD-4742,2024-06-03,North,Web,435
ORD-4743,2024-06-01,West,Partner,513
ORD-4744,2024-06-16,East,Web,453
ORD-4745,2024-06-15,North,Partner,711
ORD-4746,2024-06-22,East,Web,364
ORD-4747,2024-06-25,East,Partner,587
ORD-4748,2024-06-19,North,Retail,648
ORD-4749,2024-06-07,South,Web,641
ORD-4750,2024-06-11,South,Partner,484
ORD-4751,2024-06-10,West,Partner,423
ORD-4752,2024-06-14,East,Partner,551
ORD-4753,2024-06-11,East,Partner,558
ORD-4754,2024-06-03,South,Partner,457
ORD-4755,2024-06-13,South,Retail,444
ORD-4756,2024-06-11,North,Partner,552
ORD-4757,2024-06-06,East,Partner,617
ORD-4758,2024-06-09,West,Web,512
ORD-4759,2024-06-12,South,Web,550
ORD-4760,2024-06-18,East,Retail,410
ORD-4761,2024-06-22,South,Web,601
ORD-4762,2024-06-23,South,Retail,425
ORD-4763,2024-06-12,South,Partner,461
ORD-4764,2024-06-10,South,Partner,507
ORD-4765,2024-06-18,South,Partner,596
ORD-4766,2024-06-18,South,Retail,523
ORD-4767,2024-06-03,East,Web,490
ORD-4768,2024-06-10,West,Web,586
ORD-4769,2024-06-11,North,Retail,463
ORD-4770,2024-06-12,East,Retail,408
ORD-4771,2024-06-02,North,Retail,392
ORD-4772,2024-06-16,South,Retail,531
ORD-4773,2024-06-15,West,Web,677
ORD-4774,2024-06-02,South,Partner,617
ORD-4775,2024-06-28,East,Partner,465
ORD-4776,2024-06-26,South,Partner,473
ORD-4777,2024-06-10,South,Partner,496
ORD-4778,2024-06-17,West,Partner,398
ORD-4779,2024-06-11,South,Partner,562
ORD-4780,2024-06-03,East,Partner,518
ORD-4781,2024-06-16,East,Retail,390
ORD-4782,2024-06-26,West,Web,450
ORD-4783,2024-06-25,South,Retail,472
ORD-4784,2024-06-01,South,Web,568
ORD-4785,2024-06-15,South,Retail,455
ORD-4786,2024-06-16,North,Retail,403
ORD-4787,2024-06-11,North,Web,441
ORD-4788,2024-06-16,West,Web,508
ORD-4789,2024-06-16,North,Web,470
ORD-4790,2024-06-24,North,Web,466
ORD-4791,2024-06-23,North,Retail,379
ORD-4792,2024-06-01,West,Partner,647
ORD-4793,2024-06-24,West,Web,490
ORD-4794,2024-06-21,North,Retail,518
ORD-4795,2024-06-09,North,Retail,516
ORD-4796,2024-06-01,West,Retail,545
ORD-4797,2024-06-26,North,Partner,387
ORD-4798,2024-06-04,North,Partner,354
ORD-4799,2024-06-03,East,Partner,533
ORD-4800,2024-06-09,East,Retail,454
ORD-4801,2024-06-02,South,Web,400
ORD-4802,2024-06-10,North,Retail,427
ORD-4803,2024-06-16,East,Retail,541
ORD-4804,2024-06-23,North,Retail,565
ORD-4805,2024-06-25,East,Web,406
ORD-4806,2024-06-12,West,Web,370
ORD-4807,2024-06-01,North,Retail,528
ORD-4808,2024-06-14,South,Partner,584
ORD-4809,2024-06-16,West,Partner,663
ORD-4810,2024-06-06,South,Web,411
ORD-4811,2024-06-01,South,Retail,607
ORD-4812,2024-06-08,South,Partner,304
ORD-4813,2024-06-13,East,Retail,582
ORD-4814,2024-06-26,West,Retail,487
ORD-4815,2024-06-22,North,Retail,197
ORD-4816,2024-06-26,East,Partner,526
ORD-4817,2024-06-20,South,Retail,551
ORD-4818,2024-06-27,South,Partner,455
ORD-4819,2024-06-07,West,Retail,595
ORD-4820,2024-06-14,West,Web,395
ORD-4821,2024-06-28,East,Retail,607
ORD-4822,2024-06-02,West,Partner,393
ORD-4823,2024-06-27,North,Retail,493
ORD-4824,2024-06-01,East,Retail,474
ORD-4825,2024-06-17,South,Web,490
ORD-4826,2024-06-22,East,Web,577
ORD-4827,2024-06-23,South,Partner,462
ORD-4828,2024-06-15,East,Retail,527
ORD-4829,2024-06-08,South,Web,566
ORD-4830,2024-06-23,South,Web,339
ORD-4831,2024-06-23,North,Partner,430
ORD-4832,2024-06-12,East,Partner,530
ORD-4833,2024-06-18,East,Web,456
ORD-4834,2024-06-05,East,Web,502
ORD-4835,2024-06-27,South,Partner,486
ORD-4836,2024-06-03,South,Retail,468
ORD-4837,2024-06-18,South,Retail,432
ORD-4838,2024-06-28,East,Web,447
ORD-4839,2024-06-11,West,Retail,590
ORD-4840,2024-06-21,North,Retail,496
ORD-4841,2024-06-28,East,Retail,470
ORD-4842,2024-06-05,East,Web,568
ORD-4843,2024-06-21,South,Partner,609
ORD-4844,2024-06-17,East,Retail,552
ORD-4845,2024-06-23,South,Web,368
ORD-4846,2024-06-12,North,Retail,534
ORD-4847,2024-06-22,West,Partner,540
ORD-4848,2024-06-10,North,Retail,490
ORD-4849,2024-06-06,South,Web,614
ORD-4850,2024-06-27,West,Retail,388
ORD-4851,2024-06-04,South,Web,526
ORD-4852,2024-06-15,South,Retail,509
ORD-4853,2024-06-20,North,Retail,605
ORD-4854,2024-06-25,East,Retail,518
ORD-4855,2024-06-28,North,Web,551
ORD-4856,2024-06-16,South,Partner,296
ORD-4857,2024-06-06,East,Web,428
ORD-4858,2024-06-15,South,Retail,532
ORD-4859,2024-06-11,North,Web,486
ORD-4860,2024-06-07,East,Retail,489
ORD-4861,2024-06-25,South,Retail,517
ORD-4862,2024-06-14,South,Partner,382
ORD-4863,2024-06-23,North,Partner,359
ORD-4864,2024-06-15,East,Retail,423
ORD-4865,2024-06-06,West,Retail,562
ORD-4866,2024-06-13,West,Web,497
ORD-4867,2024-06-22,North,Partner,398
ORD-4868,2024-06-06,North,Partner,523
ORD-4869,2024-06-05,South,Retail,429
ORD-4870,2024-06-19,North,Retail,358
ORD-4871,2024-06-26,West,Retail,579
ORD-4872,2024-06-14,East,Retail,559
ORD-4873,2024-06-22,West,Partner,542
ORD-4874,2024-06-21,South,Web,532
ORD-4875,2024-06-16,South,Partner,501
ORD-4876,2024-06-18,South,Web,397
ORD-4877,2024-06-01,South,Web,560
ORD-4878,2024-06-25,East,Web,559
ORD-4879,2024-06-20,North,Partner,499
ORD-4880,2024-06-08,South,Web,457
ORD-4881,2024-06-20,West,Web,482
ORD-4882,2024-06-15,North,Retail,483
ORD-4883,2024-06-11,North,Retail,448
ORD-4884,2024-06-17,East,Web,617
ORD-4885,2024-06-04,South,Partner,434
ORD-4886,2024-06-05,North,Retail,453
ORD-4887,2024-06-10,East,Web,485
ORD-4888,2024-06-06,South,Web,349
ORD-4889,2024-06-06,North,Web,451
ORD-4890,2024-06-13,South,Web,431
ORD-4891,2024-06-24,West,Retail,445
ORD-4892,2024-06-27,South,Web,476
ORD-4893,2024-06-24,North,Retail,401
ORD-4894,2024-06-07,South,Web,510
ORD-4895,2024-06-27,North,Partner,489
ORD-4896,2024-06-17,North,Partner,476
ORD-4897,2024-06-17,West,Partner,511
ORD-4898,2024-06-17,West,Retail,645
ORD-4899,2024-06-06,East,Partner,475
ORD-4900,2024-06-03,East,Partner,499
ORD-4901,2024-06-10,South,Web,538
ORD-4902,2024-06-08,North,Web,389
ORD-4903,2024-06-19,North,Partner,582
ORD-4904,2024-06-14,South,Retail,637
ORD-4905,2024-06-18,South,Partner,300
ORD-4906,2024-06-10,East,Retail,567
ORD-4907,2024-06-11,East,Retail,506
ORD-4908,2024-06-18,North,Partner,532
ORD-4909,2024-06-20,South,Web,550
ORD-4910,2024-06-24,South,Retail,457
ORD-4911,2024-06-12,North,Retail,239
ORD-4912,2024-06-09,South,Partner,588
ORD-4913,2024-06-01,East,Partner,592
ORD-4914,2024-06-14,West,Web,456
ORD-4915,2024-06-04,North,Web,491
ORD-4916,2024-06-12,South,Partner,693
ORD-4917,2024-06-03,North,Partner,589
ORD-4918,2024-06-18,West,Partner,481
ORD-4919,2024-06-03,West,Retail,604
ORD-4920,2024-06-10,South,Web,407
ORD-4921,2024-06-11,North,Web,533
ORD-4922,2024-06-20,East,Web,491
ORD-4923,2024-06-28,North,Retail,467
ORD-4924,2024-06-07,West,Retail,422
ORD-4925,2024-06-06,East,Web,600
ORD-4926,2024-06-13,South,Partner,597
ORD-4927,2024-06-20,North,Retail,497
ORD-4928,2024-06-08,East,Web,461
ORD-4929,2024-06-06,East,Partner,426
ORD-4930,2024-06-26,North,Retail,388
ORD-4931,2024-06-25,South,Web,474
ORD-4932,2024-06-22,South,Partner,430
ORD-4933,2024-06-07,North,Web,518
ORD-4934,2024-06-16,South,Partner,528
ORD-4935,2024-06-21,North,Retail,409
ORD-4936,2024-06-25,South,Web,500
ORD-4937,2024-06-05,South,Partner,395
ORD-4938,2024-06-12,East,Partner,455
ORD-4939,2024-06-02,East,Retail,525
ORD-4940,2024-06-23,North,Web,468
ORD-4941,2024-06-21,South,Retail,421
ORD-4942,2024-06-24,North,Web,539
ORD-4943,2024-06-22,East,Retail,407
ORD-4944,2024-06-20,East,Partner,461
ORD-4945,2024-06-21,East,Web,542
ORD-4946,2024-06-02,North,Web,606
ORD-4947,2024-06-07,West,Partner,506
ORD-4948,2024-06-11,West,Retail,527
ORD-4949,2024-06-25,North,Retail,545
ORD-4950,2024-06-23,West,Retail,509
ORD-4951,2024-06-06,East,Partner,404
ORD-4952,2024-06-03,North,Retail,484
ORD-4953,2024-06-07,North,Retail,615
ORD-4954,2024-06-26,West,Web,435
ORD-4955,2024-06-24,West,Retail,472
ORD-4956,2024-06-21,East,Web,560
ORD-4957,2024-06-26,East,Retail,574
ORD-4958,2024-06-08,East,Partner,538
ORD-4959,2024-06-21,North,Web,400
ORD-4960,2024-06-09,North,Partner,477
ORD-4961,2024-06-10,East,Partner,512
ORD-4962,2024-06-09,East,Partner,482
ORD-4963,2024-06-21,West,Partner,387
ORD-4964,2024-06-23,West,Partner,585
ORD-4965,2024-06-23,East,Web,448
ORD-4966,2024-06-17,West,Retail,606
ORD-4967,2024-06-22,East,Partner,455
ORD-4968,2024-06-22,West,Web,444
ORD-4969,2024-06-08,East,Partner,424
ORD-4970,2024-06-28,North,Retail,498
ORD-4971,2024-06-09,South,Retail,315
ORD-4972,2024-06-07,South,Retail,310
ORD-4973,2024-06-07,North,Partner,535
ORD-4974,2024-06-12,East,Retail,379
ORD-4975,2024-06-16,North,Partner,286
ORD-4976,2024-06-06,South,Web,615
ORD-4977,2024-06-13,South,Retail,476
ORD-4978,2024-06-23,North,Web,328
ORD-4979,2024-06-18,East,Web,479
ORD-4980,2024-06-14,West,Retail,512
ORD-4981,2024-06-13,North,Retail,499
ORD-4982,2024-06-24,South,Retail,794
ORD-4983,2024-06-03,East,Retail,602
ORD-4984,2024-06-27,West,Retail,569
ORD-4985,2024-06-03,North,Web,529
ORD-4986,2024-06-06,West,Retail,576
ORD-4987,2024-06-12,North,Partner,385
ORD-4988,2024-06-05,South,Web,487
ORD-4989,2024-06-17,North,Partner,449
ORD-4990,2024-06-13,East,Retail,411
ORD-4991,2024-06-19,South,Retail,490
ORD-4992,2024-06-22,East,Web,344
ORD-4993,2024-06-08,North,Web,594
ORD-4994,2024-06-24,North,Partner,480
ORD-4995,2024-06-03,South,Web,643
ORD-4996,2024-06-09,East,Retail,631
ORD-4997,2024-06-11,West,Partner,695
ORD-4998,2024-06-26,East,Web,484
ORD-4999,2024-06-17,North,Web,430
ORD-5000,2024-06-21,West,Retail,307
ORD-5001,2024-06-16,North,Partner,438
ORD-5002,2024-06-14,East,Retail,444
ORD-5003,2024-06-28,East,Retail,644
ORD-5004,2024-06-27,East,Web,422
ORD-5005,2024-06-01,South,Web,369
ORD-5006,2024-06-10,East,Retail,558
ORD-5007,2024-06-03,North,Web,421
ORD-5008,2024-06-01,West,Web,481
ORD-5009,2024-06-07,East,Retail,387
ORD-5010,2024-06-25,East,Retail,622
ORD-5011,2024-06-17,West,Partner,533
ORD-5012,2024-06-16,West,Partner,454
ORD-5013,2024-06-12,West,Partner,575
ORD-5014,2024-06-09,East,Partner,596
ORD-5015,2024-06-20,East,Web,506
ORD-5016,2024-06-28,West,Partner,453
ORD-5017,2024-06-22,North,Retail,592
ORD-5018,2024-06-16,South,Partner,383
ORD-5019,2024-06-13,South,Partner,528
ORD-5020,2024-06-12,South,Partner,496
ORD-5021,2024-06-19,South,Partner,561
ORD-5022,2024-06-25,South,Web,496
ORD-5023,2024-06-14,North,Retail,552
ORD-5024,2024-06-24,South,Retail,504
ORD-5025,2024-06-07,North,Retail,519
ORD-5026,2024-06-12,East,Partner,385
ORD-5027,2024-06-18,North,Retail,586
ORD-5028,2024-06-25,South,Partner,578
ORD-5029,2024-06-11,East,Web,600
ORD-5030,2024-06-16,East,Partner,537
ORD-5031,2024-06-06,West,Web,331
ORD-5032,2024-06-01,West,Partner,632
ORD-5033,2024-06-05,East,Retail,355
ORD-5034,2024-06-26,East,Web,479
ORD-5035,2024-06-03,South,Web,360
ORD-5036,2024-06-25,West,Retail,477
ORD-5037,2024-06-23,West,Retail,480
ORD-5038,2024-06-04,North,Retail,516
ORD-5039,2024-06-20,South,Partner,523
ORD-5040,2024-06-09,East,Web,611
ORD-5041,2024-06-04,North,Partner,613
ORD-5042,2024-06-10,North,Partner,520
ORD-5043,2024-06-21,West,Web,543
ORD-5044,2024-06-24,North,Web,588
ORD-5045,2024-06-10,West,Retail,596
ORD-5046,2024-06-01,South,Retail,606
ORD-5047,2024-06-22,South,Web,465
ORD-5048,2024-06-27,West,Retail,495
ORD-5049,2024-06-08,North,Web,496
ORD-5050,2024-06-27,East,Partner,437
ORD-5051,2024-06-27,North,Retail,485
ORD-5052,2024-06-20,North,Partner,424
ORD-5053,2024-06-05,West,Retail,396
ORD-5054,2024-06-01,East,Partner,480
ORD-5055,2024-06-26,West,Partner,546
ORD-5056,2024-06-20,East,Web,594
ORD-5057,2024-06-24,East,Web,628
ORD-5058,2024-06-10,South,Partner,508
ORD-5059,2024-06-12,North,Partner,499
ORD-5060,2024-06-25,West,Web,676
ORD-5061,2024-06-03,East,Web,428
ORD-5062,2024-06-08,East,Retail,437
ORD-5063,2024-06-15,North,Web,432
ORD-5064,2024-06-17,South,Partner,580
ORD-5065,2024-06-01,North,Retail,408
ORD-5066,2024-06-08,South,Web,558
ORD-5067,2024-06-19,South,Web,641
ORD-5068,2024-06-23,East,Retail,568
ORD-5069,2024-06-04,South,Web,523
ORD-5070,2024-06-21,South,Web,459
ORD-5071,2024-06-20,South,Retail,365
ORD-5072,2024-06-24,North,Web,467
ORD-5073,2024-06-14,North,Retail,564
ORD-5074,2024-06-19,South,Partner,532
ORD-5075,2024-06-03,South,Retail,354
ORD-5076,2024-06-05,East,Web,478
ORD-5077,2024-06-20,West,Partner,461
ORD-5078,2024-06-25,South,Web,489
ORD-5079,2024-06-17,North,Web,544
ORD-5080,2024-06-02,West,Web,406
ORD-5081,2024-06-18,North,Web,495
ORD-5082,2024-06-17,North,Partner,472
ORD-5083,2024-06-25,West,Partner,432
ORD-5084,2024-06-01,East,Retail,449
ORD-5085,2024-06-12,West,Partner,487
ORD-5086,2024-06-22,South,Web,463
ORD-5087,2024-06-28,East,Partner,545
ORD-5088,2024-06-04,East,Web,482
ORD-5089,2024-06-11,North,Web,494
ORD-5090,2024-06-26,East,Retail,616
ORD-5091,2024-06-01,East,Partner,662
ORD-5092,2024-06-25,West,Web,428
ORD-5093,2024-06-23,South,Partner,572
ORD-5094,2024-06-01,South,Retail,589
ORD-5095,2024-06-17,North,Partner,461
ORD-5096,2024-06-22,West,Partner,433
ORD-5097,2024-06-28,North,Web,623
ORD-5098,2024-06-13,East,Retail,545
ORD-5099,2024-06-22,East,Retail,412
ORD-5100,2024-06-06,East,Retail,518
ORD-5101,2024-06-26,West,Web,602
ORD-5102,2024-06-26,South,Partner,546
ORD-5103,2024-06-07,North,Web,540
ORD-5104,2024-06-14,South,Partner,487
ORD-5105,2024-06-27,North,Web,566
ORD-5106,2024-06-20,West,Retail,512
ORD-5107,2024-06-16,East,Retail,488
ORD-5108,2024-06-13,West,Partner,631
ORD-5109,2024-06-05,South,Web,485
ORD-5110,2024-06-24,East,Partner,608
ORD-5111,2024-06-28,East,Partner,729
ORD-5112,2024-06-08,South,Web,389
ORD-5113,2024-06-10,West,Retail,512
ORD-5114,2024-06-07,North,Partner,390
ORD-5115,2024-06-27,South,Retail,370
ORD-5116,2024-06-02,West,Web,414
ORD-5117,2024-06-07,West,Partner,559
ORD-5118,2024-06-08,East,Web,577
ORD-5119,2024-06-27,West,Retail,469
ORD-5120,2024-06-05,West,Web,608
ORD-5121,2024-06-05,South,Retail,413
ORD-5122,2024-06-01,West,Web,557
ORD-5123,2024-06-01,North,Partner,571
ORD-5124,2024-06-23,West,Partner,524
ORD-5125,2024-06-22,South,Web,353
ORD-5126,2024-06-12,North,Retail,466
ORD-5127,2024-06-26,West,Web,420
ORD-5128,2024-06-24,North,Retail,499
ORD-5129,2024-06-12,West,Retail,384
ORD-5130,2024-06-27,North,Retail,427
ORD-5131,2024-06-05,South,Web,613
ORD-5132,2024-06-10,West,Web,470
ORD-5133,2024-06-20,East,Web,555
ORD-5134,2024-06-27,North,Partner,464
ORD-5135,2024-06-03,West,Retail,539
ORD-5136,2024-06-05,West,Retail,512
ORD-5137,2024-06-16,West,Partner,398
ORD-5138,2024-06-02,North,Partner,304
ORD-5139,2024-06-25,West,Web,645
ORD-5140,2024-06-12,South,Partner,373
ORD-5141,2024-06-12,South,Retail,570
ORD-5142,2024-06-10,East,Partner,488
ORD-5143,2024-06-07,West,Retail,429
ORD-5144,2024-06-16,North,Partner,562
ORD-5145,2024-06-19,East,Web,326
ORD-5146,2024-06-06,West,Web,405
ORD-5147,2024-06-19,West,Retail,493
ORD-5148,2024-06-19,South,Web,431
ORD-5149,2024-06-05,North,Retail,548
ORD-5150,2024-06-24,North,Retail,427
ORD-5151,2024-06-25,North,Partner,616
ORD-5152,2024-06-05,West,Web,429
ORD-5153,2024-06-28,West,Partner,505
ORD-5154,2024-06-16,South,Partner,286
ORD-5155,2024-06-23,North,Web,576
ORD-5156,2024-06-11,East,Retail,446
ORD-5157,2024-06-23,East,Partner,454
ORD-5158,2024-06-05,South,Partner,468
ORD-5159,2024-06-06,North,Web,299
ORD-5160,2024-06-15,West,Web,496
ORD-5161,2024-06-24,East,Web,602
ORD-5162,2024-06-11,East,Partner,305
ORD-5163,2024-06-23,South,Web,460
ORD-5164,2024-06-09,East,Retail,290
ORD-5165,2024-06-09,West,Partner,525
ORD-5166,2024-06-23,South,Web,327
ORD-5167,2024-06-28,North,Web,623
ORD-5168,2024-06-11,North,Partner,665
ORD-5169,2024-06-15,East,Web,366
ORD-5170,2024-06-26,East,Partner,340
ORD-5171,2024-06-23,South,Partner,592
ORD-5172,2024-06-23,West,Retail,324
ORD-5173,2024-06-04,West,Web,560
ORD-5174,2024-06-08,North,Retail,494
ORD-5175,2024-06-15,West,Retail,526
ORD-5176,2024-06-06,South,Web,611
ORD-5177,2024-06-15,West,Partner,490
ORD-5178,2024-06-12,East,Partner,618
ORD-5179,2024-06-19,South,Retail,601
ORD-5180,2024-06-24,North,Partner,478
ORD-5181,2024-06-03,South,Partner,464
ORD-5182,2024-06-11,North,Partner,485
ORD-5183,2024-06-05,East,Partner,401
ORD-5184,2024-06-01,East,Web,462
ORD-5185,2024-06-05,West,Web,362
ORD-5186,2024-06-20,North,Partner,425
ORD-5187,2024-06-10,West,Web,617
ORD-5188,2024-06-07,South,Partner,554
ORD-5189,2024-06-17,East,Partner,577
ORD-5190,2024-06-08,East,Web,620
ORD-5191,2024-06-21,North,Partner,348
ORD-5192,2024-06-21,East,Partner,448
ORD-5193,2024-06-05,West,Retail,476
ORD-5194,2024-06-27,East,Partner,620
ORD-5195,2024-06-21,North,Retail,485
ORD-5196,2024-06-26,North,Partner,464
ORD-5197,2024-06-07,West,Partner,454
ORD-5198,2024-06-23,West,Retail,354
ORD-5199,2024-06-22,East,Partner,441
ORD-5200,2024-06-08,North,Retail,395
ORD-5201,2024-06-13,West,Retail,560
ORD-5202,2024-06-20,North,Retail,592
ORD-5203,2024-06-23,East,Partner,446
ORD-5204,2024-06-17,West,Partner,677
ORD-5205,2024-06-21,South,Partner,563
ORD-5206,2024-06-06,East,Partner,387
ORD-5207,2024-06-01,South,Partner,601
ORD-5208,2024-06-10,East,Web,588
ORD-5209,2024-06-19,North,Partner,513
ORD-5210,2024-06-27,North,Partner,491
ORD-5211,2024-06-21,North,Partner,406
ORD-5212,2024-06-06,North,Retail,459
ORD-5213,2024-06-24,West,Retail,402
ORD-5214,2024-06-22,South,Partner,520
ORD-5215,2024-06-14,North,Retail,446
ORD-5216,2024-06-28,North,Web,508
ORD-5217,2024-06-16,North,Partner,529
ORD-5218,2024-06-15,East,Retail,585
ORD-5219,2024-06-28,North,Web,713
ORD-5220,2024-06-12,South,Web,496
ORD-5221,2024-06-02,West,Partner,504
ORD-5222,2024-06-19,East,Retail,568
ORD-5223,2024-06-01,South,Retail,487
ORD-5224,2024-06-23,South,Partner,529
ORD-5225,2024-06-13,North,Web,451
ORD-5226,2024-06-16,East,Web,599
ORD-5227,2024-06-20,South,Retail,583
ORD-5228,2024-06-24,East,Retail,541
ORD-5229,2024-06-12,East,Web,495
ORD-5230,2024-06-26,East,Partner,478
ORD-5231,2024-06-25,South,Retail,510
ORD-5232,2024-06-08,West,Retail,629
ORD-5233,2024-06-24,South,Retail,455
ORD-5234,2024-06-03,South,Partner,493
ORD-5235,2024-06-16,South,Web,578
ORD-5236,2024-06-11,South,Partner,473
ORD-5237,2024-06-23,South,Partner,374
ORD-5238,2024-06-12,North,Retail,377
ORD-5239,2024-06-18,North,Partner,654
ORD-5240,2024-06-28,West,Partner,617
ORD-5241,2024-06-26,South,Web,563
ORD-5242,2024-06-27,West,Web,479
ORD-5243,2024-06-22,East,Partner,507
ORD-5244,2024-06-07,East,Partner,556
ORD-5245,2024-06-09,East,Partner,456
ORD-5246,2024-06-27,East,Retail,388
ORD-5247,2024-06-01,North,Web,483
ORD-5248,2024-06-19,South,Retail,607
ORD-5249,2024-06-17,South,Partner,533
ORD-5250,2024-06-24,West,Partner,578
ORD-5251,2024-06-01,North,Retail,394
ORD-5252,2024-06-19,South,Web,508
ORD-5253,2024-06-07,South,Partner,621
ORD-5254,2024-06-02,West,Web,583
ORD-5255,2024-06-20,South,Retail,373
ORD-5256,2024-06-17,West,Retail,537
ORD-5257,2024-06-23,West,Retail,571
ORD-5258,2024-06-09,North,Partner,483
ORD-5259,2024-06-24,East,Partner,549
ORD-5260,2024-06-15,East,Partner,517
ORD-5261,2024-06-21,East,Partner,541
ORD-5262,2024-06-17,West,Web,490
ORD-5263,2024-06-03,East,Web,542
ORD-5264,2024-06-24,East,Partner,585
ORD-5265,2024-06-12,North,Retail,489
ORD-5266,2024-06-03,North,Partner,453
ORD-5267,2024-06-05,South,Retail,235
ORD-5268,2024-06-27,North,Web,539
ORD-5269,2024-06-14,South,Partner,847
ORD-5270,2024-06-23,West,Partner,437
ORD-5271,2024-06-19,West,Web,542
ORD-5272,2024-06-10,South,Partner,615
ORD-5273,2024-06-13,West,Partner,490
ORD-5274,2024-06-21,South,Web,474
ORD-5275,2024-06-27,East,Web,548
ORD-5276,2024-06-02,North,Retail,669
ORD-5277,2024-06-27,North,Partner,469
ORD-5278,2024-06-19,North,Web,447
ORD-5279,2024-06-27,East,Retail,413
ORD-5280,2024-06-02,East,Web,518
ORD-5281,2024-06-28,East,Partner,419
ORD-5282,2024-06-11,East,Partner,635
ORD-5283,2024-06-21,East,Partner,563
ORD-5284,2024-06-18,South,Retail,523
ORD-5285,2024-06-12,North,Retail,595
ORD-5286,2024-06-21,South,Retail,679
ORD-5287,2024-06-21,North,Retail,535
ORD-5288,2024-06-01,North,Retail,437
ORD-5289,2024-06-11,West,Partner,597
ORD-5290,2024-06-10,North,Web,336
ORD-5291,2024-06-28,South,Partner,406
ORD-5292,2024-06-17,West,Partner,492
ORD-5293,2024-06-03,North,Retail,547
ORD-5294,2024-06-27,South,Partner,462
ORD-5295,2024-06-18,North,Retail,582
ORD-5296,2024-06-05,South,Web,377
ORD-5297,2024-06-20,East,Retail,576
ORD-5298,2024-06-19,West,Retail,540
ORD-5299,2024-06-11,South,Retail,515
ORD-5300,2024-06-11,South,Partner,494
ORD-5301,2024-06-25,West,Retail,432
ORD-5302,2024-06-07,South,Retail,451
ORD-5303,2024-06-07,North,Retail,529
ORD-5304,2024-06-24,East,Retail,586
ORD-5305,2024-06-23,North,Web,523
ORD-5306,2024-06-04,South,Retail,451
ORD-5307,2024-06-14,South,Retail,589
ORD-5308,2024-06-25,West,Retail,502
ORD-5309,2024-06-02,South,Retail,544
ORD-5310,2024-06-24,West,Web,495
ORD-5311,2024-06-15,East,Partner,531
ORD-5312,2024-06-12,South,Retail,404
ORD-5313,2024-06-13,West,Retail,633
ORD-5314,2024-06-17,North,Retail,424
ORD-5315,2024-06-17,West,Partner,462
ORD-5316,2024-06-10,West,Partner,447
ORD-5317,2024-06-24,North,Partner,640
ORD-5318,2024-06-02,West,Retail,631
ORD-5319,2024-06-12,East,Retail,491
ORD-5320,2024-06-11,South,Web,754
ORD-5321,2024-06-27,South,Partner,629
ORD-5322,2024-06-28,South,Web,573
ORD-5323,2024-06-17,North,Partner,614
ORD-5324,2024-06-27,West,Retail,609
ORD-5325,2024-06-02,East,Retail,540
ORD-5326,2024-06-27,West,Web,520
ORD-5327,2024-06-09,South,Web,489
ORD-5328,2024-06-23,East,Web,454
ORD-5329,2024-06-20,South,Web,504
ORD-5330,2024-06-04,North,Retail,472
ORD-5331,2024-06-07,West,Partner,414
ORD-5332,2024-06-14,East,Partner,489
ORD-5333,2024-06-25,South,Partner,644
ORD-5334,2024-06-28,East,Partner,581
ORD-5335,2024-06-05,East,Retail,497
ORD-5336,2024-06-24,North,Retail,534
ORD-5337,2024-06-14,West,Retail,700
ORD-5338,2024-06-07,West,Retail,555
ORD-5339,2024-06-22,South,Partner,493
ORD-5340,2024-06-14,North,Partner,497
ORD-5341,2024-06-23,North,Retail,438
ORD-5342,2024-06-20,North,Web,463
ORD-5343,2024-06-14,South,Partner,550
ORD-5344,2024-06-12,North,Partner,359
ORD-5345,2024-06-07,West,Web,497
ORD-5346,2024-06-18,South,Retail,438
ORD-5347,2024-06-04,West,Retail,588
ORD-5348,2024-06-14,North,Retail,562
ORD-5349,2024-06-15,East,Web,584
ORD-5350,2024-06-01,West,Retail,623
ORD-5351,2024-06-15,North,Retail,547
ORD-5352,2024-06-22,South,Retail,495
ORD-5353,2024-06-21,West,Partner,477
ORD-5354,2024-06-06,West,Web,464
ORD-5355,2024-06-06,South,Web,551
ORD-5356,2024-06-24,East,Partner,355
ORD-5357,2024-06-08,East,Retail,492
ORD-5358,2024-06-16,North,Web,427
ORD-5359,2024-06-06,East,Web,445
ORD-5360,2024-06-27,North,Retail,486
ORD-5361,2024-06-18,South,Partner,592
ORD-5362,2024-06-08,East,Retail,588
ORD-5363,2024-06-24,West,Partner,496
ORD-5364,2024-06-01,South,Partner,594
ORD-5365,2024-06-13,North,Web,329
ORD-5366,2024-06-15,West,Retail,576
ORD-5367,2024-06-12,West,Web,438
ORD-5368,2024-06-04,East,Partner,619
ORD-5369,2024-06-07,East,Partner,286
ORD-5370,2024-06-07,East,Retail,431
ORD-5371,2024-06-17,North,Web,625
ORD-5372,2024-06-07,East,Web,395
ORD-5373,2024-06-27,North,Web,462
ORD-5374,2024-06-28,West,Partner,556
ORD-5375,2024-06-13,South,Web,366
ORD-5376,2024-06-14,West,Partner,519
ORD-5377,2024-06-16,South,Web,556
ORD-5378,2024-06-23,South,Retail,495
ORD-5379,2024-06-20,East,Web,564
ORD-5380,2024-06-11,West,Partner,481
ORD-5381,2024-06-21,North,Retail,537
ORD-5382,2024-06-10,West,Retail,480
ORD-5383,2024-06-02,East,Partner,385
ORD-5384,2024-06-08,West,Partner,432
ORD-5385,2024-06-23,South,Partner,526
ORD-5386,2024-06-07,West,Web,523
ORD-5387,2024-06-20,South,Partner,551
ORD-5388,2024-06-25,South,Web,406
ORD-5389,2024-06-14,South,Retail,512
ORD-5390,2024-06-07,West,Web,503
ORD-5391,2024-06-03,North,Partner,475
ORD-5392,2024-06-16,South,Partner,602
ORD-5393,2024-06-05,West,Retail,528
ORD-5394,2024-06-28,South,Web,521
ORD-5395,2024-06-20,East,Partner,515
ORD-5396,2024-06-14,South,Web,510
ORD-5397,2024-06-20,West,Partner,687
ORD-5398,2024-06-24,South,Retail,554
ORD-5399,2024-06-25,North,Partner,450
ORD-5400,2024-07-02,South,Retail,396
ORD-5401,2024-07-03,West,Retail,629
ORD-5402,2024-07-19,West,Web,665
ORD-5403,2024-07-18,North,Retail,307
ORD-5404,2024-07-16,West,Partner,502
ORD-5405,2024-07-27,North,Web,425
ORD-5406,2024-07-06,North,Web,486
ORD-5407,2024-07-07,South,Retail,562
ORD-5408,2024-07-20,North,Web,545
ORD-5409,2024-07-16,South,Web,449
ORD-5410,2024-07-21,East,Retail,473
ORD-5411,2024-07-26,North,Retail,476
ORD-5412,2024-07-03,South,Retail,449
ORD-5413,2024-07-28,East,Partner,459
ORD-5414,2024-07-21,West,Partner,541
ORD-5415,2024-07-24,West,Web,662
ORD-5416,2024-07-14,West,Partner,528
ORD-5417,2024-07-01,West,Web,486
ORD-5418,2024-07-01,East,Web,571
ORD-5419,2024-07-02,East,Retail,470
ORD-5420,2024-07-18,South,Partner,390
ORD-5421,2024-07-13,West,Retail,533
ORD-5422,2024-07-04,South,Retail,440
ORD-5423,2024-07-15,West,Web,609
ORD-5424,2024-07-21,North,Web,269
ORD-5425,2024-07-11,East,Web,408
ORD-5426,2024-07-26,West,Web,591
ORD-5427,2024-07-22,West,Retail,148
ORD-5428,2024-07-21,West,Retail,444
ORD-5429,2024-07-22,East,Web,472
ORD-5430,2024-07-07,North,Retail,536
ORD-5431,2024-07-04,West,Partner,582
ORD-5432,2024-07-27,West,Web,575
ORD-5433,2024-07-20,North,Partner,505
ORD-5434,2024-07-05,East,Web,361
ORD-5435,2024-07-07,East,Retail,578
ORD-5436,2024-07-14,East,Partner,483
ORD-5437,2024-07-19,South,Partner,576
ORD-5438,2024-07-17,South,Partner,626
ORD-5439,2024-07-10,North,Partner,645
ORD-5440,2024-07-07,East,Retail,571
ORD-5441,2024-07-22,West,Retail,566
ORD-5442,2024-07-28,East,Partner,610
ORD-5443,2024-07-18,North,Retail,533
ORD-5444,2024-07-24,West,Retail,484
ORD-5445,2024-07-09,South,Retail,365
ORD-5446,2024-07-03,West,Retail,469
ORD-5447,2024-07-05,West,Web,551
ORD-5448,2024-07-24,South,Partner,564
ORD-5449,2024-07-20,West,Partner,517
ORD-5450,2024-07-02,South,Partner,565
ORD-5451,2024-07-25,North,Web,719
ORD-5452,2024-07-05,East,Web,620
ORD-5453,2024-07-23,South,Partner,315
ORD-5454,2024-07-13,North,Web,559
ORD-5455,2024-07-11,West,Partner,486
ORD-5456,2024-07-02,West,Retail,446
ORD-5457,2024-07-05,West,Retail,478
ORD-5458,2024-07-13,West,Web,403
ORD-5459,2024-07-06,East,Retail,478
ORD-5460,2024-07-02,East,Retail,515
ORD-5461,2024-07-05,East,Retail,429
ORD-5462,2024-07-25,South,Web,329
ORD-5463,2024-07-13,East,Partner,478
ORD-5464,2024-07-14,South,Web,508
ORD-5465,2024-07-20,South,Retail,448
ORD-5466,2024-07-19,South,Partner,438
ORD-5467,2024-07-13,North,Web,370
ORD-5468,2024-07-25,West,Retail,416
ORD-5469,2024-07-12,North,Partner,411
ORD-5470,2024-07-02,South,Retail,446
ORD-5471,2024-07-10,West,Web,464
ORD-5472,2024-07-26,East,Web,414
ORD-5473,2024-07-21,East,Web,518
ORD-5474,2024-07-23,South,Retail,383
ORD-5475,2024-07-02,South,Partner,462
ORD-5476,2024-07-23,West,Partner,418
ORD-5477,2024-07-21,South,Web,533
ORD-5478,2024-07-18,West,Retail,584
ORD-5479,2024-07-21,North,Web,581
ORD-5480,2024-07-16,West,Web,677
ORD-5481,2024-07-15,South,Retail,458
ORD-5482,2024-07-26,North,Partner,490
ORD-5483,2024-07-09,East,Web,410
ORD-5484,2024-07-06,North,Web,556
ORD-5485,2024-07-27,South,Retail,388
ORD-5486,2024-07-18,West,Partner,408
ORD-5487,2024-07-17,East,Partner,554
ORD-5488,2024-07-08,East,Retail,469
ORD-5489,2024-07-09,West,Web,456
ORD-5490,2024-07-22,West,Partner,658
ORD-5491,2024-07-02,West,Partner,498
ORD-5492,2024-07-06,East,Retail,570
ORD-5493,2024-07-06,West,Partner,369
ORD-5494,2024-07-28,East,Partner,336
ORD-5495,2024-07-23,South,Web,488
ORD-5496,2024-07-17,North,Web,665
ORD-5497,2024-07-12,West,Partner,469
ORD-5498,2024-07-11,West,Web,435
ORD-5499,2024-07-25,North,Web,691
ORD-5500,2024-07-12,North,Partner,482
ORD-5501,2024-07-26,East,Web,423
ORD-5502,2024-07-11,North,Retail,515
ORD-5503,2024-07-06,East,Partner,417
ORD-5504,2024-07-27,East,Retail,519
ORD-5505,2024-07-13,North,Retail,490
ORD-5506,2024-07-05,West,Retail,594
ORD-5507,2024-07-14,North,Partner,621
ORD-5508,2024-07-08,North,Partner,492
ORD-5509,2024-07-08,South,Partner,584
ORD-5510,2024-07-20,South,Partner,427
ORD-5511,2024-07-09,North,Web,554
ORD-5512,2024-07-11,West,Retail,432
ORD-5513,2024-07-05,South,Retail,380
ORD-5514,2024-07-05,West,Retail,454
ORD-5515,2024-07-08,East,Web,655
ORD-5516,2024-07-22,North,Retail,354
ORD-5517,2024-07-23,East,Web,616
ORD-5518,2024-07-05,South,Web,457
ORD-5519,2024-07-20,West,Retail,632
ORD-5520,2024-07-15,North,Retail,578
ORD-5521,2024-07-22,North,Web,372
ORD-5522,2024-07-13,South,Web,424
ORD-5523,2024-07-22,East,Partner,696
ORD-5524,2024-07-12,North,Retail,306
ORD-5525,2024-07-23,West,Partner,325
ORD-5526,2024-07-04,North,Retail,429
ORD-5527,2024-07-26,South,Retail,448
ORD-5528,2024-07-27,North,Partner,458
ORD-5529,2024-07-15,South,Partner,210
ORD-5530,2024-07-02,South,Web,449
ORD-5531,2024-07-26,West,Retail,477
ORD-5532,2024-07-03,East,Web,562
ORD-5533,2024-07-20,East,Retail,624
ORD-5534,2024-07-06,East,Retail,587
ORD-5535,2024-07-14,West,Web,428
ORD-5536,2024-07-21,East,Partner,527
ORD-5537,2024-07-08,East,Retail,575
ORD-5538,2024-07-05,West,Web,465
ORD-5539,2024-07-05,East,Retail,360
ORD-5540,2024-07-02,West,Partner,603
ORD-5541,2024-07-20,South,Retail,450
ORD-5542,2024-07-01,West,Retail,410
ORD-5543,2024-07-23,West,Retail,487
ORD-5544,2024-07-16,South,Retail,440
ORD-5545,2024-07-18,West,Retail,398
ORD-5546,2024-07-21,East,Partner,522
ORD-5547,2024-07-10,West,Retail,444
ORD-5548,2024-07-20,South,Web,619
ORD-5549,2024-07-27,South,Web,615
ORD-5550,2024-07-04,East,Web,511
ORD-5551,2024-07-22,North,Partner,709
ORD-5552,2024-07-08,West,Retail,452
ORD-5553,2024-07-10,South,Retail,551
ORD-5554,2024-07-08,South,Web,538
ORD-5555,2024-07-24,North,Web,393
ORD-5556,2024-07-20,North,Web,441
ORD-5557,2024-07-20,South,Web,404
ORD-5558,2024-07-26,East,Retail,394
ORD-5559,2024-07-06,South,Web,536
ORD-5560,2024-07-10,South,Web,408
ORD-5561,2024-07-07,East,Web,472
ORD-5562,2024-07-28,East,Web,616
ORD-5563,2024-07-27,East,Partner,264
ORD-5564,2024-07-16,North,Web,515
ORD-5565,2024-07-24,West,Web,481
ORD-5566,2024-07-09,West,Web,563
ORD-5567,2024-07-03,East,Retail,496
ORD-5568,2024-07-21,East,Web,500
ORD-5569,2024-07-14,West,Web,599
ORD-5570,2024-07-24,West,Web,424
ORD-5571,2024-07-05,East,Web,469
ORD-5572,2024-07-14,West,Partner,461
ORD-5573,2024-07-03,East,Web,501
ORD-5574,2024-07-25,West,Web,585
ORD-5575,2024-07-24,West,Web,389
ORD-5576,2024-07-04,East,Web,653
ORD-5577,2024-07-18,West,Partner,508
ORD-5578,2024-07-13,West,Partner,323
ORD-5579,2024-07-03,West,Web,402
ORD-5580,2024-07-18,North,Retail,257
ORD-5581,2024-07-09,East,Web,451
ORD-5582,2024-07-15,North,Partner,430
ORD-5583,2024-07-13,East,Retail,402
ORD-5584,2024-07-18,South,Partner,648
ORD-5585,2024-07-05,South,Retail,501
ORD-5586,2024-07-21,North,Web,336
ORD-5587,2024-07-25,South,Retail,607
ORD-5588,2024-07-26,North,Partner,347
ORD-5589,2024-07-18,North,Retail,503
ORD-5590,2024-07-05,West,Retail,559
ORD-5591,2024-07-26,West,Partner,466
ORD-5592,2024-07-25,South,Web,442
ORD-5593,2024-07-27,West,Retail,578
ORD-5594,2024-07-19,North,Retail,491
ORD-5595,2024-07-02,East,Web,512
ORD-5596,2024-07-21,South,Retail,380
ORD-5597,2024-07-19,West,Web,649
ORD-5598,2024-07-03,North,Partner,574
ORD-5599,2024-07-16,West,Retail,526
ORD-5600,2024-07-04,West,Web,437
ORD-5601,2024-07-12,South,Web,358
ORD-5602,2024-07-18,North,Partner,368
ORD-5603,2024-07-10,East,Web,560
ORD-5604,2024-07-12,South,Web,397
ORD-5605,2024-07-02,West,Web,376
ORD-5606,2024-07-08,North,Web,389
ORD-5607,2024-07-22,North,Retail,479
ORD-5608,2024-07-13,East,Retail,470
ORD-5609,2024-07-18,East,Partner,590
ORD-5610,2024-07-12,South,Retail,454
ORD-5611,2024-07-05,West,Web,376
ORD-5612,2024-07-02,North,Retail,520
ORD-5613,2024-07-23,North,Retail,542
ORD-5614,2024-07-23,South,Partner,363
ORD-5615,2024-07-14,North,Retail,490
ORD-5616,2024-07-14,West,Web,447
ORD-5617,2024-07-02,West,Partner,595
ORD-5618,2024-07-15,North,Partner,532
ORD-5619,2024-07-25,West,Web,524
ORD-5620,2024-07-22,East,Retail,388
ORD-5621,2024-07-15,East,Web,531
ORD-5622,2024-07-08,North,Retail,565
ORD-5623,2024-07-05,West,Partner,408
ORD-5624,2024-07-18,South,Web,445
ORD-5625,2024-07-23,North,Retail,370
ORD-5626,2024-07-25,West,Retail,541
ORD-5627,2024-07-08,West,Retail,577
ORD-5628,2024-07-13,West,Retail,429
ORD-5629,2024-07-16,East,Web,554
ORD-5630,2024-07-27,North,Retail,638
ORD-5631,2024-07-20,South,Retail,454
ORD-5632,2024-07-05,East,Web,477
ORD-5633,2024-07-09,West,Retail,412
ORD-5634,2024-07-10,South,Partner,435
ORD-5635,2024-07-06,West,Retail,585
ORD-5636,2024-07-04,East,Web,461
ORD-5637,2024-07-21,South,Web,579
ORD-5638,2024-07-25,North,Web,614
ORD-5639,2024-07-15,West,Retail,322
ORD-5640,2024-07-09,North,Retail,580
ORD-5641,2024-07-19,West,Retail,618
ORD-5642,2024-07-19,West,Retail,340
ORD-5643,2024-07-19,West,Web,526
ORD-5644,2024-07-07,East,Retail,532
ORD-5645,2024-07-11,South,Retail,561
ORD-5646,2024-07-25,East,Retail,535
ORD-5647,2024-07-24,North,Web,504
ORD-5648,2024-07-15,South,Web,343
ORD-5649,2024-07-15,South,Web,521
ORD-5650,2024-07-28,West,Partner,475
ORD-5651,2024-07-09,South,Retail,457
ORD-5652,2024-07-09,South,Partner,466
ORD-5653,2024-07-17,South,Retail,601
ORD-5654,2024-07-14,North,Web,455
ORD-5655,2024-07-08,West,Partner,476
ORD-5656,2024-07-17,East,Retail,617
ORD-5657,2024-07-20,East,Partner,529
ORD-5658,2024-07-15,North,Partner,509
ORD-5659,2024-07-14,East,Web,546
ORD-5660,2024-07-22,South,Retail,460
ORD-5661,2024-07-21,South,Web,434
ORD-5662,2024-07-25,North,Web,598
ORD-5663,2024-07-02,South,Web,429
ORD-5664,2024-07-02,West,Partner,541
ORD-5665,2024-07-27,North,Retail,455
ORD-5666,2024-07-12,North,Web,476
ORD-5667,2024-07-17,East,Retail,430
ORD-5668,2024-07-04,South,Web,511
ORD-5669,2024-07-21,South,Web,366
ORD-5670,2024-07-20,West,Partner,501
ORD-5671,2024-07-06,West,Retail,478
ORD-5672,2024-07-12,North,Partner,533
ORD-5673,2024-07-28,East,Partner,516
ORD-5674,2024-07-12,South,Retail,511
ORD-5675,2024-07-02,West,Partner,453
ORD-5676,2024-07-24,North,Retail,461
ORD-5677,2024-07-10,North,Partner,515
ORD-5678,2024-07-13,South,Partner,362
ORD-5679,2024-07-12,West,Partner,541
ORD-5680,2024-07-20,East,Retail,564
ORD-5681,2024-07-16,East,Partner,647
ORD-5682,2024-07-08,West,Partner,515
ORD-5683,2024-07-16,West,Retail,595
ORD-5684,2024-07-11,East,Partner,656
ORD-5685,2024-07-07,West,Partner,448
ORD-5686,2024-07-12,South,Retail,280
ORD-5687,2024-07-18,North,Retail,525
ORD-5688,2024-07-27,North,Partner,463
ORD-5689,2024-07-05,East,Retail,347
ORD-5690,2024-07-17,North,Partner,626
ORD-5691,2024-07-19,East,Partner,602
ORD-5692,2024-07-28,West,Web,536
ORD-5693,2024-07-20,West,Retail,363
ORD-5694,2024-07-23,West,Retail,480
ORD-5695,2024-07-20,South,Web,671
ORD-5696,2024-07-25,East,Web,590
ORD-5697,2024-07-05,East,Retail,498
ORD-5698,2024-07-09,South,Retail,679
ORD-5699,2024-07-06,South,Web,586
ORD-5700,2024-07-09,East,Web,521
ORD-5701,2024-07-02,West,Partner,490
ORD-5702,2024-07-06,North,Partner,440
ORD-5703,2024-07-12,East,Retail,548
ORD-5704,2024-07-11,East,Retail,523
ORD-5705,2024-07-04,South,Web,574
ORD-5706,2024-07-09,North,Web,515
ORD-5707,2024-07-03,South,Web,289
ORD-5708,2024-07-28,East,Web,562
ORD-5709,2024-07-19,North,Retail,602
ORD-5710,2024-07-14,North,Web,544
ORD-5711,2024-07-11,East,Retail,543
ORD-5712,2024-07-02,East,Retail,514
ORD-5713,2024-07-05,South,Partner,502
ORD-5714,2024-07-27,West,Web,403
ORD-5715,2024-07-17,East,Retail,585
ORD-5716,2024-07-14,West,Web,499
ORD-5717,2024-07-17,North,Partner,501
ORD-5718,2024-07-05,North,Retail,392
ORD-5719,2024-07-27,South,Web,618
ORD-5720,2024-07-25,West,Partner,385
ORD-5721,2024-07-21,North,Partner,390
ORD-5722,2024-07-19,North,Web,643
ORD-5723,2024-07-07,East,Web,373
ORD-5724,2024-07-07,South,Web,570
ORD-5725,2024-07-20,East,Retail,469
ORD-5726,2024-07-22,East,Partner,520
ORD-5727,2024-07-24,South,Retail,346
ORD-5728,2024-07-27,West,Partner,488
ORD-5729,2024-07-18,North,Retail,398
ORD-5730,2024-07-24,East,Retail,542
ORD-5731,2024-07-25,West,Web,534
ORD-5732,2024-07-13,North,Web,524
ORD-5733,2024-07-18,East,Web,359
ORD-5734,2024-07-03,East,Retail,429
ORD-5735,2024-07-25,West,Partner,672
ORD-5736,2024-07-13,East,Partner,349
ORD-5737,2024-07-03,West,Partner,374
ORD-5738,2024-07-17,South,Web,557
ORD-5739,2024-07-25,West,Partner,531
ORD-5740,2024-07-26,North,Web,351
ORD-5741,2024-07-24,North,Web,575
ORD-5742,2024-07-10,East,Web,333
ORD-5743,2024-07-09,North,Retail,500
ORD-5744,2024-07-01,North,Retail,589
ORD-5745,2024-07-06,East,Web,406
ORD-5746,2024-07-11,West,Web,482
ORD-5747,2024-07-16,South,Web,491
ORD-5748,2024-07-13,West,Partner,582
ORD-5749,2024-07-10,South,Web,583
ORD-5750,2024-07-10,North,Web,524
ORD-5751,2024-07-28,East,Partner,475
ORD-5752,2024-07-17,North,Retail,445
ORD-5753,2024-07-26,East,Web,352
ORD-5754,2024-07-18,South,Partner,584
ORD-5755,2024-07-12,East,Web,497
ORD-5756,2024-07-16,West,Partner,527
ORD-5757,2024-07-06,West,Partner,442
ORD-5758,2024-07-27,East,Retail,534
ORD-5759,2024-07-19,North,Retail,510
ORD-5760,2024-07-01,West,Partner,527
ORD-5761,2024-07-11,South,Retail,450
ORD-5762,2024-07-14,North,Web,412
ORD-5763,2024-07-26,South,Partner,497
ORD-5764,2024-07-23,East,Partner,435
ORD-5765,2024-07-03,East,Partner,500
ORD-5766,2024-07-17,East,Web,476
ORD-5767,2024-07-01,East,Partner,472
ORD-5768,2024-07-25,East,Retail,395
ORD-5769,2024-07-07,West,Retail,592
ORD-5770,2024-07-12,West,Web,567
ORD-5771,2024-07-11,West,Partner,368
ORD-5772,2024-07-18,West,Web,757
ORD-5773,2024-07-27,East,Web,530
ORD-5774,2024-07-20,East,Retail,459
ORD-5775,2024-07-10,West,Partner,578
ORD-5776,2024-07-09,East,Retail,498
ORD-5777,2024-07-07,South,Retail,554
ORD-5778,2024-07-24,South,Retail,622
ORD-5779,2024-07-09,South,Retail,718
ORD-5780,2024-07-17,East,Retail,623
ORD-5781,2024-07-18,North,Web,529
ORD-5782,2024-07-15,West,Web,534
ORD-5783,2024-07-21,West,Partner,572
ORD-5784,2024-07-13,East,Partner,385
ORD-5785,2024-07-12,South,Partner,484
ORD-5786,2024-07-08,North,Retail,661
ORD-5787,2024-07-10,East,Web,578
ORD-5788,2024-07-18,North,Partner,583
ORD-5789,2024-07-19,West,Partner,470
ORD-5790,2024-07-07,South,Partner,504
ORD-5791,2024-07-25,West,Web,455
ORD-5792,2024-07-15,West,Retail,476
ORD-5793,2024-07-20,North,Partner,676
ORD-5794,2024-07-26,South,Retail,433
ORD-5795,2024-07-04,West,Web,582
ORD-5796,2024-07-23,West,Web,517
ORD-5797,2024-07-02,East,Retail,546
ORD-5798,2024-07-16,West,Web,644
ORD-5799,2024-07-10,West,Web,540
ORD-5800,2024-07-04,South,Web,512
ORD-5801,2024-07-22,East,Retail,458
ORD-5802,2024-07-08,North,Retail,347
ORD-5803,2024-07-22,North,Retail,589
ORD-5804,2024-07-06,East,Retail,542
ORD-5805,2024-07-15,East,Retail,452
ORD-5806,2024-07-18,South,Partner,563
ORD-5807,2024-07-20,South,Retail,654
ORD-5808,2024-07-03,North,Retail,619
ORD-5809,2024-07-01,West,Web,498
ORD-5810,2024-07-20,North,Web,403
ORD-5811,2024-07-26,West,Partner,562
ORD-5812,2024-07-28,North,Web,440
ORD-5813,2024-07-08,West,Partner,545
ORD-5814,2024-07-07,South,Retail,471
ORD-5815,2024-07-19,East,Web,458
ORD-5816,2024-07-05,East,Web,540
ORD-5817,2024-07-06,West,Retail,510
ORD-5818,2024-07-01,South,Web,508
ORD-5819,2024-07-08,East,Web,398
ORD-5820,2024-07-17,South,Retail,474
ORD-5821,2024-07-06,West,Retail,671
ORD-5822,2024-07-08,South,Web,646
ORD-5823,2024-07-11,North,Partner,530
ORD-5824,2024-07-09,West,Web,468
ORD-5825,2024-07-26,West,Retail,436
ORD-5826,2024-07-02,West,Partner,371
ORD-5827,2024-07-12,West,Partner,596
ORD-5828,2024-07-11,North,Partner,282
ORD-5829,2024-07-24,West,Web,543
ORD-5830,2024-07-25,North,Partner,483
ORD-5831,2024-07-02,South,Partner,496
ORD-5832,2024-07-24,East,Partner,358
ORD-5833,2024-07-17,North,Web,723
ORD-5834,2024-07-01,North,Partner,673
ORD-5835,2024-07-17,South,Partner,645
ORD-5836,2024-07-21,West,Web,418
ORD-5837,2024-07-07,South,Web,666
ORD-5838,2024-07-26,East,Web,388
ORD-5839,2024-07-25,East,Retail,518
ORD-5840,2024-07-15,East,Web,473
ORD-5841,2024-07-05,West,Retail,573
ORD-5842,2024-07-16,South,Web,555
ORD-5843,2024-07-09,South,Partner,527
ORD-5844,2024-07-07,West,Web,591
ORD-5845,2024-07-15,North,Partner,554
ORD-5846,2024-07-13,West,Partner,422
ORD-5847,2024-07-11,West,Partner,599
ORD-5848,2024-07-06,North,Retail,463
ORD-5849,2024-07-20,South,Retail,560
ORD-5850,2024-07-28,East,Retail,370
ORD-5851,2024-07-06,East,Partner,469
ORD-5852,2024-07-17,East,Partner,634
ORD-5853,2024-07-28,East,Partner,685
ORD-5854,2024-07-27,South,Web,380
ORD-5855,2024-07-10,East,Partner,514
ORD-5856,2024-07-18,East,Web,573
ORD-5857,2024-07-06,East,Partner,640
ORD-5858,2024-07-12,West,Partner,539
ORD-5859,2024-07-17,North,Retail,649
ORD-5860,2024-07-12,South,Web,615
ORD-5861,2024-07-08,West,Retail,507
ORD-5862,2024-07-17,South,Partner,240
ORD-5863,2024-07-03,North,Web,637
ORD-5864,2024-07-07,South,Retail,402
ORD-5865,2024-07-14,West,Web,500
ORD-5866,2024-07-19,East,Retail,468
ORD-5867,2024-07-23,North,Web,544
ORD-5868,2024-07-20,North,Retail,406
ORD-5869,2024-07-06,West,Retail,511
ORD-5870,2024-07-05,East,Web,427
ORD-5871,2024-07-01,West,Web,431
ORD-5872,2024-07-26,North,Retail,456
ORD-5873,2024-07-26,East,Web,603
ORD-5874,2024-07-21,North,Retail,511
ORD-5875,2024-07-07,North,Partner,299
ORD-5876,2024-07-26,West,Web,526
ORD-5877,2024-07-20,North,Retail,529
ORD-5878,2024-07-19,South,Web,592
ORD-5879,2024-07-18,South,Partner,579
ORD-5880,2024-07-27,North,Retail,346
ORD-5881,2024-07-21,North,Retail,414
ORD-5882,2024-07-06,East,Web,488
ORD-5883,2024-07-14,North,Partner,455
ORD-5884,2024-07-06,North,Partner,608
ORD-5885,2024-07-02,West,Retail,467
ORD-5886,2024-07-06,West,Web,515
ORD-5887,2024-07-28,East,Partner,474
ORD-5888,2024-07-21,North,Web,441
ORD-5889,2024-07-27,North,Web,463
ORD-5890,2024-07-12,South,Web,440
ORD-5891,2024-07-07,East,Partner,527
ORD-5892,2024-07-15,West,Web,355
ORD-5893,2024-07-20,North,Web,511
ORD-5894,2024-07-05,North,Web,478
ORD-5895,2024-07-22,South,Web,557
ORD-5896,2024-07-13,South,Partner,518
ORD-5897,2024-07-12,East,Retail,466
ORD-5898,2024-07-24,West,Partner,483
ORD-5899,2024-07-26,North,Web,565
ORD-5900,2024-07-20,West,Web,422
ORD-5901,2024-07-09,South,Partner,561
ORD-5902,2024-07-26,East,Web,426
ORD-5903,2024-07-24,South,Web,422
ORD-5904,2024-07-11,West,Web,404
ORD-5905,2024-07-23,North,Partner,385
ORD-5906,2024-07-06,East,Web,523
ORD-5907,2024-07-01,East,Partner,610
ORD-5908,2024-07-04,North,Web,541
ORD-5909,2024-07-08,South,Partner,721
ORD-5910,2024-07-19,East,Partner,656
ORD-5911,2024-07-19,South,Partner,497
ORD-5912,2024-07-08,East,Web,484
ORD-5913,2024-07-21,East,Retail,622
ORD-5914,2024-07-21,South,Partner,419
ORD-5915,2024-07-09,West,Web,682
ORD-5916,2024-07-22,West,Retail,377
ORD-5917,2024-07-03,West,Retail,415
ORD-5918,2024-07-10,South,Partner,667
ORD-5919,2024-07-16,South,Retail,559
ORD-5920,2024-07-11,East,Web,476
ORD-5921,2024-07-02,East,Partner,470
ORD-5922,2024-07-28,South,Web,552
ORD-5923,2024-07-07,East,Retail,363
ORD-5924,2024-07-17,South,Retail,519
ORD-5925,2024-07-04,South,Partner,617
ORD-5926,2024-07-12,North,Retail,539
ORD-5927,2024-07-09,South,Web,455
ORD-5928,2024-07-11,North,Retail,440
ORD-5929,2024-07-14,East,Retail,560
ORD-5930,2024-07-06,North,Partner,507
ORD-5931,2024-07-09,South,Retail,515
ORD-5932,2024-07-16,West,Partner,391
ORD-5933,2024-07-18,North,Web,638
ORD-5934,2024-07-19,North,Retail,514
ORD-5935,2024-07-15,South,Web,475
ORD-5936,2024-07-25,South,Partner,303
ORD-5937,2024-07-24,North,Retail,555
ORD-5938,2024-07-10,East,Retail,464
ORD-5939,2024-07-05,West,Partner,526
ORD-5940,2024-07-26,South,Retail,477
ORD-5941,2024-07-08,North,Retail,458
ORD-5942,2024-07-20,South,Retail,420
ORD-5943,2024-07-27,West,Partner,501
ORD-5944,2024-07-09,West,Web,538
ORD-5945,2024-07-16,East,Web,517
ORD-5946,2024-07-04,East,Web,469
ORD-5947,2024-07-15,West,Retail,368
ORD-5948,2024-07-21,North,Retail,356
ORD-5949,2024-07-23,North,Partner,381
ORD-5950,2024-07-28,West,Partner,506
ORD-5951,2024-07-15,East,Web,500
ORD-5952,2024-07-17,North,Partner,560
ORD-5953,2024-07-17,West,Web,469
ORD-5954,2024-07-06,East,Web,593
ORD-5955,2024-07-15,West,Web,593
ORD-5956,2024-07-07,West,Retail,502
ORD-5957,2024-07-01,South,Retail,614
ORD-5958,2024-07-27,South,Retail,457
ORD-5959,2024-07-04,West,Partner,465
ORD-5960,2024-07-28,South,Web,473
ORD-5961,2024-07-03,South,Partner,484
ORD-5962,2024-07-12,North,Retail,536
ORD-5963,2024-07-21,South,Web,522
ORD-5964,2024-07-26,South,Retail,601
ORD-5965,2024-07-05,East,Partner,424
ORD-5966,2024-07-12,East,Partner,677
ORD-5967,2024-07-09,South,Web,471
ORD-5968,2024-07-10,North,Retail,422
ORD-5969,2024-07-08,South,Web,624
ORD-5970,2024-07-17,South,Retail,480
ORD-5971,2024-07-20,North,Web,537
ORD-5972,2024-07-21,North,Retail,527
ORD-5973,2024-07-12,North,Partner,512
ORD-5974,2024-07-24,West,Retail,287
ORD-5975,2024-07-27,East,Partner,647
ORD-5976,2024-07-18,East,Web,397
ORD-5977,2024-07-07,East,Partner,444
ORD-5978,2024-07-06,East,Retail,440
ORD-5979,2024-07-11,South,Web,619
ORD-5980,2024-07-11,South,Web,477
ORD-5981,2024-07-21,West,Partner,519
ORD-5982,2024-07-27,North,Partner,502
ORD-5983,2024-07-28,South,Partner,514
ORD-5984,2024-07-02,South,Retail,411
ORD-5985,2024-07-09,West,Retail,528
ORD-5986,2024-07-14,West,Partner,419
ORD-5987,2024-07-21,North,Web,465
ORD-5988,2024-07-14,South,Web,493
ORD-5989,2024-07-07,West,Retail,475
ORD-5990,2024-07-10,South,Web,504
ORD-5991,2024-07-08,North,Partner,499
ORD-5992,2024-07-28,South,Partner,645
ORD-5993,2024-07-19,South,Retail,584
ORD-5994,2024-07-19,East,Partner,434
ORD-5995,2024-07-19,South,Partner,426
ORD-5996,2024-07-06,North,Web,531
ORD-5997,2024-07-10,South,Partner,610
ORD-5998,2024-07-10,North,Web,449
ORD-5999,2024-07-10,East,Partner,492
ORD-6000,2024-07-13,East,Web,494
ORD-6001,2024-07-02,East,Partner,545
ORD-6002,2024-07-25,West,Retail,524
ORD-6003,2024-07-20,South,Retail,223
ORD-6004,2024-07-03,North,Retail,470
ORD-6005,2024-07-06,East,Retail,375
ORD-6006,2024-07-06,North,Retail,460
ORD-6007,2024-07-03,East,Partner,447
ORD-6008,2024-07-14,South,Web,490
ORD-6009,2024-07-06,North,Web,522
ORD-6010,2024-07-23,North,Web,275
ORD-6011,2024-07-21,South,Retail,476
ORD-6012,2024-07-22,South,Retail,412
ORD-6013,2024-07-21,North,Retail,451
ORD-6014,2024-07-16,North,Web,528
ORD-6015,2024-07-27,South,Web,377
ORD-6016,2024-07-26,East,Partner,498
ORD-6017,2024-07-19,West,Retail,470
ORD-6018,2024-07-12,South,Partner,547
ORD-6019,2024-07-01,East,Web,338
ORD-6020,2024-07-26,East,Partner,560
ORD-6021,2024-07-19,East,Web,497
ORD-6022,2024-07-19,North,Retail,451
ORD-6023,2024-07-02,North,Partner,632
ORD-6024,2024-07-25,East,Partner,427
ORD-6025,2024-07-04,South,Partner,438
ORD-6026,2024-07-11,West,Retail,476
ORD-6027,2024-07-14,North,Retail,388
ORD-6028,2024-07-24,North,Web,513
ORD-6029,2024-07-27,East,Web,652
ORD-6030,2024-07-08,South,Web,477
ORD-6031,2024-07-14,South,Retail,614
ORD-6032,2024-07-17,South,Partner,477
ORD-6033,2024-07-01,South,Retail,488
ORD-6034,2024-07-21,North,Partner,470
ORD-6035,2024-07-20,South,Partner,539
ORD-6036,2024-07-18,South,Web,548
ORD-6037,2024-07-10,East,Retail,434
ORD-6038,2024-07-08,West,Web,390
ORD-6039,2024-07-28,East,Partner,616
ORD-6040,2024-07-27,East,Web,378
ORD-6041,2024-07-06,East,Web,476
ORD-6042,2024-07-07,West,Partner,633
ORD-6043,2024-07-06,South,Retail,476
ORD-6044,2024-07-20,West,Retail,411
ORD-6045,2024-07-09,South,Web,569
ORD-6046,2024-07-07,West,Web,451
ORD-6047,2024-07-02,North,Partner,559
ORD-6048,2024-07-24,South,Retail,569
ORD-6049,2024-07-25,East,Web,693
ORD-6050,2024-07-25,East,Partner,487
ORD-6051,2024-07-14,West,Web,508
ORD-6052,2024-07-27,South,Web,412
ORD-6053,2024-07-12,West,Retail,618
ORD-6054,2024-07-24,North,Retail,420
ORD-6055,2024-07-11,South,Partner,637
ORD-6056,2024-07-23,North,Partner,656
ORD-6057,2024-07-04,North,Partner,463
ORD-6058,2024-07-23,South,Web,618
ORD-6059,2024-07-13,South,Web,478
ORD-6060,2024-07-02,North,Web,522
ORD-6061,2024-07-12,South,Retail,479
ORD-6062,2024-07-28,West,Web,594
ORD-6063,2024-07-18,South,Retail,511
ORD-6064,2024-07-02,East,Retail,693
ORD-6065,2024-07-25,North,Partner,350
ORD-6066,2024-07-26,South,Web,521
ORD-6067,2024-07-17,East,Partner,535
ORD-6068,2024-07-12,South,Retail,589
ORD-6069,2024-07-21,West,Partner,577
ORD-6070,2024-07-05,South,Web,545
ORD-6071,2024-07-08,South,Retail,573
ORD-6072,2024-07-12,West,Partner,564
ORD-6073,2024-07-26,East,Partner,490
ORD-6074,2024-07-08,East,Partner,415
ORD-6075,2024-07-28,North,Partner,398
ORD-6076,2024-07-23,South,Web,467
ORD-6077,2024-07-09,East,Web,361
ORD-6078,2024-07-12,East,Web,629
ORD-6079,2024-07-03,East,Partner,419
ORD-6080,2024-07-08,West,Partner,518
ORD-6081,2024-07-21,West,Web,564
ORD-6082,2024-07-14,West,Partner,542
ORD-6083,2024-07-21,South,Partner,530
ORD-6084,2024-07-08,South,Partner,538
ORD-6085,2024-07-16,North,Web,544
ORD-6086,2024-07-15,West,Retail,567
ORD-6087,2024-07-27,South,Retail,469
ORD-6088,2024-07-13,East,Web,437
ORD-6089,2024-07-12,West,Web,631
ORD-6090,2024-07-11,West,Web,329
ORD-6091,2024-07-23,North,Partner,590
ORD-6092,2024-07-28,West,Web,519
ORD-6093,2024-07-05,East,Retail,654
ORD-6094,2024-07-18,South,Web,346
ORD-6095,2024-07-22,South,Web,496
ORD-6096,2024-07-11,South,Retail,377
ORD-6097,2024-07-28,East,Retail,489
ORD-6098,2024-07-02,West,Partner,382
ORD-6099,2024-07-14,South,Web,611
ORD-6100,2024-07-10,East,Web,521
ORD-6101,2024-07-08,South,Retail,467
ORD-6102,2024-07-27,North,Web,451
ORD-6103,2024-07-24,West,Retail,628
ORD-6104,2024-07-06,South,Web,486
ORD-6105,2024-07-24,North,Partner,593
ORD-6106,2024-07-12,North,Partner,501
ORD-6107,2024-07-17,West,Web,413
ORD-6108,2024-07-14,East,Retail,480
ORD-6109,2024-07-19,South,Partner,553
ORD-6110,2024-07-07,West,Retail,683
ORD-6111,2024-07-22,South,Partner,419
ORD-6112,2024-07-15,East,Partner,548
ORD-6113,2024-07-17,East,Partner,480
ORD-6114,2024-07-17,East,Partner,532
ORD-6115,2024-07-04,North,Web,569
ORD-6116,2024-07-03,East,Web,624
ORD-6117,2024-07-07,West,Retail,590
ORD-6118,2024-07-23,East,Partner,565
ORD-6119,2024-07-13,North,Web,405
ORD-6120,2024-07-02,West,Retail,490
ORD-6121,2024-07-03,South,Web,467
ORD-6122,2024-07-08,East,Retail,309
ORD-6123,2024-07-27,North,Partner,518
ORD-6124,2024-07-18,East,Retail,477
ORD-6125,2024-07-19,East,Retail,489
ORD-6126,2024-07-08,East,Partner,569
ORD-6127,2024-07-17,West,Retail,464
ORD-6128,2024-07-18,West,Retail,582
ORD-6129,2024-07-27,North,Web,530
ORD-6130,2024-07-24,South,Partner,433
ORD-6131,2024-07-24,South,Web,512
ORD-6132,2024-07-16,South,Partner,538
ORD-6133,2024-07-11,North,Retail,454
ORD-6134,2024-07-12,East,Web,470
ORD-6135,2024-07-18,South,Partner,558
ORD-6136,2024-07-11,West,Web,414
ORD-6137,2024-07-26,North,Web,525
ORD-6138,2024-07-13,South,Partner,443
ORD-6139,2024-07-16,West,Retail,653
ORD-6140,2024-07-22,West,Web,327
ORD-6141,2024-07-14,South,Web,424
ORD-6142,2024-07-23,West,Retail,439
ORD-6143,2024-07-20,North,Web,608
ORD-6144,2024-07-03,South,Web,324
ORD-6145,2024-07-04,East,Retail,519
ORD-6146,2024-07-26,East,Web,477
ORD-6147,2024-07-12,East,Retail,462
ORD-6148,2024-07-02,West,Partner,501
ORD-6149,2024-07-22,South,Web,396
ORD-6150,2024-07-16,East,Web,574
ORD-6151,2024-07-27,North,Web,529
ORD-6152,2024-07-27,West,Web,463
ORD-6153,2024-07-22,North,Partner,525
ORD-6154,2024-07-22,North,Retail,583
ORD-6155,2024-07-26,North,Partner,504
ORD-6156,2024-07-06,North,Retail,440
ORD-6157,2024-07-10,North,Retail,430
ORD-6158,2024-07-02,West,Web,520
ORD-6159,2024-07-17,South,Partner,654
ORD-6160,2024-07-16,South,Web,530
ORD-6161,2024-07-09,East,Web,472
ORD-6162,2024-07-07,North,Web,483
ORD-6163,2024-07-19,West,Partner,519
ORD-6164,2024-07-24,West,Retail,480
ORD-6165,2024-07-04,East,Web,548
ORD-6166,2024-07-05,West,Partner,417
ORD-6167,2024-07-07,South,Web,483
ORD-6168,2024-07-25,West,Retail,598
ORD-6169,2024-07-14,North,Retail,477
ORD-6170,2024-07-20,East,Partner,440
ORD-6171,2024-07-12,East,Web,700
ORD-6172,2024-07-04,South,Partner,602
ORD-6173,2024-07-15,North,Web,552
ORD-6174,2024-07-01,West,Partner,352
ORD-6175,2024-07-12,West,Partner,521
ORD-6176,2024-07-22,East,Partner,488
ORD-6177,2024-07-27,North,Retail,443
ORD-6178,2024-07-04,East,Web,552
ORD-6179,2024-07-13,East,Partner,648
ORD-6180,2024-07-21,East,Web,569
ORD-6181,2024-07-05,East,Partner,408
ORD-6182,2024-07-18,West,Partner,517
ORD-6183,2024-07-19,East,Retail,558
ORD-6184,2024-07-01,South,Partner,482
ORD-6185,2024-07-07,West,Web,390
ORD-6186,2024-07-09,East,Retail,535
ORD-6187,2024-07-08,North,Web,517
ORD-6188,2024-07-25,North,Retail,477
ORD-6189,2024-07-19,West,Partner,313
ORD-6190,2024-07-11,East,Retail,460
ORD-6191,2024-07-15,North,Web,428
ORD-6192,2024-07-18,South,Retail,542
ORD-6193,2024-07-21,West,Partner,612
ORD-6194,2024-07-02,West,Web,580
ORD-6195,2024-07-14,North,Partner,293
ORD-6196,2024-07-12,East,Web,366
ORD-6197,2024-07-01,West,Retail,602
ORD-6198,2024-07-28,North,Retail,587
ORD-6199,2024-07-08,West,Web,332
ORD-6200,2024-07-07,South,Retail,593
ORD-6201,2024-07-01,East,Partner,590
ORD-6202,2024-07-24,West,Retail,485
ORD-6203,2024-07-17,North,Web,550
ORD-6204,2024-07-21,North,Web,585
ORD-6205,2024-07-07,North,Retail,632
ORD-6206,2024-07-28,South,Web,548
ORD-6207,2024-07-09,East,Retail,565
ORD-6208,2024-07-10,West,Retail,606
ORD-6209,2024-07-13,South,Retail,494
ORD-6210,2024-07-24,East,Web,570
ORD-6211,2024-07-11,East,Partner,494
ORD-6212,2024-07-05,East,Retail,669
ORD-6213,2024-07-05,East,Retail,504
ORD-6214,2024-07-11,South,Web,578
ORD-6215,2024-07-10,West,Retail,556
ORD-6216,2024-07-06,North,Partner,432
ORD-6217,2024-07-15,South,Web,416
ORD-6218,2024-07-14,North,Web,658
ORD-6219,2024-07-22,West,Partner,459
ORD-6220,2024-07-27,East,Web,492
ORD-6221,2024-07-09,South,Web,610
ORD-6222,2024-07-05,West,Retail,586
ORD-6223,2024-07-20,North,Partner,296
ORD-6224,2024-07-18,South,Partner,631
ORD-6225,2024-07-26,North,Partner,440
ORD-6226,2024-07-22,West,Retail,467
ORD-6227,2024-07-03,East,Web,642
ORD-6228,2024-07-05,East,Partner,609
ORD-6229,2024-07-22,South,Partner,567
ORD-6230,2024-07-27,West,Partner,618
ORD-6231,2024-07-06,South,Web,418
ORD-6232,2024-07-26,East,Web,497
ORD-6233,2024-07-24,East,Partner,633
ORD-6234,2024-07-02,East,Partner,503
ORD-6235,2024-07-04,West,Partner,601
ORD-6236,2024-07-10,South,Web,508
ORD-6237,2024-07-11,North,Web,470
ORD-6238,2024-07-03,East,Retail,411
ORD-6239,2024-07-06,West,Partner,448
ORD-6240,2024-07-14,East,Retail,514
ORD-6241,2024-07-19,West,Retail,553
ORD-6242,2024-07-10,East,Partner,580
ORD-6243,2024-07-09,South,Web,547
ORD-6244,2024-07-04,West,Retail,600
ORD-6245,2024-07-10,West,Web,512
ORD-6246,2024-07-01,East,Web,418
ORD-6247,2024-07-04,East,Retail,288
ORD-6248,2024-07-12,East,Partner,474
ORD-6249,2024-07-03,East,Web,544
ORD-6250,2024-07-20,West,Retail,516
ORD-6251,2024-07-03,South,Partner,442
ORD-6252,2024-07-15,South,Retail,541
ORD-6253,2024-07-26,East,Partner,515
ORD-6254,2024-07-16,East,Partner,578
ORD-6255,2024-07-25,North,Web,290
ORD-6256,2024-07-08,East,Web,616
ORD-6257,2024-07-07,South,Partner,534
ORD-6258,2024-07-03,North,Partner,422
ORD-6259,2024-07-18,West,Partner,453
ORD-6260,2024-07-08,North,Web,553
ORD-6261,2024-07-11,East,Partner,556
ORD-6262,2024-07-18,West,Web,471
ORD-6263,2024-07-22,South,Partner,476
ORD-6264,2024-07-11,South,Web,604
ORD-6265,2024-07-23,East,Partner,571
ORD-6266,2024-07-11,South,Web,621
ORD-6267,2024-07-15,East,Partner,478
ORD-6268,2024-07-08,East,Retail,414
ORD-6269,2024-07-18,East,Retail,438
ORD-6270,2024-07-18,West,Retail,436
ORD-6271,2024-07-02,East,Web,183
ORD-6272,2024-07-01,South,Web,495
ORD-6273,2024-07-25,West,Partner,574
ORD-6274,2024-07-20,East,Retail,460
ORD-6275,2024-07-19,South,Retail,425
ORD-6276,2024-07-07,South,Partner,474
ORD-6277,2024-07-15,East,Web,541
ORD-6278,2024-07-10,North,Retail,531
ORD-6279,2024-07-12,West,Retail,410
ORD-6280,2024-07-03,East,Partner,549
ORD-6281,2024-07-11,East,Partner,504
ORD-6282,2024-07-10,West,Retail,470
ORD-6283,2024-07-08,West,Web,599
ORD-6284,2024-07-22,North,Partner,489
ORD-6285,2024-07-24,West,Retail,371
ORD-6286,2024-07-22,East,Retail,582
ORD-6287,2024-07-08,South,Web,376
ORD-6288,2024-07-18,South,Web,458
ORD-6289,2024-07-02,East,Web,605
ORD-6290,2024-07-02,South,Web,332
ORD-6291,2024-07-18,South,Retail,517
ORD-6292,2024-07-15,West,Partner,541
ORD-6293,2024-07-23,West,Web,508
ORD-6294,2024-07-07,South,Retail,583
ORD-6295,2024-07-15,East,Partner,510
ORD-6296,2024-07-23,West,Partner,498
ORD-6297,2024-07-18,East,Web,332
ORD-6298,2024-07-09,South,Web,562
ORD-6299,2024-07-08,South,Partner,341
ORD-6300,2024-08-17,West,Partner,502
ORD-6301,2024-08-06,East,Partner,574
ORD-6302,2024-08-27,West,Web,398
ORD-6303,2024-08-06,North,Web,498
ORD-6304,2024-08-01,West,Partner,440
ORD-6305,2024-08-04,North,Partner,663
ORD-6306,2024-08-04,West,Partner,288
ORD-6307,2024-08-12,East,Web,668
ORD-6308,2024-08-14,North,Retail,456
ORD-6309,2024-08-05,East,Retail,435
ORD-6310,2024-08-19,South,Web,444
ORD-6311,2024-08-05,South,Partner,426
ORD-6312,2024-08-28,North,Web,499
ORD-6313,2024-08-24,East,Retail,453
ORD-6314,2024-08-27,East,Web,447
ORD-6315,2024-08-03,North,Web,563
ORD-6316,2024-08-21,South,Partner,556
ORD-6317,2024-08-25,South,Retail,561
ORD-6318,2024-08-09,North,Web,397
ORD-6319,2024-08-25,South,Retail,539
ORD-6320,2024-08-15,East,Partner,463
ORD-6321,2024-08-25,North,Partner,387
ORD-6322,2024-08-03,South,Partner,554
ORD-6323,2024-08-16,North,Web,564
ORD-6324,2024-08-26,South,Retail,576
ORD-6325,2024-08-06,North,Web,520
ORD-6326,2024-08-24,South,Retail,458
ORD-6327,2024-08-06,North,Retail,587
ORD-6328,2024-08-04,South,Partner,348
ORD-6329,2024-08-03,East,Web,690
ORD-6330,2024-08-24,North,Web,645
ORD-6331,2024-08-21,West,Partner,530
ORD-6332,2024-08-07,East,Web,595
ORD-6333,2024-08-28,South,Web,392
ORD-6334,2024-08-09,East,Retail,357
ORD-6335,2024-08-08,East,Retail,680
ORD-6336,2024-08-24,South,Retail,515
ORD-6337,2024-08-09,West,Partner,646
ORD-6338,2024-08-16,South,Retail,530
ORD-6339,2024-08-14,South,Web,521
ORD-6340,2024-08-18,North,Retail,505
ORD-6341,2024-08-22,West,Web,476
ORD-6342,2024-08-17,South,Retail,383
ORD-6343,2024-08-27,North,Web,602
ORD-6344,2024-08-04,South,Retail,548
ORD-6345,2024-08-28,West,Web,441
ORD-6346,2024-08-12,South,Retail,351
ORD-6347,2024-08-06,South,Retail,421
ORD-6348,2024-08-06,East,Partner,605
ORD-6349,2024-08-12,East,Retail,569
ORD-6350,2024-08-12,South,Partner,429
ORD-6351,2024-08-14,East,Web,388
ORD-6352,2024-08-26,South,Retail,426
ORD-6353,2024-08-25,North,Partner,494
ORD-6354,2024-08-16,East,Retail,614
ORD-6355,2024-08-20,South,Retail,535
ORD-6356,2024-08-21,South,Partner,455
ORD-6357,2024-08-04,East,Web,513
ORD-6358,2024-08-01,East,Retail,638
ORD-6359,2024-08-19,South,Web,425
ORD-6360,2024-08-02,South,Partner,581
ORD-6361,2024-08-03,North,Partner,408
ORD-6362,2024-08-22,West,Partner,622
ORD-6363,2024-08-20,West,Partner,525
ORD-6364,2024-08-08,East,Web,458
ORD-6365,2024-08-07,North,Partner,495
ORD-6366,2024-08-05,West,Retail,587
ORD-6367,2024-08-07,North,Web,605
ORD-6368,2024-08-25,North,Web,480
ORD-6369,2024-08-27,South,Web,494
ORD-6370,2024-08-11,West,Retail,526
ORD-6371,2024-08-26,North,Retail,517
ORD-6372,2024-08-05,West,Retail,404
ORD-6373,2024-08-11,West,Web,591
ORD-6374,2024-08-04,West,Web,597
ORD-6375,2024-08-18,South,Partner,507
ORD-6376,2024-08-01,North,Web,403
ORD-6377,2024-08-17,North,Web,581
ORD-6378,2024-08-07,West,Partner,511
ORD-6379,2024-08-28,North,Web,500
ORD-6380,2024-08-03,East,Retail,646
ORD-6381,2024-08-17,South,Partner,627
ORD-6382,2024-08-10,South,Retail,325
ORD-6383,2024-08-23,East,Partner,523
ORD-6384,2024-08-25,West,Web,358
ORD-6385,2024-08-13,South,Web,327
ORD-6386,2024-08-12,North,Partner,304
ORD-6387,2024-08-28,East,Web,548
ORD-6388,2024-08-19,East,Retail,386
ORD-6389,2024-08-06,South,Web,493
ORD-6390,2024-08-13,North,Retail,493
ORD-6391,2024-08-27,East,Web,501
ORD-6392,2024-08-01,West,Partner,573
ORD-6393,2024-08-21,South,Partner,636
ORD-6394,2024-08-06,North,Partner,422
ORD-6395,2024-08-22,West,Partner,348
ORD-6396,2024-08-21,North,Web,475
ORD-6397,2024-08-15,South,Web,368
ORD-6398,2024-08-17,North,Retail,485
ORD-6399,2024-08-17,West,Retail,514
ORD-6400,2024-08-13,West,Partner,658
ORD-6401,2024-08-27,North,Partner,521
ORD-6402,2024-08-03,East,Partner,460
ORD-6403,2024-08-20,East,Partner,562
ORD-6404,2024-08-24,East,Retail,530
ORD-6405,2024-08-08,South,Partner,577
ORD-6406,2024-08-27,North,Retail,482
ORD-6407,2024-08-13,East,Retail,519
ORD-6408,2024-08-07,South,Partner,694
ORD-6409,2024-08-20,West,Partner,550
ORD-6410,2024-08-03,South,Web,516
ORD-6411,2024-08-17,South,Web,419
ORD-6412,2024-08-26,East,Retail,305
ORD-6413,2024-08-14,South,Web,456
ORD-6414,2024-08-05,West,Retail,738
ORD-6415,2024-08-10,North,Retail,515
ORD-6416,2024-08-06,West,Web,517
ORD-6417,2024-08-10,North,Web,410
ORD-6418,2024-08-21,West,Retail,530
ORD-6419,2024-08-18,East,Partner,647
ORD-6420,2024-08-09,West,Partner,436
ORD-6421,2024-08-01,North,Web,410
ORD-6422,2024-08-10,West,Partner,412
ORD-6423,2024-08-08,East,Retail,475
ORD-6424,2024-08-09,East,Web,497
ORD-6425,2024-08-28,North,Partner,577
ORD-6426,2024-08-05,North,Retail,377
ORD-6427,2024-08-01,East,Web,599
ORD-6428,2024-08-02,West,Web,439
ORD-6429,2024-08-14,North,Retail,465
ORD-6430,2024-08-11,East,Web,556
ORD-6431,2024-08-09,North,Web,480
ORD-6432,2024-08-17,North,Web,612
ORD-6433,2024-08-02,South,Retail,712
ORD-6434,2024-08-12,South,Web,656
ORD-6435,2024-08-22,East,Web,515
ORD-6436,2024-08-19,East,Retail,521
ORD-6437,2024-08-23,North,Web,392
ORD-6438,2024-08-22,East,Retail,574
ORD-6439,2024-08-08,South,Web,605
ORD-6440,2024-08-07,North,Web,434
ORD-6441,2024-08-22,South,Partner,498
ORD-6442,2024-08-24,West,Web,619
ORD-6443,2024-08-27,West,Partner,408
ORD-6444,2024-08-15,West,Partner,462
ORD-6445,2024-08-06,South,Web,620
ORD-6446,2024-08-03,West,Retail,529
ORD-6447,2024-08-22,South,Partner,308
ORD-6448,2024-08-27,North,Retail,582
ORD-6449,2024-08-05,South,Web,489
ORD-6450,2024-08-28,West,Web,456
ORD-6451,2024-08-17,North,Retail,501
ORD-6452,2024-08-21,West,Partner,454
ORD-6453,2024-08-12,North,Partner,472
ORD-6454,2024-08-12,South,Retail,528
ORD-6455,2024-08-18,East,Retail,434
ORD-6456,2024-08-27,West,Retail,567
ORD-6457,2024-08-24,North,Retail,545
ORD-6458,2024-08-28,South,Partner,564
ORD-6459,2024-08-06,East,Web,437
ORD-6460,2024-08-22,North,Partner,678
ORD-6461,2024-08-23,South,Partner,442
ORD-6462,2024-08-25,West,Retail,477
ORD-6463,2024-08-17,North,Retail,636
ORD-6464,2024-08-13,South,Retail,617
ORD-6465,2024-08-14,East,Web,485
ORD-6466,2024-08-01,East,Partner,547
ORD-6467,2024-08-07,East,Web,476
ORD-6468,2024-08-19,South,Partner,505
ORD-6469,2024-08-08,East,Partner,599
ORD-6470,2024-08-05,East,Retail,507
ORD-6471,2024-08-25,West,Partner,495
ORD-6472,2024-08-26,West,Web,374
ORD-6473,2024-08-15,North,Retail,493
ORD-6474,2024-08-09,West,Partner,556
ORD-6475,2024-08-19,West,Retail,395
ORD-6476,2024-08-26,North,Retail,588
ORD-6477,2024-08-24,East,Web,563
ORD-6478,2024-08-19,South,Web,454
ORD-6479,2024-08-02,West,Retail,583
ORD-6480,2024-08-09,West,Partner,447
ORD-6481,2024-08-16,South,Web,498
ORD-6482,2024-08-23,North,Retail,480
ORD-6483,2024-08-14,West,Retail,445
ORD-6484,2024-08-20,West,Partner,650
ORD-6485,2024-08-06,West,Web,533
ORD-6486,2024-08-16,East,Retail,431
ORD-6487,2024-08-28,North,Retail,605
ORD-6488,2024-08-09,North,Web,567
ORD-6489,2024-08-25,North,Partner,364
ORD-6490,2024-08-01,North,Retail,575
ORD-6491,2024-08-18,North,Retail,389
ORD-6492,2024-08-06,West,Partner,653
ORD-6493,2024-08-07,East,Web,444
ORD-6494,2024-08-01,East,Web,641
ORD-6495,2024-08-11,South,Retail,439
ORD-6496,2024-08-20,South,Web,480
ORD-6497,2024-08-24,South,Web,667
ORD-6498,2024-08-07,East,Web,411
ORD-6499,2024-08-10,West,Partner,561
ORD-6500,2024-08-27,East,Web,436
ORD-6501,2024-08-25,North,Web,298
ORD-6502,2024-08-15,East,Web,509
ORD-6503,2024-08-11,East,Retail,464
ORD-6504,2024-08-03,West,Web,662
ORD-6505,2024-08-22,East,Retail,694
ORD-6506,2024-08-23,South,Retail,452
ORD-6507,2024-08-24,South,Partner,460
ORD-6508,2024-08-08,South,Retail,670
ORD-6509,2024-08-09,East,Partner,432
ORD-6510,2024-08-07,South,Web,626
ORD-6511,2024-08-17,East,Retail,399
ORD-6512,2024-08-20,South,Web,440
ORD-6513,2024-08-23,West,Retail,594
ORD-6514,2024-08-04,West,Web,403
ORD-6515,2024-08-07,South,Retail,471
ORD-6516,2024-08-25,North,Retail,487
ORD-6517,2024-08-12,South,Partner,571
ORD-6518,2024-08-02,North,Partner,706
ORD-6519,2024-08-08,East,Retail,487
ORD-6520,2024-08-01,West,Web,443
ORD-6521,2024-08-22,East,Retail,496
ORD-6522,2024-08-27,West,Partner,528
ORD-6523,2024-08-11,North,Partner,446
ORD-6524,2024-08-14,East,Partner,416
ORD-6525,2024-08-07,West,Web,519
ORD-6526,2024-08-20,North,Retail,691
ORD-6527,2024-08-01,East,Partner,516
ORD-6528,2024-08-16,West,Retail,372
ORD-6529,2024-08-25,East,Retail,525
ORD-6530,2024-08-07,South,Web,549
ORD-6531,2024-08-23,West,Partner,489
ORD-6532,2024-08-25,North,Retail,450
ORD-6533,2024-08-24,North,Retail,605
ORD-6534,2024-08-04,East,Retail,487
ORD-6535,2024-08-21,South,Partner,485
ORD-6536,2024-08-06,West,Web,563
ORD-6537,2024-08-10,North,Retail,467
ORD-6538,2024-08-25,West,Retail,394
ORD-6539,2024-08-11,East,Retail,592
ORD-6540,2024-08-03,West,Web,726
ORD-6541,2024-08-08,North,Retail,374
ORD-6542,2024-08-02,North,Retail,317
ORD-6543,2024-08-07,South,Retail,543
ORD-6544,2024-08-10,West,Retail,597
ORD-6545,2024-08-02,East,Web,450
ORD-6546,2024-08-04,West,Partner,469
ORD-6547,2024-08-04,East,Partner,483
ORD-6548,2024-08-22,North,Web,429
ORD-6549,2024-08-05,East,Web,509
ORD-6550,2024-08-18,South,Web,387
ORD-6551,2024-08-19,North,Web,609
ORD-6552,2024-08-07,West,Web,493
ORD-6553,2024-08-22,West,Retail,482
ORD-6554,2024-08-04,South,Web,456
ORD-6555,2024-08-05,West,Web,527
ORD-6556,2024-08-23,South,Partner,473
ORD-6557,2024-08-22,North,Web,426
ORD-6558,2024-08-15,East,Retail,548
ORD-6559,2024-08-18,East,Web,639
ORD-6560,2024-08-12,West,Retail,603
ORD-6561,2024-08-04,West,Retail,611
ORD-6562,2024-08-25,East,Retail,470
ORD-6563,2024-08-01,West,Partner,485
ORD-6564,2024-08-09,West,Partner,487
ORD-6565,2024-08-14,North,Partner,425
ORD-6566,2024-08-05,South,Retail,509
ORD-6567,2024-08-03,East,Retail,416
ORD-6568,2024-08-19,East,Web,569
ORD-6569,2024-08-07,East,Partner,371
ORD-6570,2024-08-23,West,Web,363
ORD-6571,2024-08-18,East,Retail,569
ORD-6572,2024-08-04,East,Partner,514
ORD-6573,2024-08-14,South,Partner,401
ORD-6574,2024-08-24,North,Partner,393
ORD-6575,2024-08-23,South,Web,515
ORD-6576,2024-08-02,East,Partner,445
ORD-6577,2024-08-25,West,Partner,658
ORD-6578,2024-08-25,East,Web,450
ORD-6579,2024-08-26,North,Web,362
ORD-6580,2024-08-27,North,Web,393
ORD-6581,2024-08-06,North,Partner,517
ORD-6582,2024-08-02,West,Web,414
ORD-6583,2024-08-04,East,Partner,549
ORD-6584,2024-08-28,East,Retail,436
ORD-6585,2024-08-26,South,Web,540
ORD-6586,2024-08-21,West,Partner,417
ORD-6587,2024-08-01,North,Web,379
ORD-6588,2024-08-15,East,Partner,409
ORD-6589,2024-08-04,South,Retail,583
ORD-6590,2024-08-26,West,Partner,482
ORD-6591,2024-08-13,North,Partner,459
ORD-6592,2024-08-08,North,Retail,437
ORD-6593,2024-08-05,North,Web,575
ORD-6594,2024-08-17,East,Retail,578
ORD-6595,2024-08-15,North,Web,414
ORD-6596,2024-08-28,North,Web,476
ORD-6597,2024-08-07,South,Retail,542
ORD-6598,2024-08-21,South,Retail,386
ORD-6599,2024-08-16,East,Retail,514
ORD-6600,2024-08-11,West,Web,412
ORD-6601,2024-08-04,South,Web,435
ORD-6602,2024-08-13,East,Partner,476
ORD-6603,2024-08-27,North,Retail,433
ORD-6604,2024-08-03,West,Retail,537
ORD-6605,2024-08-20,South,Retail,546
ORD-6606,2024-08-22,East,Retail,482
ORD-6607,2024-08-01,West,Web,650
ORD-6608,2024-08-14,North,Partner,432
ORD-6609,2024-08-03,West,Retail,448
ORD-6610,2024-08-01,North,Web,520
ORD-6611,2024-08-14,East,Retail,460
ORD-6612,2024-08-27,West,Web,498
ORD-6613,2024-08-14,East,Partner,577
ORD-6614,2024-08-14,West,Retail,551
ORD-6615,2024-08-13,South,Retail,601
ORD-6616,2024-08-15,South,Partner,494
ORD-6617,2024-08-03,West,Web,545
ORD-6618,2024-08-26,West,Partner,390
ORD-6619,2024-08-11,West,Partner,425
ORD-6620,2024-08-11,South,Retail,468
ORD-6621,2024-08-26,West,Web,445
ORD-6622,2024-08-19,West,Web,457
ORD-6623,2024-08-06,West,Partner,392
ORD-6624,2024-08-16,North,Web,683
ORD-6625,2024-08-21,West,Retail,406
ORD-6626,2024-08-27,West,Partner,479
ORD-6627,2024-08-14,North,Partner,562
ORD-6628,2024-08-18,South,Retail,439
ORD-6629,2024-08-27,East,Retail,572
ORD-6630,2024-08-24,North,Retail,591
ORD-6631,2024-08-13,East,Retail,410
ORD-6632,2024-08-15,North,Retail,462
ORD-6633,2024-08-06,South,Web,469
ORD-6634,2024-08-27,West,Retail,407
ORD-6635,2024-08-05,South,Retail,428
ORD-6636,2024-08-07,North,Retail,519
ORD-6637,2024-08-20,North,Web,471
ORD-6638,2024-08-25,South,Partner,551
ORD-6639,2024-08-16,West,Retail,456
ORD-6640,2024-08-10,South,Retail,419
ORD-6641,2024-08-14,North,Retail,545
ORD-6642,2024-08-25,West,Retail,474
ORD-6643,2024-08-22,North,Retail,529
ORD-6644,2024-08-28,South,Web,461
ORD-6645,2024-08-02,South,Web,442
ORD-6646,2024-08-17,North,Web,425
ORD-6647,2024-08-24,South,Web,487
ORD-6648,2024-08-28,West,Retail,424
ORD-6649,2024-08-17,West,Partner,464
ORD-6650,2024-08-09,North,Retail,572
ORD-6651,2024-08-27,North,Partner,669
ORD-6652,2024-08-06,South,Partner,510
ORD-6653,2024-08-11,East,Web,587
ORD-6654,2024-08-22,East,Retail,604
ORD-6655,2024-08-01,South,Retail,472
ORD-6656,2024-08-22,South,Retail,524
ORD-6657,2024-08-01,East,Partner,541
ORD-6658,2024-08-09,East,Web,649
ORD-6659,2024-08-12,North,Retail,445
ORD-6660,2024-08-11,West,Retail,593
ORD-6661,2024-08-03,West,Retail,525
ORD-6662,2024-08-15,West,Web,354
ORD-6663,2024-08-04,North,Web,518
ORD-6664,2024-08-28,West,Partner,303
ORD-6665,2024-08-06,South,Retail,369
ORD-6666,2024-08-28,East,Retail,545
ORD-6667,2024-08-08,North,Partner,420
ORD-6668,2024-08-03,West,Retail,385
ORD-6669,2024-08-09,West,Retail,459
ORD-6670,2024-08-28,East,Partner,503
ORD-6671,2024-08-27,East,Web,553
ORD-6672,2024-08-14,West,Web,538
ORD-6673,2024-08-15,East,Partner,365
ORD-6674,2024-08-18,East,Retail,418
ORD-6675,2024-08-02,West,Partner,359
ORD-6676,2024-08-08,North,Web,422
ORD-6677,2024-08-12,West,Retail,487
ORD-6678,2024-08-14,South,Retail,519
ORD-6679,2024-08-09,South,Retail,498
ORD-6680,2024-08-17,East,Web,497
ORD-6681,2024-08-03,South,Retail,405
ORD-6682,2024-08-22,North,Web,531
ORD-6683,2024-08-15,West,Partner,475
ORD-6684,2024-08-16,East,Partner,584
ORD-6685,2024-08-21,South,Web,365
ORD-6686,2024-08-14,South,Web,500
ORD-6687,2024-08-21,East,Retail,471
ORD-6688,2024-08-10,North,Retail,557
ORD-6689,2024-08-26,North,Web,739
ORD-6690,2024-08-04,East,Web,486
ORD-6691,2024-08-08,North,Retail,473
ORD-6692,2024-08-18,West,Retail,477
ORD-6693,2024-08-03,North,Partner,594
ORD-6694,2024-08-20,North,Partner,531
ORD-6695,2024-08-03,North,Web,669
ORD-6696,2024-08-06,South,Retail,586
ORD-6697,2024-08-19,South,Partner,483
ORD-6698,2024-08-10,South,Web,600
ORD-6699,2024-08-15,East,Partner,446
ORD-6700,2024-08-27,East,Web,511
ORD-6701,2024-08-12,North,Partner,490
ORD-6702,2024-08-26,East,Retail,372
ORD-6703,2024-08-28,East,Web,500
ORD-6704,2024-08-27,East,Web,525
ORD-6705,2024-08-01,North,Partner,430
ORD-6706,2024-08-03,East,Partner,431
ORD-6707,2024-08-13,South,Web,387
ORD-6708,2024-08-02,North,Retail,475
ORD-6709,2024-08-01,West,Partner,442
ORD-6710,2024-08-10,East,Partner,354
ORD-6711,2024-08-18,North,Retail,468
ORD-6712,2024-08-26,West,Partner,566
ORD-6713,2024-08-28,South,Retail,461
ORD-6714,2024-08-27,South,Web,509
ORD-6715,2024-08-12,East,Web,578
ORD-6716,2024-08-27,West,Partner,440
ORD-6717,2024-08-06,East,Web,596
ORD-6718,2024-08-04,East,Web,695
ORD-6719,2024-08-03,West,Partner,352
ORD-6720,2024-08-16,East,Web,600
ORD-6721,2024-08-10,West,Web,497
ORD-6722,2024-08-11,West,Retail,520
ORD-6723,2024-08-28,North,Partner,602
ORD-6724,2024-08-20,West,Partner,534
ORD-6725,2024-08-06,South,Partner,273
ORD-6726,2024-08-27,South,Partner,479
ORD-6727,2024-08-20,North,Web,475
ORD-6728,2024-08-28,East,Web,600
ORD-6729,2024-08-01,West,Retail,466
ORD-6730,2024-08-23,West,Retail,554
ORD-6731,2024-08-04,East,Retail,570
ORD-6732,2024-08-11,West,Web,429
ORD-6733,2024-08-17,North,Retail,462
ORD-6734,2024-08-13,South,Retail,421
ORD-6735,2024-08-14,West,Retail,456
ORD-6736,2024-08-17,West,Partner,694
ORD-6737,2024-08-08,East,Partner,466
ORD-6738,2024-08-27,East,Partner,586
ORD-6739,2024-08-12,South,Partner,489
ORD-6740,2024-08-17,West,Retail,538
ORD-6741,2024-08-27,North,Retail,601
ORD-6742,2024-08-23,West,Web,712
ORD-6743,2024-08-20,North,Retail,657
ORD-6744,2024-08-03,East,Web,476
ORD-6745,2024-08-05,West,Web,515
ORD-6746,2024-08-17,North,Partner,621
ORD-6747,2024-08-14,North,Partner,632
ORD-6748,2024-08-25,North,Partner,558
ORD-6749,2024-08-06,North,Retail,333
ORD-6750,2024-08-15,East,Retail,420
ORD-6751,2024-08-27,South,Partner,544
ORD-6752,2024-08-17,South,Web,418
ORD-6753,2024-08-01,South,Partner,357
ORD-6754,2024-08-02,West,Web,604
ORD-6755,2024-08-11,West,Retail,492
ORD-6756,2024-08-01,South,Partner,488
ORD-6757,2024-08-27,North,Web,488
ORD-6758,2024-08-19,East,Partner,512
ORD-6759,2024-08-05,West,Partner,507
ORD-6760,2024-08-23,North,Partner,327
ORD-6761,2024-08-12,East,Retail,598
ORD-6762,2024-08-16,East,Partner,627
ORD-6763,2024-08-28,East,Partner,620
ORD-6764,2024-08-24,West,Partner,500
ORD-6765,2024-08-12,South,Retail,357
ORD-6766,2024-08-08,West,Partner,680
ORD-6767,2024-08-03,North,Web,622
ORD-6768,2024-08-15,West,Retail,427
ORD-6769,2024-08-28,North,Web,497
ORD-6770,2024-08-19,East,Web,505
ORD-6771,2024-08-26,South,Partner,526
ORD-6772,2024-08-08,East,Web,494
ORD-6773,2024-08-24,South,Partner,419
ORD-6774,2024-08-05,West,Partner,626
ORD-6775,2024-08-12,North,Partner,421
ORD-6776,2024-08-15,East,Web,372
ORD-6777,2024-08-14,East,Web,473
ORD-6778,2024-08-08,South,Partner,358
ORD-6779,2024-08-04,North,Retail,683
ORD-6780,2024-08-06,South,Partner,320
ORD-6781,2024-08-02,West,Web,352
ORD-6782,2024-08-22,South,Retail,502
ORD-6783,2024-08-16,South,Retail,446
ORD-6784,2024-08-05,South,Web,509
ORD-6785,2024-08-20,North,Retail,384
ORD-6786,2024-08-09,South,Web,642
ORD-6787,2024-08-04,East,Partner,456
ORD-6788,2024-08-28,North,Partner,627
ORD-6789,2024-08-01,North,Partner,518
ORD-6790,2024-08-07,North,Web,490
ORD-6791,2024-08-22,North,Web,457
ORD-6792,2024-08-23,West,Partner,720
ORD-6793,2024-08-09,West,Partner,569
ORD-6794,2024-08-06,East,Partner,416
ORD-6795,2024-08-05,East,Web,528
ORD-6796,2024-08-06,North,Retail,528
ORD-6797,2024-08-14,North,Partner,541
ORD-6798,2024-08-26,East,Retail,531
ORD-6799,2024-08-11,East,Web,562
ORD-6800,2024-08-18,West,Retail,513
ORD-6801,2024-08-07,South,Retail,637
ORD-6802,2024-08-20,East,Web,488
ORD-6803,2024-08-02,East,Partner,463
ORD-6804,2024-08-11,North,Partner,415
ORD-6805,2024-08-14,West,Web,541
ORD-6806,2024-08-22,East,Retail,458
ORD-6807,2024-08-11,West,Web,279
ORD-6808,2024-08-17,West,Retail,578
ORD-6809,2024-08-25,East,Web,351
ORD-6810,2024-08-09,South,Web,519
ORD-6811,2024-08-19,North,Web,377
ORD-6812,2024-08-16,West,Partner,474
ORD-6813,2024-08-05,North,Web,605
ORD-6814,2024-08-18,West,Retail,462
ORD-6815,2024-08-16,West,Web,538
ORD-6816,2024-08-09,East,Retail,570
ORD-6817,2024-08-16,West,Web,625
ORD-6818,2024-08-03,West,Web,490
ORD-6819,2024-08-25,South,Retail,554
ORD-6820,2024-08-23,East,Partner,461
ORD-6821,2024-08-09,East,Web,432
ORD-6822,2024-08-08,North,Web,642
ORD-6823,2024-08-28,South,Retail,595
ORD-6824,2024-08-08,East,Retail,505
ORD-6825,2024-08-20,East,Partner,410
ORD-6826,2024-08-28,West,Web,408
ORD-6827,2024-08-04,West,Partner,535
ORD-6828,2024-08-16,West,Partner,642
ORD-6829,2024-08-09,South,Retail,451
ORD-6830,2024-08-14,North,Retail,524
ORD-6831,2024-08-07,South,Partner,531
ORD-6832,2024-08-22,South,Retail,670
ORD-6833,2024-08-26,South,Web,616
ORD-6834,2024-08-11,North,Web,509
ORD-6835,2024-08-11,West,Web,570
ORD-6836,2024-08-21,South,Web,515
ORD-6837,2024-08-17,South,Web,440
ORD-6838,2024-08-05,East,Web,512
ORD-6839,2024-08-11,East,Web,362
ORD-6840,2024-08-01,North,Retail,311
ORD-6841,2024-08-07,North,Retail,415
ORD-6842,2024-08-28,East,Retail,446
ORD-6843,2024-08-23,South,Web,428
ORD-6844,2024-08-05,South,Partner,442
ORD-6845,2024-08-18,South,Partner,651
ORD-6846,2024-08-03,West,Web,383
ORD-6847,2024-08-17,West,Partner,453
ORD-6848,2024-08-03,North,Web,413
ORD-6849,2024-08-27,East,Retail,467
ORD-6850,2024-08-16,South,Retail,491
ORD-6851,2024-08-09,South,Web,447
ORD-6852,2024-08-07,West,Web,467
ORD-6853,2024-08-20,West,Retail,522
ORD-6854,2024-08-09,North,Web,628
ORD-6855,2024-08-19,West,Web,528
ORD-6856,2024-08-11,South,Partner,454
ORD-6857,2024-08-13,South,Partner,583
ORD-6858,2024-08-07,North,Web,565
ORD-6859,2024-08-20,South,Retail,609
ORD-6860,2024-08-16,East,Retail,554
ORD-6861,2024-08-24,North,Retail,463
ORD-6862,2024-08-28,West,Partner,553
ORD-6863,2024-08-04,West,Retail,586
ORD-6864,2024-08-28,West,Partner,711
ORD-6865,2024-08-01,South,Retail,364
ORD-6866,2024-08-16,East,Retail,590
ORD-6867,2024-08-14,East,Web,500
ORD-6868,2024-08-18,North,Retail,445
ORD-6869,2024-08-28,East,Partner,389
ORD-6870,2024-08-02,East,Partner,431
ORD-6871,2024-08-03,West,Partner,689
ORD-6872,2024-08-06,East,Web,626
ORD-6873,2024-08-05,East,Retail,548
ORD-6874,2024-08-25,East,Retail,601
ORD-6875,2024-08-02,South,Retail,579
ORD-6876,2024-08-12,South,Retail,658
ORD-6877,2024-08-24,South,Partner,344
ORD-6878,2024-08-22,North,Partner,670
ORD-6879,2024-08-13,South,Web,537
ORD-6880,2024-08-07,South,Web,579
ORD-6881,2024-08-02,West,Partner,566
ORD-6882,2024-08-24,West,Retail,581
ORD-6883,2024-08-09,South,Partner,576
ORD-6884,2024-08-25,North,Retail,375
ORD-6885,2024-08-19,North,Partner,497
ORD-6886,2024-08-09,East,Retail,536
ORD-6887,2024-08-14,North,Retail,524
ORD-6888,2024-08-22,North,Web,478
ORD-6889,2024-08-08,South,Partner,334
ORD-6890,2024-08-13,East,Retail,621
ORD-6891,2024-08-22,East,Web,544
ORD-6892,2024-08-23,West,Partner,609
ORD-6893,2024-08-01,North,Web,612
ORD-6894,2024-08-17,North,Web,492
ORD-6895,2024-08-21,West,Partner,417
ORD-6896,2024-08-24,South,Retail,457
ORD-6897,2024-08-14,West,Partner,381
ORD-6898,2024-08-06,South,Partner,458
ORD-6899,2024-08-23,West,Partner,399
ORD-6900,2024-08-02,North,Web,349
ORD-6901,2024-08-17,North,Partner,481
ORD-6902,2024-08-24,North,Retail,557
ORD-6903,2024-08-10,West,Retail,512
ORD-6904,2024-08-14,East,Partner,408
ORD-6905,2024-08-17,North,Web,456
ORD-6906,2024-08-20,West,Web,534
ORD-6907,2024-08-17,West,Partner,432
ORD-6908,2024-08-02,North,Retail,502
ORD-6909,2024-08-06,East,Partner,448
ORD-6910,2024-08-21,South,Web,382
ORD-6911,2024-08-05,South,Partner,470
ORD-6912,2024-08-24,East,Partner,416
ORD-6913,2024-08-12,North,Web,332
ORD-6914,2024-08-12,East,Web,494
ORD-6915,2024-08-24,South,Web,556
ORD-6916,2024-08-27,South,Partner,660
ORD-6917,2024-08-24,South,Retail,615
ORD-6918,2024-08-21,South,Web,396
ORD-6919,2024-08-19,South,Web,620
ORD-6920,2024-08-12,West,Web,469
ORD-6921,2024-08-16,West,Partner,428
ORD-6922,2024-08-09,South,Partner,525
ORD-6923,2024-08-22,East,Partner,436
ORD-6924,2024-08-24,East,Web,567
ORD-6925,2024-08-15,East,Partner,409
ORD-6926,2024-08-09,East,Retail,544
ORD-6927,2024-08-19,North,Web,436
ORD-6928,2024-08-02,West,Retail,432
ORD-6929,2024-08-21,North,Retail,590
ORD-6930,2024-08-25,North,Web,481
ORD-6931,2024-08-17,North,Partner,538
ORD-6932,2024-08-14,East,Retail,474
ORD-6933,2024-08-15,East,Partner,427
ORD-6934,2024-08-21,South,Web,651
ORD-6935,2024-08-14,North,Partner,512
ORD-6936,2024-08-15,West,Partner,462
ORD-6937,2024-08-12,West,Web,384
ORD-6938,2024-08-17,South,Web,566
ORD-6939,2024-08-15,East,Partner,623
ORD-6940,2024-08-22,South,Web,648
ORD-6941,2024-08-19,South,Retail,551
ORD-6942,2024-08-15,West,Retail,449
ORD-6943,2024-08-10,South,Retail,597
ORD-6944,2024-08-07,South,Web,599
ORD-6945,2024-08-27,South,Web,418
ORD-6946,2024-08-03,South,Partner,542
ORD-6947,2024-08-25,South,Partner,503
ORD-6948,2024-08-27,South,Partner,541
ORD-6949,2024-08-05,South,Partner,576
ORD-6950,2024-08-15,North,Web,625
ORD-6951,2024-08-20,East,Retail,580
ORD-6952,2024-08-21,West,Web,505
ORD-6953,2024-08-02,South,Web,546
ORD-6954,2024-08-06,South,Web,528
ORD-6955,2024-08-18,East,Web,482
ORD-6956,2024-08-14,West,Web,628
ORD-6957,2024-08-09,East,Web,572
ORD-6958,2024-08-08,North,Retail,586
ORD-6959,2024-08-20,West,Web,432
ORD-6960,2024-08-27,South,Retail,493
ORD-6961,2024-08-08,South,Partner,344
ORD-6962,2024-08-20,North,Retail,390
ORD-6963,2024-08-09,North,Web,440
ORD-6964,2024-08-27,West,Retail,530
ORD-6965,2024-08-01,East,Partner,660
ORD-6966,2024-08-13,East,Retail,531
ORD-6967,2024-08-26,West,Retail,603
ORD-6968,2024-08-05,East,Web,491
ORD-6969,2024-08-18,East,Retail,576
ORD-6970,2024-08-03,West,Web,426
ORD-6971,2024-08-10,West,Web,738
ORD-6972,2024-08-23,East,Web,517
ORD-6973,2024-08-01,West,Retail,588
ORD-6974,2024-08-03,South,Partner,606
ORD-6975,2024-08-14,North,Partner,527
ORD-6976,2024-08-01,West,Partner,491
ORD-6977,2024-08-15,West,Web,461
ORD-6978,2024-08-27,North,Retail,342
ORD-6979,2024-08-10,West,Web,572
ORD-6980,2024-08-10,West,Retail,552
ORD-6981,2024-08-13,South,Retail,536
ORD-6982,2024-08-06,East,Web,463
ORD-6983,2024-08-14,West,Retail,592
ORD-6984,2024-08-13,East,Partner,550
ORD-6985,2024-08-13,North,Retail,407
ORD-6986,2024-08-23,South,Web,620
ORD-6987,2024-08-02,East,Retail,499
ORD-6988,2024-08-04,North,Retail,310
ORD-6989,2024-08-09,East,Partner,741
ORD-6990,2024-08-23,East,Web,472
ORD-6991,2024-08-21,North,Retail,475
ORD-6992,2024-08-04,West,Partner,598
ORD-6993,2024-08-25,West,Partner,465
ORD-6994,2024-08-10,South,Retail,467
ORD-6995,2024-08-07,East,Web,610
ORD-6996,2024-08-21,South,Partner,332
ORD-6997,2024-08-23,North,Retail,601
ORD-6998,2024-08-01,West,Partner,489
ORD-6999,2024-08-03,North,Web,579
ORD-7000,2024-08-25,North,Retail,453
ORD-7001,2024-08-02,South,Partner,689
ORD-7002,2024-08-11,West,Partner,499
ORD-7003,2024-08-16,South,Web,270
ORD-7004,2024-08-15,North,Partner,422
ORD-7005,2024-08-21,South,Web,414
ORD-7006,2024-08-19,East,Partner,508
ORD-7007,2024-08-26,West,Web,372
ORD-7008,2024-08-26,South,Partner,460
ORD-7009,2024-08-27,South,Retail,706
ORD-7010,2024-08-03,East,Partner,482
ORD-7011,2024-08-21,South,Web,538
ORD-7012,2024-08-10,South,Retail,395
ORD-7013,2024-08-21,North,Web,499
ORD-7014,2024-08-09,East,Partner,308
ORD-7015,2024-08-20,East,Retail,408
ORD-7016,2024-08-28,West,Web,525
ORD-7017,2024-08-07,North,Partner,268
ORD-7018,2024-08-15,South,Partner,498
ORD-7019,2024-08-06,East,Partner,438
ORD-7020,2024-08-17,North,Partner,532
ORD-7021,2024-08-09,North,Partner,547
ORD-7022,2024-08-08,North,Retail,481
ORD-7023,2024-08-26,East,Retail,523
ORD-7024,2024-08-07,North,Partner,517
ORD-7025,2024-08-14,West,Web,582
ORD-7026,2024-08-12,East,Web,446
ORD-7027,2024-08-07,North,Retail,499
ORD-7028,2024-08-11,North,Web,414
ORD-7029,2024-08-24,East,Web,470
ORD-7030,2024-08-13,South,Web,679
ORD-7031,2024-08-23,North,Partner,382
ORD-7032,2024-08-10,East,Web,510
ORD-7033,2024-08-10,East,Web,614
ORD-7034,2024-08-20,South,Web,631
ORD-7035,2024-08-06,West,Partner,536
ORD-7036,2024-08-11,West,Partner,551
ORD-7037,2024-08-06,West,Partner,574
ORD-7038,2024-08-07,West,Web,387
ORD-7039,2024-08-03,North,Retail,513
ORD-7040,2024-08-01,North,Partner,367
ORD-7041,2024-08-12,West,Retail,404
ORD-7042,2024-08-18,West,Web,578
ORD-7043,2024-08-15,North,Partner,384
ORD-7044,2024-08-15,South,Web,447
ORD-7045,2024-08-13,West,Retail,593
ORD-7046,2024-08-12,North,Partner,440
ORD-7047,2024-08-19,North,Partner,407
ORD-7048,2024-08-24,East,Retail,510
ORD-7049,2024-08-22,South,Retail,439
ORD-7050,2024-08-02,South,Web,514
ORD-7051,2024-08-09,West,Retail,557
ORD-7052,2024-08-15,East,Partner,418
ORD-7053,2024-08-14,South,Partner,368
ORD-7054,2024-08-10,North,Retail,669
ORD-7055,2024-08-19,North,Partner,589
ORD-7056,2024-08-28,East,Web,515
ORD-7057,2024-08-18,South,Retail,543
ORD-7058,2024-08-13,East,Partner,415
ORD-7059,2024-08-18,South,Web,650
ORD-7060,2024-08-05,North,Partner,534
ORD-7061,2024-08-06,East,Web,408
ORD-7062,2024-08-20,South,Retail,457
ORD-7063,2024-08-12,West,Web,505
ORD-7064,2024-08-06,South,Web,701
ORD-7065,2024-08-17,West,Web,575
ORD-7066,2024-08-16,South,Retail,427
ORD-7067,2024-08-10,West,Partner,379
ORD-7068,2024-08-01,West,Retail,360
ORD-7069,2024-08-09,South,Web,564
ORD-7070,2024-08-24,West,Web,551
ORD-7071,2024-08-11,North,Partner,577
ORD-7072,2024-08-10,South,Retail,525
ORD-7073,2024-08-15,South,Retail,596
ORD-7074,2024-08-23,East,Retail,485
ORD-7075,2024-08-27,West,Retail,516
ORD-7076,2024-08-08,East,Partner,649
ORD-7077,2024-08-21,West,Web,556
ORD-7078,2024-08-27,North,Web,490
ORD-7079,2024-08-06,North,Web,391
ORD-7080,2024-08-13,East,Retail,409
ORD-7081,2024-08-11,North,Partner,379
ORD-7082,2024-08-28,North,Web,505
ORD-7083,2024-08-14,South,Web,373
ORD-7084,2024-08-20,West,Retail,496
ORD-7085,2024-08-03,North,Web,508
ORD-7086,2024-08-21,West,Partner,422
ORD-7087,2024-08-02,South,Retail,441
ORD-7088,2024-08-10,West,Retail,488
ORD-7089,2024-08-09,West,Web,520
ORD-7090,2024-08-17,East,Retail,572
ORD-7091,2024-08-16,East,Retail,482
ORD-7092,2024-08-11,East,Web,601
ORD-7093,2024-08-05,East,Retail,516
ORD-7094,2024-08-24,West,Partner,518
ORD-7095,2024-08-18,North,Retail,449
ORD-7096,2024-08-08,South,Partner,616
ORD-7097,2024-08-20,North,Partner,532
ORD-7098,2024-08-28,West,Web,420
ORD-7099,2024-08-10,South,Web,539
ORD-7100,2024-08-07,East,Retail,382
ORD-7101,2024-08-23,North,Web,507
ORD-7102,2024-08-09,East,Web,424
ORD-7103,2024-08-24,West,Partner,582
ORD-7104,2024-08-03,West,Web,501
ORD-7105,2024-08-15,East,Retail,320
ORD-7106,2024-08-06,North,Partner,409
ORD-7107,2024-08-05,North,Retail,658
ORD-7108,2024-08-01,North,Partner,380
ORD-7109,2024-08-20,East,Retail,615
ORD-7110,2024-08-03,West,Retail,469
ORD-7111,2024-08-01,South,Retail,554
ORD-7112,2024-08-22,North,Web,533
ORD-7113,2024-08-03,North,Retail,523
ORD-7114,2024-08-14,North,Web,659
ORD-7115,2024-08-10,West,Partner,483
ORD-7116,2024-08-24,North,Partner,488
ORD-7117,2024-08-19,South,Partner,588
ORD-7118,2024-08-20,West,Web,535
ORD-7119,2024-08-16,South,Web,539
ORD-7120,2024-08-17,West,Partner,569
ORD-7121,2024-08-08,East,Partner,482
ORD-7122,2024-08-11,West,Retail,395
ORD-7123,2024-08-16,South,Retail,466
ORD-7124,2024-08-18,North,Web,528
ORD-7125,2024-08-20,East,Retail,492
ORD-7126,2024-08-04,East,Web,636
ORD-7127,2024-08-25,South,Web,572
ORD-7128,2024-08-15,South,Retail,450
ORD-7129,2024-08-03,West,Partner,454
ORD-7130,2024-08-20,South,Retail,370
ORD-7131,2024-08-02,West,Retail,566
ORD-7132,2024-08-22,North,Web,491
ORD-7133,2024-08-10,East,Web,578
ORD-7134,2024-08-03,West,Partner,559
ORD-7135,2024-08-05,East,Partner,653
ORD-7136,2024-08-14,West,Web,497
ORD-7137,2024-08-06,North,Partner,406
ORD-7138,2024-08-28,North,Retail,538
ORD-7139,2024-08-08,East,Web,298
ORD-7140,2024-08-03,West,Partner,531
ORD-7141,2024-08-03,East,Web,652
ORD-7142,2024-08-15,South,Web,739
ORD-7143,2024-08-11,East,Web,554
ORD-7144,2024-08-12,East,Retail,557
ORD-7145,2024-08-28,North,Partner,601
ORD-7146,2024-08-28,West,Partner,508
ORD-7147,2024-08-24,West,Partner,667
ORD-7148,2024-08-02,South,Web,578
ORD-7149,2024-08-04,East,Web,609
ORD-7150,2024-08-20,North,Retail,396
ORD-7151,2024-08-10,West,Web,574
ORD-7152,2024-08-04,South,Retail,349
ORD-7153,2024-08-03,South,Partner,471
ORD-7154,2024-08-16,West,Web,700
ORD-7155,2024-08-26,West,Web,561
ORD-7156,2024-08-16,North,Partner,568
ORD-7157,2024-08-03,South,Partner,576
ORD-7158,2024-08-27,East,Web,311
ORD-7159,2024-08-26,West,Web,527
ORD-7160,2024-08-05,North,Partner,548
ORD-7161,2024-08-25,North,Web,656
ORD-7162,2024-08-15,East,Web,369
ORD-7163,2024-08-05,East,Retail,367
ORD-7164,2024-08-19,West,Web,353
ORD-7165,2024-08-06,North,Web,638
ORD-7166,2024-08-02,South,Partner,506
ORD-7167,2024-08-13,West,Partner,425
ORD-7168,2024-08-16,East,Partner,358
ORD-7169,2024-08-01,South,Partner,506
ORD-7170,2024-08-10,West,Retail,525
ORD-7171,2024-08-24,West,Partner,469
ORD-7172,2024-08-28,West,Retail,530
ORD-7173,2024-08-20,West,Partner,549
ORD-7174,2024-08-28,South,Partner,254
ORD-7175,2024-08-12,East,Partner,630
ORD-7176,2024-08-01,North,Partner,460
ORD-7177,2024-08-20,East,Partner,586
ORD-7178,2024-08-13,South,Retail,538
ORD-7179,2024-08-18,West,Partner,420
ORD-7180,2024-08-16,West,Web,306
ORD-7181,2024-08-01,West,Retail,475
ORD-7182,2024-08-27,West,Web,415
ORD-7183,2024-08-15,North,Retail,345
ORD-7184,2024-08-27,South,Retail,556
ORD-7185,2024-08-11,West,Web,469
ORD-7186,2024-08-25,South,Partner,573
ORD-7187,2024-08-20,East,Web,505
ORD-7188,2024-08-16,East,Retail,302
ORD-7189,2024-08-18,North,Web,558
ORD-7190,2024-08-21,North,Partner,529
ORD-7191,2024-08-07,North,Partner,463
ORD-7192,2024-08-24,West,Partner,469
ORD-7193,2024-08-20,West,Retail,634
ORD-7194,2024-08-05,South,Partner,558
ORD-7195,2024-08-12,West,Web,696
ORD-7196,2024-08-12,West,Partner,474
ORD-7197,2024-08-25,North,Partner,620
ORD-7198,2024-08-08,South,Retail,437
ORD-7199,2024-08-09,North,Web,456
ORD-7200,2024-09-01,East,Web,518
ORD-7201,2024-09-24,East,Partner,532
ORD-7202,2024-09-23,West,Web,435
ORD-7203,2024-09-26,North,Partner,437
ORD-7204,2024-09-17,North,Retail,542
ORD-7205,2024-09-01,East,Partner,591
ORD-7206,2024-09-13,East,Partner,446
ORD-7207,2024-09-27,West,Web,370
ORD-7208,2024-09-12,North,Partner,402
ORD-7209,2024-09-13,West,Partner,480
ORD-7210,2024-09-08,West,Web,448
ORD-7211,2024-09-08,West,Partner,471
ORD-7212,2024-09-15,West,Web,575
ORD-7213,2024-09-20,North,Partner,606
ORD-7214,2024-09-04,East,Partner,407
ORD-7215,2024-09-14,North,Partner,550
ORD-7216,2024-09-23,East,Web,318
ORD-7217,2024-09-22,North,Web,432
ORD-7218,2024-09-26,South,Web,508
ORD-7219,2024-09-16,West,Partner,542
ORD-7220,2024-09-09,North,Partner,390
ORD-7221,2024-09-21,East,Partner,407
ORD-7222,2024-09-06,East,Partner,515
ORD-7223,2024-09-09,West,Retail,553
ORD-7224,2024-09-03,East,Retail,400
ORD-7225,2024-09-21,East,Retail,560
ORD-7226,2024-09-13,North,Partner,499
ORD-7227,2024-09-15,South,Partner,486
ORD-7228,2024-09-23,West,Retail,593
ORD-7229,2024-09-14,West,Web,438
ORD-7230,2024-09-16,East,Partner,550
ORD-7231,2024-09-13,South,Web,467
ORD-7232,2024-09-17,South,Partner,593
ORD-7233,2024-09-28,North,Partner,482
ORD-7234,2024-09-05,West,Retail,585
ORD-7235,2024-09-04,North,Partner,504
ORD-7236,2024-09-28,East,Partner,538
ORD-7237,2024-09-18,West,Web,348
ORD-7238,2024-09-17,East,Web,459
ORD-7239,2024-09-22,North,Partner,611
ORD-7240,2024-09-10,East,Partner,670
ORD-7241,2024-09-03,East,Partner,410
ORD-7242,2024-09-08,South,Retail,587
ORD-7243,2024-09-13,North,Retail,553
ORD-7244,2024-09-26,East,Retail,325
ORD-7245,2024-09-27,West,Web,523
ORD-7246,2024-09-26,West,Partner,441
ORD-7247,2024-09-08,South,Web,428
ORD-7248,2024-09-04,East,Retail,532
ORD-7249,2024-09-08,South,Partner,533
ORD-7250,2024-09-14,West,Retail,570
ORD-7251,2024-09-12,West,Web,317
ORD-7252,2024-09-09,South,Web,585
ORD-7253,2024-09-20,East,Partner,436
ORD-7254,2024-09-06,South,Partner,385
ORD-7255,2024-09-06,West,Partner,547
ORD-7256,2024-09-14,North,Web,498
ORD-7257,2024-09-13,North,Partner,558
ORD-7258,2024-09-14,South,Web,629
ORD-7259,2024-09-10,South,Partner,569
ORD-7260,2024-09-18,East,Web,550
ORD-7261,2024-09-18,West,Web,729
ORD-7262,2024-09-28,East,Web,590
ORD-7263,2024-09-15,North,Web,462
ORD-7264,2024-09-06,North,Retail,594
ORD-7265,2024-09-10,West,Partner,544
ORD-7266,2024-09-26,South,Retail,632
ORD-7267,2024-09-19,East,Web,431
ORD-7268,2024-09-08,South,Retail,549
ORD-7269,2024-09-17,West,Retail,403
ORD-7270,2024-09-08,West,Web,472
ORD-7271,2024-09-03,North,Partner,448
ORD-7272,2024-09-12,East,Partner,414
ORD-7273,2024-09-27,North,Web,550
ORD-7274,2024-09-21,North,Web,446
ORD-7275,2024-09-25,North,Web,534
ORD-7276,2024-09-14,North,Partner,459
ORD-7277,2024-09-01,South,Web,611
ORD-7278,2024-09-13,North,Partner,349
ORD-7279,2024-09-16,South,Web,436
ORD-7280,2024-09-26,North,Retail,541
ORD-7281,2024-09-28,West,Partner,481
ORD-7282,2024-09-02,East,Retail,547
ORD-7283,2024-09-18,North,Web,476
ORD-7284,2024-09-23,North,Web,425
ORD-7285,2024-09-22,North,Web,473
ORD-7286,2024-09-08,West,Web,545
ORD-7287,2024-09-14,South,Partner,420
ORD-7288,2024-09-17,North,Partner,502
ORD-7289,2024-09-10,East,Retail,543
ORD-7290,2024-09-06,West,Web,433
ORD-7291,2024-09-25,East,Web,543
ORD-7292,2024-09-01,South,Retail,480
ORD-7293,2024-09-09,West,Retail,512
ORD-7294,2024-09-02,East,Partner,483
ORD-7295,2024-09-08,East,Retail,533
ORD-7296,2024-09-21,East,Retail,563
ORD-7297,2024-09-09,South,Retail,469
ORD-7298,2024-09-03,North,Retail,430
ORD-7299,2024-09-20,North,Web,577
ORD-7300,2024-09-10,West,Web,372
ORD-7301,2024-09-08,East,Web,461
ORD-7302,2024-09-22,North,Partner,661
ORD-7303,2024-09-21,South,Partner,483
ORD-7304,2024-09-01,West,Web,366
ORD-7305,2024-09-17,East,Retail,574
ORD-7306,2024-09-18,South,Web,530
ORD-7307,2024-09-12,South,Partner,468
ORD-7308,2024-09-10,South,Partner,410
ORD-7309,2024-09-07,East,Web,598
ORD-7310,2024-09-15,South,Retail,479
ORD-7311,2024-09-05,North,Partner,602
ORD-7312,2024-09-01,East,Partner,551
ORD-7313,2024-09-12,East,Web,682
ORD-7314,2024-09-17,West,Partner,611
ORD-7315,2024-09-03,East,Web,516
ORD-7316,2024-09-07,East,Web,449
ORD-7317,2024-09-14,East,Partner,610
ORD-7318,2024-09-02,North,Retail,475
ORD-7319,2024-09-13,West,Retail,569
ORD-7320,2024-09-02,South,Partner,554
ORD-7321,2024-09-03,East,Web,398
ORD-7322,2024-09-20,South,Retail,499
ORD-7323,2024-09-08,West,Retail,509
ORD-7324,2024-09-24,West,Retail,396
ORD-7325,2024-09-18,South,Retail,550
ORD-7326,2024-09-25,South,Partner,383
ORD-7327,2024-09-02,South,Retail,407
ORD-7328,2024-09-07,North,Web,332
ORD-7329,2024-09-04,East,Web,543
ORD-7330,2024-09-28,North,Retail,530
ORD-7331,2024-09-13,West,Retail,421
ORD-7332,2024-09-20,North,Partner,424
ORD-7333,2024-09-21,South,Retail,460
ORD-7334,2024-09-14,West,Retail,587
ORD-7335,2024-09-19,South,Retail,573
ORD-7336,2024-09-02,West,Web,692
ORD-7337,2024-09-15,South,Partner,494
ORD-7338,2024-09-20,South,Web,489
ORD-7339,2024-09-14,South,Partner,349
ORD-7340,2024-09-07,South,Web,407
ORD-7341,2024-09-12,East,Retail,478
ORD-7342,2024-09-01,South,Retail,572
ORD-7343,2024-09-02,East,Partner,429
ORD-7344,2024-09-27,East,Partner,535
ORD-7345,2024-09-07,South,Web,570
ORD-7346,2024-09-25,East,Partner,491
ORD-7347,2024-09-08,South,Retail,455
ORD-7348,2024-09-28,West,Partner,507
ORD-7349,2024-09-02,West,Partner,454
ORD-7350,2024-09-20,South,Web,478
ORD-7351,2024-09-17,West,Partner,438
ORD-7352,2024-09-21,East,Partner,405
ORD-7353,2024-09-11,South,Partner,455
ORD-7354,2024-09-20,West,Retail,440
ORD-7355,2024-09-15,South,Retail,504
ORD-7356,2024-09-14,North,Partner,538
ORD-7357,2024-09-17,North,Web,600
ORD-7358,2024-09-14,South,Retail,439
ORD-7359,2024-09-08,South,Partner,432
ORD-7360,2024-09-20,South,Web,465
ORD-7361,2024-09-10,East,Partner,518
ORD-7362,2024-09-14,West,Partner,552
ORD-7363,2024-09-14,East,Retail,475
ORD-7364,2024-09-03,South,Retail,493
ORD-7365,2024-09-17,West,Retail,365
ORD-7366,2024-09-18,East,Partner,501
ORD-7367,2024-09-15,East,Partner,620
ORD-7368,2024-09-23,South,Retail,659
ORD-7369,2024-09-25,East,Web,562
ORD-7370,2024-09-25,South,Web,429
ORD-7371,2024-09-10,North,Partner,415
ORD-7372,2024-09-16,East,Retail,502
ORD-7373,2024-09-10,South,Partner,499
ORD-7374,2024-09-15,North,Partner,506
ORD-7375,2024-09-27,South,Retail,506
ORD-7376,2024-09-03,East,Web,432
ORD-7377,2024-09-21,North,Retail,423
ORD-7378,2024-09-28,South,Web,500
ORD-7379,2024-09-15,North,Partner,552
ORD-7380,2024-09-18,West,Web,430
ORD-7381,2024-09-20,South,Web,582
ORD-7382,2024-09-16,West,Partner,359
ORD-7383,2024-09-17,North,Web,471
ORD-7384,2024-09-01,West,Retail,441
ORD-7385,2024-09-02,West,Partner,459
ORD-7386,2024-09-09,South,Web,520
ORD-7387,2024-09-16,South,Retail,560
ORD-7388,2024-09-17,South,Web,565
ORD-7389,2024-09-25,North,Partner,486
ORD-7390,2024-09-03,West,Web,608
ORD-7391,2024-09-14,North,Web,540
ORD-7392,2024-09-28,South,Retail,613
ORD-7393,2024-09-01,West,Partner,430
ORD-7394,2024-09-16,West,Retail,587
ORD-7395,2024-09-24,East,Retail,513
ORD-7396,2024-09-23,East,Retail,508
ORD-7397,2024-09-12,West,Partner,671
ORD-7398,2024-09-18,South,Partner,567
ORD-7399,2024-09-23,West,Web,430
ORD-7400,2024-09-21,West,Retail,316
ORD-7401,2024-09-15,East,Web,541
ORD-7402,2024-09-11,North,Web,459
ORD-7403,2024-09-01,North,Retail,543
ORD-7404,2024-09-06,North,Retail,500
ORD-7405,2024-09-24,South,Partner,588
ORD-7406,2024-09-17,West,Retail,402
ORD-7407,2024-09-10,North,Retail,579
ORD-7408,2024-09-10,East,Partner,438
ORD-7409,2024-09-25,South,Web,453
ORD-7410,2024-09-01,West,Web,556
ORD-7411,2024-09-08,South,Retail,455
ORD-7412,2024-09-05,West,Retail,385
ORD-7413,2024-09-20,West,Web,578
ORD-7414,2024-09-13,South,Partner,465
ORD-7415,2024-09-17,North,Partner,457
ORD-7416,2024-09-15,North,Web,393
ORD-7417,2024-09-17,West,Partner,535
ORD-7418,2024-09-13,West,Web,445
ORD-7419,2024-09-08,South,Web,424
ORD-7420,2024-09-05,West,Partner,542
ORD-7421,2024-09-04,East,Partner,371
ORD-7422,2024-09-06,East,Web,630
ORD-7423,2024-09-13,North,Retail,367
ORD-7424,2024-09-20,South,Retail,432
ORD-7425,2024-09-12,South,Web,605
ORD-7426,2024-09-09,West,Web,539
ORD-7427,2024-09-04,North,Retail,583
ORD-7428,2024-09-27,South,Retail,791
ORD-7429,2024-09-03,South,Partner,453
ORD-7430,2024-09-20,East,Partner,571
ORD-7431,2024-09-16,West,Retail,581
ORD-7432,2024-09-06,South,Retail,519
ORD-7433,2024-09-16,South,Retail,552
ORD-7434,2024-09-10,South,Partner,471
ORD-7435,2024-09-28,South,Web,618
ORD-7436,2024-09-22,North,Web,585
ORD-7437,2024-09-14,West,Web,502
ORD-7438,2024-09-28,South,Web,399
ORD-7439,2024-09-15,West,Partner,690
ORD-7440,2024-09-20,East,Partner,544
ORD-7441,2024-09-18,East,Web,511
ORD-7442,2024-09-04,South,Retail,396
ORD-7443,2024-09-19,North,Retail,609
ORD-7444,2024-09-27,South,Retail,498
ORD-7445,2024-09-01,North,Web,508
ORD-7446,2024-09-12,North,Partner,341
ORD-7447,2024-09-14,South,Retail,471
ORD-7448,2024-09-21,East,Partner,448
ORD-7449,2024-09-10,East,Web,543
ORD-7450,2024-09-25,North,Partner,546
ORD-7451,2024-09-23,East,Web,361
ORD-7452,2024-09-11,South,Retail,520
ORD-7453,2024-09-17,North,Partner,456
ORD-7454,2024-09-21,West,Partner,435
ORD-7455,2024-09-21,West,Partner,520
ORD-7456,2024-09-07,South,Retail,474
ORD-7457,2024-09-06,West,Retail,435
ORD-7458,2024-09-11,East,Web,532
ORD-7459,2024-09-17,West,Partner,551
ORD-7460,2024-09-18,East,Partner,318
ORD-7461,2024-09-21,North,Retail,329
ORD-7462,2024-09-23,South,Web,611
ORD-7463,2024-09-12,North,Retail,418
ORD-7464,2024-09-20,North,Web,512
ORD-7465,2024-09-14,North,Partner,442
ORD-7466,2024-09-01,South,Partner,530
ORD-7467,2024-09-02,West,Partner,437
ORD-7468,2024-09-28,South,Partner,592
ORD-7469,2024-09-12,West,Retail,396
ORD-7470,2024-09-14,West,Retail,563
ORD-7471,2024-09-01,East,Partner,590
ORD-7472,2024-09-07,South,Partner,599
ORD-7473,2024-09-08,South,Retail,515
ORD-7474,2024-09-04,East,Web,476
ORD-7475,2024-09-04,West,Retail,605
ORD-7476,2024-09-17,South,Web,385
ORD-7477,2024-09-06,West,Partner,604
ORD-7478,2024-09-16,South,Web,437
ORD-7479,2024-09-22,West,Partner,528
ORD-7480,2024-09-06,South,Web,440
ORD-7481,2024-09-23,North,Retail,544
ORD-7482,2024-09-03,East,Retail,558
ORD-7483,2024-09-15,North,Retail,462
ORD-7484,2024-09-21,North,Web,394
ORD-7485,2024-09-01,North,Web,395
ORD-7486,2024-09-13,South,Retail,547
ORD-7487,2024-09-08,North,Web,495
ORD-7488,2024-09-27,South,Web,421
ORD-7489,2024-09-10,South,Partner,379
ORD-7490,2024-09-14,East,Web,401
ORD-7491,2024-09-02,North,Retail,616
ORD-7492,2024-09-23,West,Web,443
ORD-7493,2024-09-02,West,Partner,434
ORD-7494,2024-09-08,West,Web,483
ORD-7495,2024-09-07,West,Partner,636
ORD-7496,2024-09-28,South,Partner,394
ORD-7497,2024-09-12,East,Partner,605
ORD-7498,2024-09-03,South,Retail,532
ORD-7499,2024-09-02,South,Web,460
ORD-7500,2024-09-26,South,Retail,381
ORD-7501,2024-09-04,North,Partner,485
ORD-7502,2024-09-22,North,Partner,496
ORD-7503,2024-09-04,North,Partner,445
ORD-7504,2024-09-28,North,Web,556
ORD-7505,2024-09-10,East,Partner,464
ORD-7506,2024-09-11,West,Partner,536
ORD-7507,2024-09-03,West,Retail,388
ORD-7508,2024-09-02,South,Web,608
ORD-7509,2024-09-18,East,Partner,508
ORD-7510,2024-09-07,East,Partner,491
ORD-7511,2024-09-08,East,Web,608
ORD-7512,2024-09-25,North,Retail,468
ORD-7513,2024-09-27,East,Partner,398
ORD-7514,2024-09-24,South,Web,596
ORD-7515,2024-09-02,North,Retail,454
ORD-7516,2024-09-18,North,Partner,640
ORD-7517,2024-09-27,South,Partner,367
ORD-7518,2024-09-02,North,Web,459
ORD-7519,2024-09-09,North,Web,481
ORD-7520,2024-09-20,South,Partner,480
ORD-7521,2024-09-13,North,Web,413
ORD-7522,2024-09-12,South,Web,638
ORD-7523,2024-09-23,West,Retail,542
ORD-7524,2024-09-28,East,Web,536
ORD-7525,2024-09-21,East,Retail,527
ORD-7526,2024-09-28,West,Web,531
ORD-7527,2024-09-17,North,Retail,507
ORD-7528,2024-09-23,West,Partner,441
ORD-7529,2024-09-16,South,Partner,566
ORD-7530,2024-09-10,South,Retail,380
ORD-7531,2024-09-06,North,Retail,375
ORD-7532,2024-09-02,East,Retail,425
ORD-7533,2024-09-15,North,Partner,479
ORD-7534,2024-09-18,West,Retail,494
ORD-7535,2024-09-21,East,Retail,368
ORD-7536,2024-09-18,East,Web,413
ORD-7537,2024-09-07,East,Partner,573
ORD-7538,2024-09-16,North,Web,560
ORD-7539,2024-09-21,East,Web,588
ORD-7540,2024-09-17,South,Partner,509
ORD-7541,2024-09-11,North,Retail,405
ORD-7542,2024-09-28,West,Partner,560
ORD-7543,2024-09-24,South,Retail,515
ORD-7544,2024-09-11,North,Web,627
ORD-7545,2024-09-19,North,Partner,558
ORD-7546,2024-09-25,South,Retail,590
ORD-7547,2024-09-01,East,Web,575
ORD-7548,2024-09-19,East,Web,448
ORD-7549,2024-09-09,South,Web,413
ORD-7550,2024-09-20,West,Web,441
ORD-7551,2024-09-25,North,Web,485
ORD-7552,2024-09-25,East,Retail,421
ORD-7553,2024-09-07,West,Web,489
ORD-7554,2024-09-14,West,Partner,551
ORD-7555,2024-09-20,East,Retail,515
ORD-7556,2024-09-12,West,Retail,295
ORD-7557,2024-09-28,West,Partner,584
ORD-7558,2024-09-03,West,Partner,590
ORD-7559,2024-09-03,East,Web,523
ORD-7560,2024-09-23,East,Partner,658
ORD-7561,2024-09-02,North,Web,616
ORD-7562,2024-09-24,East,Partner,489
ORD-7563,2024-09-08,North,Retail,588
ORD-7564,2024-09-22,South,Partner,475
ORD-7565,2024-09-27,North,Partner,340
ORD-7566,2024-09-10,East,Retail,485
ORD-7567,2024-09-17,West,Retail,464
ORD-7568,2024-09-06,South,Web,497
ORD-7569,2024-09-16,South,Retail,334
ORD-7570,2024-09-01,North,Retail,491
ORD-7571,2024-09-04,East,Web,508
ORD-7572,2024-09-19,West,Retail,272
ORD-7573,2024-09-15,West,Partner,432
ORD-7574,2024-09-12,East,Retail,568
ORD-7575,2024-09-16,North,Partner,452
ORD-7576,2024-09-02,East,Partner,409
ORD-7577,2024-09-23,South,Web,475
ORD-7578,2024-09-01,North,Partner,322
ORD-7579,2024-09-13,East,Partner,424
ORD-7580,2024-09-01,East,Partner,323
ORD-7581,2024-09-07,South,Web,538
ORD-7582,2024-09-12,South,Retail,471
ORD-7583,2024-09-26,East,Web,448
ORD-7584,2024-09-17,South,Partner,530
ORD-7585,2024-09-22,South,Partner,631
ORD-7586,2024-09-14,North,Retail,505
ORD-7587,2024-09-09,North,Retail,573
ORD-7588,2024-09-16,West,Web,450
ORD-7589,2024-09-25,East,Web,654
ORD-7590,2024-09-24,East,Retail,560
ORD-7591,2024-09-08,West,Web,324
ORD-7592,2024-09-24,South,Retail,490
ORD-7593,2024-09-17,North,Retail,500
ORD-7594,2024-09-09,East,Web,395
ORD-7595,2024-09-15,West,Web,504
ORD-7596,2024-09-08,East,Retail,539
ORD-7597,2024-09-24,West,Web,552
ORD-7598,2024-09-21,West,Retail,375
ORD-7599,2024-09-15,East,Retail,504
ORD-7600,2024-09-13,West,Web,348
ORD-7601,2024-09-01,East,Retail,410
ORD-7602,2024-09-10,East,Partner,476
ORD-7603,2024-09-08,South,Partner,485
ORD-7604,2024-09-10,South,Partner,485
ORD-7605,2024-09-02,South,Partner,539
ORD-7606,2024-09-19,South,Web,417
ORD-7607,2024-09-23,North,Partner,517
ORD-7608,2024-09-19,North,Partner,472
ORD-7609,2024-09-18,East,Web,554
ORD-7610,2024-09-17,West,Web,527
ORD-7611,2024-09-04,North,Partner,494
ORD-7612,2024-09-06,East,Retail,546
ORD-7613,2024-09-24,North,Retail,568
ORD-7614,2024-09-06,North,Retail,443
ORD-7615,2024-09-06,South,Web,442
ORD-7616,2024-09-07,North,Retail,454
ORD-7617,2024-09-28,West,Partner,427
ORD-7618,2024-09-22,South,Retail,465
ORD-7619,2024-09-22,East,Retail,407
ORD-7620,2024-09-24,North,Retail,635
ORD-7621,2024-09-01,West,Partner,554
ORD-7622,2024-09-19,South,Partner,372
ORD-7623,2024-09-09,North,Partner,561
ORD-7624,2024-09-07,West,Web,446
ORD-7625,2024-09-25,North,Retail,621
ORD-7626,2024-09-11,East,Partner,475
ORD-7627,2024-09-20,South,Retail,495
ORD-7628,2024-09-24,East,Web,411
ORD-7629,2024-09-04,East,Retail,355
ORD-7630,2024-09-03,East,Web,481
ORD-7631,2024-09-02,West,Web,568
ORD-7632,2024-09-08,South,Partner,522
ORD-7633,2024-09-12,East,Retail,390
ORD-7634,2024-09-27,South,Retail,494
ORD-7635,2024-09-01,West,Web,487
ORD-7636,2024-09-18,South,Retail,443
ORD-7637,2024-09-21,South,Partner,414
ORD-7638,2024-09-06,North,Web,507
ORD-7639,2024-09-23,South,Retail,497
ORD-7640,2024-09-24,South,Retail,316
ORD-7641,2024-09-09,South,Web,561
ORD-7642,2024-09-01,West,Retail,695
ORD-7643,2024-09-17,South,Partner,609
ORD-7644,2024-09-18,West,Retail,423
ORD-7645,2024-09-27,South,Web,609
ORD-7646,2024-09-16,East,Partner,498
ORD-7647,2024-09-19,East,Partner,437
ORD-7648,2024-09-15,West,Web,520
ORD-7649,2024-09-17,East,Retail,387
ORD-7650,2024-09-01,South,Web,499
ORD-7651,2024-09-06,West,Partner,418
ORD-7652,2024-09-05,East,Retail,551
ORD-7653,2024-09-23,South,Web,542
ORD-7654,2024-09-04,West,Partner,548
ORD-7655,2024-09-14,West,Retail,544
ORD-7656,2024-09-18,South,Web,412
ORD-7657,2024-09-13,East,Retail,628
ORD-7658,2024-09-16,South,Partner,467
ORD-7659,2024-09-07,East,Partner,427
ORD-7660,2024-09-26,North,Partner,445
ORD-7661,2024-09-11,West,Retail,389
ORD-7662,2024-09-16,South,Partner,635
ORD-7663,2024-09-03,South,Web,547
ORD-7664,2024-09-05,North,Partner,625
ORD-7665,2024-09-10,West,Partner,496
ORD-7666,2024-09-19,South,Retail,565
ORD-7667,2024-09-23,South,Web,364
ORD-7668,2024-09-13,South,Web,524
ORD-7669,2024-09-17,West,Partner,562
ORD-7670,2024-09-23,North,Partner,400
ORD-7671,2024-09-22,West,Partner,560
ORD-7672,2024-09-04,West,Partner,392
ORD-7673,2024-09-04,East,Partner,486
ORD-7674,2024-09-18,East,Partner,421
ORD-7675,2024-09-19,South,Retail,473
ORD-7676,2024-09-01,North,Retail,434
ORD-7677,2024-09-05,South,Web,431
ORD-7678,2024-09-03,North,Partner,463
ORD-7679,2024-09-18,West,Partner,592
ORD-7680,2024-09-16,East,Partner,434
ORD-7681,2024-09-24,West,Web,441
ORD-7682,2024-09-12,West,Partner,553
ORD-7683,2024-09-11,East,Web,506
ORD-7684,2024-09-05,North,Web,433
ORD-7685,2024-09-11,East,Partner,630
ORD-7686,2024-09-23,South,Partner,471
ORD-7687,2024-09-28,East,Retail,438
ORD-7688,2024-09-07,East,Retail,457
ORD-7689,2024-09-26,West,Partner,548
ORD-7690,2024-09-27,South,Partner,460
ORD-7691,2024-09-17,North,Partner,533
ORD-7692,2024-09-09,North,Web,472
ORD-7693,2024-09-11,North,Retail,573
ORD-7694,2024-09-14,South,Partner,496
ORD-7695,2024-09-09,North,Retail,374
ORD-7696,2024-09-12,South,Web,577
ORD-7697,2024-09-01,South,Partner,555
ORD-7698,2024-09-05,East,Web,583
ORD-7699,2024-09-11,West,Retail,607
ORD-7700,2024-09-24,North,Partner,264
ORD-7701,2024-09-20,East,Web,543
ORD-7702,2024-09-27,North,Retail,464
ORD-7703,2024-09-24,South,Retail,547
ORD-7704,2024-09-14,East,Web,254
ORD-7705,2024-09-11,South,Partner,500
ORD-7706,2024-09-18,South,Retail,647
ORD-7707,2024-09-25,East,Retail,484
ORD-7708,2024-09-04,South,Partner,570
ORD-7709,2024-09-05,West,Retail,501
ORD-7710,2024-09-28,West,Web,646
ORD-7711,2024-09-17,East,Web,363
ORD-7712,2024-09-25,North,Web,474
ORD-7713,2024-09-08,North,Retail,324
ORD-7714,2024-09-04,North,Web,668
ORD-7715,2024-09-24,North,Web,562
ORD-7716,2024-09-23,West,Web,519
ORD-7717,2024-09-17,North,Partner,295
ORD-7718,2024-09-09,South,Partner,494
ORD-7719,2024-09-26,West,Retail,559
ORD-7720,2024-09-03,South,Web,593
ORD-7721,2024-09-06,East,Retail,537
ORD-7722,2024-09-16,North,Retail,451
ORD-7723,2024-09-16,East,Web,412
ORD-7724,2024-09-09,North,Retail,560
ORD-7725,2024-09-09,North,Web,552
ORD-7726,2024-09-22,South,Web,563
ORD-7727,2024-09-16,West,Retail,448
ORD-7728,2024-09-18,North,Retail,452
ORD-7729,2024-09-09,West,Web,584
ORD-7730,2024-09-24,West,Web,529
ORD-7731,2024-09-01,North,Partner,599
ORD-7732,2024-09-08,West,Partner,523
ORD-7733,2024-09-16,West,Retail,568
ORD-7734,2024-09-25,East,Web,395
ORD-7735,2024-09-17,South,Retail,543
ORD-7736,2024-09-12,North,Partner,549
ORD-7737,2024-09-05,East,Partner,493
ORD-7738,2024-09-21,West,Partner,610
ORD-7739,2024-09-24,West,Web,557
ORD-7740,2024-09-22,North,Retail,543
ORD-7741,2024-09-21,West,Partner,476
ORD-7742,2024-09-22,West,Web,425
ORD-7743,2024-09-08,South,Retail,378
ORD-7744,2024-09-05,West,Partner,461
ORD-7745,2024-09-13,North,Web,339
ORD-7746,2024-09-21,South,Partner,424
ORD-7747,2024-09-17,North,Retail,536
ORD-7748,2024-09-13,North,Partner,398
ORD-7749,2024-09-21,East,Partner,484
ORD-7750,2024-09-13,East,Web,631
ORD-7751,2024-09-25,East,Retail,428
ORD-7752,2024-09-01,East,Retail,563
ORD-7753,2024-09-25,East,Partner,414
ORD-7754,2024-09-21,South,Partner,432
ORD-7755,2024-09-14,East,Partner,525
ORD-7756,2024-09-08,East,Web,522
ORD-7757,2024-09-27,East,Web,390
ORD-7758,2024-09-02,South,Retail,447
ORD-7759,2024-09-12,South,Partner,582
ORD-7760,2024-09-04,East,Partner,538
ORD-7761,2024-09-01,North,Retail,632
ORD-7762,2024-09-03,North,Web,409
ORD-7763,2024-09-13,East,Web,487
ORD-7764,2024-09-13,East,Partner,509
ORD-7765,2024-09-02,East,Retail,547
ORD-7766,2024-09-07,East,Partner,521
ORD-7767,2024-09-14,West,Retail,677
ORD-7768,2024-09-23,West,Partner,503
ORD-7769,2024-09-16,West,Partner,577
ORD-7770,2024-09-04,North,Partner,401
ORD-7771,2024-09-23,West,Web,571
ORD-7772,2024-09-23,West,Web,391
ORD-7773,2024-09-24,West,Web,611
ORD-7774,2024-09-03,South,Retail,502
ORD-7775,2024-09-23,West,Partner,561
ORD-7776,2024-09-14,North,Retail,557
ORD-7777,2024-09-06,West,Retail,473
ORD-7778,2024-09-28,South,Web,576
ORD-7779,2024-09-04,East,Partner,552
ORD-7780,2024-09-16,South,Retail,495
ORD-7781,2024-09-13,North,Web,505
ORD-7782,2024-09-08,West,Partner,329
ORD-7783,2024-09-13,South,Web,499
ORD-7784,2024-09-27,East,Retail,381
ORD-7785,2024-09-28,North,Retail,290
ORD-7786,2024-09-04,East,Partner,474
ORD-7787,2024-09-04,West,Web,336
ORD-7788,2024-09-05,East,Web,412
ORD-7789,2024-09-25,East,Partner,438
ORD-7790,2024-09-17,North,Retail,721
ORD-7791,2024-09-28,West,Retail,611
ORD-7792,2024-09-27,South,Partner,494
ORD-7793,2024-09-26,North,Retail,450
ORD-7794,2024-09-21,East,Retail,525
ORD-7795,2024-09-09,West,Web,472
ORD-7796,2024-09-04,West,Retail,478
ORD-7797,2024-09-20,West,Partner,474
ORD-7798,2024-09-12,North,Partner,502
ORD-7799,2024-09-01,South,Retail,683
ORD-7800,2024-09-24,East,Web,637
ORD-7801,2024-09-25,South,Retail,473
ORD-7802,2024-09-24,West,Retail,542
ORD-7803,2024-09-24,East,Partner,510
ORD-7804,2024-09-24,West,Partner,358
ORD-7805,2024-09-08,West,Web,338
ORD-7806,2024-09-24,North,Web,451
ORD-7807,2024-09-10,East,Web,492
ORD-7808,2024-09-27,West,Partner,536
ORD-7809,2024-09-17,North,Web,524
ORD-7810,2024-09-23,South,Web,487
ORD-7811,2024-09-15,South,Partner,529
ORD-7812,2024-09-23,East,Web,458
ORD-7813,2024-09-14,South,Partner,668
ORD-7814,2024-09-13,South,Web,527
ORD-7815,2024-09-25,South,Partner,314
ORD-7816,2024-09-11,South,Partner,409
ORD-7817,2024-09-03,South,Web,518
ORD-7818,2024-09-14,West,Partner,491
ORD-7819,2024-09-04,East,Web,537
ORD-7820,2024-09-07,North,Retail,538
ORD-7821,2024-09-14,North,Web,540
ORD-7822,2024-09-05,West,Web,343
ORD-7823,2024-09-28,North,Web,597
ORD-7824,2024-09-16,South,Partner,475
ORD-7825,2024-09-08,South,Partner,700
ORD-7826,2024-09-17,North,Partner,544
ORD-7827,2024-09-05,South,Web,534
ORD-7828,2024-09-23,South,Partner,386
ORD-7829,2024-09-12,East,Web,567
ORD-7830,2024-09-01,North,Retail,590
ORD-7831,2024-09-05,South,Retail,635
ORD-7832,2024-09-14,North,Partner,573
ORD-7833,2024-09-07,West,Partner,461
ORD-7834,2024-09-20,South,Retail,514
ORD-7835,2024-09-20,West,Retail,401
ORD-7836,2024-09-07,South,Retail,627
ORD-7837,2024-09-27,South,Partner,503
ORD-7838,2024-09-20,North,Partner,552
ORD-7839,2024-09-14,East,Partner,552
ORD-7840,2024-09-07,West,Retail,540
ORD-7841,2024-09-10,South,Web,471
ORD-7842,2024-09-05,West,Partner,617
ORD-7843,2024-09-14,North,Web,539
ORD-7844,2024-09-05,North,Retail,549
ORD-7845,2024-09-20,West,Web,356
ORD-7846,2024-09-01,South,Partner,425
ORD-7847,2024-09-13,West,Partner,485
ORD-7848,2024-09-20,North,Retail,527
ORD-7849,2024-09-15,East,Web,489
ORD-7850,2024-09-07,South,Web,527
ORD-7851,2024-09-07,East,Retail,526
ORD-7852,2024-09-11,South,Retail,393
ORD-7853,2024-09-10,North,Retail,366
ORD-7854,2024-09-03,North,Partner,462
ORD-7855,2024-09-28,South,Web,559
ORD-7856,2024-09-18,West,Web,685
ORD-7857,2024-09-10,East,Retail,571
ORD-7858,2024-09-08,North,Web,482
ORD-7859,2024-09-12,North,Partner,474
ORD-7860,2024-09-07,South,Retail,584
ORD-7861,2024-09-17,West,Retail,475
ORD-7862,2024-09-28,East,Web,427
ORD-7863,2024-09-26,East,Web,498
ORD-7864,2024-09-18,West,Retail,425
ORD-7865,2024-09-11,East,Web,410
ORD-7866,2024-09-01,West,Retail,506
ORD-7867,2024-09-07,South,Retail,520
ORD-7868,2024-09-20,West,Partner,609
ORD-7869,2024-09-04,North,Retail,477
ORD-7870,2024-09-26,East,Retail,455
ORD-7871,2024-09-15,West,Retail,479
ORD-7872,2024-09-21,East,Web,553
ORD-7873,2024-09-16,East,Retail,419
ORD-7874,2024-09-20,West,Partner,604
ORD-7875,2024-09-18,North,Partner,454
ORD-7876,2024-09-12,North,Retail,519
ORD-7877,2024-09-14,South,Retail,488
ORD-7878,2024-09-05,East,Retail,439
ORD-7879,2024-09-08,South,Partner,379
ORD-7880,2024-09-13,North,Web,488
ORD-7881,2024-09-28,North,Partner,539
ORD-7882,2024-09-06,East,Partner,654
ORD-7883,2024-09-27,South,Web,580
ORD-7884,2024-09-27,East,Partner,634
ORD-7885,2024-09-18,East,Partner,532
ORD-7886,2024-09-20,South,Web,434
ORD-7887,2024-09-18,South,Partner,433
ORD-7888,2024-09-25,North,Partner,618
ORD-7889,2024-09-02,West,Web,505
ORD-7890,2024-09-19,East,Web,509
ORD-7891,2024-09-16,South,Web,422
ORD-7892,2024-09-19,South,Partner,446
ORD-7893,2024-09-11,North,Retail,571
ORD-7894,2024-09-17,South,Partner,489
ORD-7895,2024-09-16,South,Web,486
ORD-7896,2024-09-23,North,Retail,650
ORD-7897,2024-09-26,North,Retail,701
ORD-7898,2024-09-10,East,Partner,613
ORD-7899,2024-09-09,North,Retail,487
ORD-7900,2024-09-17,East,Retail,309
ORD-7901,2024-09-01,West,Web,432
ORD-7902,2024-09-01,South,Retail,606
ORD-7903,2024-09-14,West,Web,453
ORD-7904,2024-09-10,North,Retail,561
ORD-7905,2024-09-22,West,Web,536
ORD-7906,2024-09-11,West,Retail,544
ORD-7907,2024-09-27,South,Web,600
ORD-7908,2024-09-16,South,Web,368
ORD-7909,2024-09-25,East,Partner,411
ORD-7910,2024-09-20,East,Retail,414
ORD-7911,2024-09-04,North,Partner,460
ORD-7912,2024-09-13,South,Web,471
ORD-7913,2024-09-12,East,Web,654
ORD-7914,2024-09-05,South,Partner,541
ORD-7915,2024-09-06,West,Retail,387
ORD-7916,2024-09-12,South,Web,553
ORD-7917,2024-09-06,North,Web,415
ORD-7918,2024-09-07,North,Web,370
ORD-7919,2024-09-08,South,Retail,708
ORD-7920,2024-09-13,West,Web,451
ORD-7921,2024-09-13,West,Retail,491
ORD-7922,2024-09-09,East,Web,623
ORD-7923,2024-09-07,East,Retail,478
ORD-7924,2024-09-12,West,Partner,598
ORD-7925,2024-09-24,South,Web,511
ORD-7926,2024-09-03,East,Retail,443
ORD-7927,2024-09-21,East,Partner,535
ORD-7928,2024-09-23,South,Partner,609
ORD-7929,2024-09-05,North,Retail,515
ORD-7930,2024-09-12,East,Retail,622
ORD-7931,2024-09-17,West,Partner,607
ORD-7932,2024-09-26,North,Retail,440
ORD-7933,2024-09-13,West,Partner,379
ORD-7934,2024-09-22,West,Partner,365
ORD-7935,2024-09-26,East,Retail,454
ORD-7936,2024-09-16,East,Web,641
ORD-7937,2024-09-05,South,Web,617
ORD-7938,2024-09-23,North,Web,493
ORD-7939,2024-09-27,East,Web,345
ORD-7940,2024-09-14,North,Partner,465
ORD-7941,2024-09-02,East,Partner,582
ORD-7942,2024-09-27,East,Web,403
ORD-7943,2024-09-07,East,Web,551
ORD-7944,2024-09-20,South,Web,513
ORD-7945,2024-09-16,West,Retail,549
ORD-7946,2024-09-14,West,Retail,478
ORD-7947,2024-09-02,East,Partner,598
ORD-7948,2024-09-02,North,Partner,544
ORD-7949,2024-09-18,West,Web,596
ORD-7950,2024-09-01,East,Web,423
ORD-7951,2024-09-01,South,Web,438
ORD-7952,2024-09-24,East,Retail,495
ORD-7953,2024-09-18,South,Partner,568
ORD-7954,2024-09-13,East,Partner,508
ORD-7955,2024-09-16,West,Retail,465
ORD-7956,2024-09-22,East,Web,399
ORD-7957,2024-09-21,West,Web,594
ORD-7958,2024-09-11,North,Partner,548
ORD-7959,2024-09-03,North,Retail,597
ORD-7960,2024-09-12,West,Web,509
ORD-7961,2024-09-25,North,Web,485
ORD-7962,2024-09-08,West,Web,427
ORD-7963,2024-09-22,East,Retail,470
ORD-7964,2024-09-17,West,Partner,490
ORD-7965,2024-09-01,North,Retail,509
ORD-7966,2024-09-12,East,Web,690
ORD-7967,2024-09-21,North,Retail,422
ORD-7968,2024-09-17,South,Retail,585
ORD-7969,2024-09-15,South,Web,436
ORD-7970,2024-09-05,West,Web,501
ORD-7971,2024-09-15,West,Web,497
ORD-7972,2024-09-14,North,Partner,425
ORD-7973,2024-09-28,East,Retail,396
ORD-7974,2024-09-09,South,Web,673
ORD-7975,2024-09-28,North,Retail,557
ORD-7976,2024-09-14,East,Retail,464
ORD-7977,2024-09-19,South,Web,387
ORD-7978,2024-09-04,West,Partner,521
ORD-7979,2024-09-01,West,Partner,474
ORD-7980,2024-09-03,North,Partner,375
ORD-7981,2024-09-12,West,Retail,414
ORD-7982,2024-09-28,North,Partner,611
ORD-7983,2024-09-11,West,Retail,463
ORD-7984,2024-09-11,East,Web,437
ORD-7985,2024-09-03,East,Partner,612
ORD-7986,2024-09-07,East,Web,434
ORD-7987,2024-09-02,South,Retail,479
ORD-7988,2024-09-26,West,Web,450
ORD-7989,2024-09-15,East,Web,538
ORD-7990,2024-09-27,South,Partner,416
ORD-7991,2024-09-08,West,Retail,534
ORD-7992,2024-09-11,North,Partner,526
ORD-7993,2024-09-21,North,Web,415
ORD-7994,2024-09-20,North,Partner,373
ORD-7995,2024-09-17,South,Partner,639
ORD-7996,2024-09-03,West,Retail,480
ORD-7997,2024-09-01,South,Partner,559
ORD-7998,2024-09-19,West,Web,700
ORD-7999,2024-09-26,East,Partner,526
ORD-8000,2024-09-22,South,Retail,342
ORD-8001,2024-09-10,South,Partner,569
ORD-8002,2024-09-04,South,Partner,554
ORD-8003,2024-09-20,South,Partner,526
ORD-8004,2024-09-01,South,Retail,407
ORD-8005,2024-09-16,West,Web,511
ORD-8006,2024-09-22,West,Web,548
ORD-8007,2024-09-26,East,Retail,550
ORD-8008,2024-09-14,West,Retail,481
ORD-8009,2024-09-08,West,Partner,547
ORD-8010,2024-09-05,East,Web,539
ORD-8011,2024-09-18,South,Web,454
ORD-8012,2024-09-08,North,Web,405
ORD-8013,2024-09-07,East,Retail,537
ORD-8014,2024-09-12,West,Retail,451
ORD-8015,2024-09-21,South,Retail,623
ORD-8016,2024-09-10,North,Retail,535
ORD-8017,2024-09-04,West,Web,434
ORD-8018,2024-09-24,East,Web,544
ORD-8019,2024-09-26,West,Web,386
ORD-8020,2024-09-07,West,Retail,520
ORD-8021,2024-09-13,North,Web,387
ORD-8022,2024-09-24,West,Partner,390
ORD-8023,2024-09-25,South,Partner,439
ORD-8024,2024-09-19,North,Web,518
ORD-8025,2024-09-09,South,Partner,574
ORD-8026,2024-09-20,North,Partner,654
ORD-8027,2024-09-19,South,Web,497
ORD-8028,2024-09-04,West,Partner,567
ORD-8029,2024-09-24,East,Partner,394
ORD-8030,2024-09-13,West,Retail,240
ORD-8031,2024-09-04,West,Partner,662
ORD-8032,2024-09-28,South,Partner,538
ORD-8033,2024-09-01,West,Retail,541
ORD-8034,2024-09-04,East,Retail,540
ORD-8035,2024-09-08,West,Web,477
ORD-8036,2024-09-16,East,Retail,472
ORD-8037,2024-09-02,North,Retail,464
ORD-8038,2024-09-27,East,Web,514
ORD-8039,2024-09-03,South,Retail,356
ORD-8040,2024-09-19,North,Partner,525
ORD-8041,2024-09-03,East,Retail,600
ORD-8042,2024-09-03,East,Partner,254
ORD-8043,2024-09-13,East,Web,618
ORD-8044,2024-09-10,South,Partner,444
ORD-8045,2024-09-27,East,Web,462
ORD-8046,2024-09-19,West,Retail,570
ORD-8047,2024-09-23,South,Retail,630
ORD-8048,2024-09-06,East,Web,436
ORD-8049,2024-09-28,South,Retail,567
ORD-8050,2024-09-03,West,Retail,569
ORD-8051,2024-09-01,East,Retail,524
ORD-8052,2024-09-28,West,Web,570
ORD-8053,2024-09-04,North,Web,607
ORD-8054,2024-09-05,South,Web,535
ORD-8055,2024-09-09,South,Web,597
ORD-8056,2024-09-15,East,Partner,429
ORD-8057,2024-09-18,South,Web,479
ORD-8058,2024-09-12,North,Partner,518
ORD-8059,2024-09-13,West,Web,449
ORD-8060,2024-09-07,North,Partner,612
ORD-8061,2024-09-03,East,Partner,523
ORD-8062,2024-09-22,South,Retail,432
ORD-8063,2024-09-27,South,Partner,557
ORD-8064,2024-09-23,South,Partner,591
ORD-8065,2024-09-14,East,Retail,517
ORD-8066,2024-09-24,South,Web,444
ORD-8067,2024-09-22,South,Web,383
ORD-8068,2024-09-19,North,Retail,484
ORD-8069,2024-09-28,West,Partner,497
ORD-8070,2024-09-06,East,Retail,528
ORD-8071,2024-09-04,East,Partner,433
ORD-8072,2024-09-13,North,Partner,357
ORD-8073,2024-09-02,East,Retail,359
ORD-8074,2024-09-24,East,Retail,575
ORD-8075,2024-09-23,West,Partner,598
ORD-8076,2024-09-23,East,Partner,481
ORD-8077,2024-09-01,North,Partner,414
ORD-8078,2024-09-04,South,Partner,447
ORD-8079,2024-09-19,West,Partner,338
ORD-8080,2024-09-26,East,Retail,566
ORD-8081,2024-09-22,East,Partner,509
ORD-8082,2024-09-24,East,Partner,680
ORD-8083,2024-09-06,West,Web,472
ORD-8084,2024-09-20,East,Partner,560
ORD-8085,2024-09-25,West,Partner,435
ORD-8086,2024-09-25,East,Web,495
ORD-8087,2024-09-25,South,Retail,468
ORD-8088,2024-09-06,West,Retail,409
ORD-8089,2024-09-26,East,Retail,575
ORD-8090,2024-09-22,South,Web,412
ORD-8091,2024-09-03,North,Retail,551
ORD-8092,2024-09-18,North,Partner,611
ORD-8093,2024-09-21,North,Retail,590
ORD-8094,2024-09-24,East,Web,518
ORD-8095,2024-09-26,South,Retail,406
ORD-8096,2024-09-24,North,Web,473
ORD-8097,2024-09-28,North,Partner,597
ORD-8098,2024-09-02,East,Retail,448
ORD-8099,2024-09-28,East,Partner,363
ORD-8100,2024-10-20,North,Web,550
ORD-8101,2024-10-04,North,Web,428
ORD-8102,2024-10-05,North,Web,591
ORD-8103,2024-10-21,East,Web,534
ORD-8104,2024-10-26,East,Retail,373
ORD-8105,2024-10-06,West,Partner,635
ORD-8106,2024-10-17,South,Web,455
ORD-8107,2024-10-24,East,Partner,544
ORD-8108,2024-10-16,West,Partner,384
ORD-8109,2024-10-25,West,Retail,521
ORD-8110,2024-10-19,East,Retail,384
ORD-8111,2024-10-19,North,Web,630
ORD-8112,2024-10-12,North,Web,481
ORD-8113,2024-10-07,South,Partner,465
ORD-8114,2024-10-20,South,Web,473
ORD-8115,2024-10-03,South,Partner,630
ORD-8116,2024-10-12,West,Retail,487
ORD-8117,2024-10-23,South,Web,440
ORD-8118,2024-10-07,North,Partner,419
ORD-8119,2024-10-08,East,Web,662
ORD-8120,2024-10-13,East,Partner,454
ORD-8121,2024-10-09,West,Retail,464
ORD-8122,2024-10-12,South,Web,409
ORD-8123,2024-10-03,North,Partner,619
ORD-8124,2024-10-23,East,Retail,542
ORD-8125,2024-10-22,South,Web,533
ORD-8126,2024-10-04,East,Partner,311
ORD-8127,2024-10-27,North,Web,388
ORD-8128,2024-10-28,North,Web,538
ORD-8129,2024-10-23,South,Web,504
ORD-8130,2024-10-09,South,Retail,585
ORD-8131,2024-10-13,North,Web,425
ORD-8132,2024-10-02,East,Web,549
ORD-8133,2024-10-06,East,Web,656
ORD-8134,2024-10-24,South,Retail,568
ORD-8135,2024-10-06,North,Retail,596
ORD-8136,2024-10-10,North,Web,366
ORD-8137,2024-10-25,North,Retail,344
ORD-8138,2024-10-05,East,Web,478
ORD-8139,2024-10-27,North,Web,357
ORD-8140,2024-10-06,North,Partner,353
ORD-8141,2024-10-18,North,Web,536
ORD-8142,2024-10-01,West,Web,736
ORD-8143,2024-10-14,South,Retail,560
ORD-8144,2024-10-27,East,Web,392
ORD-8145,2024-10-18,East,Web,533
ORD-8146,2024-10-22,North,Partner,439
ORD-8147,2024-10-23,West,Partner,424
ORD-8148,2024-10-23,North,Partner,479
ORD-8149,2024-10-21,East,Retail,458
ORD-8150,2024-10-06,East,Retail,572
ORD-8151,2024-10-28,West,Web,428
ORD-8152,2024-10-22,North,Partner,435
ORD-8153,2024-10-22,North,Partner,537
ORD-8154,2024-10-15,North,Web,579
ORD-8155,2024-10-28,North,Web,362
ORD-8156,2024-10-04,South,Retail,451
ORD-8157,2024-10-02,East,Web,463
ORD-8158,2024-10-28,South,Partner,456
ORD-8159,2024-10-02,North,Web,567
ORD-8160,2024-10-21,South,Retail,528
ORD-8161,2024-10-04,North,Web,567
ORD-8162,2024-10-06,North,Web,518
ORD-8163,2024-10-03,East,Retail,596
ORD-8164,2024-10-05,South,Retail,566
ORD-8165,2024-10-24,South,Retail,381
ORD-8166,2024-10-20,East,Web,587
ORD-8167,2024-10-17,East,Retail,472
ORD-8168,2024-10-07,East,Web,441
ORD-8169,2024-10-17,South,Partner,595
ORD-8170,2024-10-20,East,Partner,385
ORD-8171,2024-10-16,South,Retail,438
ORD-8172,2024-10-11,North,Retail,435
ORD-8173,2024-10-21,East,Partner,465
ORD-8174,2024-10-26,East,Retail,404
ORD-8175,2024-10-09,East,Partner,389
ORD-8176,2024-10-17,North,Partner,476
ORD-8177,2024-10-11,West,Retail,565
ORD-8178,2024-10-26,East,Retail,492
ORD-8179,2024-10-27,North,Web,438
ORD-8180,2024-10-12,West,Web,488
ORD-8181,2024-10-01,South,Partner,599
ORD-8182,2024-10-10,East,Retail,520
ORD-8183,2024-10-22,South,Web,624
ORD-8184,2024-10-23,East,Partner,511
ORD-8185,2024-10-27,North,Web,456
ORD-8186,2024-10-18,South,Partner,529
ORD-8187,2024-10-21,West,Web,502
ORD-8188,2024-10-11,North,Retail,447
ORD-8189,2024-10-18,West,Partner,310
ORD-8190,2024-10-03,West,Retail,657
ORD-8191,2024-10-11,West,Retail,453
ORD-8192,2024-10-23,North,Retail,427
ORD-8193,2024-10-25,East,Retail,613
ORD-8194,2024-10-22,South,Partner,471
ORD-8195,2024-10-27,West,Web,412
ORD-8196,2024-10-02,North,Web,553
ORD-8197,2024-10-07,North,Partner,453
ORD-8198,2024-10-11,South,Web,543
ORD-8199,2024-10-12,East,Partner,374
ORD-8200,2024-10-05,North,Web,607
ORD-8201,2024-10-01,West,Retail,265
ORD-8202,2024-10-23,East,Web,449
ORD-8203,2024-10-11,North,Web,653
ORD-8204,2024-10-08,South,Partner,413
ORD-8205,2024-10-22,South,Partner,490
ORD-8206,2024-10-25,West,Partner,406
ORD-8207,2024-10-26,North,Partner,528
ORD-8208,2024-10-08,South,Retail,352
ORD-8209,2024-10-15,South,Web,559
ORD-8210,2024-10-06,West,Retail,338
ORD-8211,2024-10-27,East,Partner,422
ORD-8212,2024-10-11,South,Retail,544
ORD-8213,2024-10-08,South,Partner,487
ORD-8214,2024-10-11,North,Retail,403
ORD-8215,2024-10-22,East,Web,397
ORD-8216,2024-10-14,South,Web,461
ORD-8217,2024-10-23,South,Retail,507
ORD-8218,2024-10-14,South,Retail,297
ORD-8219,2024-10-21,West,Partner,549
ORD-8220,2024-10-19,South,Web,421
ORD-8221,2024-10-08,North,Retail,478
ORD-8222,2024-10-06,North,Retail,353
ORD-8223,2024-10-11,West,Retail,574
ORD-8224,2024-10-14,North,Retail,616
ORD-8225,2024-10-21,East,Web,386
ORD-8226,2024-10-06,East,Partner,472
ORD-8227,2024-10-23,East,Web,488
ORD-8228,2024-10-20,West,Partner,382
ORD-8229,2024-10-22,South,Retail,404
ORD-8230,2024-10-26,South,Partner,504
ORD-8231,2024-10-04,South,Partner,402
ORD-8232,2024-10-16,North,Partner,253
ORD-8233,2024-10-04,East,Partner,524
ORD-8234,2024-10-22,East,Partner,655
ORD-8235,2024-10-18,South,Retail,530
ORD-8236,2024-10-14,West,Web,558
ORD-8237,2024-10-07,East,Web,734
ORD-8238,2024-10-16,South,Web,412
ORD-8239,2024-10-17,East,Web,586
ORD-8240,2024-10-21,West,Web,537
ORD-8241,2024-10-25,North,Partner,457
ORD-8242,2024-10-25,West,Retail,485
ORD-8243,2024-10-18,North,Web,716
ORD-8244,2024-10-03,South,Web,442
ORD-8245,2024-10-23,East,Retail,399
ORD-8246,2024-10-16,South,Web,522
ORD-8247,2024-10-08,East,Retail,341
ORD-8248,2024-10-05,West,Web,562
ORD-8249,2024-10-10,North,Partner,459
ORD-8250,2024-10-15,North,Partner,531
ORD-8251,2024-10-13,South,Web,422
ORD-8252,2024-10-18,West,Retail,469
ORD-8253,2024-10-09,East,Web,411
ORD-8254,2024-10-25,North,Retail,581
ORD-8255,2024-10-13,West,Retail,515
ORD-8256,2024-10-20,North,Retail,458
ORD-8257,2024-10-19,East,Retail,571
ORD-8258,2024-10-09,North,Retail,517
ORD-8259,2024-10-03,South,Web,426
ORD-8260,2024-10-10,East,Web,555
ORD-8261,2024-10-06,East,Retail,456
ORD-8262,2024-10-21,East,Partner,651
ORD-8263,2024-10-04,North,Retail,447
ORD-8264,2024-10-20,South,Partner,402
ORD-8265,2024-10-14,West,Partner,496
ORD-8266,2024-10-02,East,Retail,546
ORD-8267,2024-10-01,South,Retail,505
ORD-8268,2024-10-11,North,Web,445
ORD-8269,2024-10-18,West,Partner,445
ORD-8270,2024-10-03,North,Web,600
ORD-8271,2024-10-08,East,Retail,613
ORD-8272,2024-10-08,South,Partner,579
ORD-8273,2024-10-20,East,Web,524
ORD-8274,2024-10-03,East,Web,355
ORD-8275,2024-10-09,South,Retail,515
ORD-8276,2024-10-18,East,Retail,390
ORD-8277,2024-10-15,North,Retail,552
ORD-8278,2024-10-19,North,Web,496
ORD-8279,2024-10-09,West,Web,539
ORD-8280,2024-10-28,East,Retail,372
ORD-8281,2024-10-26,South,Web,453
ORD-8282,2024-10-13,North,Web,480
ORD-8283,2024-10-17,West,Web,368
ORD-8284,2024-10-13,East,Partner,541
ORD-8285,2024-10-06,West,Web,332
ORD-8286,2024-10-16,East,Web,566
ORD-8287,2024-10-14,East,Retail,664
ORD-8288,2024-10-12,West,Web,469
ORD-8289,2024-10-02,North,Partner,591
ORD-8290,2024-10-19,South,Web,527
ORD-8291,2024-10-02,South,Retail,294
ORD-8292,2024-10-13,West,Retail,761
ORD-8293,2024-10-21,South,Retail,535
ORD-8294,2024-10-05,South,Partner,505
ORD-8295,2024-10-09,West,Retail,395
ORD-8296,2024-10-15,West,Retail,478
ORD-8297,2024-10-17,South,Web,519
ORD-8298,2024-10-11,South,Partner,564
ORD-8299,2024-10-18,West,Partner,537
ORD-8300,2024-10-22,North,Retail,445
ORD-8301,2024-10-26,North,Partner,488
ORD-8302,2024-10-24,North,Web,426
ORD-8303,2024-10-06,East,Web,560
ORD-8304,2024-10-10,West,Partner,397
ORD-8305,2024-10-03,East,Partner,406
ORD-8306,2024-10-17,West,Web,479
ORD-8307,2024-10-24,South,Retail,423
ORD-8308,2024-10-15,South,Web,508
ORD-8309,2024-10-21,East,Retail,449
ORD-8310,2024-10-04,East,Partner,424
ORD-8311,2024-10-19,East,Retail,530
ORD-8312,2024-10-23,East,Partner,418
ORD-8313,2024-10-02,North,Partner,370
ORD-8314,2024-10-16,East,Web,674
ORD-8315,2024-10-07,South,Retail,500
ORD-8316,2024-10-25,West,Retail,576
ORD-8317,2024-10-24,South,Partner,451
ORD-8318,2024-10-17,East,Retail,543
ORD-8319,2024-10-19,West,Retail,434
ORD-8320,2024-10-04,East,Retail,495
ORD-8321,2024-10-24,West,Partner,630
ORD-8322,2024-10-14,North,Web,562
ORD-8323,2024-10-12,North,Partner,454
ORD-8324,2024-10-27,North,Web,373
ORD-8325,2024-10-20,North,Retail,636
ORD-8326,2024-10-20,North,Web,500
ORD-8327,2024-10-11,West,Retail,408
ORD-8328,2024-10-07,West,Web,528
ORD-8329,2024-10-12,South,Retail,456
ORD-8330,2024-10-10,East,Partner,422
ORD-8331,2024-10-12,West,Web,503
ORD-8332,2024-10-11,South,Partner,528
ORD-8333,2024-10-13,South,Partner,532
ORD-8334,2024-10-03,North,Retail,561
ORD-8335,2024-10-24,East,Retail,645
ORD-8336,2024-10-04,East,Web,633
ORD-8337,2024-10-02,West,Web,496
ORD-8338,2024-10-11,North,Retail,467
ORD-8339,2024-10-05,West,Retail,608
ORD-8340,2024-10-18,South,Partner,475
ORD-8341,2024-10-08,East,Retail,567
ORD-8342,2024-10-05,South,Partner,497
ORD-8343,2024-10-06,North,Partner,605
ORD-8344,2024-10-23,East,Retail,602
ORD-8345,2024-10-22,West,Retail,607
ORD-8346,2024-10-13,West,Partner,601
ORD-8347,2024-10-13,East,Retail,381
ORD-8348,2024-10-24,East,Web,456
ORD-8349,2024-10-25,West,Retail,468
ORD-8350,2024-10-26,West,Partner,701
ORD-8351,2024-10-22,North,Partner,538
ORD-8352,2024-10-24,North,Web,645
ORD-8353,2024-10-08,South,Partner,497
ORD-8354,2024-10-19,West,Web,494
ORD-8355,2024-10-04,South,Web,456
ORD-8356,2024-10-06,North,Retail,459
ORD-8357,2024-10-14,South,Partner,482
ORD-8358,2024-10-18,West,Web,416
ORD-8359,2024-10-02,North,Partner,511
ORD-8360,2024-10-11,North,Retail,568
ORD-8361,2024-10-09,North,Web,457
ORD-8362,2024-10-11,North,Retail,505
ORD-8363,2024-10-07,East,Partner,459
ORD-8364,2024-10-24,North,Web,583
ORD-8365,2024-10-25,South,Web,441
ORD-8366,2024-10-12,East,Web,364
ORD-8367,2024-10-14,South,Partner,430
ORD-8368,2024-10-11,South,Partner,604
ORD-8369,2024-10-07,South,Web,546
ORD-8370,2024-10-27,North,Retail,609
ORD-8371,2024-10-03,South,Web,569
ORD-8372,2024-10-28,West,Web,495
ORD-8373,2024-10-02,East,Retail,365
ORD-8374,2024-10-03,East,Retail,495
ORD-8375,2024-10-05,West,Retail,546
ORD-8376,2024-10-06,North,Web,504
ORD-8377,2024-10-01,North,Web,454
ORD-8378,2024-10-03,West,Web,637
ORD-8379,2024-10-16,South,Partner,469
ORD-8380,2024-10-27,West,Retail,450
ORD-8381,2024-10-27,East,Partner,519
ORD-8382,2024-10-05,North,Retail,637
ORD-8383,2024-10-24,East,Partner,470
ORD-8384,2024-10-08,South,Web,626
ORD-8385,2024-10-03,East,Web,414
ORD-8386,2024-10-28,North,Web,423
ORD-8387,2024-10-23,North,Web,511
ORD-8388,2024-10-12,West,Partner,711
ORD-8389,2024-10-12,South,Retail,534
ORD-8390,2024-10-19,East,Web,549
ORD-8391,2024-10-05,South,Partner,429
ORD-8392,2024-10-09,East,Partner,582
ORD-8393,2024-10-07,East,Retail,513
ORD-8394,2024-10-04,West,Web,456
ORD-8395,2024-10-22,South,Web,461
ORD-8396,2024-10-06,West,Retail,406
ORD-8397,2024-10-22,South,Retail,724
ORD-8398,2024-10-24,South,Partner,464
ORD-8399,2024-10-08,West,Partner,511
ORD-8400,2024-10-08,North,Retail,363
ORD-8401,2024-10-24,East,Web,433
ORD-8402,2024-10-06,North,Retail,619
ORD-8403,2024-10-18,North,Partner,691
ORD-8404,2024-10-19,East,Web,312
ORD-8405,2024-10-02,North,Retail,577
ORD-8406,2024-10-05,West,Web,481
ORD-8407,2024-10-28,West,Web,722
ORD-8408,2024-10-11,West,Web,563
ORD-8409,2024-10-02,North,Partner,495
ORD-8410,2024-10-03,North,Web,296
ORD-8411,2024-10-28,North,Retail,402
ORD-8412,2024-10-05,North,Web,625
ORD-8413,2024-10-02,West,Partner,549
ORD-8414,2024-10-18,East,Retail,527
ORD-8415,2024-10-20,South,Web,512
ORD-8416,2024-10-26,South,Retail,754
ORD-8417,2024-10-22,South,Web,630
ORD-8418,2024-10-10,South,Retail,383
ORD-8419,2024-10-09,South,Partner,439
ORD-8420,2024-10-07,South,Retail,340
ORD-8421,2024-10-16,North,Partner,490
ORD-8422,2024-10-16,West,Retail,488
ORD-8423,2024-10-01,East,Retail,476
ORD-8424,2024-10-19,East,Retail,474
ORD-8425,2024-10-15,North,Retail,507
ORD-8426,2024-10-09,West,Retail,479
ORD-8427,2024-10-23,West,Web,396
ORD-8428,2024-10-12,East,Web,449
ORD-8429,2024-10-10,West,Web,484
ORD-8430,2024-10-20,North,Partner,498
ORD-8431,2024-10-06,South,Retail,461
ORD-8432,2024-10-05,West,Retail,485
ORD-8433,2024-10-05,East,Partner,519
ORD-8434,2024-10-09,South,Web,400
ORD-8435,2024-10-25,South,Partner,462
ORD-8436,2024-10-25,South,Web,621
ORD-8437,2024-10-18,East,Partner,467
ORD-8438,2024-10-17,South,Retail,427
ORD-8439,2024-10-08,West,Partner,516
ORD-8440,2024-10-17,North,Partner,414
ORD-8441,2024-10-26,East,Partner,444
ORD-8442,2024-10-17,West,Retail,412
ORD-8443,2024-10-10,South,Partner,416
ORD-8444,2024-10-23,North,Web,553
ORD-8445,2024-10-06,South,Partner,535
ORD-8446,2024-10-10,East,Partner,401
ORD-8447,2024-10-07,South,Partner,517
ORD-8448,2024-10-28,West,Web,626
ORD-8449,2024-10-11,South,Web,485
ORD-8450,2024-10-08,South,Partner,463
ORD-8451,2024-10-06,South,Retail,384
ORD-8452,2024-10-19,North,Retail,680
ORD-8453,2024-10-09,West,Retail,465
ORD-8454,2024-10-19,South,Web,562
ORD-8455,2024-10-16,West,Partner,341
ORD-8456,2024-10-23,South,Retail,423
ORD-8457,2024-10-17,West,Retail,545
ORD-8458,2024-10-17,East,Retail,432
ORD-8459,2024-10-11,East,Partner,411
ORD-8460,2024-10-13,East,Partner,505
ORD-8461,2024-10-01,North,Web,360
ORD-8462,2024-10-02,North,Retail,519
ORD-8463,2024-10-11,East,Retail,397
ORD-8464,2024-10-01,East,Retail,538
ORD-8465,2024-10-22,West,Retail,498
ORD-8466,2024-10-08,North,Retail,342
ORD-8467,2024-10-25,West,Partner,479
ORD-8468,2024-10-12,East,Web,511
ORD-8469,2024-10-03,West,Web,580
ORD-8470,2024-10-16,North,Retail,419
ORD-8471,2024-10-08,South,Retail,642
ORD-8472,2024-10-07,North,Partner,375
ORD-8473,2024-10-16,West,Web,707
ORD-8474,2024-10-04,North,Retail,647
ORD-8475,2024-10-28,South,Retail,563
ORD-8476,2024-10-03,West,Retail,531
ORD-8477,2024-10-18,West,Partner,505
ORD-8478,2024-10-03,East,Partner,506
ORD-8479,2024-10-09,West,Retail,603
ORD-8480,2024-10-16,East,Retail,546
ORD-8481,2024-10-05,West,Web,450
ORD-8482,2024-10-13,North,Partner,572
ORD-8483,2024-10-05,South,Retail,411
ORD-8484,2024-10-05,East,Retail,415
ORD-8485,2024-10-01,West,Web,539
ORD-8486,2024-10-09,West,Partner,735
ORD-8487,2024-10-01,East,Web,544
ORD-8488,2024-10-21,North,Retail,521
ORD-8489,2024-10-05,East,Retail,551
ORD-8490,2024-10-25,East,Web,503
ORD-8491,2024-10-16,South,Web,628
ORD-8492,2024-10-18,East,Partner,613
ORD-8493,2024-10-01,South,Partner,598
ORD-8494,2024-10-09,South,Partner,618
ORD-8495,2024-10-20,East,Web,585
ORD-8496,2024-10-24,South,Web,546
ORD-8497,2024-10-22,East,Web,676
ORD-8498,2024-10-19,West,Retail,539
ORD-8499,2024-10-01,North,Retail,570
ORD-8500,2024-10-18,South,Web,511
ORD-8501,2024-10-15,South,Retail,446
ORD-8502,2024-10-15,West,Partner,530
ORD-8503,2024-10-21,South,Web,491
ORD-8504,2024-10-17,East,Web,383
ORD-8505,2024-10-24,East,Web,507
ORD-8506,2024-10-01,South,Partner,446
ORD-8507,2024-10-06,South,Web,532
ORD-8508,2024-10-12,South,Partner,504
ORD-8509,2024-10-28,West,Retail,307
ORD-8510,2024-10-08,East,Partner,497
ORD-8511,2024-10-27,West,Partner,329
ORD-8512,2024-10-26,South,Web,596
ORD-8513,2024-10-11,South,Web,420
ORD-8514,2024-10-27,West,Web,448
ORD-8515,2024-10-20,South,Retail,438
ORD-8516,2024-10-10,North,Retail,484
ORD-8517,2024-10-05,South,Partner,519
ORD-8518,2024-10-09,North,Web,559
ORD-8519,2024-10-14,East,Retail,427
ORD-8520,2024-10-24,North,Partner,383
ORD-8521,2024-10-11,East,Partner,666
ORD-8522,2024-10-18,North,Web,498
ORD-8523,2024-10-17,East,Retail,253
ORD-8524,2024-10-10,South,Web,434
ORD-8525,2024-10-10,North,Web,512
ORD-8526,2024-10-15,East,Partner,403
ORD-8527,2024-10-18,West,Partner,494
ORD-8528,2024-10-25,East,Partner,635
ORD-8529,2024-10-27,South,Web,465
ORD-8530,2024-10-08,South,Partner,479
ORD-8531,2024-10-11,East,Partner,547
ORD-8532,2024-10-18,South,Web,441
ORD-8533,2024-10-21,South,Retail,439
ORD-8534,2024-10-11,East,Retail,531
ORD-8535,2024-10-09,East,Partner,547
ORD-8536,2024-10-18,East,Retail,625
ORD-8537,2024-10-15,West,Web,382
ORD-8538,2024-10-05,West,Retail,447
ORD-8539,2024-10-14,East,Web,484
ORD-8540,2024-10-03,South,Retail,557
ORD-8541,2024-10-17,West,Web,473
ORD-8542,2024-10-11,West,Web,504
ORD-8543,2024-10-18,East,Partner,374
ORD-8544,2024-10-06,West,Web,456
ORD-8545,2024-10-14,East,Web,488
ORD-8546,2024-10-01,South,Retail,466
ORD-8547,2024-10-25,South,Retail,670
ORD-8548,2024-10-23,West,Web,527
ORD-8549,2024-10-10,North,Web,535
ORD-8550,2024-10-06,East,Web,436
ORD-8551,2024-10-02,East,Retail,689
ORD-8552,2024-10-20,North,Web,655
ORD-8553,2024-10-15,East,Partner,501
ORD-8554,2024-10-18,West,Partner,495
ORD-8555,2024-10-01,East,Retail,446
ORD-8556,2024-10-24,West,Retail,500
ORD-8557,2024-10-12,South,Web,544
ORD-8558,2024-10-02,West,Web,450
ORD-8559,2024-10-07,West,Web,425
ORD-8560,2024-10-26,East,Partner,425
ORD-8561,2024-10-04,West,Web,643
ORD-8562,2024-10-03,West,Web,675
ORD-8563,2024-10-09,North,Partner,471
ORD-8564,2024-10-16,East,Partner,572
ORD-8565,2024-10-19,East,Partner,357
ORD-8566,2024-10-11,West,Web,447
ORD-8567,2024-10-22,South,Partner,380
ORD-8568,2024-10-17,East,Web,518
ORD-8569,2024-10-22,North,Partner,473
ORD-8570,2024-10-26,East,Web,576
ORD-8571,2024-10-26,South,Retail,616
ORD-8572,2024-10-21,South,Partner,637
ORD-8573,2024-10-13,East,Partner,519
ORD-8574,2024-10-15,West,Retail,311
ORD-8575,2024-10-12,West,Partner,473
ORD-8576,2024-10-13,West,Retail,520
ORD-8577,2024-10-22,East,Partner,402
ORD-8578,2024-10-19,South,Web,516
ORD-8579,2024-10-20,North,Retail,279
ORD-8580,2024-10-28,East,Partner,560
ORD-8581,2024-10-05,West,Retail,518
ORD-8582,2024-10-27,North,Retail,493
ORD-8583,2024-10-11,West,Web,281
ORD-8584,2024-10-09,East,Web,302
ORD-8585,2024-10-24,East,Retail,384
ORD-8586,2024-10-12,South,Partner,611
ORD-8587,2024-10-27,North,Web,549
ORD-8588,2024-10-19,North,Partner,682
ORD-8589,2024-10-19,East,Retail,378
ORD-8590,2024-10-12,North,Retail,526
ORD-8591,2024-10-11,North,Retail,607
ORD-8592,2024-10-12,West,Retail,472
ORD-8593,2024-10-02,East,Web,588
ORD-8594,2024-10-15,West,Retail,552
ORD-8595,2024-10-23,North,Web,434
ORD-8596,2024-10-24,East,Web,539
ORD-8597,2024-10-03,North,Web,392
ORD-8598,2024-10-04,West,Web,594
ORD-8599,2024-10-09,West,Retail,479
ORD-8600,2024-10-10,West,Partner,551
ORD-8601,2024-10-22,South,Retail,406
ORD-8602,2024-10-07,East,Web,645
ORD-8603,2024-10-15,East,Partner,580
ORD-8604,2024-10-09,South,Partner,471
ORD-8605,2024-10-20,South,Retail,482
ORD-8606,2024-10-09,South,Retail,302
ORD-8607,2024-10-18,West,Web,389
ORD-8608,2024-10-04,West,Web,410
ORD-8609,2024-10-21,North,Web,629
ORD-8610,2024-10-08,North,Web,563
ORD-8611,2024-10-26,East,Retail,667
ORD-8612,2024-10-10,West,Partner,374
ORD-8613,2024-10-01,South,Partner,444
ORD-8614,2024-10-15,South,Retail,593
ORD-8615,2024-10-21,North,Retail,485
ORD-8616,2024-10-05,South,Retail,510
ORD-8617,2024-10-22,East,Web,707
ORD-8618,2024-10-02,East,Retail,547
ORD-8619,2024-10-06,South,Retail,581
ORD-8620,2024-10-22,East,Web,515
ORD-8621,2024-10-03,North,Partner,545
ORD-8622,2024-10-14,East,Partner,457
ORD-8623,2024-10-18,South,Partner,541
ORD-8624,2024-10-19,West,Partner,314
ORD-8625,2024-10-17,West,Partner,418
ORD-8626,2024-10-13,West,Retail,637
ORD-8627,2024-10-28,East,Web,635
ORD-8628,2024-10-07,South,Retail,555
ORD-8629,2024-10-10,South,Retail,417
ORD-8630,2024-10-21,South,Web,437
ORD-8631,2024-10-08,South,Web,432
ORD-8632,2024-10-13,East,Retail,380
ORD-8633,2024-10-27,West,Partner,544
ORD-8634,2024-10-06,North,Partner,436
ORD-8635,2024-10-02,West,Partner,505
ORD-8636,2024-10-12,North,Web,501
ORD-8637,2024-10-22,East,Web,606
ORD-8638,2024-10-18,East,Retail,340
ORD-8639,2024-10-07,North,Partner,565
ORD-8640,2024-10-27,South,Retail,519
ORD-8641,2024-10-10,North,Partner,541
ORD-8642,2024-10-26,West,Web,643
ORD-8643,2024-10-18,North,Retail,509
ORD-8644,2024-10-19,South,Partner,523
ORD-8645,2024-10-04,West,Retail,404
ORD-8646,2024-10-18,East,Partner,587
ORD-8647,2024-10-08,North,Web,377
ORD-8648,2024-10-20,West,Partner,607
ORD-8649,2024-10-05,North,Partner,497
ORD-8650,2024-10-27,West,Partner,433
ORD-8651,2024-10-23,East,Retail,727
ORD-8652,2024-10-26,South,Web,519
ORD-8653,2024-10-09,West,Retail,560
ORD-8654,2024-10-03,East,Web,531
ORD-8655,2024-10-21,East,Partner,519
ORD-8656,2024-10-24,South,Web,537
ORD-8657,2024-10-17,East,Web,415
ORD-8658,2024-10-08,East,Web,485
ORD-8659,2024-10-19,South,Partner,533
ORD-8660,2024-10-03,East,Web,310
ORD-8661,2024-10-27,North,Partner,586
ORD-8662,2024-10-03,West,Retail,343
ORD-8663,2024-10-09,South,Web,510
ORD-8664,2024-10-12,North,Partner,624
ORD-8665,2024-10-11,West,Web,612
ORD-8666,2024-10-06,West,Retail,316
ORD-8667,2024-10-21,South,Web,488
ORD-8668,2024-10-19,North,Partner,663
ORD-8669,2024-10-03,West,Partner,521
ORD-8670,2024-10-02,West,Retail,435
ORD-8671,2024-10-01,West,Partner,608
ORD-8672,2024-10-08,South,Web,591
ORD-8673,2024-10-04,East,Web,546
ORD-8674,2024-10-14,West,Web,488
ORD-8675,2024-10-19,East,Partner,467
ORD-8676,2024-10-02,West,Web,361
ORD-8677,2024-10-17,East,Partner,674
ORD-8678,2024-10-08,East,Retail,448
ORD-8679,2024-10-20,North,Retail,498
ORD-8680,2024-10-24,South,Partner,437
ORD-8681,2024-10-27,South,Retail,578
ORD-8682,2024-10-28,West,Retail,583
ORD-8683,2024-10-16,South,Retail,468
ORD-8684,2024-10-25,North,Partner,442
ORD-8685,2024-10-26,South,Retail,445
ORD-8686,2024-10-20,West,Web,434
ORD-8687,2024-10-16,South,Web,526
ORD-8688,2024-10-22,North,Partner,578
ORD-8689,2024-10-21,East,Web,545
ORD-8690,2024-10-27,West,Partner,601
ORD-8691,2024-10-28,South,Retail,587
ORD-8692,2024-10-06,East,Web,369
ORD-8693,2024-10-02,West,Partner,589
ORD-8694,2024-10-03,East,Retail,451
ORD-8695,2024-10-05,West,Partner,534
ORD-8696,2024-10-11,North,Partner,520
ORD-8697,2024-10-01,East,Partner,467
ORD-8698,2024-10-26,South,Web,399
ORD-8699,2024-10-22,North,Partner,528
ORD-8700,2024-10-25,North,Web,519
ORD-8701,2024-10-19,East,Retail,374
ORD-8702,2024-10-25,South,Retail,364
ORD-8703,2024-10-03,South,Web,393
ORD-8704,2024-10-27,North,Retail,537
ORD-8705,2024-10-05,North,Retail,423
ORD-8706,2024-10-05,West,Retail,582
ORD-8707,2024-10-27,East,Web,269
ORD-8708,2024-10-14,East,Partner,640
ORD-8709,2024-10-10,North,Retail,561
ORD-8710,2024-10-04,North,Partner,507
ORD-8711,2024-10-03,East,Retail,584
ORD-8712,2024-10-06,West,Partner,524
ORD-8713,2024-10-13,South,Partner,732
ORD-8714,2024-10-27,North,Web,507
ORD-8715,2024-10-22,North,Partner,503
ORD-8716,2024-10-18,East,Web,316
ORD-8717,2024-10-09,North,Retail,478
ORD-8718,2024-10-16,South,Partner,463
ORD-8719,2024-10-17,West,Retail,527
ORD-8720,2024-10-12,East,Web,423
ORD-8721,2024-10-13,West,Retail,464
ORD-8722,2024-10-21,North,Partner,348
ORD-8723,2024-10-03,East,Partner,505
ORD-8724,2024-10-21,South,Web,627
ORD-8725,2024-10-20,South,Partner,321
ORD-8726,2024-10-16,East,Retail,626
ORD-8727,2024-10-12,South,Web,463
ORD-8728,2024-10-16,North,Retail,434
ORD-8729,2024-10-15,South,Partner,473
ORD-8730,2024-10-09,North,Partner,550
ORD-8731,2024-10-10,South,Retail,596
ORD-8732,2024-10-13,North,Partner,522
ORD-8733,2024-10-26,East,Web,565
ORD-8734,2024-10-16,West,Partner,310
ORD-8735,2024-10-12,East,Retail,511
ORD-8736,2024-10-27,West,Partner,354
ORD-8737,2024-10-08,West,Partner,471
ORD-8738,2024-10-27,South,Partner,488
ORD-8739,2024-10-11,East,Retail,588
ORD-8740,2024-10-17,West,Retail,506
ORD-8741,2024-10-25,West,Retail,581
ORD-8742,2024-10-10,South,Retail,661
ORD-8743,2024-10-04,South,Partner,572
ORD-8744,2024-10-11,North,Retail,542
ORD-8745,2024-10-14,North,Web,492
ORD-8746,2024-10-28,North,Partner,563
ORD-8747,2024-10-26,East,Partner,593
ORD-8748,2024-10-16,West,Retail,469
ORD-8749,2024-10-07,South,Partner,435
ORD-8750,2024-10-15,North,Web,486
ORD-8751,2024-10-17,South,Retail,431
ORD-8752,2024-10-08,East,Partner,632
ORD-8753,2024-10-05,South,Web,390
ORD-8754,2024-10-12,East,Partner,430
ORD-8755,2024-10-10,East,Partner,492
ORD-8756,2024-10-05,East,Partner,462
ORD-8757,2024-10-27,West,Partner,426
ORD-8758,2024-10-18,East,Web,525
ORD-8759,2024-10-17,East,Retail,556
ORD-8760,2024-10-05,South,Web,488
ORD-8761,2024-10-27,South,Retail,457
ORD-8762,2024-10-16,West,Partner,489
ORD-8763,2024-10-01,North,Web,489
ORD-8764,2024-10-12,North,Retail,524
ORD-8765,2024-10-16,East,Web,485
ORD-8766,2024-10-17,East,Partner,425
ORD-8767,2024-10-23,South,Retail,502
ORD-8768,2024-10-22,West,Retail,427
ORD-8769,2024-10-17,North,Partner,341
ORD-8770,2024-10-13,West,Retail,482
ORD-8771,2024-10-27,North,Partner,524
ORD-8772,2024-10-14,West,Retail,501
ORD-8773,2024-10-23,East,Partner,474
ORD-8774,2024-10-23,North,Retail,529
ORD-8775,2024-10-02,North,Partner,392
ORD-8776,2024-10-28,North,Partner,511
ORD-8777,2024-10-07,North,Partner,510
ORD-8778,2024-10-17,North,Web,423
ORD-8779,2024-10-06,West,Web,466
ORD-8780,2024-10-19,West,Partner,490
ORD-8781,2024-10-02,West,Web,565
ORD-8782,2024-10-02,East,Web,579
ORD-8783,2024-10-08,South,Retail,560
ORD-8784,2024-10-13,West,Web,400
ORD-8785,2024-10-12,East,Web,551
ORD-8786,2024-10-23,East,Web,472
ORD-8787,2024-10-06,East,Web,598
ORD-8788,2024-10-07,North,Partner,523
ORD-8789,2024-10-11,North,Partner,586
ORD-8790,2024-10-07,West,Retail,357
ORD-8791,2024-10-06,North,Retail,314
ORD-8792,2024-10-03,East,Retail,489
ORD-8793,2024-10-27,North,Web,451
ORD-8794,2024-10-19,South,Retail,450
ORD-8795,2024-10-13,South,Web,468
ORD-8796,2024-10-25,North,Retail,572
ORD-8797,2024-10-11,South,Retail,577
ORD-8798,2024-10-23,South,Web,475
ORD-8799,2024-10-11,North,Retail,460
ORD-8800,2024-10-27,West,Web,562
ORD-8801,2024-10-12,South,Partner,395
ORD-8802,2024-10-22,West,Retail,553
ORD-8803,2024-10-19,West,Partner,628
ORD-8804,2024-10-12,East,Web,525
ORD-8805,2024-10-27,East,Partner,579
ORD-8806,2024-10-19,East,Web,477
ORD-8807,2024-10-01,North,Web,476
ORD-8808,2024-10-19,North,Web,469
ORD-8809,2024-10-27,South,Web,426
ORD-8810,2024-10-02,South,Retail,541
ORD-8811,2024-10-19,South,Web,473
ORD-8812,2024-10-12,West,Retail,401
ORD-8813,2024-10-22,South,Web,492
ORD-8814,2024-10-10,East,Retail,458
ORD-8815,2024-10-24,South,Web,622
ORD-8816,2024-10-17,West,Partner,650
ORD-8817,2024-10-22,North,Retail,510
ORD-8818,2024-10-01,West,Retail,582
ORD-8819,2024-10-27,West,Retail,418
ORD-8820,2024-10-16,South,Web,549
ORD-8821,2024-10-13,South,Partner,469
ORD-8822,2024-10-08,North,Partner,410
ORD-8823,2024-10-07,West,Partner,406
ORD-8824,2024-10-22,South,Web,443
ORD-8825,2024-10-07,East,Web,525
ORD-8826,2024-10-01,South,Web,513
ORD-8827,2024-10-16,West,Partner,565
ORD-8828,2024-10-11,South,Web,537
ORD-8829,2024-10-24,South,Web,406
ORD-8830,2024-10-05,West,Web,396
ORD-8831,2024-10-08,West,Partner,515
ORD-8832,2024-10-16,South,Web,515
ORD-8833,2024-10-20,West,Partner,578
ORD-8834,2024-10-21,East,Partner,489
ORD-8835,2024-10-03,South,Partner,453
ORD-8836,2024-10-17,East,Web,489
ORD-8837,2024-10-24,North,Partner,359
ORD-8838,2024-10-22,East,Partner,539
ORD-8839,2024-10-10,North,Retail,443
ORD-8840,2024-10-06,East,Retail,550
ORD-8841,2024-10-09,South,Partner,493
ORD-8842,2024-10-11,West,Retail,612
ORD-8843,2024-10-18,North,Partner,535
ORD-8844,2024-10-17,South,Web,393
ORD-8845,2024-10-26,North,Retail,551
ORD-8846,2024-10-10,South,Partner,617
ORD-8847,2024-10-28,West,Web,460
ORD-8848,2024-10-27,West,Web,646
ORD-8849,2024-10-09,North,Partner,388
ORD-8850,2024-10-07,South,Web,344
ORD-8851,2024-10-19,North,Partner,630
ORD-8852,2024-10-04,South,Partner,531
ORD-8853,2024-10-11,East,Partner,502
ORD-8854,2024-10-06,North,Partner,589
ORD-8855,2024-10-06,North,Web,333
ORD-8856,2024-10-02,South,Web,538
ORD-8857,2024-10-04,North,Retail,523
ORD-8858,2024-10-27,South,Web,535
ORD-8859,2024-10-17,North,Web,409
ORD-8860,2024-10-07,West,Retail,598
ORD-8861,2024-10-18,South,Retail,561
ORD-8862,2024-10-07,East,Web,495
ORD-8863,2024-10-06,North,Web,447
ORD-8864,2024-10-23,East,Partner,586
ORD-8865,2024-10-25,East,Retail,470
ORD-8866,2024-10-18,East,Partner,473
ORD-8867,2024-10-15,East,Partner,627
ORD-8868,2024-10-14,North,Partner,452
ORD-8869,2024-10-20,South,Retail,458
ORD-8870,2024-10-15,East,Web,476
ORD-8871,2024-10-21,South,Web,448
ORD-8872,2024-10-12,North,Retail,470
ORD-8873,2024-10-15,West,Web,429
ORD-8874,2024-10-14,East,Partner,573
ORD-8875,2024-10-07,West,Web,327
ORD-8876,2024-10-08,West,Web,710
ORD-8877,2024-10-11,West,Web,465
ORD-8878,2024-10-01,North,Retail,470
ORD-8879,2024-10-06,South,Partner,418
ORD-8880,2024-10-13,West,Partner,377
ORD-8881,2024-10-04,West,Retail,546
ORD-8882,2024-10-13,South,Partner,322
ORD-8883,2024-10-03,East,Partner,458
ORD-8884,2024-10-27,South,Web,570
ORD-8885,2024-10-11,West,Partner,594
ORD-8886,2024-10-16,South,Web,525
ORD-8887,2024-10-23,South,Partner,536
ORD-8888,2024-10-14,West,Retail,638
ORD-8889,2024-10-04,East,Retail,498
ORD-8890,2024-10-10,North,Web,681
ORD-8891,2024-10-26,North,Web,495
ORD-8892,2024-10-27,West,Partner,571
ORD-8893,2024-10-14,West,Web,529
ORD-8894,2024-10-19,East,Web,603
ORD-8895,2024-10-12,North,Web,439
ORD-8896,2024-10-03,South,Web,441
ORD-8897,2024-10-14,South,Retail,508
ORD-8898,2024-10-26,West,Partner,589
ORD-8899,2024-10-21,West,Partner,513
ORD-8900,2024-10-25,East,Web,663
ORD-8901,2024-10-16,North,Partner,508
ORD-8902,2024-10-16,North,Retail,294
ORD-8903,2024-10-22,North,Retail,468
ORD-8904,2024-10-16,East,Web,509
ORD-8905,2024-10-02,North,Partner,574
ORD-8906,2024-10-09,East,Web,380
ORD-8907,2024-10-07,West,Partner,585
ORD-8908,2024-10-22,South,Web,568
ORD-8909,2024-10-17,South,Web,568
ORD-8910,2024-10-22,South,Retail,599
ORD-8911,2024-10-12,East,Partner,638
ORD-8912,2024-10-11,South,Partner,633
ORD-8913,2024-10-25,East,Partner,495
ORD-8914,2024-10-24,East,Web,659
ORD-8915,2024-10-01,South,Retail,349
ORD-8916,2024-10-28,North,Retail,665
ORD-8917,2024-10-26,North,Partner,577
ORD-8918,2024-10-22,North,Partner,642
ORD-8919,2024-10-15,South,Retail,503
ORD-8920,2024-10-21,South,Retail,603
ORD-8921,2024-10-07,South,Retail,231
ORD-8922,2024-10-13,West,Retail,543
ORD-8923,2024-10-28,West,Web,580
ORD-8924,2024-10-28,East,Retail,333
ORD-8925,2024-10-06,South,Retail,529
ORD-8926,2024-10-01,East,Partner,517
ORD-8927,2024-10-16,West,Retail,350
ORD-8928,2024-10-17,East,Web,527
ORD-8929,2024-10-17,South,Retail,467
ORD-8930,2024-10-17,West,Partner,537
ORD-8931,2024-10-18,North,Partner,489
ORD-8932,2024-10-15,East,Retail,436
ORD-8933,2024-10-12,North,Partner,634
ORD-8934,2024-10-24,North,Retail,467
ORD-8935,2024-10-10,North,Retail,624
ORD-8936,2024-10-21,North,Retail,462
ORD-8937,2024-10-06,West,Partner,480
ORD-8938,2024-10-22,East,Partner,514
ORD-8939,2024-10-10,East,Web,521
ORD-8940,2024-10-22,South,Retail,470
ORD-8941,2024-10-20,South,Web,350
ORD-8942,2024-10-04,North,Retail,523
ORD-8943,2024-10-13,North,Web,620
ORD-8944,2024-10-12,South,Retail,549
ORD-8945,2024-10-09,South,Web,629
ORD-8946,2024-10-28,North,Web,505
ORD-8947,2024-10-14,North,Retail,563
ORD-8948,2024-10-09,North,Retail,580
ORD-8949,2024-10-05,East,Retail,623
ORD-8950,2024-10-28,East,Web,600
ORD-8951,2024-10-12,East,Retail,419
ORD-8952,2024-10-26,North,Retail,251
ORD-8953,2024-10-25,South,Web,411
ORD-8954,2024-10-09,West,Partner,483
ORD-8955,2024-10-13,West,Retail,597
ORD-8956,2024-10-05,East,Retail,435
ORD-8957,2024-10-09,South,Partner,432
ORD-8958,2024-10-01,North,Web,320
ORD-8959,2024-10-08,West,Web,496
ORD-8960,2024-10-18,South,Retail,357
ORD-8961,2024-10-28,North,Partner,502
ORD-8962,2024-10-22,West,Web,561
ORD-8963,2024-10-26,East,Web,528
ORD-8964,2024-10-04,West,Web,346
ORD-8965,2024-10-12,East,Web,588
ORD-8966,2024-10-11,North,Partner,519
ORD-8967,2024-10-12,South,Partner,450
ORD-8968,2024-10-27,North,Web,425
ORD-8969,2024-10-03,East,Retail,420
ORD-8970,2024-10-03,East,Web,494
ORD-8971,2024-10-02,East,Partner,569
ORD-8972,2024-10-12,West,Partner,537
ORD-8973,2024-10-11,North,Retail,468
ORD-8974,2024-10-25,East,Partner,490
ORD-8975,2024-10-26,South,Retail,408
ORD-8976,2024-10-24,West,Partner,550
ORD-8977,2024-10-24,South,Retail,399
ORD-8978,2024-10-25,East,Partner,504
ORD-8979,2024-10-08,West,Retail,548
ORD-8980,2024-10-19,North,Partner,553
ORD-8981,2024-10-20,West,Partner,508
ORD-8982,2024-10-24,North,Web,629
ORD-8983,2024-10-07,East,Web,504
ORD-8984,2024-10-19,East,Partner,527
ORD-8985,2024-10-09,North,Partner,364
ORD-8986,2024-10-28,North,Retail,418
ORD-8987,2024-10-26,North,Web,422
ORD-8988,2024-10-25,North,Retail,542
ORD-8989,2024-10-01,North,Web,537
ORD-8990,2024-10-15,West,Partner,472
ORD-8991,2024-10-12,North,Retail,538
ORD-8992,2024-10-07,South,Retail,615
ORD-8993,2024-10-18,West,Web,439
ORD-8994,2024-10-25,South,Retail,547
ORD-8995,2024-10-24,West,Retail,634
ORD-8996,2024-10-16,North,Web,507
ORD-8997,2024-10-28,West,Retail,586
ORD-8998,2024-10-23,West,Web,505
ORD-8999,2024-10-26,North,Retail,439
ORD-9000,2024-11-14,North,Partner,470
ORD-9001,2024-11-01,West,Retail,482
ORD-9002,2024-11-11,North,Partner,402
ORD-9003,2024-11-06,South,Retail,415
ORD-9004,2024-11-16,East,Web,457
ORD-9005,2024-11-25,West,Retail,455
ORD-9006,2024-11-09,South,Web,334
ORD-9007,2024-11-21,North,Retail,660
ORD-9008,2024-11-28,East,Retail,443
ORD-9009,2024-11-04,North,Web,654
ORD-9010,2024-11-05,East,Partner,518
ORD-9011,2024-11-02,South,Partner,475
ORD-9012,2024-11-02,North,Partner,383
ORD-9013,2024-11-24,West,Retail,527
ORD-9014,2024-11-11,West,Web,542
ORD-9015,2024-11-13,South,Retail,339
ORD-9016,2024-11-20,North,Retail,552
ORD-9017,2024-11-22,South,Web,528
ORD-9018,2024-11-23,West,Partner,692
ORD-9019,2024-11-22,West,Partner,566
ORD-9020,2024-11-13,South,Web,430
ORD-9021,2024-11-13,North,Partner,508
ORD-9022,2024-11-05,North,Retail,428
ORD-9023,2024-11-17,West,Web,504
ORD-9024,2024-11-21,East,Web,401
ORD-9025,2024-11-06,North,Web,610
ORD-9026,2024-11-05,West,Web,604
ORD-9027,2024-11-28,South,Web,573
ORD-9028,2024-11-07,North,Web,548
ORD-9029,2024-11-02,North,Partner,329
ORD-9030,2024-11-06,South,Web,643
ORD-9031,2024-11-15,West,Partner,656
ORD-9032,2024-11-08,South,Web,319
ORD-9033,2024-11-04,West,Partner,552
ORD-9034,2024-11-14,East,Partner,462
ORD-9035,2024-11-19,South,Retail,547
ORD-9036,2024-11-07,South,Web,717
ORD-9037,2024-11-02,North,Partner,608
ORD-9038,2024-11-07,South,Retail,556
ORD-9039,2024-11-08,North,Retail,469
ORD-9040,2024-11-23,East,Retail,482
ORD-9041,2024-11-21,West,Partner,488
ORD-9042,2024-11-19,South,Partner,418
ORD-9043,2024-11-13,North,Partner,528
ORD-9044,2024-11-06,North,Partner,438
ORD-9045,2024-11-12,South,Web,431
ORD-9046,2024-11-27,North,Web,591
ORD-9047,2024-11-21,East,Retail,422
ORD-9048,2024-11-27,West,Partner,541
ORD-9049,2024-11-26,South,Partner,594
ORD-9050,2024-11-23,South,Web,464
ORD-9051,2024-11-15,West,Partner,414
ORD-9052,2024-11-05,North,Partner,431
ORD-9053,2024-11-04,East,Partner,627
ORD-9054,2024-11-10,West,Web,472
ORD-9055,2024-11-01,South,Retail,528
ORD-9056,2024-11-08,East,Retail,493
ORD-9057,2024-11-02,East,Partner,405
ORD-9058,2024-11-27,West,Retail,359
ORD-9059,2024-11-02,South,Retail,471
ORD-9060,2024-11-09,North,Retail,501
ORD-9061,2024-11-13,West,Web,389
ORD-9062,2024-11-09,East,Retail,409
ORD-9063,2024-11-12,North,Retail,488
ORD-9064,2024-11-01,West,Retail,430
ORD-9065,2024-11-20,East,Retail,721
ORD-9066,2024-11-09,North,Partner,424
ORD-9067,2024-11-14,East,Partner,571
ORD-9068,2024-11-16,East,Partner,450
ORD-9069,2024-11-03,North,Retail,558
ORD-9070,2024-11-14,South,Partner,447
ORD-9071,2024-11-20,East,Retail,551
ORD-9072,2024-11-13,West,Web,327
ORD-9073,2024-11-17,North,Retail,531
ORD-9074,2024-11-25,West,Web,403
ORD-9075,2024-11-05,South,Retail,397
ORD-9076,2024-11-11,South,Partner,453
ORD-9077,2024-11-10,North,Retail,417
ORD-9078,2024-11-21,West,Retail,566
ORD-9079,2024-11-25,South,Partner,387
ORD-9080,2024-11-16,West,Retail,471
ORD-9081,2024-11-01,North,Web,383
ORD-9082,2024-11-12,West,Web,498
ORD-9083,2024-11-09,East,Retail,548
ORD-9084,2024-11-06,East,Web,376
ORD-9085,2024-11-02,West,Retail,515
ORD-9086,2024-11-19,North,Web,528
ORD-9087,2024-11-09,North,Partner,437
ORD-9088,2024-11-23,North,Partner,462
ORD-9089,2024-11-28,North,Partner,408
ORD-9090,2024-11-17,North,Retail,380
ORD-9091,2024-11-16,East,Partner,418
ORD-9092,2024-11-25,West,Web,603
ORD-9093,2024-11-05,South,Retail,472
ORD-9094,2024-11-23,South,Partner,764
ORD-9095,2024-11-20,East,Web,539
ORD-9096,2024-11-21,South,Partner,483
ORD-9097,2024-11-20,East,Retail,613
ORD-9098,2024-11-19,West,Web,596
ORD-9099,2024-11-20,East,Web,596
ORD-9100,2024-11-26,East,Partner,515
ORD-9101,2024-11-12,West,Partner,405
ORD-9102,2024-11-06,East,Retail,651
ORD-9103,2024-11-08,East,Web,473
ORD-9104,2024-11-15,East,Partner,514
ORD-9105,2024-11-25,East,Web,610
ORD-9106,2024-11-05,West,Web,454
ORD-9107,2024-11-19,South,Partner,443
ORD-9108,2024-11-12,East,Partner,594
ORD-9109,2024-11-23,West,Partner,682
ORD-9110,2024-11-23,East,Retail,605
ORD-9111,2024-11-11,South,Web,442
ORD-9112,2024-11-24,South,Web,449
ORD-9113,2024-11-16,West,Web,537
ORD-9114,2024-11-07,North,Retail,537
ORD-9115,2024-11-02,South,Retail,461
ORD-9116,2024-11-02,East,Retail,483
ORD-9117,2024-11-12,South,Web,500
ORD-9118,2024-11-19,East,Web,526
ORD-9119,2024-11-18,North,Web,436
ORD-9120,2024-11-25,North,Partner,378
ORD-9121,2024-11-09,West,Retail,508
ORD-9122,2024-11-10,West,Retail,578
ORD-9123,2024-11-01,South,Partner,528
ORD-9124,2024-11-04,West,Partner,409
ORD-9125,2024-11-27,West,Partner,499
ORD-9126,2024-11-17,North,Partner,363
ORD-9127,2024-11-22,South,Partner,477
ORD-9128,2024-11-25,South,Partner,429
ORD-9129,2024-11-14,East,Web,513
ORD-9130,2024-11-09,West,Web,487
ORD-9131,2024-11-24,West,Web,433
ORD-9132,2024-11-17,North,Partner,552
ORD-9133,2024-11-24,East,Retail,497
ORD-9134,2024-11-02,East,Retail,550
ORD-9135,2024-11-21,North,Retail,592
ORD-9136,2024-11-12,West,Partner,383
ORD-9137,2024-11-09,West,Partner,427
ORD-9138,2024-11-18,East,Web,536
ORD-9139,2024-11-28,South,Web,593
ORD-9140,2024-11-04,West,Web,488
ORD-9141,2024-11-28,East,Web,632
ORD-9142,2024-11-06,South,Partner,673
ORD-9143,2024-11-18,West,Partner,335
ORD-9144,2024-11-26,West,Partner,622
ORD-9145,2024-11-07,East,Partner,568
ORD-9146,2024-11-14,South,Web,633
ORD-9147,2024-11-24,North,Web,421
ORD-9148,2024-11-02,North,Retail,490
ORD-9149,2024-11-04,South,Retail,481
ORD-9150,2024-11-21,East,Retail,587
ORD-9151,2024-11-12,North,Partner,549
ORD-9152,2024-11-19,North,Web,446
ORD-9153,2024-11-17,South,Web,516
ORD-9154,2024-11-23,South,Retail,538
ORD-9155,2024-11-24,North,Retail,456
ORD-9156,2024-11-21,East,Web,578
ORD-9157,2024-11-26,North,Web,530
ORD-9158,2024-11-28,North,Retail,365
ORD-9159,2024-11-10,South,Retail,499
ORD-9160,2024-11-23,West,Partner,528
ORD-9161,2024-11-18,West,Partner,769
ORD-9162,2024-11-20,East,Retail,411
ORD-9163,2024-11-03,West,Web,483
ORD-9164,2024-11-01,West,Partner,525
ORD-9165,2024-11-19,West,Retail,540
ORD-9166,2024-11-20,North,Web,594
ORD-9167,2024-11-03,North,Partner,423
ORD-9168,2024-11-11,South,Retail,507
ORD-9169,2024-11-09,South,Retail,492
ORD-9170,2024-11-04,North,Partner,594
ORD-9171,2024-11-23,South,Web,558
ORD-9172,2024-11-18,East,Web,550
ORD-9173,2024-11-21,West,Retail,572
ORD-9174,2024-11-16,East,Partner,394
ORD-9175,2024-11-15,East,Partner,453
ORD-9176,2024-11-14,West,Retail,540
ORD-9177,2024-11-17,South,Retail,557
ORD-9178,2024-11-12,South,Partner,504
ORD-9179,2024-11-28,West,Partner,730
ORD-9180,2024-11-03,North,Partner,509
ORD-9181,2024-11-26,East,Partner,593
ORD-9182,2024-11-11,North,Partner,643
ORD-9183,2024-11-10,South,Partner,546
ORD-9184,2024-11-07,West,Partner,415
ORD-9185,2024-11-03,North,Partner,478
ORD-9186,2024-11-28,West,Web,386
ORD-9187,2024-11-05,East,Retail,500
ORD-9188,2024-11-01,West,Web,527
ORD-9189,2024-11-06,North,Partner,409
ORD-9190,2024-11-05,East,Partner,369
ORD-9191,2024-11-24,East,Web,387
ORD-9192,2024-11-10,North,Web,556
ORD-9193,2024-11-15,East,Retail,642
ORD-9194,2024-11-02,North,Partner,480
ORD-9195,2024-11-12,North,Retail,592
ORD-9196,2024-11-25,North,Partner,486
ORD-9197,2024-11-22,North,Web,353
ORD-9198,2024-11-23,East,Web,430
ORD-9199,2024-11-19,East,Partner,460
ORD-9200,2024-11-24,South,Retail,459
ORD-9201,2024-11-20,North,Web,416
ORD-9202,2024-11-24,West,Partner,526
ORD-9203,2024-11-05,West,Retail,471
ORD-9204,2024-11-04,North,Retail,461
ORD-9205,2024-11-17,East,Web,412
ORD-9206,2024-11-24,South,Partner,423
ORD-9207,2024-11-13,North,Web,589
ORD-9208,2024-11-08,East,Partner,472
ORD-9209,2024-11-05,South,Retail,566
ORD-9210,2024-11-21,North,Partner,553
ORD-9211,2024-11-26,South,Retail,592
ORD-9212,2024-11-14,North,Web,673
ORD-9213,2024-11-17,East,Web,398
ORD-9214,2024-11-22,West,Retail,269
ORD-9215,2024-11-03,West,Web,221
ORD-9216,2024-11-18,South,Retail,533
ORD-9217,2024-11-10,East,Partner,316
ORD-9218,2024-11-03,North,Web,461
ORD-9219,2024-11-24,East,Partner,346
ORD-9220,2024-11-21,West,Web,567
ORD-9221,2024-11-10,East,Web,452
ORD-9222,2024-11-25,East,Partner,625
ORD-9223,2024-11-17,East,Partner,533
ORD-9224,2024-11-08,West,Web,577
ORD-9225,2024-11-17,North,Partner,513
ORD-9226,2024-11-08,North,Retail,459
ORD-9227,2024-11-16,West,Web,496
ORD-9228,2024-11-07,North,Partner,360
ORD-9229,2024-11-25,South,Retail,612
ORD-9230,2024-11-23,East,Retail,427
ORD-9231,2024-11-23,West,Web,602
ORD-9232,2024-11-04,South,Partner,464
ORD-9233,2024-11-18,North,Partner,335
ORD-9234,2024-11-07,West,Retail,393
ORD-9235,2024-11-06,West,Partner,575
ORD-9236,2024-11-22,South,Partner,504
ORD-9237,2024-11-17,North,Web,406
ORD-9238,2024-11-14,North,Retail,452
ORD-9239,2024-11-02,West,Web,512
ORD-9240,2024-11-13,North,Retail,379
ORD-9241,2024-11-03,East,Retail,598
ORD-9242,2024-11-16,East,Partner,611
ORD-9243,2024-11-08,South,Partner,614
ORD-9244,2024-11-06,East,Partner,556
ORD-9245,2024-11-26,North,Partner,496
ORD-9246,2024-11-16,North,Web,490
ORD-9247,2024-11-07,North,Web,428
ORD-9248,2024-11-27,West,Web,618
ORD-9249,2024-11-06,North,Web,467
ORD-9250,2024-11-06,East,Retail,441
ORD-9251,2024-11-24,West,Web,588
ORD-9252,2024-11-24,South,Partner,475
ORD-9253,2024-11-09,West,Retail,402
ORD-9254,2024-11-06,West,Retail,396
ORD-9255,2024-11-11,South,Retail,401
ORD-9256,2024-11-28,West,Partner,648
ORD-9257,2024-11-02,South,Retail,498
ORD-9258,2024-11-02,West,Partner,566
ORD-9259,2024-11-22,West,Web,404
ORD-9260,2024-11-10,North,Web,495
ORD-9261,2024-11-17,East,Retail,539
ORD-9262,2024-11-03,East,Web,496
ORD-9263,2024-11-19,West,Partner,452
ORD-9264,2024-11-21,North,Partner,418
ORD-9265,2024-11-26,East,Retail,580
ORD-9266,2024-11-22,South,Retail,455
ORD-9267,2024-11-14,East,Web,414
ORD-9268,2024-11-22,South,Retail,478
ORD-9269,2024-11-06,North,Web,442
ORD-9270,2024-11-14,South,Web,578
ORD-9271,2024-11-24,West,Web,378
ORD-9272,2024-11-28,West,Retail,482
ORD-9273,2024-11-20,West,Web,511
ORD-9274,2024-11-24,East,Web,548
ORD-9275,2024-11-12,South,Partner,502
ORD-9276,2024-11-16,West,Web,420
ORD-9277,2024-11-11,North,Partner,596
ORD-9278,2024-11-05,West,Partner,560
ORD-9279,2024-11-08,South,Partner,504
ORD-9280,2024-11-07,East,Web,499
ORD-9281,2024-11-14,West,Web,456
ORD-9282,2024-11-26,South,Web,545
ORD-9283,2024-11-17,West,Web,388
ORD-9284,2024-11-11,East,Retail,542
ORD-9285,2024-11-05,North,Retail,609
ORD-9286,2024-11-26,North,Web,494
ORD-9287,2024-11-17,East,Retail,532
ORD-9288,2024-11-27,West,Web,507
ORD-9289,2024-11-13,East,Partner,436
ORD-9290,2024-11-07,South,Web,307
ORD-9291,2024-11-06,South,Web,403
ORD-9292,2024-11-11,North,Partner,494
ORD-9293,2024-11-05,East,Web,465
ORD-9294,2024-11-14,South,Web,445
ORD-9295,2024-11-18,East,Partner,411
ORD-9296,2024-11-17,South,Partner,556
ORD-9297,2024-11-27,East,Partner,521
ORD-9298,2024-11-21,East,Web,636
ORD-9299,2024-11-24,West,Retail,414
ORD-9300,2024-11-18,East,Partner,357
ORD-9301,2024-11-07,South,Web,514
ORD-9302,2024-11-10,East,Retail,356
ORD-9303,2024-11-24,West,Retail,490
ORD-9304,2024-11-08,South,Partner,575
ORD-9305,2024-11-18,West,Web,458
ORD-9306,2024-11-10,North,Partner,375
ORD-9307,2024-11-14,East,Retail,425
ORD-9308,2024-11-15,North,Partner,586
ORD-9309,2024-11-15,West,Retail,437
ORD-9310,2024-11-23,West,Retail,530
ORD-9311,2024-11-18,North,Web,445
ORD-9312,2024-11-18,South,Partner,518
ORD-9313,2024-11-14,East,Web,432
ORD-9314,2024-11-01,West,Retail,385
ORD-9315,2024-11-11,North,Partner,636
ORD-9316,2024-11-17,South,Web,407
ORD-9317,2024-11-07,North,Web,275
ORD-9318,2024-11-25,North,Retail,643
ORD-9319,2024-11-27,West,Retail,633
ORD-9320,2024-11-02,West,Retail,700
ORD-9321,2024-11-20,South,Retail,462
ORD-9322,2024-11-06,South,Retail,506
ORD-9323,2024-11-16,South,Web,531
ORD-9324,2024-11-04,North,Partner,442
ORD-9325,2024-11-14,East,Web,493
ORD-9326,2024-11-26,North,Retail,552
ORD-9327,2024-11-05,West,Web,595
ORD-9328,2024-11-17,North,Partner,379
ORD-9329,2024-11-20,North,Web,371
ORD-9330,2024-11-10,North,Partner,437
ORD-9331,2024-11-21,East,Retail,521
ORD-9332,2024-11-15,North,Partner,377
ORD-9333,2024-11-25,North,Partner,377
ORD-9334,2024-11-26,North,Web,462
ORD-9335,2024-11-22,East,Partner,339
ORD-9336,2024-11-01,South,Retail,411
ORD-9337,2024-11-28,North,Partner,615
ORD-9338,2024-11-07,North,Web,399
ORD-9339,2024-11-06,South,Retail,559
ORD-9340,2024-11-15,South,Web,431
ORD-9341,2024-11-16,South,Retail,589
ORD-9342,2024-11-18,North,Retail,538
ORD-9343,2024-11-15,East,Web,537
ORD-9344,2024-11-26,North,Retail,421
ORD-9345,2024-11-08,East,Partner,561
ORD-9346,2024-11-25,South,Web,475
ORD-9347,2024-11-15,West,Web,531
ORD-9348,2024-11-23,East,Partner,549
ORD-9349,2024-11-16,North,Web,586
ORD-9350,2024-11-28,North,Retail,527
ORD-9351,2024-11-17,South,Retail,576
ORD-9352,2024-11-24,West,Partner,284
ORD-9353,2024-11-08,East,Partner,345
ORD-9354,2024-11-27,West,Retail,465
ORD-9355,2024-11-27,East,Partner,510
ORD-9356,2024-11-25,South,Partner,423
ORD-9357,2024-11-08,West,Web,638
ORD-9358,2024-11-17,West,Web,339
ORD-9359,2024-11-06,West,Web,469
ORD-9360,2024-11-16,East,Partner,533
ORD-9361,2024-11-19,East,Web,570
ORD-9362,2024-11-05,West,Web,416
ORD-9363,2024-11-03,South,Web,570
ORD-9364,2024-11-12,West,Web,522
ORD-9365,2024-11-25,North,Web,466
ORD-9366,2024-11-12,East,Partner,370
ORD-9367,2024-11-02,South,Web,529
ORD-9368,2024-11-14,West,Web,403
ORD-9369,2024-11-16,South,Web,596
ORD-9370,2024-11-22,East,Web,572
ORD-9371,2024-11-13,West,Partner,545
ORD-9372,2024-11-17,West,Web,372
ORD-9373,2024-11-02,East,Retail,472
ORD-9374,2024-11-24,South,Partner,341
ORD-9375,2024-11-13,East,Partner,542
ORD-9376,2024-11-09,North,Partner,629
ORD-9377,2024-11-03,East,Web,513
ORD-9378,2024-11-15,South,Retail,241
ORD-9379,2024-11-02,East,Retail,432
ORD-9380,2024-11-22,East,Web,458
ORD-9381,2024-11-09,West,Web,646
ORD-9382,2024-11-12,East,Partner,496
ORD-9383,2024-11-04,West,Retail,498
ORD-9384,2024-11-28,West,Retail,546
ORD-9385,2024-11-01,North,Partner,357
ORD-9386,2024-11-27,South,Retail,412
ORD-9387,2024-11-09,South,Web,408
ORD-9388,2024-11-19,East,Retail,612
ORD-9389,2024-11-12,South,Partner,566
ORD-9390,2024-11-16,North,Retail,563
ORD-9391,2024-11-16,South,Retail,271
ORD-9392,2024-11-21,South,Retail,473
ORD-9393,2024-11-14,East,Partner,448
ORD-9394,2024-11-03,North,Web,368
ORD-9395,2024-11-18,East,Retail,615
ORD-9396,2024-11-28,North,Web,450
ORD-9397,2024-11-27,West,Partner,502
ORD-9398,2024-11-13,South,Partner,427
ORD-9399,2024-11-05,West,Web,662
ORD-9400,2024-11-20,East,Retail,403
ORD-9401,2024-11-17,West,Partner,533
ORD-9402,2024-11-06,West,Retail,480
ORD-9403,2024-11-17,North,Partner,416
ORD-9404,2024-11-09,South,Partner,475
ORD-9405,2024-11-05,North,Retail,446
ORD-9406,2024-11-07,North,Web,419
ORD-9407,2024-11-07,South,Retail,481
ORD-9408,2024-11-06,North,Partner,381
ORD-9409,2024-11-22,West,Partner,562
ORD-9410,2024-11-27,West,Partner,514
ORD-9411,2024-11-21,East,Retail,522
ORD-9412,2024-11-22,South,Retail,647
ORD-9413,2024-11-09,West,Web,590
ORD-9414,2024-11-02,North,Partner,523
ORD-9415,2024-11-08,East,Web,354
ORD-9416,2024-11-24,South,Retail,406
ORD-9417,2024-11-23,South,Partner,536
ORD-9418,2024-11-05,South,Web,441
ORD-9419,2024-11-15,East,Web,489
ORD-9420,2024-11-07,West,Web,525
ORD-9421,2024-11-18,West,Web,539
ORD-9422,2024-11-17,South,Partner,367
ORD-9423,2024-11-18,South,Partner,512
ORD-9424,2024-11-09,West,Retail,422
ORD-9425,2024-11-10,North,Partner,545
ORD-9426,2024-11-05,South,Web,615
ORD-9427,2024-11-25,East,Web,474
ORD-9428,2024-11-22,East,Retail,673
ORD-9429,2024-11-20,North,Retail,523
ORD-9430,2024-11-25,North,Web,491
ORD-9431,2024-11-28,South,Web,572
ORD-9432,2024-11-05,West,Partner,467
ORD-9433,2024-11-22,North,Web,548
ORD-9434,2024-11-03,East,Web,578
ORD-9435,2024-11-07,North,Web,548
ORD-9436,2024-11-02,East,Retail,845
ORD-9437,2024-11-04,East,Retail,502
ORD-9438,2024-11-02,South,Partner,456
ORD-9439,2024-11-09,South,Partner,568
ORD-9440,2024-11-12,North,Partner,550
ORD-9441,2024-11-01,East,Partner,609
ORD-9442,2024-11-25,South,Partner,478
ORD-9443,2024-11-25,West,Web,584
ORD-9444,2024-11-25,West,Partner,332
ORD-9445,2024-11-10,East,Retail,564
ORD-9446,2024-11-13,West,Web,690
ORD-9447,2024-11-19,East,Web,553
ORD-9448,2024-11-03,West,Web,449
ORD-9449,2024-11-25,West,Retail,390
ORD-9450,2024-11-13,North,Retail,448
ORD-9451,2024-11-09,East,Web,634
ORD-9452,2024-11-03,South,Web,410
ORD-9453,2024-11-12,South,Web,374
ORD-9454,2024-11-10,West,Retail,623
ORD-9455,2024-11-21,East,Web,579
ORD-9456,2024-11-18,East,Web,411
ORD-9457,2024-11-04,West,Web,680
ORD-9458,2024-11-05,West,Partner,577
ORD-9459,2024-11-03,North,Web,414
ORD-9460,2024-11-20,South,Retail,539
ORD-9461,2024-11-09,North,Partner,474
ORD-9462,2024-11-18,West,Web,424
ORD-9463,2024-11-28,South,Partner,565
ORD-9464,2024-11-02,East,Partner,528
ORD-9465,2024-11-26,South,Partner,516
ORD-9466,2024-11-10,East,Partner,684
ORD-9467,2024-11-12,South,Retail,541
ORD-9468,2024-11-23,West,Retail,380
ORD-9469,2024-11-09,North,Retail,491
ORD-9470,2024-11-19,East,Partner,612
ORD-9471,2024-11-28,South,Web,532
ORD-9472,2024-11-08,East,Web,575
ORD-9473,2024-11-08,West,Partner,544
ORD-9474,2024-11-07,West,Partner,585
ORD-9475,2024-11-17,North,Partner,466
ORD-9476,2024-11-10,South,Partner,628
ORD-9477,2024-11-13,East,Web,446
ORD-9478,2024-11-10,North,Web,500
ORD-9479,2024-11-14,East,Partner,479
ORD-9480,2024-11-20,West,Partner,652
ORD-9481,2024-11-26,East,Retail,566
ORD-9482,2024-11-04,North,Partner,450
ORD-9483,2024-11-26,East,Web,356
ORD-9484,2024-11-12,South,Retail,452
ORD-9485,2024-11-13,East,Web,449
ORD-9486,2024-11-06,North,Web,471
ORD-9487,2024-11-11,North,Web,373
ORD-9488,2024-11-12,East,Web,501
ORD-9489,2024-11-15,West,Retail,429
ORD-9490,2024-11-26,West,Partner,553
ORD-9491,2024-11-16,South,Web,540
ORD-9492,2024-11-20,West,Partner,450
ORD-9493,2024-11-06,South,Web,559
ORD-9494,2024-11-27,East,Web,599
ORD-9495,2024-11-13,North,Retail,496
ORD-9496,2024-11-19,West,Retail,552
ORD-9497,2024-11-28,North,Retail,455
ORD-9498,2024-11-04,East,Retail,443
ORD-9499,2024-11-06,South,Web,554
ORD-9500,2024-11-11,South,Web,553
ORD-9501,2024-11-18,West,Web,493
ORD-9502,2024-11-02,South,Web,482
ORD-9503,2024-11-25,South,Web,452
ORD-9504,2024-11-03,East,Web,453
ORD-9505,2024-11-26,East,Web,550
ORD-9506,2024-11-19,West,Partner,487
ORD-9507,2024-11-24,South,Web,543
ORD-9508,2024-11-25,West,Partner,476
ORD-9509,2024-11-26,West,Partner,559
ORD-9510,2024-11-27,South,Partner,713
ORD-9511,2024-11-06,East,Web,410
ORD-9512,2024-11-19,North,Partner,467
ORD-9513,2024-11-12,South,Retail,558
ORD-9514,2024-11-10,East,Retail,485
ORD-9515,2024-11-12,West,Web,266
ORD-9516,2024-11-07,West,Partner,454
ORD-9517,2024-11-14,South,Partner,698
ORD-9518,2024-11-14,North,Web,560
ORD-9519,2024-11-16,East,Retail,522
ORD-9520,2024-11-22,West,Web,562
ORD-9521,2024-11-19,East,Retail,616
ORD-9522,2024-11-13,West,Web,448
ORD-9523,2024-11-07,North,Web,515
ORD-9524,2024-11-22,East,Web,446
ORD-9525,2024-11-25,West,Retail,478
ORD-9526,2024-11-27,North,Web,471
ORD-9527,2024-11-06,South,Retail,626
ORD-9528,2024-11-19,East,Partner,650
ORD-9529,2024-11-05,South,Web,530
ORD-9530,2024-11-08,East,Partner,547
ORD-9531,2024-11-08,North,Partner,470
ORD-9532,2024-11-23,East,Partner,452
ORD-9533,2024-11-02,North,Partner,374
ORD-9534,2024-11-07,North,Partner,351
ORD-9535,2024-11-10,North,Web,537
ORD-9536,2024-11-09,North,Retail,566
ORD-9537,2024-11-21,South,Partner,598
ORD-9538,2024-11-18,South,Retail,380
ORD-9539,2024-11-09,South,Partner,590
ORD-9540,2024-11-20,South,Retail,675
ORD-9541,2024-11-02,West,Web,336
ORD-9542,2024-11-23,North,Web,439
ORD-9543,2024-11-16,East,Partner,541
ORD-9544,2024-11-23,North,Web,462
ORD-9545,2024-11-19,North,Partner,397
ORD-9546,2024-11-25,North,Retail,528
ORD-9547,2024-11-22,West,Web,442
ORD-9548,2024-11-04,South,Web,534
ORD-9549,2024-11-08,South,Retail,476
ORD-9550,2024-11-08,West,Partner,486
ORD-9551,2024-11-24,South,Retail,528
ORD-9552,2024-11-18,East,Retail,479
ORD-9553,2024-11-01,West,Retail,759
ORD-9554,2024-11-07,East,Web,555
ORD-9555,2024-11-06,East,Partner,550
ORD-9556,2024-11-21,South,Web,369
ORD-9557,2024-11-26,North,Partner,510
ORD-9558,2024-11-12,East,Partner,536
ORD-9559,2024-11-15,East,Retail,588
ORD-9560,2024-11-09,East,Retail,508
ORD-9561,2024-11-14,South,Retail,417
ORD-9562,2024-11-16,South,Partner,436
ORD-9563,2024-11-20,North,Partner,510
ORD-9564,2024-11-21,East,Partner,657
ORD-9565,2024-11-03,West,Web,592
ORD-9566,2024-11-17,West,Retail,495
ORD-9567,2024-11-02,North,Web,642
ORD-9568,2024-11-15,West,Partner,588
ORD-9569,2024-11-01,East,Web,454
ORD-9570,2024-11-04,West,Web,422
ORD-9571,2024-11-05,East,Partner,641
ORD-9572,2024-11-21,West,Web,467
ORD-9573,2024-11-07,West,Partner,613
ORD-9574,2024-11-25,East,Web,424
ORD-9575,2024-11-07,North,Retail,646
ORD-9576,2024-11-01,East,Partner,674
ORD-9577,2024-11-25,South,Partner,369
ORD-9578,2024-11-21,East,Web,700
ORD-9579,2024-11-23,East,Web,537
ORD-9580,2024-11-28,South,Partner,542
ORD-9581,2024-11-28,East,Web,487
ORD-9582,2024-11-08,East,Partner,531
ORD-9583,2024-11-27,North,Partner,461
ORD-9584,2024-11-16,West,Web,457
ORD-9585,2024-11-23,North,Partner,446
ORD-9586,2024-11-09,East,Partner,441
ORD-9587,2024-11-23,West,Retail,519
ORD-9588,2024-11-05,South,Web,361
ORD-9589,2024-11-14,South,Web,489
ORD-9590,2024-11-28,North,Web,553
ORD-9591,2024-11-07,South,Partner,466
ORD-9592,2024-11-10,West,Partner,600
ORD-9593,2024-11-16,East,Web,559
ORD-9594,2024-11-08,South,Web,434
ORD-9595,2024-11-07,West,Retail,565
ORD-9596,2024-11-25,South,Partner,734
ORD-9597,2024-11-01,West,Web,394
ORD-9598,2024-11-16,North,Retail,503
ORD-9599,2024-11-05,North,Web,381
ORD-9600,2024-11-16,South,Web,602
ORD-9601,2024-11-20,South,Partner,462
ORD-9602,2024-11-25,East,Partner,406
ORD-9603,2024-11-17,South,Partner,546
ORD-9604,2024-11-08,South,Web,564
ORD-9605,2024-11-13,West,Retail,537
ORD-9606,2024-11-24,East,Retail,637
ORD-9607,2024-11-16,West,Web,412
ORD-9608,2024-11-04,South,Partner,570
ORD-9609,2024-11-28,West,Partner,427
ORD-9610,2024-11-14,West,Partner,562
ORD-9611,2024-11-05,North,Web,518
ORD-9612,2024-11-22,North,Retail,537
ORD-9613,2024-11-08,East,Partner,372
ORD-9614,2024-11-01,North,Partner,473
ORD-9615,2024-11-06,East,Partner,471
ORD-9616,2024-11-24,West,Retail,446
ORD-9617,2024-11-08,South,Partner,424
ORD-9618,2024-11-22,South,Web,441
ORD-9619,2024-11-01,North,Partner,475
ORD-9620,2024-11-03,North,Retail,450
ORD-9621,2024-11-03,South,Retail,436
ORD-9622,2024-11-15,North,Retail,584
ORD-9623,2024-11-21,South,Partner,500
ORD-9624,2024-11-02,East,Web,382
ORD-9625,2024-11-26,South,Retail,431
ORD-9626,2024-11-27,East,Web,467
ORD-9627,2024-11-13,West,Partner,398
ORD-9628,2024-11-15,West,Web,476
ORD-9629,2024-11-08,East,Retail,525
ORD-9630,2024-11-11,North,Web,444
ORD-9631,2024-11-18,West,Retail,615
ORD-9632,2024-11-04,West,Partner,544
ORD-9633,2024-11-03,North,Retail,476
ORD-9634,2024-11-07,North,Web,398
ORD-9635,2024-11-27,West,Retail,380
ORD-9636,2024-11-11,North,Partner,450
ORD-9637,2024-11-15,North,Web,530
ORD-9638,2024-11-27,South,Web,529
ORD-9639,2024-11-16,West,Web,570
ORD-9640,2024-11-19,West,Retail,650
ORD-9641,2024-11-28,South,Retail,581
ORD-9642,2024-11-14,East,Partner,614
ORD-9643,2024-11-14,South,Partner,631
ORD-9644,2024-11-22,North,Web,620
ORD-9645,2024-11-23,North,Web,500
ORD-9646,2024-11-20,North,Web,391
ORD-9647,2024-11-13,East,Partner,626
ORD-9648,2024-11-19,South,Web,596
ORD-9649,2024-11-22,West,Partner,286
ORD-9650,2024-11-12,North,Retail,442
ORD-9651,2024-11-04,South,Retail,556
ORD-9652,2024-11-04,East,Web,515
ORD-9653,2024-11-12,East,Retail,472
ORD-9654,2024-11-11,West,Web,473
ORD-9655,2024-11-14,West,Partner,431
ORD-9656,2024-11-10,West,Retail,487
ORD-9657,2024-11-08,East,Web,598
ORD-9658,2024-11-06,South,Retail,395
ORD-9659,2024-11-21,North,Web,560
ORD-9660,2024-11-03,West,Retail,428
ORD-9661,2024-11-03,South,Partner,472
ORD-9662,2024-11-21,South,Retail,637
ORD-9663,2024-11-08,East,Retail,511
ORD-9664,2024-11-26,North,Retail,297
ORD-9665,2024-11-04,West,Retail,447
ORD-9666,2024-11-05,East,Retail,490
ORD-9667,2024-11-03,North,Retail,485
ORD-9668,2024-11-13,West,Partner,565
ORD-9669,2024-11-28,South,Web,475
ORD-9670,2024-11-13,South,Web,387
ORD-9671,2024-11-18,East,Partner,410
ORD-9672,2024-11-13,East,Partner,593
ORD-9673,2024-11-17,East,Partner,461
ORD-9674,2024-11-18,North,Partner,463
ORD-9675,2024-11-27,South,Retail,574
ORD-9676,2024-11-14,East,Partner,532
ORD-9677,2024-11-20,North,Retail,436
ORD-9678,2024-11-15,East,Partner,580
ORD-9679,2024-11-04,West,Partner,517
ORD-9680,2024-11-07,North,Retail,622
ORD-9681,2024-11-21,West,Partner,370
ORD-9682,2024-11-06,South,Partner,688
ORD-9683,2024-11-24,South,Retail,440
ORD-9684,2024-11-24,North,Web,492
ORD-9685,2024-11-28,East,Web,426
ORD-9686,2024-11-20,West,Retail,397
ORD-9687,2024-11-04,North,Partner,523
ORD-9688,2024-11-25,South,Retail,389
ORD-9689,2024-11-13,South,Retail,410
ORD-9690,2024-11-10,West,Retail,390
ORD-9691,2024-11-10,South,Partner,440
ORD-9692,2024-11-01,North,Partner,591
ORD-9693,2024-11-26,East,Web,492
ORD-9694,2024-11-12,South,Partner,508
ORD-9695,2024-11-20,North,Web,687
ORD-9696,2024-11-04,West,Partner,513
ORD-9697,2024-11-15,West,Retail,525
ORD-9698,2024-11-13,South,Retail,461
ORD-9699,2024-11-27,West,Web,680
ORD-9700,2024-11-24,West,Partner,438
ORD-9701,2024-11-28,North,Web,494
ORD-9702,2024-11-04,South,Partner,474
ORD-9703,2024-11-10,South,Web,527
ORD-9704,2024-11-22,West,Web,524
ORD-9705,2024-11-24,East,Retail,441
ORD-9706,2024-11-09,East,Web,478
ORD-9707,2024-11-22,East,Web,541
ORD-9708,2024-11-01,North,Web,562
ORD-9709,2024-11-25,West,Partner,432
ORD-9710,2024-11-20,North,Retail,443
ORD-9711,2024-11-27,East,Web,497
ORD-9712,2024-11-11,East,Retail,612
ORD-9713,2024-11-03,South,Web,556
ORD-9714,2024-11-26,South,Retail,228
ORD-9715,2024-11-09,North,Partner,689
ORD-9716,2024-11-04,South,Partner,423
ORD-9717,2024-11-19,East,Partner,349
ORD-9718,2024-11-20,West,Retail,391
ORD-9719,2024-11-23,East,Retail,553
ORD-9720,2024-11-15,West,Retail,528
ORD-9721,2024-11-15,North,Retail,352
ORD-9722,2024-11-22,South,Partner,410
ORD-9723,2024-11-15,East,Retail,471
ORD-9724,2024-11-13,East,Web,215
ORD-9725,2024-11-05,West,Partner,424
ORD-9726,2024-11-12,West,Web,458
ORD-9727,2024-11-17,East,Retail,682
ORD-9728,2024-11-16,West,Retail,577
ORD-9729,2024-11-20,West,Partner,364
ORD-9730,2024-11-08,North,Retail,529
ORD-9731,2024-11-15,West,Partner,606
ORD-9732,2024-11-09,North,Retail,390
ORD-9733,2024-11-07,North,Partner,410
ORD-9734,2024-11-05,East,Partner,593
ORD-9735,2024-11-15,South,Retail,399
ORD-9736,2024-11-17,South,Partner,481
ORD-9737,2024-11-12,South,Web,369
ORD-9738,2024-11-11,East,Partner,351
ORD-9739,2024-11-12,South,Partner,582
ORD-9740,2024-11-28,East,Retail,331
ORD-9741,2024-11-15,North,Web,466
ORD-9742,2024-11-10,East,Retail,508
ORD-9743,2024-11-18,East,Web,480
ORD-9744,2024-11-06,East,Retail,411
ORD-9745,2024-11-01,East,Partner,517
ORD-9746,2024-11-17,South,Retail,320
ORD-9747,2024-11-09,West,Retail,622
ORD-9748,2024-11-22,West,Retail,711
ORD-9749,2024-11-01,West,Retail,714
ORD-9750,2024-11-06,West,Web,467
ORD-9751,2024-11-04,West,Retail,489
ORD-9752,2024-11-27,East,Partner,536
ORD-9753,2024-11-21,East,Retail,514
ORD-9754,2024-11-11,West,Partner,529
ORD-9755,2024-11-15,North,Web,585
ORD-9756,2024-11-27,East,Partner,548
ORD-9757,2024-11-04,East,Retail,508
ORD-9758,2024-11-20,West,Retail,295
ORD-9759,2024-11-06,South,Web,453
ORD-9760,2024-11-10,West,Retail,516
ORD-9761,2024-11-17,West,Partner,378
ORD-9762,2024-11-07,East,Retail,388
ORD-9763,2024-11-15,South,Retail,471
ORD-9764,2024-11-19,North,Web,418
ORD-9765,2024-11-28,East,Retail,448
ORD-9766,2024-11-04,North,Partner,574
ORD-9767,2024-11-23,East,Partner,581
ORD-9768,2024-11-22,South,Web,704
ORD-9769,2024-11-07,South,Web,482
ORD-9770,2024-11-02,East,Web,634
ORD-9771,2024-11-18,East,Retail,539
ORD-9772,2024-11-22,South,Partner,282
ORD-9773,2024-11-14,South,Partner,537
ORD-9774,2024-11-04,West,Partner,607
ORD-9775,2024-11-22,North,Retail,418
ORD-9776,2024-11-09,East,Partner,506
ORD-9777,2024-11-02,East,Partner,414
ORD-9778,2024-11-17,South,Web,458
ORD-9779,2024-11-25,North,Partner,432
ORD-9780,2024-11-25,North,Partner,694
ORD-9781,2024-11-12,South,Retail,500
ORD-9782,2024-11-12,West,Web,606
ORD-9783,2024-11-16,South,Partner,524
ORD-9784,2024-11-04,North,Retail,364
ORD-9785,2024-11-15,South,Retail,565
ORD-9786,2024-11-07,South,Web,614
ORD-9787,2024-11-15,East,Partner,456
ORD-9788,2024-11-21,East,Web,495
ORD-9789,2024-11-16,East,Retail,405
ORD-9790,2024-11-25,South,Retail,519
ORD-9791,2024-11-20,West,Web,513
ORD-9792,2024-11-27,East,Retail,460
ORD-9793,2024-11-15,East,Partner,516
ORD-9794,2024-11-11,North,Partner,620
ORD-9795,2024-11-26,South,Web,599
ORD-9796,2024-11-03,West,Partner,479
ORD-9797,2024-11-12,East,Retail,601
ORD-9798,2024-11-21,West,Retail,538
ORD-9799,2024-11-02,South,Web,555
ORD-9800,2024-11-21,East,Partner,495
ORD-9801,2024-11-20,West,Retail,509
ORD-9802,2024-11-19,East,Retail,438
ORD-9803,2024-11-28,East,Retail,307
ORD-9804,2024-11-21,East,Web,452
ORD-9805,2024-11-12,East,Partner,555
ORD-9806,2024-11-28,North,Retail,415
ORD-9807,2024-11-21,South,Partner,384
ORD-9808,2024-11-16,West,Retail,416
ORD-9809,2024-11-11,East,Web,438
ORD-9810,2024-11-27,West,Partner,409
ORD-9811,2024-11-05,North,Retail,425
ORD-9812,2024-11-04,East,Web,656
ORD-9813,2024-11-21,East,Retail,346
ORD-9814,2024-11-15,South,Partner,560
ORD-9815,2024-11-21,East,Retail,461
ORD-9816,2024-11-18,North,Partner,576
ORD-9817,2024-11-01,South,Retail,645
ORD-9818,2024-11-24,West,Web,654
ORD-9819,2024-11-09,West,Partner,366
ORD-9820,2024-11-19,West,Partner,713
ORD-9821,2024-11-21,South,Web,526
ORD-9822,2024-11-23,East,Web,440
ORD-9823,2024-11-18,East,Retail,550
ORD-9824,2024-11-09,West,Partner,515
ORD-9825,2024-11-17,East,Partner,578
ORD-9826,2024-11-02,South,Web,450
ORD-9827,2024-11-09,West,Retail,475
ORD-9828,2024-11-02,East,Retail,595
ORD-9829,2024-11-09,North,Partner,355
ORD-9830,2024-11-08,West,Partner,499
ORD-9831,2024-11-18,South,Web,548
ORD-9832,2024-11-17,West,Partner,670
ORD-9833,2024-11-06,North,Retail,587
ORD-9834,2024-11-02,North,Retail,431
ORD-9835,2024-11-22,East,Retail,423
ORD-9836,2024-11-08,North,Web,664
ORD-9837,2024-11-16,East,Partner,511
ORD-9838,2024-11-14,South,Retail,417
ORD-9839,2024-11-01,North,Web,483
ORD-9840,2024-11-09,South,Partner,475
ORD-9841,2024-11-17,West,Retail,381
ORD-9842,2024-11-21,West,Partner,501
ORD-9843,2024-11-19,South,Retail,563
ORD-9844,2024-11-13,West,Partner,574
ORD-9845,2024-11-01,East,Web,489
ORD-9846,2024-11-15,North,Retail,532
ORD-9847,2024-11-06,South,Web,509
ORD-9848,2024-11-26,North,Web,529
ORD-9849,2024-11-22,South,Partner,637
ORD-9850,2024-11-28,North,Retail,469
ORD-9851,2024-11-22,South,Web,502
ORD-9852,2024-11-11,North,Web,586
ORD-9853,2024-11-21,East,Web,472
ORD-9854,2024-11-26,South,Web,652
ORD-9855,2024-11-01,East,Retail,662
ORD-9856,2024-11-13,South,Web,413
ORD-9857,2024-11-25,South,Partner,438
ORD-9858,2024-11-02,West,Retail,562
ORD-9859,2024-11-23,South,Web,338
ORD-9860,2024-11-28,South,Partner,359
ORD-9861,2024-11-09,North,Retail,660
ORD-9862,2024-11-15,West,Retail,639
ORD-9863,2024-11-10,West,Retail,366
ORD-9864,2024-11-23,South,Web,347
ORD-9865,2024-11-03,East,Partner,657
ORD-9866,2024-11-14,West,Retail,339
ORD-9867,2024-11-10,South,Web,511
ORD-9868,2024-11-03,West,Web,536
ORD-9869,2024-11-14,South,Partner,335
ORD-9870,2024-11-06,North,Web,509
ORD-9871,2024-11-26,North,Retail,402
ORD-9872,2024-11-01,North,Partner,439
ORD-9873,2024-11-23,West,Web,670
ORD-9874,2024-11-10,West,Partner,426
ORD-9875,2024-11-16,South,Retail,596
ORD-9876,2024-11-02,South,Partner,445
ORD-9877,2024-11-16,North,Retail,588
ORD-9878,2024-11-11,West,Retail,543
ORD-9879,2024-11-04,West,Partner,424
ORD-9880,2024-11-02,West,Partner,615
ORD-9881,2024-11-19,South,Partner,628
ORD-9882,2024-11-23,West,Partner,392
ORD-9883,2024-11-14,West,Web,531
ORD-9884,2024-11-18,East,Retail,474
ORD-9885,2024-11-25,West,Partner,545
ORD-9886,2024-11-12,West,Web,460
ORD-9887,2024-11-11,North,Retail,532
ORD-9888,2024-11-28,West,Retail,310
ORD-9889,2024-11-22,North,Partner,506
ORD-9890,2024-11-11,North,Partner,332
ORD-9891,2024-11-01,South,Retail,480
ORD-9892,2024-11-18,North,Partner,571
ORD-9893,2024-11-14,North,Web,457
ORD-9894,2024-11-28,North,Partner,478
ORD-9895,2024-11-17,East,Retail,637
ORD-9896,2024-11-28,South,Partner,673
ORD-9897,2024-11-21,South,Web,615
ORD-9898,2024-11-04,South,Retail,535
ORD-9899,2024-11-15,West,Web,371
ORD-9900,2024-12-02,East,Web,454
ORD-9901,2024-12-10,North,Retail,573
ORD-9902,2024-12-03,South,Retail,500
ORD-9903,2024-12-26,West,Web,399
ORD-9904,2024-12-16,West,Web,493
ORD-9905,2024-12-14,West,Partner,482
ORD-9906,2024-12-12,West,Web,460
ORD-9907,2024-12-27,North,Partner,554
ORD-9908,2024-12-21,North,Web,395
ORD-9909,2024-12-20,South,Retail,620
ORD-9910,2024-12-02,East,Partner,616
ORD-9911,2024-12-05,East,Web,565
ORD-9912,2024-12-17,South,Retail,466
ORD-9913,2024-12-20,North,Retail,674
ORD-9914,2024-12-09,West,Partner,468
ORD-9915,2024-12-22,South,Web,552
ORD-9916,2024-12-09,North,Web,433
ORD-9917,2024-12-28,West,Web,523
ORD-9918,2024-12-05,South,Partner,446
ORD-9919,2024-12-19,East,Web,652
ORD-9920,2024-12-28,West,Partner,452
ORD-9921,2024-12-17,West,Web,573
ORD-9922,2024-12-18,West,Web,542
ORD-9923,2024-12-14,South,Retail,503
ORD-9924,2024-12-06,East,Retail,537
ORD-9925,2024-12-18,East,Retail,444
ORD-9926,2024-12-11,West,Partner,395
ORD-9927,2024-12-08,East,Retail,477
ORD-9928,2024-12-15,South,Web,513
ORD-9929,2024-12-19,East,Partner,422
ORD-9930,2024-12-27,East,Web,417
ORD-9931,2024-12-15,East,Retail,567
ORD-9932,2024-12-28,North,Web,435
ORD-9933,2024-12-12,South,Web,560
ORD-9934,2024-12-16,South,Partner,521
ORD-9935,2024-12-24,South,Retail,672
ORD-9936,2024-12-02,West,Partner,555
ORD-9937,2024-12-05,West,Retail,494
ORD-9938,2024-12-26,West,Retail,476
ORD-9939,2024-12-04,West,Partner,479
ORD-9940,2024-12-18,East,Retail,549
ORD-9941,2024-12-25,South,Web,553
ORD-9942,2024-12-07,North,Retail,535
ORD-9943,2024-12-24,South,Web,387
ORD-9944,2024-12-09,South,Retail,502
ORD-9945,2024-12-08,West,Retail,503
ORD-9946,2024-12-25,North,Web,567
ORD-9947,2024-12-26,North,Web,483
ORD-9948,2024-12-08,South,Web,583
ORD-9949,2024-12-11,North,Web,469
ORD-9950,2024-12-15,North,Partner,494
ORD-9951,2024-12-26,East,Partner,458
ORD-9952,2024-12-25,North,Partner,647
ORD-9953,2024-12-04,East,Retail,285
ORD-9954,2024-12-16,North,Partner,330
ORD-9955,2024-12-03,South,Retail,439
ORD-9956,2024-12-28,North,Web,577
ORD-9957,2024-12-06,East,Web,526
ORD-9958,2024-12-23,West,Retail,477
ORD-9959,2024-12-21,South,Retail,467
ORD-9960,2024-12-20,West,Partner,518
ORD-9961,2024-12-07,South,Web,581
ORD-9962,2024-12-14,North,Partner,709
ORD-9963,2024-12-16,East,Web,514
ORD-9964,2024-12-16,South,Partner,575
ORD-9965,2024-12-07,North,Partner,532
ORD-9966,2024-12-20,South,Partner,658
ORD-9967,2024-12-14,North,Retail,558
ORD-9968,2024-12-23,West,Web,468
ORD-9969,2024-12-21,West,Web,615
ORD-9970,2024-12-02,East,Partner,637
ORD-9971,2024-12-01,West,Partner,502
ORD-9972,2024-12-08,South,Retail,394
ORD-9973,2024-12-14,South,Partner,546
ORD-9974,2024-12-27,North,Web,490
ORD-9975,2024-12-27,South,Web,567
ORD-9976,2024-12-28,West,Retail,410
ORD-9977,2024-12-21,North,Web,515
ORD-9978,2024-12-04,North,Web,527
ORD-9979,2024-12-25,North,Partner,513
ORD-9980,2024-12-07,South,Web,613
ORD-9981,2024-12-02,West,Retail,496
ORD-9982,2024-12-09,East,Retail,285
ORD-9983,2024-12-25,East,Web,529
ORD-9984,2024-12-13,East,Partner,496
ORD-9985,2024-12-20,South,Retail,424
ORD-9986,2024-12-04,North,Partner,530
ORD-9987,2024-12-16,North,Partner,485
ORD-9988,2024-12-15,North,Web,370
ORD-9989,2024-12-04,North,Partner,440
ORD-9990,2024-12-26,South,Partner,536
ORD-9991,2024-12-23,North,Partner,538
ORD-9992,2024-12-22,West,Partner,436
ORD-9993,2024-12-22,South,Partner,500
ORD-9994,2024-12-13,North,Web,499
ORD-9995,2024-12-07,South,Web,545
ORD-9996,2024-12-13,East,Retail,610
ORD-9997,2024-12-04,South,Retail,417
ORD-9998,2024-12-02,East,Web,516
ORD-9999,2024-12-21,East,Partner,315
ORD-10000,2024-12-03,East,Partner,363
ORD-10001,2024-12-07,North,Retail,592
ORD-10002,2024-12-28,North,Web,464
ORD-10003,2024-12-16,West,Retail,546
ORD-10004,2024-12-18,West,Web,521
ORD-10005,2024-12-27,South,Web,562
ORD-10006,2024-12-05,East,Web,241
ORD-10007,2024-12-01,North,Web,522
ORD-10008,2024-12-02,West,Retail,439
ORD-10009,2024-12-17,North,Partner,557
ORD-10010,2024-12-25,West,Partner,460
ORD-10011,2024-12-13,East,Partner,597
ORD-10012,2024-12-01,East,Web,464
ORD-10013,2024-12-21,West,Partner,530
ORD-10014,2024-12-25,West,Retail,628
ORD-10015,2024-12-20,South,Web,364
ORD-10016,2024-12-20,South,Partner,543
ORD-10017,2024-12-24,West,Partner,350
ORD-10018,2024-12-12,South,Partner,575
ORD-10019,2024-12-15,East,Partner,544
ORD-10020,2024-12-13,South,Partner,480
ORD-10021,2024-12-20,North,Retail,395
ORD-10022,2024-12-05,South,Web,589
ORD-10023,2024-12-01,West,Web,577
ORD-10024,2024-12-23,West,Partner,613
ORD-10025,2024-12-18,North,Retail,601
ORD-10026,2024-12-22,East,Partner,609
ORD-10027,2024-12-03,South,Partner,496
ORD-10028,2024-12-09,West,Retail,782
ORD-10029,2024-12-14,East,Retail,518
ORD-10030,2024-12-01,East,Web,509
ORD-10031,2024-12-19,West,Partner,617
ORD-10032,2024-12-26,East,Web,485
ORD-10033,2024-12-06,South,Retail,263
ORD-10034,2024-12-02,West,Partner,544
ORD-10035,2024-12-05,South,Partner,447
ORD-10036,2024-12-03,South,Retail,513
ORD-10037,2024-12-20,South,Retail,377
ORD-10038,2024-12-14,East,Partner,647
ORD-10039,2024-12-03,East,Retail,594
ORD-10040,2024-12-03,East,Retail,569
ORD-10041,2024-12-10,North,Retail,351
ORD-10042,2024-12-24,North,Web,502
ORD-10043,2024-12-10,West,Retail,479
ORD-10044,2024-12-06,North,Retail,501
ORD-10045,2024-12-26,East,Partner,511
ORD-10046,2024-12-14,North,Web,462
ORD-10047,2024-12-11,West,Web,577
ORD-10048,2024-12-01,East,Web,438
ORD-10049,2024-12-16,North,Partner,543
ORD-10050,2024-12-14,East,Partner,671
ORD-10051,2024-12-16,North,Retail,495
ORD-10052,2024-12-14,East,Web,334
ORD-10053,2024-12-18,East,Web,532
ORD-10054,2024-12-10,West,Partner,477
ORD-10055,2024-12-20,South,Web,597
ORD-10056,2024-12-08,South,Partner,469
ORD-10057,2024-12-27,West,Partner,315
ORD-10058,2024-12-12,North,Web,695
ORD-10059,2024-12-23,North,Web,427
ORD-10060,2024-12-12,North,Retail,495
ORD-10061,2024-12-05,North,Web,467
ORD-10062,2024-12-05,West,Retail,613
ORD-10063,2024-12-17,West,Web,510
ORD-10064,2024-12-14,South,Partner,487
ORD-10065,2024-12-28,East,Web,398
ORD-10066,2024-12-16,West,Partner,480
ORD-10067,2024-12-08,East,Partner,618
ORD-10068,2024-12-11,North,Web,415
ORD-10069,2024-12-04,South,Retail,398
ORD-10070,2024-12-06,West,Retail,574
ORD-10071,2024-12-23,South,Retail,500
ORD-10072,2024-12-25,South,Retail,440
ORD-10073,2024-12-14,West,Partner,446
ORD-10074,2024-12-01,East,Retail,576
ORD-10075,2024-12-13,North,Retail,458
ORD-10076,2024-12-12,North,Web,545
ORD-10077,2024-12-17,West,Partner,447
ORD-10078,2024-12-23,East,Web,627
ORD-10079,2024-12-06,South,Partner,460
ORD-10080,2024-12-11,West,Partner,453
ORD-10081,2024-12-20,West,Retail,445
ORD-10082,2024-12-16,South,Web,598
ORD-10083,2024-12-17,South,Web,640
ORD-10084,2024-12-27,West,Web,515
ORD-10085,2024-12-16,West,Partner,470
ORD-10086,2024-12-25,West,Partner,368
ORD-10087,2024-12-21,South,Retail,613
ORD-10088,2024-12-14,West,Partner,345
ORD-10089,2024-12-08,South,Web,436
ORD-10090,2024-12-03,West,Retail,596
ORD-10091,2024-12-21,North,Partner,434
ORD-10092,2024-12-01,North,Web,381
ORD-10093,2024-12-21,East,Partner,428
ORD-10094,2024-12-19,South,Retail,605
ORD-10095,2024-12-10,East,Web,364
ORD-10096,2024-12-23,North,Web,479
ORD-10097,2024-12-24,South,Partner,561
ORD-10098,2024-12-16,East,Web,510
ORD-10099,2024-12-05,South,Partner,547
ORD-10100,2024-12-25,South,Retail,533
ORD-10101,2024-12-24,South,Partner,515
ORD-10102,2024-12-02,West,Retail,481
ORD-10103,2024-12-28,East,Partner,438
ORD-10104,2024-12-08,West,Web,584
ORD-10105,2024-12-18,North,Web,494
ORD-10106,2024-12-19,South,Partner,466
ORD-10107,2024-12-05,South,Partner,585
ORD-10108,2024-12-09,North,Partner,538
ORD-10109,2024-12-18,South,Web,607
ORD-10110,2024-12-04,South,Retail,379
ORD-10111,2024-12-09,West,Web,531
ORD-10112,2024-12-07,East,Web,378
ORD-10113,2024-12-19,North,Web,442
ORD-10114,2024-12-26,North,Retail,488
ORD-10115,2024-12-19,East,Retail,481
ORD-10116,2024-12-25,North,Retail,500
ORD-10117,2024-12-26,West,Web,394
ORD-10118,2024-12-09,West,Retail,570
ORD-10119,2024-12-08,West,Web,443
ORD-10120,2024-12-20,West,Partner,550
ORD-10121,2024-12-20,East,Web,421
ORD-10122,2024-12-23,West,Web,454
ORD-10123,2024-12-06,East,Retail,504
ORD-10124,2024-12-19,South,Partner,436
ORD-10125,2024-12-18,South,Web,528
ORD-10126,2024-12-11,East,Web,474
ORD-10127,2024-12-16,West,Partner,532
ORD-10128,2024-12-02,South,Partner,461
ORD-10129,2024-12-22,South,Web,417
ORD-10130,2024-12-11,West,Retail,489
ORD-10131,2024-12-08,South,Retail,603
ORD-10132,2024-12-15,West,Partner,504
ORD-10133,2024-12-24,West,Web,520
ORD-10134,2024-12-13,South,Retail,550
ORD-10135,2024-12-24,South,Web,449
ORD-10136,2024-12-21,East,Partner,469
ORD-10137,2024-12-22,West,Partner,422
ORD-10138,2024-12-08,South,Partner,391
ORD-10139,2024-12-27,West,Partner,533
ORD-10140,2024-12-28,West,Retail,564
ORD-10141,2024-12-20,West,Web,334
ORD-10142,2024-12-28,East,Retail,565
ORD-10143,2024-12-11,North,Retail,712
ORD-10144,2024-12-03,South,Retail,510
ORD-10145,2024-12-09,West,Retail,508
ORD-10146,2024-12-02,North,Partner,385
ORD-10147,2024-12-16,South,Web,567
ORD-10148,2024-12-22,South,Retail,480
ORD-10149,2024-12-17,East,Web,429
ORD-10150,2024-12-03,East,Web,522
ORD-10151,2024-12-14,West,Retail,563
ORD-10152,2024-12-15,East,Partner,366
ORD-10153,2024-12-24,North,Web,387
ORD-10154,2024-12-04,North,Web,526
ORD-10155,2024-12-05,West,Web,541
ORD-10156,2024-12-21,West,Partner,330
ORD-10157,2024-12-26,East,Web,447
ORD-10158,2024-12-02,South,Retail,575
ORD-10159,2024-12-07,South,Web,603
ORD-10160,2024-12-23,North,Partner,498
ORD-10161,2024-12-20,South,Partner,543
ORD-10162,2024-12-18,North,Retail,440
ORD-10163,2024-12-08,North,Web,274
ORD-10164,2024-12-17,North,Partner,358
ORD-10165,2024-12-01,South,Partner,518
ORD-10166,2024-12-04,West,Partner,441
ORD-10167,2024-12-14,East,Retail,406
ORD-10168,2024-12-24,East,Partner,462
ORD-10169,2024-12-02,South,Retail,423
ORD-10170,2024-12-20,East,Web,516
ORD-10171,2024-12-27,West,Partner,270
ORD-10172,2024-12-27,West,Retail,555
ORD-10173,2024-12-02,North,Partner,471
ORD-10174,2024-12-07,East,Partner,602
ORD-10175,2024-12-21,North,Partner,556
ORD-10176,2024-12-04,East,Retail,535
ORD-10177,2024-12-14,East,Retail,440
ORD-10178,2024-12-01,East,Web,529
ORD-10179,2024-12-15,North,Retail,525
ORD-10180,2024-12-26,East,Web,378
ORD-10181,2024-12-25,North,Web,585
ORD-10182,2024-12-11,South,Partner,393
ORD-10183,2024-12-04,East,Retail,498
ORD-10184,2024-12-07,West,Partner,438
ORD-10185,2024-12-10,East,Retail,514
ORD-10186,2024-12-28,East,Web,616
ORD-10187,2024-12-19,West,Partner,483
ORD-10188,2024-12-23,East,Partner,514
ORD-10189,2024-12-04,South,Partner,475
ORD-10190,2024-12-15,West,Web,407
ORD-10191,2024-12-06,South,Web,446
ORD-10192,2024-12-26,South,Partner,417
ORD-10193,2024-12-07,South,Retail,591
ORD-10194,2024-12-10,East,Retail,394
ORD-10195,2024-12-12,South,Web,567
ORD-10196,2024-12-04,North,Web,450
ORD-10197,2024-12-25,East,Web,520
ORD-10198,2024-12-23,South,Partner,403
ORD-10199,2024-12-13,North,Partner,535
ORD-10200,2024-12-09,East,Retail,417
ORD-10201,2024-12-09,East,Web,443
ORD-10202,2024-12-08,North,Retail,409
ORD-10203,2024-12-27,West,Web,581
ORD-10204,2024-12-24,West,Web,419
ORD-10205,2024-12-01,East,Retail,398
ORD-10206,2024-12-27,East,Web,484
ORD-10207,2024-12-16,East,Retail,439
ORD-10208,2024-12-19,North,Web,577
ORD-10209,2024-12-18,South,Retail,549
ORD-10210,2024-12-22,North,Partner,416
ORD-10211,2024-12-21,East,Web,676
ORD-10212,2024-12-09,East,Web,652
ORD-10213,2024-12-18,West,Web,317
ORD-10214,2024-12-21,North,Retail,486
ORD-10215,2024-12-06,South,Retail,530
ORD-10216,2024-12-20,West,Web,427
ORD-10217,2024-12-03,East,Retail,432
ORD-10218,2024-12-21,West,Web,391
ORD-10219,2024-12-27,South,Partner,524
ORD-10220,2024-12-04,South,Partner,520
ORD-10221,2024-12-15,North,Partner,500
ORD-10222,2024-12-12,North,Partner,553
ORD-10223,2024-12-28,East,Web,482
ORD-10224,2024-12-14,South,Partner,537
ORD-10225,2024-12-17,East,Retail,503
ORD-10226,2024-12-05,North,Partner,536
ORD-10227,2024-12-14,North,Partner,628
ORD-10228,2024-12-18,South,Web,554
ORD-10229,2024-12-09,East,Partner,461
ORD-10230,2024-12-05,South,Retail,613
ORD-10231,2024-12-05,South,Retail,545
ORD-10232,2024-12-17,West,Partner,506
ORD-10233,2024-12-05,North,Web,485
ORD-10234,2024-12-25,East,Web,301
ORD-10235,2024-12-01,South,Retail,491
ORD-10236,2024-12-28,North,Retail,592
ORD-10237,2024-12-19,North,Retail,690
ORD-10238,2024-12-20,North,Web,478
ORD-10239,2024-12-03,North,Retail,605
ORD-10240,2024-12-03,South,Retail,605
ORD-10241,2024-12-18,East,Web,526
ORD-10242,2024-12-03,East,Partner,381
ORD-10243,2024-12-10,East,Web,357
ORD-10244,2024-12-14,West,Web,213
ORD-10245,2024-12-27,East,Retail,504
ORD-10246,2024-12-13,East,Retail,550
ORD-10247,2024-12-06,West,Retail,613
ORD-10248,2024-12-23,West,Retail,390
ORD-10249,2024-12-23,West,Web,671
ORD-10250,2024-12-24,West,Partner,586
ORD-10251,2024-12-19,East,Partner,477
ORD-10252,2024-12-04,South,Partner,637
ORD-10253,2024-12-17,West,Partner,484
ORD-10254,2024-12-05,South,Partner,453
ORD-10255,2024-12-15,West,Web,342
ORD-10256,2024-12-22,South,Web,379
ORD-10257,2024-12-07,South,Partner,620
ORD-10258,2024-12-07,South,Web,401
ORD-10259,2024-12-07,South,Partner,494
ORD-10260,2024-12-01,North,Retail,386
ORD-10261,2024-12-26,North,Web,393
ORD-10262,2024-12-22,West,Partner,682
ORD-10263,2024-12-16,South,Partner,428
ORD-10264,2024-12-26,South,Partner,471
ORD-10265,2024-12-02,South,Retail,481
ORD-10266,2024-12-04,South,Partner,481
ORD-10267,2024-12-13,South,Web,433
ORD-10268,2024-12-16,East,Partner,490
ORD-10269,2024-12-20,East,Partner,455
ORD-10270,2024-12-24,West,Partner,583
ORD-10271,2024-12-02,West,Retail,595
ORD-10272,2024-12-14,West,Web,434
ORD-10273,2024-12-28,South,Retail,636
ORD-10274,2024-12-08,East,Partner,573
ORD-10275,2024-12-05,East,Web,466
ORD-10276,2024-12-22,East,Partner,397
ORD-10277,2024-12-15,West,Retail,499
ORD-10278,2024-12-28,East,Retail,630
ORD-10279,2024-12-17,South,Retail,351
ORD-10280,2024-12-16,East,Partner,697
ORD-10281,2024-12-17,West,Partner,508
ORD-10282,2024-12-08,West,Web,498
ORD-10283,2024-12-04,North,Partner,498
ORD-10284,2024-12-20,South,Partner,487
ORD-10285,2024-12-07,South,Retail,583
ORD-10286,2024-12-22,West,Retail,391
ORD-10287,2024-12-02,East,Partner,578
ORD-10288,2024-12-19,South,Retail,471
ORD-10289,2024-12-06,West,Web,353
ORD-10290,2024-12-13,North,Retail,672
ORD-10291,2024-12-26,South,Web,540
ORD-10292,2024-12-18,East,Retail,596
ORD-10293,2024-12-20,South,Partner,521
ORD-10294,2024-12-07,East,Retail,479
ORD-10295,2024-12-10,West,Retail,558
ORD-10296,2024-12-18,South,Retail,609
ORD-10297,2024-12-21,North,Web,543
ORD-10298,2024-12-07,East,Partner,556
ORD-10299,2024-12-20,East,Partner,634
ORD-10300,2024-12-23,North,Retail,593
ORD-10301,2024-12-11,South,Partner,490
ORD-10302,2024-12-17,East,Retail,522
ORD-10303,2024-12-17,North,Partner,458
ORD-10304,2024-12-24,North,Partner,481
ORD-10305,2024-12-07,West,Web,510
ORD-10306,2024-12-05,North,Web,461
ORD-10307,2024-12-03,North,Web,600
ORD-10308,2024-12-21,West,Partner,554
ORD-10309,2024-12-12,South,Web,608
ORD-10310,2024-12-08,West,Partner,357
ORD-10311,2024-12-20,West,Web,533
ORD-10312,2024-12-05,South,Retail,386
ORD-10313,2024-12-20,East,Retail,499
ORD-10314,2024-12-07,West,Web,617
ORD-10315,2024-12-17,North,Web,332
ORD-10316,2024-12-05,East,Retail,460
ORD-10317,2024-12-25,South,Retail,473
ORD-10318,2024-12-14,West,Retail,386
ORD-10319,2024-12-22,West,Web,620
ORD-10320,2024-12-03,North,Retail,703
ORD-10321,2024-12-28,East,Retail,418
ORD-10322,2024-12-27,East,Web,432
ORD-10323,2024-12-12,West,Retail,658
ORD-10324,2024-12-19,West,Web,494
ORD-10325,2024-12-08,East,Partner,739
ORD-10326,2024-12-24,West,Web,480
ORD-10327,2024-12-25,North,Retail,437
ORD-10328,2024-12-06,North,Web,545
ORD-10329,2024-12-06,South,Retail,703
ORD-10330,2024-12-13,South,Retail,586
ORD-10331,2024-12-06,West,Retail,348
ORD-10332,2024-12-23,East,Retail,623
ORD-10333,2024-12-14,West,Web,544
ORD-10334,2024-12-15,South,Partner,435
ORD-10335,2024-12-01,West,Web,570
ORD-10336,2024-12-07,East,Partner,430
ORD-10337,2024-12-28,West,Web,582
ORD-10338,2024-12-13,South,Web,612
ORD-10339,2024-12-15,East,Web,467
ORD-10340,2024-12-17,West,Retail,612
ORD-10341,2024-12-13,East,Retail,492
ORD-10342,2024-12-02,North,Partner,385
ORD-10343,2024-12-02,East,Partner,387
ORD-10344,2024-12-24,North,Retail,443
ORD-10345,2024-12-02,North,Retail,398
ORD-10346,2024-12-04,West,Partner,546
ORD-10347,2024-12-23,South,Web,523
ORD-10348,2024-12-06,South,Retail,601
ORD-10349,2024-12-16,East,Partner,706
ORD-10350,2024-12-14,East,Web,621
ORD-10351,2024-12-17,North,Partner,594
ORD-10352,2024-12-08,East,Partner,464
ORD-10353,2024-12-01,South,Partner,503
ORD-10354,2024-12-17,West,Web,537
ORD-10355,2024-12-19,East,Web,374
ORD-10356,2024-12-16,West,Web,526
ORD-10357,2024-12-02,West,Retail,482
ORD-10358,2024-12-15,South,Web,582
ORD-10359,2024-12-10,West,Retail,464
ORD-10360,2024-12-11,West,Partner,418
ORD-10361,2024-12-04,East,Partner,535
ORD-10362,2024-12-12,West,Retail,447
ORD-10363,2024-12-12,South,Web,599
ORD-10364,2024-12-22,East,Retail,520
ORD-10365,2024-12-11,West,Web,581
ORD-10366,2024-12-18,East,Retail,554
ORD-10367,2024-12-15,South,Web,646
ORD-10368,2024-12-05,West,Retail,240
ORD-10369,2024-12-18,South,Web,456
ORD-10370,2024-12-15,East,Web,632
ORD-10371,2024-12-02,West,Partner,495
ORD-10372,2024-12-18,South,Web,510
ORD-10373,2024-12-02,South,Retail,521
ORD-10374,2024-12-25,West,Partner,631
ORD-10375,2024-12-27,South,Web,658
ORD-10376,2024-12-11,South,Web,540
ORD-10377,2024-12-15,West,Web,560
ORD-10378,2024-12-01,East,Retail,398
ORD-10379,2024-12-01,South,Web,617
ORD-10380,2024-12-07,West,Retail,594
ORD-10381,2024-12-25,North,Web,652
ORD-10382,2024-12-23,East,Web,552
ORD-10383,2024-12-23,East,Web,580
ORD-10384,2024-12-18,North,Partner,380
ORD-10385,2024-12-27,South,Web,480
ORD-10386,2024-12-26,North,Web,625
ORD-10387,2024-12-16,East,Partner,577
ORD-10388,2024-12-23,North,Partner,515
ORD-10389,2024-12-28,West,Retail,503
ORD-10390,2024-12-15,West,Partner,417
ORD-10391,2024-12-19,North,Web,456
ORD-10392,2024-12-01,South,Web,534
ORD-10393,2024-12-28,South,Retail,526
ORD-10394,2024-12-01,North,Web,494
ORD-10395,2024-12-05,North,Retail,639
ORD-10396,2024-12-11,North,Retail,559
ORD-10397,2024-12-12,East,Web,592
ORD-10398,2024-12-04,North,Retail,552
ORD-10399,2024-12-05,East,Retail,450
ORD-10400,2024-12-07,East,Retail,367
ORD-10401,2024-12-19,South,Partner,608
ORD-10402,2024-12-14,North,Retail,463
ORD-10403,2024-12-14,West,Retail,427
ORD-10404,2024-12-25,North,Partner,587
ORD-10405,2024-12-13,West,Retail,431
ORD-10406,2024-12-27,South,Web,422
ORD-10407,2024-12-03,South,Web,552
ORD-10408,2024-12-14,West,Web,452
ORD-10409,2024-12-12,South,Web,491
ORD-10410,2024-12-01,East,Partner,519
ORD-10411,2024-12-23,South,Retail,511
ORD-10412,2024-12-07,East,Partner,498
ORD-10413,2024-12-20,West,Partner,535
ORD-10414,2024-12-23,North,Partner,495
ORD-10415,2024-12-07,West,Partner,355
ORD-10416,2024-12-10,South,Web,523
ORD-10417,2024-12-19,North,Web,577
ORD-10418,2024-12-05,South,Partner,581
ORD-10419,2024-12-05,West,Web,474
ORD-10420,2024-12-26,North,Web,448
ORD-10421,2024-12-22,East,Partner,507
ORD-10422,2024-12-28,West,Partner,514
ORD-10423,2024-12-22,South,Partner,491
ORD-10424,2024-12-20,West,Partner,458
ORD-10425,2024-12-22,North,Web,550
ORD-10426,2024-12-26,North,Retail,491
ORD-10427,2024-12-24,North,Web,478
ORD-10428,2024-12-20,West,Web,464
ORD-10429,2024-12-20,South,Retail,521
ORD-10430,2024-12-01,North,Partner,532
ORD-10431,2024-12-10,East,Partner,384
ORD-10432,2024-12-19,North,Partner,322
ORD-10433,2024-12-03,East,Web,381
ORD-10434,2024-12-20,West,Partner,547
ORD-10435,2024-12-13,East,Partner,406
ORD-10436,2024-12-17,South,Web,503
ORD-10437,2024-12-06,South,Partner,443
ORD-10438,2024-12-23,East,Web,479
ORD-10439,2024-12-07,North,Web,440
ORD-10440,2024-12-06,West,Retail,590
ORD-10441,2024-12-13,East,Partner,561
ORD-10442,2024-12-12,East,Retail,627
ORD-10443,2024-12-09,South,Partner,522
ORD-10444,2024-12-16,West,Web,577
ORD-10445,2024-12-02,North,Web,349
ORD-10446,2024-12-01,East,Partner,612
ORD-10447,2024-12-06,West,Web,518
ORD-10448,2024-12-09,West,Retail,473
ORD-10449,2024-12-22,North,Retail,320
ORD-10450,2024-12-25,North,Partner,389
ORD-10451,2024-12-09,East,Partner,505
ORD-10452,2024-12-14,North,Retail,586
ORD-10453,2024-12-25,North,Web,583
ORD-10454,2024-12-27,East,Partner,617
ORD-10455,2024-12-25,South,Web,507
ORD-10456,2024-12-01,South,Partner,627
ORD-10457,2024-12-18,East,Retail,579
ORD-10458,2024-12-11,West,Retail,572
ORD-10459,2024-12-11,East,Retail,561
ORD-10460,2024-12-04,West,Retail,647
ORD-10461,2024-12-06,East,Partner,519
ORD-10462,2024-12-03,East,Partner,446
ORD-10463,2024-12-12,West,Retail,516
ORD-10464,2024-12-14,West,Retail,389
ORD-10465,2024-12-25,North,Partner,495
ORD-10466,2024-12-08,South,Retail,360
ORD-10467,2024-12-20,South,Web,466
ORD-10468,2024-12-06,South,Partner,484
ORD-10469,2024-12-24,East,Retail,419
ORD-10470,2024-12-16,South,Retail,568
ORD-10471,2024-12-10,South,Web,601
ORD-10472,2024-12-18,West,Retail,538
ORD-10473,2024-12-10,South,Web,611
ORD-10474,2024-12-10,East,Retail,413
ORD-10475,2024-12-25,North,Web,600
ORD-10476,2024-12-01,West,Retail,537
ORD-10477,2024-12-23,North,Retail,553
ORD-10478,2024-12-01,East,Partner,612
ORD-10479,2024-12-10,West,Web,530
ORD-10480,2024-12-17,West,Retail,570
ORD-10481,2024-12-22,South,Web,458
ORD-10482,2024-12-17,North,Web,435
ORD-10483,2024-12-17,West,Retail,397
ORD-10484,2024-12-20,East,Partner,456
ORD-10485,2024-12-01,West,Retail,612
ORD-10486,2024-12-12,South,Web,533
ORD-10487,2024-12-08,West,Retail,499
ORD-10488,2024-12-27,East,Partner,468
ORD-10489,2024-12-14,South,Web,542
ORD-10490,2024-12-27,West,Retail,645
ORD-10491,2024-12-20,South,Retail,488
ORD-10492,2024-12-14,East,Retail,616
ORD-10493,2024-12-28,North,Partner,683
ORD-10494,2024-12-08,South,Partner,604
ORD-10495,2024-12-25,West,Retail,564
ORD-10496,2024-12-05,South,Retail,342
ORD-10497,2024-12-26,South,Web,524
ORD-10498,2024-12-05,East,Retail,482
ORD-10499,2024-12-26,South,Web,474
ORD-10500,2024-12-06,West,Partner,261
ORD-10501,2024-12-10,East,Partner,529
ORD-10502,2024-12-10,East,Retail,693
ORD-10503,2024-12-02,West,Retail,443
ORD-10504,2024-12-14,West,Retail,374
ORD-10505,2024-12-04,West,Partner,703
ORD-10506,2024-12-16,West,Web,482
ORD-10507,2024-12-19,South,Retail,399
ORD-10508,2024-12-17,South,Partner,400
ORD-10509,2024-12-02,South,Partner,403
ORD-10510,2024-12-20,North,Retail,554
ORD-10511,2024-12-27,East,Partner,485
ORD-10512,2024-12-03,East,Retail,518
ORD-10513,2024-12-11,West,Partner,609
ORD-10514,2024-12-25,North,Partner,576
ORD-10515,2024-12-17,East,Web,474
ORD-10516,2024-12-12,West,Retail,455
ORD-10517,2024-12-19,West,Partner,474
ORD-10518,2024-12-24,North,Web,469
ORD-10519,2024-12-01,East,Web,483
ORD-10520,2024-12-12,East,Web,494
ORD-10521,2024-12-19,West,Retail,410
ORD-10522,2024-12-21,North,Partner,471
ORD-10523,2024-12-06,West,Partner,676
ORD-10524,2024-12-10,North,Partner,547
ORD-10525,2024-12-25,West,Web,431
ORD-10526,2024-12-08,North,Retail,472
ORD-10527,2024-12-06,South,Web,439
ORD-10528,2024-12-25,West,Web,500
ORD-10529,2024-12-04,North,Retail,379
ORD-10530,2024-12-25,North,Web,440
ORD-10531,2024-12-11,South,Web,539
ORD-10532,2024-12-08,North,Web,600
ORD-10533,2024-12-09,South,Web,384
ORD-10534,2024-12-22,South,Partner,508
ORD-10535,2024-12-06,East,Retail,476
ORD-10536,2024-12-09,South,Partner,376
ORD-10537,2024-12-22,North,Retail,463
ORD-10538,2024-12-28,North,Retail,508
ORD-10539,2024-12-01,West,Web,539
ORD-10540,2024-12-07,West,Partner,518
ORD-10541,2024-12-07,West,Retail,430
ORD-10542,2024-12-15,North,Web,498
ORD-10543,2024-12-28,East,Partner,642
ORD-10544,2024-12-26,East,Web,494
ORD-10545,2024-12-27,South,Partner,634
ORD-10546,2024-12-21,North,Partner,446
ORD-10547,2024-12-03,East,Partner,492
ORD-10548,2024-12-11,North,Web,448
ORD-10549,2024-12-08,East,Partner,641
ORD-10550,2024-12-27,West,Partner,346
ORD-10551,2024-12-10,East,Web,554
ORD-10552,2024-12-15,West,Web,616
ORD-10553,2024-12-15,East,Retail,405
ORD-10554,2024-12-09,East,Retail,499
ORD-10555,2024-12-07,West,Web,497
ORD-10556,2024-12-28,South,Web,394
ORD-10557,2024-12-10,West,Web,574
ORD-10558,2024-12-01,North,Partner,505
ORD-10559,2024-12-26,South,Retail,529
ORD-10560,2024-12-23,East,Retail,363
ORD-10561,2024-12-01,South,Web,493
ORD-10562,2024-12-04,West,Retail,550
ORD-10563,2024-12-03,South,Partner,535
ORD-10564,2024-12-17,West,Partner,379
ORD-10565,2024-12-07,West,Partner,559
ORD-10566,2024-12-07,South,Web,615
ORD-10567,2024-12-02,West,Partner,507
ORD-10568,2024-12-24,West,Web,469
ORD-10569,2024-12-21,South,Partner,405
ORD-10570,2024-12-18,North,Web,584
ORD-10571,2024-12-05,South,Partner,433
ORD-10572,2024-12-03,South,Web,307
ORD-10573,2024-12-04,West,Retail,530
ORD-10574,2024-12-04,North,Retail,592
ORD-10575,2024-12-07,West,Partner,674
ORD-10576,2024-12-13,West,Retail,388
ORD-10577,2024-12-12,West,Partner,461
ORD-10578,2024-12-10,South,Web,400
ORD-10579,2024-12-12,West,Retail,653
ORD-10580,2024-12-10,North,Partner,511
ORD-10581,2024-12-17,East,Retail,556
ORD-10582,2024-12-18,South,Retail,394
ORD-10583,2024-12-16,North,Partner,502
ORD-10584,2024-12-14,East,Retail,451
ORD-10585,2024-12-17,East,Web,503
ORD-10586,2024-12-09,South,Retail,600
ORD-10587,2024-12-07,North,Partner,478
ORD-10588,2024-12-23,South,Retail,432
ORD-10589,2024-12-26,West,Retail,432
ORD-10590,2024-12-24,East,Web,405
ORD-10591,2024-12-06,South,Partner,344
ORD-10592,2024-12-24,West,Partner,468
ORD-10593,2024-12-22,North,Web,647
ORD-10594,2024-12-05,South,Web,330
ORD-10595,2024-12-26,North,Web,542
ORD-10596,2024-12-12,East,Partner,485
ORD-10597,2024-12-15,South,Partner,357
ORD-10598,2024-12-27,South,Web,528
ORD-10599,2024-12-17,East,Retail,530
ORD-10600,2024-12-04,West,Partner,505
ORD-10601,2024-12-23,South,Web,543
ORD-10602,2024-12-26,East,Web,425
ORD-10603,2024-12-13,West,Web,788
ORD-10604,2024-12-05,West,Partner,538
ORD-10605,2024-12-18,West,Retail,337
ORD-10606,2024-12-11,South,Partner,608
ORD-10607,2024-12-05,South,Partner,471
ORD-10608,2024-12-01,South,Partner,512
ORD-10609,2024-12-08,North,Retail,627
ORD-10610,2024-12-23,East,Partner,627
ORD-10611,2024-12-11,East,Retail,497
ORD-10612,2024-12-14,South,Partner,558
ORD-10613,2024-12-24,East,Retail,520
ORD-10614,2024-12-14,South,Partner,548
ORD-10615,2024-12-22,North,Web,482
ORD-10616,2024-12-19,West,Partner,499
ORD-10617,2024-12-19,North,Partner,305
ORD-10618,2024-12-20,North,Web,693
ORD-10619,2024-12-12,East,Partner,523
ORD-10620,2024-12-02,West,Web,656
ORD-10621,2024-12-10,South,Retail,628
ORD-10622,2024-12-19,North,Retail,586
ORD-10623,2024-12-01,North,Retail,425
ORD-10624,2024-12-23,South,Web,572
ORD-10625,2024-12-14,North,Partner,330
ORD-10626,2024-12-23,North,Retail,521
ORD-10627,2024-12-10,West,Web,462
ORD-10628,2024-12-15,East,Retail,484
ORD-10629,2024-12-04,North,Partner,443
ORD-10630,2024-12-02,West,Partner,725
ORD-10631,2024-12-09,East,Web,508
ORD-10632,2024-12-04,North,Partner,462
ORD-10633,2024-12-12,South,Web,553
ORD-10634,2024-12-26,North,Partner,343
ORD-10635,2024-12-25,West,Partner,549
ORD-10636,2024-12-03,North,Partner,510
ORD-10637,2024-12-18,West,Retail,421
ORD-10638,2024-12-12,North,Partner,558
ORD-10639,2024-12-17,North,Retail,463
ORD-10640,2024-12-20,East,Web,407
ORD-10641,2024-12-15,East,Web,474
ORD-10642,2024-12-15,North,Web,471
ORD-10643,2024-12-11,West,Partner,418
ORD-10644,2024-12-22,North,Web,410
ORD-10645,2024-12-01,South,Retail,486
ORD-10646,2024-12-20,West,Partner,422
ORD-10647,2024-12-06,South,Web,339
ORD-10648,2024-12-12,South,Web,521
ORD-10649,2024-12-03,North,Retail,665
ORD-10650,2024-12-03,West,Partner,538
ORD-10651,2024-12-12,North,Web,622
ORD-10652,2024-12-16,West,Retail,704
ORD-10653,2024-12-17,East,Web,537
ORD-10654,2024-12-18,South,Retail,242
ORD-10655,2024-12-21,East,Retail,606
ORD-10656,2024-12-20,South,Partner,750
ORD-10657,2024-12-08,West,Retail,458
ORD-10658,2024-12-06,East,Retail,645
ORD-10659,2024-12-07,North,Retail,393
ORD-10660,2024-12-23,North,Web,508
ORD-10661,2024-12-11,East,Partner,589
ORD-10662,2024-12-03,South,Partner,431
ORD-10663,2024-12-18,North,Partner,552
ORD-10664,2024-12-26,North,Web,384
ORD-10665,2024-12-22,North,Web,549
ORD-10666,2024-12-21,North,Retail,451
ORD-10667,2024-12-05,South,Partner,407
ORD-10668,2024-12-23,North,Web,470
ORD-10669,2024-12-15,West,Web,424
ORD-10670,2024-12-02,West,Retail,521
ORD-10671,2024-12-10,East,Web,544
ORD-10672,2024-12-13,North,Partner,388
ORD-10673,2024-12-12,West,Retail,399
ORD-10674,2024-12-19,East,Partner,388
ORD-10675,2024-12-21,West,Web,473
ORD-10676,2024-12-11,South,Retail,404
ORD-10677,2024-12-01,North,Web,582
ORD-10678,2024-12-25,East,Partner,537
ORD-10679,2024-12-27,North,Retail,500
ORD-10680,2024-12-12,South,Web,543
ORD-10681,2024-12-14,West,Retail,544
ORD-10682,2024-12-20,West,Web,529
ORD-10683,2024-12-01,West,Retail,611
ORD-10684,2024-12-22,South,Web,499
ORD-10685,2024-12-20,East,Partner,576
ORD-10686,2024-12-03,East,Web,502
ORD-10687,2024-12-24,East,Retail,548
ORD-10688,2024-12-09,South,Web,634
ORD-10689,2024-12-06,South,Web,546
ORD-10690,2024-12-15,South,Web,458
ORD-10691,2024-12-12,South,Web,646
ORD-10692,2024-12-15,North,Partner,495
ORD-10693,2024-12-28,West,Partner,209
ORD-10694,2024-12-05,East,Web,494
ORD-10695,2024-12-22,South,Retail,482
ORD-10696,2024-12-15,North,Web,474
ORD-10697,2024-12-17,East,Retail,579
ORD-10698,2024-12-27,North,Partner,439
ORD-10699,2024-12-22,South,Web,477
ORD-10700,2024-12-13,West,Web,493
ORD-10701,2024-12-08,West,Retail,437
ORD-10702,2024-12-18,West,Web,510
ORD-10703,2024-12-16,North,Web,329
ORD-10704,2024-12-22,North,Retail,562
ORD-10705,2024-12-14,West,Partner,528
ORD-10706,2024-12-25,North,Web,624
ORD-10707,2024-12-05,South,Web,585
ORD-10708,2024-12-21,North,Retail,390
ORD-10709,2024-12-21,East,Partner,468
ORD-10710,2024-12-22,West,Web,348
ORD-10711,2024-12-23,North,Partner,323
ORD-10712,2024-12-10,South,Partner,570
ORD-10713,2024-12-15,South,Web,469
ORD-10714,2024-12-08,East,Retail,401
ORD-10715,2024-12-09,South,Web,576
ORD-10716,2024-12-10,North,Retail,472
ORD-10717,2024-12-12,East,Retail,416
ORD-10718,2024-12-27,North,Retail,521
ORD-10719,2024-12-19,South,Web,420
ORD-10720,2024-12-26,South,Partner,630
ORD-10721,2024-12-22,North,Web,491
ORD-10722,2024-12-05,West,Partner,426
ORD-10723,2024-12-02,North,Web,433
ORD-10724,2024-12-24,East,Retail,367
ORD-10725,2024-12-17,East,Retail,497
ORD-10726,2024-12-07,North,Partner,492
ORD-10727,2024-12-25,North,Partner,513
ORD-10728,2024-12-01,East,Retail,482
ORD-10729,2024-12-10,North,Retail,395
ORD-10730,2024-12-20,West,Retail,615
ORD-10731,2024-12-04,North,Web,476
ORD-10732,2024-12-01,South,Retail,500
ORD-10733,2024-12-19,West,Retail,568
ORD-10734,2024-12-19,West,Retail,602
ORD-10735,2024-12-12,East,Web,417
ORD-10736,2024-12-23,East,Partner,673
ORD-10737,2024-12-21,South,Web,382
ORD-10738,2024-12-21,South,Partner,415
ORD-10739,2024-12-02,West,Retail,390
ORD-10740,2024-12-04,North,Web,338
ORD-10741,2024-12-15,South,Partner,417
ORD-10742,2024-12-14,North,Retail,472
ORD-10743,2024-12-03,West,Web,456
ORD-10744,2024-12-28,South,Web,487
ORD-10745,2024-12-04,West,Partner,497
ORD-10746,2024-12-28,North,Web,509
ORD-10747,2024-12-11,West,Partner,510
ORD-10748,2024-12-02,West,Retail,631
ORD-10749,2024-12-19,North,Web,553
ORD-10750,2024-12-12,East,Retail,433
ORD-10751,2024-12-19,South,Retail,524
ORD-10752,2024-12-24,West,Web,391
ORD-10753,2024-12-04,East,Retail,333
ORD-10754,2024-12-14,North,Web,582
ORD-10755,2024-12-12,South,Retail,449
ORD-10756,2024-12-18,South,Retail,407
ORD-10757,2024-12-22,North,Web,487
ORD-10758,2024-12-02,East,Web,610
ORD-10759,2024-12-28,East,Web,565
ORD-10760,2024-12-23,East,Web,398
ORD-10761,2024-12-05,North,Partner,389
ORD-10762,2024-12-05,West,Web,575
ORD-10763,2024-12-13,East,Partner,514
ORD-10764,2024-12-05,West,Retail,552
ORD-10765,2024-12-19,South,Retail,566
ORD-10766,2024-12-19,South,Web,645
ORD-10767,2024-12-14,East,Partner,512
ORD-10768,2024-12-23,West,Retail,293
ORD-10769,2024-12-11,North,Partner,607
ORD-10770,2024-12-07,East,Retail,413
ORD-10771,2024-12-10,East,Retail,466
ORD-10772,2024-12-18,South,Web,510
ORD-10773,2024-12-11,West,Retail,494
ORD-10774,2024-12-16,South,Web,407
ORD-10775,2024-12-15,South,Web,428
ORD-10776,2024-12-04,North,Web,458
ORD-10777,2024-12-26,North,Retail,358
ORD-10778,2024-12-02,East,Retail,552
ORD-10779,2024-12-09,North,Web,450
ORD-10780,2024-12-20,South,Partner,498
ORD-10781,2024-12-13,West,Web,619
ORD-10782,2024-12-15,West,Web,444
ORD-10783,2024-12-21,South,Retail,596
ORD-10784,2024-12-08,South,Retail,606
ORD-10785,2024-12-28,North,Partner,550
ORD-10786,2024-12-23,North,Web,540
ORD-10787,2024-12-13,North,Partner,545
ORD-10788,2024-12-19,South,Partner,532
ORD-10789,2024-12-11,North,Partner,470
ORD-10790,2024-12-09,South,Retail,595
ORD-10791,2024-12-28,North,Web,553
ORD-10792,2024-12-03,East,Partner,516
ORD-10793,2024-12-14,East,Retail,415
ORD-10794,2024-12-17,South,Partner,540
ORD-10795,2024-12-06,East,Web,483
ORD-10796,2024-12-24,South,Retail,474
ORD-10797,2024-12-24,West,Partner,313
ORD-10798,2024-12-24,North,Web,472
ORD-10799,2024-12-01,East,Partner,549
ORD-10800,2025-01-11,South,Retail,566
ORD-10801,2025-01-27,East,Partner,537
ORD-10802,2025-01-23,North,Partner,511
ORD-10803,2025-01-18,East,Partner,494
ORD-10804,2025-01-11,North,Web,405
ORD-10805,2025-01-08,South,Web,375
ORD-10806,2025-01-22,North,Partner,391
ORD-10807,2025-01-05,West,Partner,470
ORD-10808,2025-01-26,East,Partner,489
ORD-10809,2025-01-26,South,Web,410
ORD-10810,2025-01-13,East,Retail,587
ORD-10811,2025-01-14,North,Web,559
ORD-10812,2025-01-22,South,Partner,570
ORD-10813,2025-01-19,South,Partner,440
ORD-10814,2025-01-23,West,Retail,491
ORD-10815,2025-01-19,South,Web,480
ORD-10816,2025-01-24,East,Partner,504
ORD-10817,2025-01-21,North,Retail,704
ORD-10818,2025-01-03,West,Web,603
ORD-10819,2025-01-14,West,Partner,501
ORD-10820,2025-01-28,South,Retail,398
ORD-10821,2025-01-05,East,Partner,462
ORD-10822,2025-01-03,South,Web,465
ORD-10823,2025-01-25,West,Web,484
ORD-10824,2025-01-12,South,Retail,499
ORD-10825,2025-01-23,West,Web,384
ORD-10826,2025-01-03,South,Web,493
ORD-10827,2025-01-07,South,Retail,515
ORD-10828,2025-01-07,South,Partner,365
ORD-10829,2025-01-20,North,Web,485
ORD-10830,2025-01-14,North,Retail,431
ORD-10831,2025-01-04,West,Retail,706
ORD-10832,2025-01-14,South,Partner,394
ORD-10833,2025-01-03,West,Partner,598
ORD-10834,2025-01-16,West,Web,578
ORD-10835,2025-01-04,West,Retail,477
ORD-10836,2025-01-17,East,Web,551
ORD-10837,2025-01-25,West,Web,489
ORD-10838,2025-01-13,South,Web,514
ORD-10839,2025-01-20,South,Web,529
ORD-10840,2025-01-14,West,Partner,551
ORD-10841,2025-01-14,West,Web,597
ORD-10842,2025-01-03,North,Web,490
ORD-10843,2025-01-05,South,Partner,507
ORD-10844,2025-01-19,North,Retail,639
ORD-10845,2025-01-04,South,Partner,381
ORD-10846,2025-01-17,East,Web,458
ORD-10847,2025-01-10,West,Partner,380
ORD-10848,2025-01-12,West,Web,477
ORD-10849,2025-01-08,East,Retail,451
ORD-10850,2025-01-23,West,Partner,569
ORD-10851,2025-01-08,West,Web,589
ORD-10852,2025-01-07,North,Retail,499
ORD-10853,2025-01-12,East,Partner,398
ORD-10854,2025-01-23,North,Partner,725
ORD-10855,2025-01-27,North,Web,437
ORD-10856,2025-01-19,West,Retail,545
ORD-10857,2025-01-10,West,Partner,519
ORD-10858,2025-01-25,North,Web,526
ORD-10859,2025-01-02,South,Web,570
ORD-10860,2025-01-12,South,Retail,275
ORD-10861,2025-01-28,North,Partner,577
ORD-10862,2025-01-27,East,Web,339
ORD-10863,2025-01-14,North,Retail,397
ORD-10864,2025-01-06,North,Web,584
ORD-10865,2025-01-25,East,Web,632
ORD-10866,2025-01-07,North,Web,508
ORD-10867,2025-01-08,West,Retail,494
ORD-10868,2025-01-13,East,Retail,542
ORD-10869,2025-01-08,West,Partner,500
ORD-10870,2025-01-26,North,Partner,470
ORD-10871,2025-01-02,West,Retail,467
ORD-10872,2025-01-06,West,Partner,482
ORD-10873,2025-01-11,West,Web,353
ORD-10874,2025-01-07,West,Web,474
ORD-10875,2025-01-09,North,Web,485
ORD-10876,2025-01-12,South,Partner,526
ORD-10877,2025-01-25,East,Retail,565
ORD-10878,2025-01-08,South,Web,456
ORD-10879,2025-01-09,East,Partner,570
ORD-10880,2025-01-25,North,Web,586
ORD-10881,2025-01-15,West,Partner,636
ORD-10882,2025-01-07,South,Retail,470
ORD-10883,2025-01-23,West,Partner,566
ORD-10884,2025-01-19,South,Partner,454
ORD-10885,2025-01-04,East,Web,427
ORD-10886,2025-01-01,North,Partner,574
ORD-10887,2025-01-15,South,Partner,538
ORD-10888,2025-01-10,North,Web,364
ORD-10889,2025-01-18,South,Web,583
ORD-10890,2025-01-28,East,Retail,500
ORD-10891,2025-01-23,South,Retail,523
ORD-10892,2025-01-28,East,Partner,494
ORD-10893,2025-01-10,South,Retail,359
ORD-10894,2025-01-05,South,Partner,457
ORD-10895,2025-01-20,East,Web,511
ORD-10896,2025-01-11,South,Web,461
ORD-10897,2025-01-16,East,Partner,551
ORD-10898,2025-01-07,South,Web,552
ORD-10899,2025-01-07,South,Web,549
ORD-10900,2025-01-05,North,Web,668
ORD-10901,2025-01-01,West,Partner,583
ORD-10902,2025-01-06,South,Web,454
ORD-10903,2025-01-11,North,Partner,504
ORD-10904,2025-01-06,East,Web,471
ORD-10905,2025-01-22,West,Partner,483
ORD-10906,2025-01-21,West,Partner,448
ORD-10907,2025-01-19,West,Partner,375
ORD-10908,2025-01-18,North,Web,522
ORD-10909,2025-01-14,South,Web,505
ORD-10910,2025-01-26,East,Partner,541
ORD-10911,2025-01-19,South,Retail,608
ORD-10912,2025-01-18,West,Web,604
ORD-10913,2025-01-02,North,Web,534
ORD-10914,2025-01-20,North,Partner,629
ORD-10915,2025-01-16,West,Retail,400
ORD-10916,2025-01-02,East,Web,494
ORD-10917,2025-01-04,North,Web,456
ORD-10918,2025-01-07,South,Retail,600
ORD-10919,2025-01-16,East,Retail,387
ORD-10920,2025-01-26,East,Web,521
ORD-10921,2025-01-13,West,Partner,476
ORD-10922,2025-01-03,West,Retail,769
ORD-10923,2025-01-07,West,Web,360
ORD-10924,2025-01-15,North,Partner,594
ORD-10925,2025-01-09,West,Partner,358
ORD-10926,2025-01-23,South,Web,582
ORD-10927,2025-01-04,South,Retail,368
ORD-10928,2025-01-12,East,Retail,451
ORD-10929,2025-01-26,West,Retail,371
ORD-10930,2025-01-04,West,Partner,576
ORD-10931,2025-01-16,West,Partner,457
ORD-10932,2025-01-24,West,Retail,401
ORD-10933,2025-01-27,North,Partner,398
ORD-10934,2025-01-12,West,Web,646
ORD-10935,2025-01-02,North,Retail,512
ORD-10936,2025-01-08,South,Retail,545
ORD-10937,2025-01-17,East,Retail,384
ORD-10938,2025-01-16,West,Partner,552
ORD-10939,2025-01-04,North,Web,382
ORD-10940,2025-01-26,South,Web,497
ORD-10941,2025-01-13,West,Retail,609
ORD-10942,2025-01-10,West,Retail,461
ORD-10943,2025-01-17,South,Web,447
ORD-10944,2025-01-24,West,Partner,417
ORD-10945,2025-01-07,South,Retail,544
ORD-10946,2025-01-27,North,Retail,487
ORD-10947,2025-01-14,West,Web,636
ORD-10948,2025-01-28,West,Web,418
ORD-10949,2025-01-24,West,Partner,293
ORD-10950,2025-01-11,North,Web,467
ORD-10951,2025-01-05,East,Web,380
ORD-10952,2025-01-18,West,Partner,474
ORD-10953,2025-01-20,East,Partner,480
ORD-10954,2025-01-06,West,Partner,541
ORD-10955,2025-01-08,East,Partner,479
ORD-10956,2025-01-10,West,Web,539
ORD-10957,2025-01-18,South,Web,378
ORD-10958,2025-01-23,West,Partner,495
ORD-10959,2025-01-22,West,Partner,480
ORD-10960,2025-01-06,North,Web,689
ORD-10961,2025-01-09,North,Web,541
ORD-10962,2025-01-11,East,Web,452
ORD-10963,2025-01-14,North,Web,434
ORD-10964,2025-01-14,West,Partner,543
ORD-10965,2025-01-02,North,Partner,336
ORD-10966,2025-01-27,West,Partner,564
ORD-10967,2025-01-17,South,Retail,560
ORD-10968,2025-01-01,North,Retail,387
ORD-10969,2025-01-04,East,Partner,354
ORD-10970,2025-01-11,North,Partner,453
ORD-10971,2025-01-26,East,Web,426
ORD-10972,2025-01-19,North,Retail,435
ORD-10973,2025-01-02,South,Retail,388
ORD-10974,2025-01-14,North,Retail,560
ORD-10975,2025-01-04,North,Web,555
ORD-10976,2025-01-24,South,Partner,370
ORD-10977,2025-01-21,West,Partner,492
ORD-10978,2025-01-11,North,Web,528
ORD-10979,2025-01-20,East,Retail,592
ORD-10980,2025-01-03,West,Partner,557
ORD-10981,2025-01-01,North,Retail,536
ORD-10982,2025-01-03,East,Web,577
ORD-10983,2025-01-19,South,Retail,518
ORD-10984,2025-01-05,East,Retail,665
ORD-10985,2025-01-06,West,Web,433
ORD-10986,2025-01-08,South,Web,445
ORD-10987,2025-01-12,West,Web,608
ORD-10988,2025-01-20,East,Web,696
ORD-10989,2025-01-07,South,Retail,588
ORD-10990,2025-01-24,West,Web,513
ORD-10991,2025-01-15,West,Retail,426
ORD-10992,2025-01-09,South,Partner,470
ORD-10993,2025-01-16,North,Retail,596
ORD-10994,2025-01-26,South,Web,583
ORD-10995,2025-01-01,South,Partner,463
ORD-10996,2025-01-21,South,Retail,471
ORD-10997,2025-01-16,West,Retail,440
ORD-10998,2025-01-10,North,Retail,544
ORD-10999,2025-01-13,West,Web,486
ORD-11000,2025-01-24,West,Retail,528
ORD-11001,2025-01-08,West,Partner,579
ORD-11002,2025-01-01,East,Web,556
ORD-11003,2025-01-26,West,Retail,337
ORD-11004,2025-01-17,East,Retail,612
ORD-11005,2025-01-27,South,Retail,615
ORD-11006,2025-01-03,East,Retail,614
ORD-11007,2025-01-16,South,Retail,575
ORD-11008,2025-01-10,North,Web,309
ORD-11009,2025-01-12,South,Partner,610
ORD-11010,2025-01-12,North,Partner,439
ORD-11011,2025-01-19,West,Retail,478
ORD-11012,2025-01-13,North,Retail,617
ORD-11013,2025-01-24,North,Web,478
ORD-11014,2025-01-17,South,Web,478
ORD-11015,2025-01-21,East,Partner,473
ORD-11016,2025-01-01,South,Partner,528
ORD-11017,2025-01-25,West,Partner,436
ORD-11018,2025-01-01,East,Web,608
ORD-11019,2025-01-14,North,Web,468
ORD-11020,2025-01-28,North,Partner,468
ORD-11021,2025-01-02,West,Retail,687
ORD-11022,2025-01-09,West,Partner,449
ORD-11023,2025-01-15,East,Partner,484
ORD-11024,2025-01-13,North,Retail,399
ORD-11025,2025-01-05,West,Retail,637
ORD-11026,2025-01-23,East,Web,520
ORD-11027,2025-01-14,West,Partner,475
ORD-11028,2025-01-11,North,Partner,509
ORD-11029,2025-01-12,South,Web,447
ORD-11030,2025-01-01,East,Web,503
ORD-11031,2025-01-08,East,Retail,583
ORD-11032,2025-01-23,North,Retail,553
ORD-11033,2025-01-06,North,Partner,420
ORD-11034,2025-01-10,North,Partner,501
ORD-11035,2025-01-28,North,Partner,525
ORD-11036,2025-01-05,North,Partner,385
ORD-11037,2025-01-07,West,Web,430
ORD-11038,2025-01-24,North,Partner,513
ORD-11039,2025-01-10,South,Partner,418
ORD-11040,2025-01-06,North,Partner,639
ORD-11041,2025-01-25,West,Web,518
ORD-11042,2025-01-14,West,Partner,532
ORD-11043,2025-01-02,West,Web,627
ORD-11044,2025-01-20,North,Partner,517
ORD-11045,2025-01-26,North,Web,588
ORD-11046,2025-01-08,North,Partner,523
ORD-11047,2025-01-25,East,Web,433
ORD-11048,2025-01-11,West,Web,378
ORD-11049,2025-01-05,East,Web,513
ORD-11050,2025-01-19,South,Web,599
ORD-11051,2025-01-24,West,Partner,532
ORD-11052,2025-01-20,East,Retail,447
ORD-11053,2025-01-21,North,Web,457
ORD-11054,2025-01-11,South,Partner,388
ORD-11055,2025-01-14,South,Partner,527
ORD-11056,2025-01-19,West,Retail,588
ORD-11057,2025-01-11,West,Web,389
ORD-11058,2025-01-11,West,Retail,518
ORD-11059,2025-01-18,West,Partner,525
ORD-11060,2025-01-27,South,Web,612
ORD-11061,2025-01-14,West,Partner,611
ORD-11062,2025-01-14,South,Retail,426
ORD-11063,2025-01-14,East,Retail,361
ORD-11064,2025-01-04,West,Retail,543
ORD-11065,2025-01-10,East,Web,531
ORD-11066,2025-01-03,South,Retail,350
ORD-11067,2025-01-20,North,Retail,548
ORD-11068,2025-01-09,East,Web,565
ORD-11069,2025-01-03,South,Web,705
ORD-11070,2025-01-03,South,Partner,501
ORD-11071,2025-01-23,West,Retail,467
ORD-11072,2025-01-08,West,Web,429
ORD-11073,2025-01-08,East,Web,536
ORD-11074,2025-01-22,West,Partner,652
ORD-11075,2025-01-18,West,Retail,601
ORD-11076,2025-01-23,East,Retail,315
ORD-11077,2025-01-07,North,Retail,350
ORD-11078,2025-01-08,South,Web,596
ORD-11079,2025-01-13,North,Partner,446
ORD-11080,2025-01-02,North,Partner,417
ORD-11081,2025-01-16,West,Web,545
ORD-11082,2025-01-01,West,Retail,505
ORD-11083,2025-01-20,North,Retail,538
ORD-11084,2025-01-14,West,Web,569
ORD-11085,2025-01-27,West,Partner,608
ORD-11086,2025-01-04,North,Web,519
ORD-11087,2025-01-05,West,Retail,489
ORD-11088,2025-01-13,West,Web,526
ORD-11089,2025-01-11,East,Partner,587
ORD-11090,2025-01-14,South,Partner,516
ORD-11091,2025-01-21,North,Partner,437
ORD-11092,2025-01-21,North,Retail,591
ORD-11093,2025-01-10,East,Web,461
ORD-11094,2025-01-03,South,Retail,472
ORD-11095,2025-01-22,West,Partner,388
ORD-11096,2025-01-24,West,Web,360
ORD-11097,2025-01-04,North,Retail,583
ORD-11098,2025-01-14,East,Retail,391
ORD-11099,2025-01-06,East,Retail,471
ORD-11100,2025-01-13,North,Partner,464
ORD-11101,2025-01-01,North,Web,422
ORD-11102,2025-01-07,North,Web,489
ORD-11103,2025-01-20,West,Partner,483
ORD-11104,2025-01-26,South,Web,515
ORD-11105,2025-01-22,West,Retail,541
ORD-11106,2025-01-05,North,Retail,447
ORD-11107,2025-01-07,West,Partner,532
ORD-11108,2025-01-22,East,Retail,473
ORD-11109,2025-01-07,West,Partner,383
ORD-11110,2025-01-02,West,Partner,425
ORD-11111,2025-01-10,West,Partner,368
ORD-11112,2025-01-10,North,Retail,441
ORD-11113,2025-01-06,North,Partner,515
ORD-11114,2025-01-25,East,Web,705
ORD-11115,2025-01-12,North,Retail,431
ORD-11116,2025-01-15,South,Partner,357
ORD-11117,2025-01-06,South,Retail,499
ORD-11118,2025-01-10,South,Web,591
ORD-11119,2025-01-25,West,Retail,342
ORD-11120,2025-01-16,South,Web,472
ORD-11121,2025-01-06,West,Web,573
ORD-11122,2025-01-25,West,Retail,433
ORD-11123,2025-01-12,North,Partner,510
ORD-11124,2025-01-24,North,Partner,536
ORD-11125,2025-01-06,North,Partner,545
ORD-11126,2025-01-07,East,Partner,409
ORD-11127,2025-01-11,South,Web,616
ORD-11128,2025-01-23,West,Web,524
ORD-11129,2025-01-14,East,Retail,449
ORD-11130,2025-01-25,North,Retail,387
ORD-11131,2025-01-19,North,Partner,406
ORD-11132,2025-01-08,South,Retail,652
ORD-11133,2025-01-17,North,Web,460
ORD-11134,2025-01-18,South,Retail,561
ORD-11135,2025-01-25,West,Retail,573
ORD-11136,2025-01-03,West,Retail,392
ORD-11137,2025-01-08,East,Partner,315
ORD-11138,2025-01-28,South,Retail,603
ORD-11139,2025-01-04,West,Partner,525
ORD-11140,2025-01-03,East,Web,668
ORD-11141,2025-01-11,North,Web,264
ORD-11142,2025-01-13,West,Partner,620
ORD-11143,2025-01-19,West,Retail,684
ORD-11144,2025-01-03,West,Partner,409
ORD-11145,2025-01-24,North,Retail,406
ORD-11146,2025-01-18,North,Web,410
ORD-11147,2025-01-04,South,Partner,571
ORD-11148,2025-01-18,East,Web,573
ORD-11149,2025-01-17,North,Retail,357
ORD-11150,2025-01-24,West,Retail,591
ORD-11151,2025-01-28,West,Partner,579
ORD-11152,2025-01-09,South,Retail,551
ORD-11153,2025-01-18,North,Retail,460
ORD-11154,2025-01-21,North,Retail,544
ORD-11155,2025-01-24,North,Retail,569
ORD-11156,2025-01-25,North,Partner,274
ORD-11157,2025-01-17,North,Web,552
ORD-11158,2025-01-20,West,Retail,605
ORD-11159,2025-01-20,North,Retail,437
ORD-11160,2025-01-26,North,Retail,551
ORD-11161,2025-01-20,West,Web,265
ORD-11162,2025-01-09,North,Partner,582
ORD-11163,2025-01-21,South,Retail,387
ORD-11164,2025-01-16,West,Retail,630
ORD-11165,2025-01-09,South,Partner,694
ORD-11166,2025-01-18,South,Partner,611
ORD-11167,2025-01-12,North,Retail,509
ORD-11168,2025-01-25,South,Partner,584
ORD-11169,2025-01-24,North,Web,615
ORD-11170,2025-01-12,South,Web,546
ORD-11171,2025-01-21,East,Retail,466
ORD-11172,2025-01-27,East,Retail,513
ORD-11173,2025-01-27,North,Web,396
ORD-11174,2025-01-07,South,Partner,510
ORD-11175,2025-01-05,North,Retail,640
ORD-11176,2025-01-09,South,Retail,500
ORD-11177,2025-01-16,North,Retail,344
ORD-11178,2025-01-07,West,Retail,497
ORD-11179,2025-01-01,North,Partner,416
ORD-11180,2025-01-09,West,Retail,466
ORD-11181,2025-01-19,South,Web,463
ORD-11182,2025-01-09,East,Web,463
ORD-11183,2025-01-02,South,Web,536
ORD-11184,2025-01-28,East,Web,701
ORD-11185,2025-01-10,North,Web,458
ORD-11186,2025-01-07,West,Partner,572
ORD-11187,2025-01-25,East,Retail,655
ORD-11188,2025-01-22,North,Web,475
ORD-11189,2025-01-02,South,Retail,505
ORD-11190,2025-01-23,West,Retail,466
ORD-11191,2025-01-23,South,Retail,375
ORD-11192,2025-01-05,West,Partner,505
ORD-11193,2025-01-10,South,Partner,455
ORD-11194,2025-01-11,South,Partner,574
ORD-11195,2025-01-05,East,Web,589
ORD-11196,2025-01-11,West,Web,574
ORD-11197,2025-01-01,South,Partner,415
ORD-11198,2025-01-12,North,Retail,631
ORD-11199,2025-01-06,East,Retail,327
ORD-11200,2025-01-11,South,Partner,422
ORD-11201,2025-01-24,South,Partner,668
ORD-11202,2025-01-19,South,Partner,402
ORD-11203,2025-01-04,South,Retail,532
ORD-11204,2025-01-24,South,Web,434
ORD-11205,2025-01-09,South,Retail,503
ORD-11206,2025-01-10,North,Partner,594
ORD-11207,2025-01-09,North,Retail,322
ORD-11208,2025-01-26,West,Retail,383
ORD-11209,2025-01-26,West,Retail,699
ORD-11210,2025-01-18,West,Partner,467
ORD-11211,2025-01-25,East,Retail,462
ORD-11212,2025-01-05,East,Web,686
ORD-11213,2025-01-24,West,Web,710
ORD-11214,2025-01-05,South,Web,476
ORD-11215,2025-01-11,East,Partner,358
ORD-11216,2025-01-09,East,Web,493
ORD-11217,2025-01-11,South,Web,468
ORD-11218,2025-01-24,West,Web,328
ORD-11219,2025-01-21,South,Partner,339
ORD-11220,2025-01-20,South,Web,567
ORD-11221,2025-01-01,East,Web,471
ORD-11222,2025-01-11,North,Web,643
ORD-11223,2025-01-23,South,Partner,366
ORD-11224,2025-01-15,East,Web,371
ORD-11225,2025-01-03,East,Retail,542
ORD-11226,2025-01-19,North,Retail,532
ORD-11227,2025-01-11,South,Web,430
ORD-11228,2025-01-09,West,Retail,515
ORD-11229,2025-01-16,East,Retail,621
ORD-11230,2025-01-22,North,Partner,452
ORD-11231,2025-01-25,West,Retail,574
ORD-11232,2025-01-23,North,Retail,568
ORD-11233,2025-01-03,West,Web,436
ORD-11234,2025-01-04,West,Web,539
ORD-11235,2025-01-14,West,Web,558
ORD-11236,2025-01-27,East,Web,460
ORD-11237,2025-01-21,West,Retail,368
ORD-11238,2025-01-19,East,Retail,475
ORD-11239,2025-01-07,South,Partner,561
ORD-11240,2025-01-16,East,Retail,545
ORD-11241,2025-01-05,South,Partner,588
ORD-11242,2025-01-06,South,Retail,658
ORD-11243,2025-01-10,West,Web,536
ORD-11244,2025-01-06,West,Partner,470
ORD-11245,2025-01-11,East,Web,504
ORD-11246,2025-01-15,South,Web,495
ORD-11247,2025-01-12,South,Partner,624
ORD-11248,2025-01-07,East,Web,403
ORD-11249,2025-01-23,East,Web,640
ORD-11250,2025-01-02,East,Partner,474
ORD-11251,2025-01-13,East,Retail,575
ORD-11252,2025-01-06,South,Web,517
ORD-11253,2025-01-14,West,Web,440
ORD-11254,2025-01-06,North,Web,399
ORD-11255,2025-01-14,East,Web,533
ORD-11256,2025-01-04,East,Retail,575
ORD-11257,2025-01-01,South,Web,336
ORD-11258,2025-01-10,North,Retail,439
ORD-11259,2025-01-09,North,Web,580
ORD-11260,2025-01-13,West,Partner,467
ORD-11261,2025-01-26,West,Partner,730
ORD-11262,2025-01-02,West,Partner,526
ORD-11263,2025-01-17,North,Retail,549
ORD-11264,2025-01-27,West,Retail,494
ORD-11265,2025-01-28,West,Retail,490
ORD-11266,2025-01-17,South,Partner,489
ORD-11267,2025-01-11,West,Retail,503
ORD-11268,2025-01-28,North,Retail,496
ORD-11269,2025-01-11,North,Web,379
ORD-11270,2025-01-27,West,Partner,493
ORD-11271,2025-01-21,South,Retail,347
ORD-11272,2025-01-18,East,Retail,526
ORD-11273,2025-01-16,East,Web,559
ORD-11274,2025-01-06,West,Web,453
ORD-11275,2025-01-22,North,Retail,576
ORD-11276,2025-01-14,East,Web,525
ORD-11277,2025-01-03,West,Partner,404
ORD-11278,2025-01-16,East,Web,468
ORD-11279,2025-01-19,East,Partner,427
ORD-11280,2025-01-23,East,Retail,323
ORD-11281,2025-01-14,West,Partner,529
ORD-11282,2025-01-04,West,Web,426
ORD-11283,2025-01-03,North,Web,569
ORD-11284,2025-01-16,South,Web,542
ORD-11285,2025-01-15,West,Web,709
ORD-11286,2025-01-02,East,Retail,427
ORD-11287,2025-01-27,South,Retail,604
ORD-11288,2025-01-20,East,Retail,610
ORD-11289,2025-01-22,East,Partner,401
ORD-11290,2025-01-10,South,Web,411
ORD-11291,2025-01-11,West,Partner,587
ORD-11292,2025-01-03,West,Partner,668
ORD-11293,2025-01-11,East,Retail,456
ORD-11294,2025-01-08,West,Web,570
ORD-11295,2025-01-11,North,Retail,372
ORD-11296,2025-01-07,East,Partner,493
ORD-11297,2025-01-15,West,Partner,241
ORD-11298,2025-01-07,West,Web,585
ORD-11299,2025-01-07,West,Partner,400
ORD-11300,2025-01-20,West,Partner,539
ORD-11301,2025-01-11,North,Retail,502
ORD-11302,2025-01-15,South,Web,391
ORD-11303,2025-01-09,West,Web,476
ORD-11304,2025-01-15,North,Partner,477
ORD-11305,2025-01-10,West,Web,414
ORD-11306,2025-01-15,East,Partner,391
ORD-11307,2025-01-07,South,Web,529
ORD-11308,2025-01-19,North,Retail,616
ORD-11309,2025-01-05,South,Partner,484
ORD-11310,2025-01-03,North,Web,376
ORD-11311,2025-01-24,North,Web,426
ORD-11312,2025-01-23,East,Partner,622
ORD-11313,2025-01-10,South,Web,486
ORD-11314,2025-01-10,West,Retail,381
ORD-11315,2025-01-23,East,Retail,447
ORD-11316,2025-01-10,South,Partner,459
ORD-11317,2025-01-10,West,Web,570
ORD-11318,2025-01-18,East,Partner,535
ORD-11319,2025-01-27,West,Partner,479
ORD-11320,2025-01-13,North,Retail,397
ORD-11321,2025-01-03,East,Retail,539
ORD-11322,2025-01-27,North,Web,288
ORD-11323,2025-01-05,South,Partner,509
ORD-11324,2025-01-05,West,Partner,462
ORD-11325,2025-01-24,South,Web,591
ORD-11326,2025-01-23,North,Web,328
ORD-11327,2025-01-06,South,Retail,482
ORD-11328,2025-01-05,North,Partner,390
ORD-11329,2025-01-27,East,Retail,480
ORD-11330,2025-01-08,West,Retail,499
ORD-11331,2025-01-15,East,Web,577
ORD-11332,2025-01-14,South,Retail,476
ORD-11333,2025-01-07,South,Partner,481
ORD-11334,2025-01-18,North,Web,533
ORD-11335,2025-01-28,East,Retail,497
ORD-11336,2025-01-16,South,Partner,440
ORD-11337,2025-01-14,South,Retail,465
ORD-11338,2025-01-01,West,Retail,338
ORD-11339,2025-01-08,North,Retail,460
ORD-11340,2025-01-07,West,Retail,634
ORD-11341,2025-01-03,South,Partner,631
ORD-11342,2025-01-13,South,Retail,507
ORD-11343,2025-01-05,East,Retail,627
ORD-11344,2025-01-27,East,Web,504
ORD-11345,2025-01-06,West,Partner,451
ORD-11346,2025-01-08,South,Web,524
ORD-11347,2025-01-18,East,Partner,615
ORD-11348,2025-01-20,East,Web,533
ORD-11349,2025-01-25,West,Partner,524
ORD-11350,2025-01-13,West,Partner,432
ORD-11351,2025-01-13,East,Web,355
ORD-11352,2025-01-06,West,Web,375
ORD-11353,2025-01-18,East,Retail,321
ORD-11354,2025-01-07,East,Partner,393
ORD-11355,2025-01-26,North,Web,564
ORD-11356,2025-01-24,South,Partner,382
ORD-11357,2025-01-03,South,Partner,568
ORD-11358,2025-01-23,East,Partner,422
ORD-11359,2025-01-22,North,Partner,479
ORD-11360,2025-01-22,East,Web,397
ORD-11361,2025-01-20,North,Web,415
ORD-11362,2025-01-23,North,Web,689
ORD-11363,2025-01-03,North,Web,431
ORD-11364,2025-01-09,East,Web,377
ORD-11365,2025-01-16,South,Retail,431
ORD-11366,2025-01-06,East,Partner,563
ORD-11367,2025-01-18,East,Web,452
ORD-11368,2025-01-26,West,Retail,669
ORD-11369,2025-01-06,West,Partner,590
ORD-11370,2025-01-15,North,Retail,482
ORD-11371,2025-01-02,North,Partner,476
ORD-11372,2025-01-12,East,Partner,656
ORD-11373,2025-01-18,South,Web,369
ORD-11374,2025-01-18,East,Retail,682
ORD-11375,2025-01-23,South,Web,535
ORD-11376,2025-01-21,North,Retail,580
ORD-11377,2025-01-10,North,Partner,361
ORD-11378,2025-01-22,West,Web,462
ORD-11379,2025-01-14,East,Retail,422
ORD-11380,2025-01-02,South,Retail,456
ORD-11381,2025-01-20,East,Retail,606
ORD-11382,2025-01-12,East,Partner,379
ORD-11383,2025-01-08,South,Retail,602
ORD-11384,2025-01-13,South,Partner,473
ORD-11385,2025-01-06,North,Partner,602
ORD-11386,2025-01-05,East,Retail,487
ORD-11387,2025-01-20,North,Partner,508
ORD-11388,2025-01-23,South,Web,601
ORD-11389,2025-01-27,East,Partner,389
ORD-11390,2025-01-24,North,Partner,474
ORD-11391,2025-01-24,South,Partner,365
ORD-11392,2025-01-18,West,Web,493
ORD-11393,2025-01-07,North,Partner,391
ORD-11394,2025-01-26,North,Partner,525
ORD-11395,2025-01-27,West,Retail,710
ORD-11396,2025-01-20,South,Retail,574
ORD-11397,2025-01-24,West,Retail,545
ORD-11398,2025-01-26,South,Retail,455
ORD-11399,2025-01-05,West,Web,461
ORD-11400,2025-01-28,East,Partner,651
ORD-11401,2025-01-19,West,Retail,487
ORD-11402,2025-01-25,East,Partner,445
ORD-11403,2025-01-18,North,Retail,489
ORD-11404,2025-01-08,South,Retail,481
ORD-11405,2025-01-03,East,Web,542
ORD-11406,2025-01-22,East,Web,356
ORD-11407,2025-01-18,West,Retail,600
ORD-11408,2025-01-11,South,Web,555
ORD-11409,2025-01-21,North,Partner,451
ORD-11410,2025-01-23,West,Retail,517
ORD-11411,2025-01-16,North,Web,499
ORD-11412,2025-01-08,South,Web,549
ORD-11413,2025-01-01,East,Partner,343
ORD-11414,2025-01-03,West,Retail,524
ORD-11415,2025-01-25,East,Partner,460
ORD-11416,2025-01-18,West,Web,483
ORD-11417,2025-01-05,South,Web,618
ORD-11418,2025-01-20,South,Web,640
ORD-11419,2025-01-11,West,Partner,463
ORD-11420,2025-01-18,East,Retail,488
ORD-11421,2025-01-05,South,Web,424
ORD-11422,2025-01-08,South,Partner,489
ORD-11423,2025-01-25,North,Web,441
ORD-11424,2025-01-25,North,Web,443
ORD-11425,2025-01-17,West,Partner,556
ORD-11426,2025-01-13,East,Retail,373
ORD-11427,2025-01-23,North,Partner,482
ORD-11428,2025-01-22,North,Retail,456
ORD-11429,2025-01-02,South,Web,579
ORD-11430,2025-01-10,East,Web,615
ORD-11431,2025-01-14,East,Web,482
ORD-11432,2025-01-26,North,Retail,403
ORD-11433,2025-01-18,South,Retail,393
ORD-11434,2025-01-27,East,Retail,552
ORD-11435,2025-01-09,East,Retail,431
ORD-11436,2025-01-06,East,Web,556
ORD-11437,2025-01-13,West,Retail,551
ORD-11438,2025-01-10,West,Partner,349
ORD-11439,2025-01-18,South,Retail,432
ORD-11440,2025-01-20,South,Partner,503
ORD-11441,2025-01-02,South,Partner,465
ORD-11442,2025-01-08,East,Web,379
ORD-11443,2025-01-18,North,Partner,499
ORD-11444,2025-01-21,West,Web,512
ORD-11445,2025-01-27,West,Partner,405
ORD-11446,2025-01-01,North,Web,558
ORD-11447,2025-01-26,South,Web,650
ORD-11448,2025-01-20,West,Retail,574
ORD-11449,2025-01-07,North,Partner,335
ORD-11450,2025-01-14,East,Partner,643
ORD-11451,2025-01-19,East,Web,512
ORD-11452,2025-01-03,East,Partner,496
ORD-11453,2025-01-26,North,Web,569
ORD-11454,2025-01-14,North,Retail,526
ORD-11455,2025-01-19,West,Retail,615
ORD-11456,2025-01-22,North,Web,579
ORD-11457,2025-01-19,North,Partner,473
ORD-11458,2025-01-05,South,Partner,519
ORD-11459,2025-01-22,East,Web,540
ORD-11460,2025-01-09,West,Web,430
ORD-11461,2025-01-03,East,Partner,451
ORD-11462,2025-01-26,North,Web,468
ORD-11463,2025-01-23,South,Retail,501
ORD-11464,2025-01-18,South,Retail,429
ORD-11465,2025-01-16,West,Retail,486
ORD-11466,2025-01-08,East,Partner,519
ORD-11467,2025-01-05,West,Partner,462
ORD-11468,2025-01-27,East,Web,532
ORD-11469,2025-01-18,East,Web,621
ORD-11470,2025-01-14,West,Partner,485
ORD-11471,2025-01-06,West,Partner,395
ORD-11472,2025-01-11,South,Partner,434
ORD-11473,2025-01-08,North,Partner,500
ORD-11474,2025-01-03,East,Web,649
ORD-11475,2025-01-25,West,Retail,507
ORD-11476,2025-01-12,North,Retail,519
ORD-11477,2025-01-17,East,Web,575
ORD-11478,2025-01-12,South,Retail,553
ORD-11479,2025-01-06,South,Web,546
ORD-11480,2025-01-02,East,Web,544
ORD-11481,2025-01-06,South,Web,558
ORD-11482,2025-01-24,West,Retail,448
ORD-11483,2025-01-16,South,Partner,487
ORD-11484,2025-01-08,East,Web,606
ORD-11485,2025-01-24,North,Retail,544
ORD-11486,2025-01-14,West,Partner,430
ORD-11487,2025-01-02,North,Web,450
ORD-11488,2025-01-27,South,Partner,574
ORD-11489,2025-01-03,South,Partner,504
ORD-11490,2025-01-06,South,Partner,577
ORD-11491,2025-01-04,South,Web,402
ORD-11492,2025-01-15,South,Retail,471
ORD-11493,2025-01-25,West,Partner,546
ORD-11494,2025-01-01,South,Partner,472
ORD-11495,2025-01-27,West,Partner,414
ORD-11496,2025-01-03,East,Partner,575
ORD-11497,2025-01-28,West,Web,439
ORD-11498,2025-01-24,South,Partner,444
ORD-11499,2025-01-28,East,Partner,537
ORD-11500,2025-01-21,North,Web,725
ORD-11501,2025-01-09,North,Retail,523
ORD-11502,2025-01-03,North,Retail,592
ORD-11503,2025-01-01,North,Web,474
ORD-11504,2025-01-22,West,Retail,513
ORD-11505,2025-01-08,West,Partner,421
ORD-11506,2025-01-09,North,Partner,340
ORD-11507,2025-01-20,West,Partner,645
ORD-11508,2025-01-16,West,Partner,370
ORD-11509,2025-01-07,North,Retail,522
ORD-11510,2025-01-17,West,Partner,497
ORD-11511,2025-01-16,West,Partner,551
ORD-11512,2025-01-11,West,Web,414
ORD-11513,2025-01-04,West,Retail,324
ORD-11514,2025-01-13,West,Web,328
ORD-11515,2025-01-27,North,Retail,384
ORD-11516,2025-01-10,South,Partner,403
ORD-11517,2025-01-04,East,Partner,551
ORD-11518,2025-01-10,East,Retail,307
ORD-11519,2025-01-18,West,Partner,409
ORD-11520,2025-01-16,South,Web,581
ORD-11521,2025-01-14,West,Retail,525
ORD-11522,2025-01-14,South,Retail,523
ORD-11523,2025-01-25,West,Web,550
ORD-11524,2025-01-13,North,Web,304
ORD-11525,2025-01-14,South,Retail,472
ORD-11526,2025-01-08,West,Retail,527
ORD-11527,2025-01-07,East,Partner,354
ORD-11528,2025-01-09,West,Partner,517
ORD-11529,2025-01-05,East,Partner,513
ORD-11530,2025-01-22,East,Web,464
ORD-11531,2025-01-02,South,Partner,493
ORD-11532,2025-01-13,West,Web,504
ORD-11533,2025-01-10,South,Partner,508
ORD-11534,2025-01-22,East,Web,506
ORD-11535,2025-01-16,East,Web,662
ORD-11536,2025-01-27,West,Web,437
ORD-11537,2025-01-15,North,Retail,433
ORD-11538,2025-01-03,North,Partner,344
ORD-11539,2025-01-13,East,Partner,581
ORD-11540,2025-01-19,South,Partner,498
ORD-11541,2025-01-20,East,Web,518
ORD-11542,2025-01-16,North,Web,449
ORD-11543,2025-01-17,South,Partner,559
ORD-11544,2025-01-10,South,Web,508
ORD-11545,2025-01-05,East,Retail,378
ORD-11546,2025-01-03,East,Partner,335
ORD-11547,2025-01-27,West,Partner,724
ORD-11548,2025-01-14,East,Web,423
ORD-11549,2025-01-28,South,Retail,531
ORD-11550,2025-01-02,North,Web,418
ORD-11551,2025-01-19,West,Retail,358
ORD-11552,2025-01-18,East,Retail,576
ORD-11553,2025-01-06,East,Web,277
ORD-11554,2025-01-17,East,Partner,450
ORD-11555,2025-01-10,South,Web,434
ORD-11556,2025-01-25,North,Partner,488
ORD-11557,2025-01-11,North,Retail,687
ORD-11558,2025-01-14,North,Web,567
ORD-11559,2025-01-09,East,Partner,480
ORD-11560,2025-01-21,North,Web,500
ORD-11561,2025-01-06,West,Web,520
ORD-11562,2025-01-05,East,Partner,428
ORD-11563,2025-01-08,North,Retail,542
ORD-11564,2025-01-26,South,Web,415
ORD-11565,2025-01-02,East,Web,504
ORD-11566,2025-01-19,South,Retail,522
ORD-11567,2025-01-28,South,Partner,515
ORD-11568,2025-01-08,North,Partner,522
ORD-11569,2025-01-11,East,Web,574
ORD-11570,2025-01-23,South,Web,615
ORD-11571,2025-01-05,South,Retail,473
ORD-11572,2025-01-18,West,Partner,395
ORD-11573,2025-01-21,East,Retail,564
ORD-11574,2025-01-19,South,Web,335
ORD-11575,2025-01-22,North,Retail,410
ORD-11576,2025-01-10,South,Partner,608
ORD-11577,2025-01-04,North,Partner,372
ORD-11578,2025-01-17,East,Retail,492
ORD-11579,2025-01-26,North,Partner,433
ORD-11580,2025-01-21,West,Partner,375
ORD-11581,2025-01-11,East,Partner,488
ORD-11582,2025-01-13,East,Web,345
ORD-11583,2025-01-10,West,Partner,467
ORD-11584,2025-01-23,North,Partner,489
ORD-11585,2025-01-10,South,Partner,406
ORD-11586,2025-01-01,East,Web,344
ORD-11587,2025-01-14,East,Partner,644
ORD-11588,2025-01-18,West,Web,710
ORD-11589,2025-01-10,West,Web,586
ORD-11590,2025-01-13,West,Partner,519
ORD-11591,2025-01-04,South,Partner,472
ORD-11592,2025-01-13,North,Web,598
ORD-11593,2025-01-12,East,Partner,632
ORD-11594,2025-01-27,East,Retail,272
ORD-11595,2025-01-19,North,Retail,457
ORD-11596,2025-01-24,South,Partner,490
ORD-11597,2025-01-14,East,Web,331
ORD-11598,2025-01-15,North,Retail,559
ORD-11599,2025-01-08,East,Web,368
ORD-11600,2025-01-07,South,Web,542
ORD-11601,2025-01-09,West,Web,632
ORD-11602,2025-01-19,South,Partner,512
ORD-11603,2025-01-25,West,Web,491
ORD-11604,2025-01-23,South,Web,658
ORD-11605,2025-01-27,North,Partner,361
ORD-11606,2025-01-08,West,Retail,506
ORD-11607,2025-01-07,North,Web,628
ORD-11608,2025-01-06,West,Partner,361
ORD-11609,2025-01-14,West,Partner,578
ORD-11610,2025-01-22,South,Partner,600
ORD-11611,2025-01-01,West,Partner,549
ORD-11612,2025-01-04,North,Retail,501
ORD-11613,2025-01-09,West,Retail,470
ORD-11614,2025-01-23,South,Partner,495
ORD-11615,2025-01-09,South,Partner,509
ORD-11616,2025-01-24,West,Retail,404
ORD-11617,2025-01-08,West,Partner,624
ORD-11618,2025-01-23,South,Web,423
ORD-11619,2025-01-23,East,Partner,353
ORD-11620,2025-01-15,East,Web,527
ORD-11621,2025-01-14,West,Retail,434
ORD-11622,2025-01-11,North,Web,666
ORD-11623,2025-01-03,East,Retail,466
ORD-11624,2025-01-23,North,Retail,676
ORD-11625,2025-01-19,East,Partner,414
ORD-11626,2025-01-08,North,Partner,522
ORD-11627,2025-01-11,North,Partner,547
ORD-11628,2025-01-21,East,Web,424
ORD-11629,2025-01-19,South,Web,538
ORD-11630,2025-01-06,North,Web,451
ORD-11631,2025-01-18,South,Retail,582
ORD-11632,2025-01-20,West,Web,484
ORD-11633,2025-01-22,East,Web,514
ORD-11634,2025-01-08,South,Web,569
ORD-11635,2025-01-04,East,Retail,450
ORD-11636,2025-01-06,West,Web,670
ORD-11637,2025-01-17,South,Partner,450
ORD-11638,2025-01-15,North,Partner,493
ORD-11639,2025-01-19,East,Web,426
ORD-11640,2025-01-08,West,Partner,438
ORD-11641,2025-01-09,West,Web,568
ORD-11642,2025-01-05,South,Retail,482
ORD-11643,2025-01-13,East,Web,478
ORD-11644,2025-01-07,East,Retail,556
ORD-11645,2025-01-18,West,Retail,544
ORD-11646,2025-01-28,North,Partner,534
ORD-11647,2025-01-14,West,Web,482
ORD-11648,2025-01-06,East,Retail,503
ORD-11649,2025-01-27,North,Retail,457
ORD-11650,2025-01-21,East,Retail,630
ORD-11651,2025-01-28,South,Partner,582
ORD-11652,2025-01-07,East,Web,473
ORD-11653,2025-01-08,South,Retail,410
ORD-11654,2025-01-26,East,Partner,408
ORD-11655,2025-01-02,North,Web,326
ORD-11656,2025-01-21,North,Partner,470
ORD-11657,2025-01-02,North,Web,494
ORD-11658,2025-01-06,North,Web,341
ORD-11659,2025-01-14,East,Partner,474
ORD-11660,2025-01-22,South,Retail,521
ORD-11661,2025-01-26,North,Partner,386
ORD-11662,2025-01-14,East,Retail,526
ORD-11663,2025-01-07,South,Web,508
ORD-11664,2025-01-05,West,Retail,415
ORD-11665,2025-01-06,North,Retail,413
ORD-11666,2025-01-20,North,Retail,595
ORD-11667,2025-01-08,West,Partner,408
ORD-11668,2025-01-20,South,Partner,405
ORD-11669,2025-01-01,East,Web,282
ORD-11670,2025-01-04,North,Partner,366
ORD-11671,2025-01-28,North,Partner,547
ORD-11672,2025-01-04,West,Web,442
ORD-11673,2025-01-18,West,Web,514
ORD-11674,2025-01-14,West,Retail,455
ORD-11675,2025-01-18,West,Retail,434
ORD-11676,2025-01-09,East,Web,416
ORD-11677,2025-01-21,North,Retail,627
ORD-11678,2025-01-22,South,Web,588
ORD-11679,2025-01-22,East,Web,499
ORD-11680,2025-01-12,East,Partner,667
ORD-11681,2025-01-27,East,Retail,549
ORD-11682,2025-01-18,South,Retail,398
ORD-11683,2025-01-02,East,Retail,454
ORD-11684,2025-01-20,West,Partner,667
ORD-11685,2025-01-01,West,Web,492
ORD-11686,2025-01-11,East,Partner,414
ORD-11687,2025-01-02,South,Partner,437
ORD-11688,2025-01-03,West,Retail,527
ORD-11689,2025-01-07,East,Retail,483
ORD-11690,2025-01-05,North,Retail,484
ORD-11691,2025-01-17,West,Retail,469
ORD-11692,2025-01-24,West,Partner,503
ORD-11693,2025-01-16,South,Partner,445
ORD-11694,2025-01-09,North,Partner,508
ORD-11695,2025-01-15,East,Retail,384
ORD-11696,2025-01-21,North,Partner,460
ORD-11697,2025-01-09,North,Partner,459
ORD-11698,2025-01-24,East,Partner,392
ORD-11699,2025-01-10,West,Retail,427
ORD-11700,2025-02-07,West,Retail,597
ORD-11701,2025-02-18,East,Web,539
ORD-11702,2025-02-11,South,Partner,449
ORD-11703,2025-02-16,South,Web,624
ORD-11704,2025-02-08,East,Partner,425
ORD-11705,2025-02-21,East,Retail,598
ORD-11706,2025-02-28,South,Partner,372
ORD-11707,2025-02-13,East,Partner,462
ORD-11708,2025-02-20,South,Web,509
ORD-11709,2025-02-11,South,Web,555
ORD-11710,2025-02-01,South,Web,429
ORD-11711,2025-02-01,East,Retail,521
ORD-11712,2025-02-11,West,Web,445
ORD-11713,2025-02-24,North,Retail,495
ORD-11714,2025-02-20,West,Web,413
ORD-11715,2025-02-10,South,Web,503
ORD-11716,2025-02-21,West,Web,391
ORD-11717,2025-02-07,North,Retail,407
ORD-11718,2025-02-20,East,Retail,549
ORD-11719,2025-02-26,North,Web,417
ORD-11720,2025-02-17,North,Web,511
ORD-11721,2025-02-25,East,Retail,571
ORD-11722,2025-02-05,North,Web,551
ORD-11723,2025-02-28,West,Web,517
ORD-11724,2025-02-24,West,Partner,528
ORD-11725,2025-02-05,West,Web,491
ORD-11726,2025-02-24,West,Partner,672
ORD-11727,2025-02-18,East,Web,700
ORD-11728,2025-02-13,North,Retail,451
ORD-11729,2025-02-24,North,Partner,684
ORD-11730,2025-02-18,West,Partner,608
ORD-11731,2025-02-02,South,Retail,429
ORD-11732,2025-02-12,East,Retail,252
ORD-11733,2025-02-06,East,Web,729
ORD-11734,2025-02-15,West,Partner,433
ORD-11735,2025-02-05,North,Partner,495
ORD-11736,2025-02-19,West,Web,470
ORD-11737,2025-02-14,North,Partner,616
ORD-11738,2025-02-14,West,Retail,546
ORD-11739,2025-02-25,East,Partner,496
ORD-11740,2025-02-12,North,Partner,500
ORD-11741,2025-02-17,South,Retail,516
ORD-11742,2025-02-04,West,Web,623
ORD-11743,2025-02-17,West,Retail,502
ORD-11744,2025-02-22,North,Partner,382
ORD-11745,2025-02-18,South,Partner,405
ORD-11746,2025-02-18,North,Retail,613
ORD-11747,2025-02-02,North,Retail,379
ORD-11748,2025-02-03,North,Partner,612
ORD-11749,2025-02-10,East,Partner,333
ORD-11750,2025-02-12,North,Web,504
ORD-11751,2025-02-17,South,Retail,556
ORD-11752,2025-02-15,North,Partner,462
ORD-11753,2025-02-03,West,Partner,401
ORD-11754,2025-02-08,East,Retail,478
ORD-11755,2025-02-03,West,Retail,445
ORD-11756,2025-02-22,West,Retail,559
ORD-11757,2025-02-08,North,Retail,555
ORD-11758,2025-02-23,North,Partner,399
ORD-11759,2025-02-25,North,Partner,416
ORD-11760,2025-02-14,West,Web,433
ORD-11761,2025-02-20,South,Partner,415
ORD-11762,2025-02-28,North,Partner,475
ORD-11763,2025-02-05,North,Retail,549
ORD-11764,2025-02-21,North,Partner,543
ORD-11765,2025-02-12,West,Web,499
ORD-11766,2025-02-21,South,Retail,419
ORD-11767,2025-02-01,East,Retail,557
ORD-11768,2025-02-02,South,Web,533
ORD-11769,2025-02-14,North,Partner,508
ORD-11770,2025-02-24,North,Partner,506
ORD-11771,2025-02-08,South,Retail,431
ORD-11772,2025-02-18,East,Retail,448
ORD-11773,2025-02-07,South,Web,493
ORD-11774,2025-02-10,South,Web,452
ORD-11775,2025-02-13,South,Web,534
ORD-11776,2025-02-03,East,Partner,526
ORD-11777,2025-02-11,North,Retail,421
ORD-11778,2025-02-15,East,Web,523
ORD-11779,2025-02-05,West,Retail,634
ORD-11780,2025-02-27,East,Retail,633
ORD-11781,2025-02-21,East,Retail,593
ORD-11782,2025-02-10,East,Web,436
ORD-11783,2025-02-14,East,Partner,395
ORD-11784,2025-02-19,South,Partner,646
ORD-11785,2025-02-27,North,Web,595
ORD-11786,2025-02-02,South,Partner,505
ORD-11787,2025-02-06,East,Partner,459
ORD-11788,2025-02-14,East,Retail,283
ORD-11789,2025-02-15,West,Web,549
ORD-11790,2025-02-06,West,Partner,508
ORD-11791,2025-02-10,South,Retail,519
ORD-11792,2025-02-19,North,Web,508
ORD-11793,2025-02-16,South,Web,373
ORD-11794,2025-02-24,West,Retail,429
ORD-11795,2025-02-11,North,Retail,345
ORD-11796,2025-02-27,West,Web,340
ORD-11797,2025-02-07,North,Retail,426
ORD-11798,2025-02-28,South,Web,565
ORD-11799,2025-02-08,East,Retail,484
ORD-11800,2025-02-28,West,Web,510
ORD-11801,2025-02-11,North,Partner,444
ORD-11802,2025-02-06,West,Partner,447
ORD-11803,2025-02-23,West,Retail,435
ORD-11804,2025-02-23,North,Web,550
ORD-11805,2025-02-04,South,Partner,453
ORD-11806,2025-02-07,South,Retail,677
ORD-11807,2025-02-14,South,Retail,569
ORD-11808,2025-02-13,West,Retail,414
ORD-11809,2025-02-06,West,Retail,498
ORD-11810,2025-02-12,North,Partner,440
ORD-11811,2025-02-07,North,Partner,372
ORD-11812,2025-02-05,East,Web,486
ORD-11813,2025-02-26,East,Partner,424
ORD-11814,2025-02-19,South,Web,655
ORD-11815,2025-02-20,East,Partner,630
ORD-11816,2025-02-11,West,Partner,599
ORD-11817,2025-02-18,South,Retail,431
ORD-11818,2025-02-16,West,Retail,559
ORD-11819,2025-02-08,East,Partner,533
ORD-11820,2025-02-26,East,Web,609
ORD-11821,2025-02-07,East,Web,624
ORD-11822,2025-02-19,North,Web,512
ORD-11823,2025-02-19,North,Partner,634
ORD-11824,2025-02-20,South,Web,408
ORD-11825,2025-02-15,North,Partner,407
ORD-11826,2025-02-18,West,Web,320
ORD-11827,2025-02-26,West,Partner,377
ORD-11828,2025-02-22,West,Retail,465
ORD-11829,2025-02-11,South,Retail,531
ORD-11830,2025-02-19,South,Retail,384
ORD-11831,2025-02-20,East,Retail,542
ORD-11832,2025-02-23,West,Retail,416
ORD-11833,2025-02-23,West,Retail,550
ORD-11834,2025-02-03,South,Retail,337
ORD-11835,2025-02-25,South,Retail,443
ORD-11836,2025-02-10,South,Web,513
ORD-11837,2025-02-06,North,Partner,563
ORD-11838,2025-02-09,West,Web,400
ORD-11839,2025-02-11,South,Web,369
ORD-11840,2025-02-26,South,Partner,627
ORD-11841,2025-02-05,North,Partner,444
ORD-11842,2025-02-11,East,Partner,535
ORD-11843,2025-02-18,South,Retail,602
ORD-11844,2025-02-27,South,Retail,554
ORD-11845,2025-02-03,South,Retail,512
ORD-11846,2025-02-15,West,Retail,474
ORD-11847,2025-02-26,North,Partner,533
ORD-11848,2025-02-09,North,Web,634
ORD-11849,2025-02-28,West,Partner,606
ORD-11850,2025-02-16,South,Web,415
ORD-11851,2025-02-07,East,Partner,437
ORD-11852,2025-02-25,West,Retail,596
ORD-11853,2025-02-22,South,Web,655
ORD-11854,2025-02-04,East,Web,482
ORD-11855,2025-02-16,West,Retail,611
ORD-11856,2025-02-08,East,Retail,549
ORD-11857,2025-02-25,South,Retail,494
ORD-11858,2025-02-26,East,Retail,560
ORD-11859,2025-02-09,West,Retail,451
ORD-11860,2025-02-19,South,Web,529
ORD-11861,2025-02-21,East,Retail,417
ORD-11862,2025-02-09,North,Partner,524
ORD-11863,2025-02-20,South,Web,360
ORD-11864,2025-02-08,South,Retail,475
ORD-11865,2025-02-07,North,Partner,357
ORD-11866,2025-02-06,West,Retail,535
ORD-11867,2025-02-14,East,Web,552
ORD-11868,2025-02-27,South,Retail,533
ORD-11869,2025-02-14,West,Web,576
ORD-11870,2025-02-13,South,Partner,587
ORD-11871,2025-02-02,South,Retail,464
ORD-11872,2025-02-04,East,Web,444
ORD-11873,2025-02-26,East,Partner,619
ORD-11874,2025-02-14,West,Web,576
ORD-11875,2025-02-04,West,Web,394
ORD-11876,2025-02-24,South,Web,520
ORD-11877,2025-02-24,North,Retail,403
ORD-11878,2025-02-21,West,Retail,607
ORD-11879,2025-02-12,East,Partner,325
ORD-11880,2025-02-01,East,Retail,405
ORD-11881,2025-02-25,North,Retail,514
ORD-11882,2025-02-04,East,Partner,487
ORD-11883,2025-02-04,North,Web,575
ORD-11884,2025-02-18,North,Web,281
ORD-11885,2025-02-01,East,Partner,462
ORD-11886,2025-02-21,North,Web,470
ORD-11887,2025-02-13,West,Retail,327
ORD-11888,2025-02-06,West,Partner,450
ORD-11889,2025-02-11,West,Web,388
ORD-11890,2025-02-06,North,Web,491
ORD-11891,2025-02-11,East,Web,550
ORD-11892,2025-02-23,South,Partner,521
ORD-11893,2025-02-13,North,Web,541
ORD-11894,2025-02-06,West,Partner,445
ORD-11895,2025-02-08,West,Retail,392
ORD-11896,2025-02-07,South,Partner,450
ORD-11897,2025-02-15,North,Partner,547
ORD-11898,2025-02-08,West,Web,550
ORD-11899,2025-02-10,East,Partner,511
ORD-11900,2025-02-05,West,Partner,582
ORD-11901,2025-02-27,East,Partner,471
ORD-11902,2025-02-23,East,Web,324
ORD-11903,2025-02-11,South,Web,614
ORD-11904,2025-02-04,East,Retail,309
ORD-11905,2025-02-27,North,Web,432
ORD-11906,2025-02-05,East,Web,427
ORD-11907,2025-02-04,West,Retail,548
ORD-11908,2025-02-03,East,Web,592
ORD-11909,2025-02-10,East,Web,575
ORD-11910,2025-02-26,North,Partner,479
ORD-11911,2025-02-12,South,Retail,604
ORD-11912,2025-02-18,East,Partner,415
ORD-11913,2025-02-02,East,Partner,322
ORD-11914,2025-02-17,South,Partner,454
ORD-11915,2025-02-13,South,Web,432
ORD-11916,2025-02-22,West,Partner,418
ORD-11917,2025-02-13,East,Web,455
ORD-11918,2025-02-26,South,Retail,485
ORD-11919,2025-02-24,South,Partner,366
ORD-11920,2025-02-27,West,Partner,346
ORD-11921,2025-02-09,North,Partner,427
ORD-11922,2025-02-19,North,Web,594
ORD-11923,2025-02-28,South,Partner,527
ORD-11924,2025-02-09,East,Retail,586
ORD-11925,2025-02-02,South,Web,472
ORD-11926,2025-02-01,North,Partner,491
ORD-11927,2025-02-20,East,Retail,481
ORD-11928,2025-02-02,East,Retail,294
ORD-11929,2025-02-26,North,Retail,496
ORD-11930,2025-02-24,North,Retail,458
ORD-11931,2025-02-02,North,Web,501
ORD-11932,2025-02-22,West,Retail,464
ORD-11933,2025-02-15,North,Retail,282
ORD-11934,2025-02-12,South,Web,662
ORD-11935,2025-02-13,East,Retail,582
ORD-11936,2025-02-28,East,Partner,511
ORD-11937,2025-02-26,South,Partner,625
ORD-11938,2025-02-16,West,Web,468
ORD-11939,2025-02-23,North,Partner,383
ORD-11940,2025-02-19,East,Retail,427
ORD-11941,2025-02-02,North,Retail,467
ORD-11942,2025-02-23,East,Retail,447
ORD-11943,2025-02-26,West,Partner,656
ORD-11944,2025-02-25,South,Retail,556
ORD-11945,2025-02-04,North,Retail,464
ORD-11946,2025-02-18,West,Partner,442
ORD-11947,2025-02-19,South,Retail,345
ORD-11948,2025-02-05,East,Web,432
ORD-11949,2025-02-06,South,Partner,411
ORD-11950,2025-02-14,South,Partner,370
ORD-11951,2025-02-20,West,Partner,755
ORD-11952,2025-02-16,East,Partner,370
ORD-11953,2025-02-20,East,Partner,426
ORD-11954,2025-02-23,East,Web,462
ORD-11955,2025-02-09,East,Partner,410
ORD-11956,2025-02-28,East,Web,533
ORD-11957,2025-02-02,South,Partner,401
ORD-11958,2025-02-09,East,Partner,589
ORD-11959,2025-02-20,East,Web,497
ORD-11960,2025-02-28,East,Web,651
ORD-11961,2025-02-13,South,Web,454
ORD-11962,2025-02-13,North,Partner,506
ORD-11963,2025-02-21,North,Retail,321
ORD-11964,2025-02-10,East,Web,706
ORD-11965,2025-02-01,West,Partner,482
ORD-11966,2025-02-07,West,Web,444
ORD-11967,2025-02-16,East,Web,556
ORD-11968,2025-02-21,North,Web,498
ORD-11969,2025-02-21,South,Partner,467
ORD-11970,2025-02-05,South,Retail,684
ORD-11971,2025-02-02,North,Partner,398
ORD-11972,2025-02-01,West,Web,533
ORD-11973,2025-02-07,North,Partner,627
ORD-11974,2025-02-13,East,Retail,463
ORD-11975,2025-02-10,West,Web,659
ORD-11976,2025-02-05,North,Partner,260
ORD-11977,2025-02-07,South,Partner,454
ORD-11978,2025-02-17,South,Retail,401
ORD-11979,2025-02-05,East,Retail,488
ORD-11980,2025-02-07,North,Partner,389
ORD-11981,2025-02-10,East,Retail,670
ORD-11982,2025-02-06,East,Partner,496
ORD-11983,2025-02-25,East,Retail,488
ORD-11984,2025-02-25,West,Web,390
ORD-11985,2025-02-28,North,Retail,431
ORD-11986,2025-02-06,North,Web,455
ORD-11987,2025-02-24,East,Web,537
ORD-11988,2025-02-28,East,Retail,536
ORD-11989,2025-02-16,South,Retail,560
ORD-11990,2025-02-18,East,Web,613
ORD-11991,2025-02-08,North,Web,500
ORD-11992,2025-02-19,West,Web,651
ORD-11993,2025-02-04,South,Retail,501
ORD-11994,2025-02-21,South,Retail,371
ORD-11995,2025-02-01,West,Web,513
ORD-11996,2025-02-08,East,Partner,463
ORD-11997,2025-02-22,South,Retail,580
ORD-11998,2025-02-09,West,Partner,593
ORD-11999,2025-02-12,East,Partner,489
ORD-12000,2025-02-22,West,Web,502
ORD-12001,2025-02-03,South,Partner,493
ORD-12002,2025-02-23,South,Partner,586
ORD-12003,2025-02-14,East,Retail,628
ORD-12004,2025-02-02,North,Retail,512
ORD-12005,2025-02-06,West,Partner,296
ORD-12006,2025-02-21,North,Retail,301
ORD-12007,2025-02-20,South,Web,476
ORD-12008,2025-02-26,West,Retail,515
ORD-12009,2025-02-16,West,Partner,441
ORD-12010,2025-02-27,South,Partner,488
ORD-12011,2025-02-09,East,Retail,510
ORD-12012,2025-02-25,South,Partner,713
ORD-12013,2025-02-03,East,Retail,555
ORD-12014,2025-02-20,East,Retail,432
ORD-12015,2025-02-28,West,Partner,424
ORD-12016,2025-02-08,North,Web,573
ORD-12017,2025-02-16,East,Partner,522
ORD-12018,2025-02-21,East,Retail,461
ORD-12019,2025-02-27,North,Retail,494
ORD-12020,2025-02-08,North,Retail,518
ORD-12021,2025-02-15,East,Partner,734
ORD-12022,2025-02-15,North,Retail,603
ORD-12023,2025-02-10,East,Retail,663
ORD-12024,2025-02-12,West,Web,618
ORD-12025,2025-02-24,North,Partner,491
ORD-12026,2025-02-16,West,Retail,327
ORD-12027,2025-02-24,East,Web,516
ORD-12028,2025-02-05,South,Web,467
ORD-12029,2025-02-24,East,Web,469
ORD-12030,2025-02-04,North,Retail,450
ORD-12031,2025-02-01,North,Retail,494
ORD-12032,2025-02-23,South,Partner,488
ORD-12033,2025-02-21,North,Web,585
ORD-12034,2025-02-22,West,Web,485
ORD-12035,2025-02-09,East,Web,616
ORD-12036,2025-02-13,West,Retail,454
ORD-12037,2025-02-26,East,Retail,499
ORD-12038,2025-02-06,East,Web,490
ORD-12039,2025-02-25,North,Retail,676
ORD-12040,2025-02-04,East,Retail,594
ORD-12041,2025-02-03,West,Web,594
ORD-12042,2025-02-07,West,Partner,629
ORD-12043,2025-02-20,South,Retail,634
ORD-12044,2025-02-22,North,Web,671
ORD-12045,2025-02-04,West,Partner,411
ORD-12046,2025-02-18,West,Web,551
ORD-12047,2025-02-18,West,Partner,463
ORD-12048,2025-02-24,North,Retail,401
ORD-12049,2025-02-27,North,Partner,409
ORD-12050,2025-02-07,South,Retail,340
ORD-12051,2025-02-17,South,Partner,550
ORD-12052,2025-02-09,South,Web,451
ORD-12053,2025-02-16,West,Web,468
ORD-12054,2025-02-17,North,Retail,508
ORD-12055,2025-02-08,East,Retail,517
ORD-12056,2025-02-11,North,Web,571
ORD-12057,2025-02-04,North,Retail,332
ORD-12058,2025-02-18,East,Retail,614
ORD-12059,2025-02-14,East,Web,521
ORD-12060,2025-02-10,East,Web,441
ORD-12061,2025-02-16,East,Retail,522
ORD-12062,2025-02-25,North,Partner,754
ORD-12063,2025-02-13,South,Retail,453
ORD-12064,2025-02-28,South,Retail,603
ORD-12065,2025-02-22,South,Retail,561
ORD-12066,2025-02-13,East,Web,510
ORD-12067,2025-02-18,North,Web,663
ORD-12068,2025-02-14,North,Retail,430
ORD-12069,2025-02-06,South,Partner,470
ORD-12070,2025-02-22,South,Retail,516
ORD-12071,2025-02-13,East,Partner,544
ORD-12072,2025-02-13,East,Retail,436
ORD-12073,2025-02-18,South,Web,445
ORD-12074,2025-02-13,West,Retail,472
ORD-12075,2025-02-16,North,Partner,483
ORD-12076,2025-02-09,North,Web,404
ORD-12077,2025-02-08,South,Partner,326
ORD-12078,2025-02-17,North,Web,550
ORD-12079,2025-02-13,West,Web,539
ORD-12080,2025-02-25,North,Retail,658
ORD-12081,2025-02-06,South,Retail,531
ORD-12082,2025-02-20,South,Web,674
ORD-12083,2025-02-17,South,Retail,440
ORD-12084,2025-02-17,North,Web,428
ORD-12085,2025-02-11,West,Partner,462
ORD-12086,2025-02-10,North,Web,716
ORD-12087,2025-02-05,East,Partner,763
ORD-12088,2025-02-01,East,Web,522
ORD-12089,2025-02-16,West,Web,405
ORD-12090,2025-02-08,South,Retail,548
ORD-12091,2025-02-19,East,Web,503
ORD-12092,2025-02-20,East,Partner,452
ORD-12093,2025-02-21,West,Web,489
ORD-12094,2025-02-13,North,Retail,360
ORD-12095,2025-02-18,South,Web,567
ORD-12096,2025-02-06,West,Web,521
ORD-12097,2025-02-07,North,Partner,552
ORD-12098,2025-02-18,East,Partner,635
ORD-12099,2025-02-21,North,Partner,495
ORD-12100,2025-02-01,East,Web,435
ORD-12101,2025-02-22,South,Retail,572
ORD-12102,2025-02-01,South,Retail,507
ORD-12103,2025-02-15,West,Web,596
ORD-12104,2025-02-26,West,Retail,490
ORD-12105,2025-02-13,South,Web,541
ORD-12106,2025-02-02,North,Partner,542
ORD-12107,2025-02-05,East,Retail,448
ORD-12108,2025-02-22,West,Web,595
ORD-12109,2025-02-21,North,Partner,474
ORD-12110,2025-02-27,East,Retail,334
ORD-12111,2025-02-13,North,Web,571
ORD-12112,2025-02-21,West,Web,440
ORD-12113,2025-02-23,East,Retail,484
ORD-12114,2025-02-11,South,Retail,594
ORD-12115,2025-02-17,West,Retail,513
ORD-12116,2025-02-21,South,Partner,407
ORD-12117,2025-02-18,North,Retail,406
ORD-12118,2025-02-01,South,Partner,496
ORD-12119,2025-02-24,North,Retail,513
ORD-12120,2025-02-15,East,Partner,491
ORD-12121,2025-02-14,North,Partner,476
ORD-12122,2025-02-10,East,Retail,509
ORD-12123,2025-02-28,East,Retail,526
ORD-12124,2025-02-21,West,Retail,501
ORD-12125,2025-02-28,South,Retail,489
ORD-12126,2025-02-15,East,Retail,585
ORD-12127,2025-02-21,South,Retail,478
ORD-12128,2025-02-18,West,Web,411
ORD-12129,2025-02-22,West,Web,374
ORD-12130,2025-02-04,North,Web,570
ORD-12131,2025-02-25,South,Partner,810
ORD-12132,2025-02-02,East,Web,446
ORD-12133,2025-02-07,West,Retail,648
ORD-12134,2025-02-04,South,Retail,562
ORD-12135,2025-02-26,East,Web,492
ORD-12136,2025-02-01,North,Partner,400
ORD-12137,2025-02-23,South,Retail,569
ORD-12138,2025-02-06,South,Retail,504
ORD-12139,2025-02-13,South,Partner,341
ORD-12140,2025-02-20,North,Retail,588
ORD-12141,2025-02-01,East,Partner,271
ORD-12142,2025-02-13,South,Retail,479
ORD-12143,2025-02-02,East,Retail,674
ORD-12144,2025-02-01,East,Partner,607
ORD-12145,2025-02-08,West,Partner,598
ORD-12146,2025-02-16,West,Partner,383
ORD-12147,2025-02-10,North,Retail,548
ORD-12148,2025-02-14,South,Retail,678
ORD-12149,2025-02-27,North,Partner,638
ORD-12150,2025-02-23,West,Web,493
ORD-12151,2025-02-21,East,Partner,472
ORD-12152,2025-02-15,South,Web,500
ORD-12153,2025-02-20,West,Partner,488
ORD-12154,2025-02-03,North,Partner,539
ORD-12155,2025-02-26,West,Web,487
ORD-12156,2025-02-27,East,Partner,509
ORD-12157,2025-02-10,West,Partner,545
ORD-12158,2025-02-28,South,Retail,515
ORD-12159,2025-02-18,West,Web,294
ORD-12160,2025-02-23,North,Web,559
ORD-12161,2025-02-24,West,Retail,594
ORD-12162,2025-02-25,North,Web,612
ORD-12163,2025-02-11,North,Web,533
ORD-12164,2025-02-06,North,Retail,640
ORD-12165,2025-02-01,East,Retail,548
ORD-12166,2025-02-16,West,Retail,591
ORD-12167,2025-02-18,West,Partner,636
ORD-12168,2025-02-10,East,Retail,565
ORD-12169,2025-02-21,West,Retail,540
ORD-12170,2025-02-23,East,Partner,569
ORD-12171,2025-02-05,East,Web,592
ORD-12172,2025-02-27,East,Partner,540
ORD-12173,2025-02-28,East,Partner,472
ORD-12174,2025-02-28,North,Partner,521
ORD-12175,2025-02-11,South,Retail,506
ORD-12176,2025-02-01,South,Web,595
ORD-12177,2025-02-10,East,Retail,426
ORD-12178,2025-02-20,East,Partner,560
ORD-12179,2025-02-24,North,Partner,535
ORD-12180,2025-02-09,East,Web,631
ORD-12181,2025-02-10,West,Web,561
ORD-12182,2025-02-20,South,Partner,468
ORD-12183,2025-02-11,South,Partner,409
ORD-12184,2025-02-02,West,Retail,390
ORD-12185,2025-02-21,South,Retail,487
ORD-12186,2025-02-02,East,Partner,556
ORD-12187,2025-02-11,South,Partner,473
ORD-12188,2025-02-10,South,Partner,522
ORD-12189,2025-02-08,East,Partner,581
ORD-12190,2025-02-25,West,Retail,526
ORD-12191,2025-02-19,South,Web,405
ORD-12192,2025-02-14,South,Partner,439
ORD-12193,2025-02-15,North,Retail,503
ORD-12194,2025-02-21,East,Retail,399
ORD-12195,2025-02-03,West,Retail,508
ORD-12196,2025-02-21,East,Partner,436
ORD-12197,2025-02-25,South,Web,469
ORD-12198,2025-02-05,North,Retail,388
ORD-12199,2025-02-08,North,Partner,420
ORD-12200,2025-02-22,West,Web,440
ORD-12201,2025-02-23,North,Retail,417
ORD-12202,2025-02-11,South,Retail,526
ORD-12203,2025-02-06,South,Web,366
ORD-12204,2025-02-25,East,Retail,657
ORD-12205,2025-02-23,West,Retail,386
ORD-12206,2025-02-23,North,Retail,403
ORD-12207,2025-02-21,South,Retail,454
ORD-12208,2025-02-02,South,Web,746
ORD-12209,2025-02-11,East,Retail,409
ORD-12210,2025-02-16,South,Retail,617
ORD-12211,2025-02-27,West,Retail,464
ORD-12212,2025-02-27,East,Retail,436
ORD-12213,2025-02-08,West,Web,547
ORD-12214,2025-02-07,West,Partner,476
ORD-12215,2025-02-19,South,Partner,607
ORD-12216,2025-02-08,West,Partner,578
ORD-12217,2025-02-03,West,Partner,423
ORD-12218,2025-02-25,West,Partner,472
ORD-12219,2025-02-28,West,Partner,529
ORD-12220,2025-02-26,East,Retail,471
ORD-12221,2025-02-24,East,Partner,474
ORD-12222,2025-02-10,East,Partner,618
ORD-12223,2025-02-11,West,Retail,408
ORD-12224,2025-02-03,South,Partner,455
ORD-12225,2025-02-11,West,Partner,362
ORD-12226,2025-02-22,North,Retail,517
ORD-12227,2025-02-12,East,Retail,417
ORD-12228,2025-02-17,North,Partner,482
ORD-12229,2025-02-23,East,Partner,562
ORD-12230,2025-02-13,South,Retail,539
ORD-12231,2025-02-21,West,Web,399
ORD-12232,2025-02-14,South,Web,563
ORD-12233,2025-02-28,North,Web,439
ORD-12234,2025-02-12,South,Partner,560
ORD-12235,2025-02-11,North,Web,715
ORD-12236,2025-02-11,South,Partner,639
ORD-12237,2025-02-11,West,Retail,698
ORD-12238,2025-02-16,North,Retail,436
ORD-12239,2025-02-05,South,Web,566
ORD-12240,2025-02-17,West,Partner,448
ORD-12241,2025-02-20,North,Web,504
ORD-12242,2025-02-24,South,Retail,523
ORD-12243,2025-02-16,West,Web,573
ORD-12244,2025-02-26,North,Web,440
ORD-12245,2025-02-26,West,Web,656
ORD-12246,2025-02-07,West,Partner,522
ORD-12247,2025-02-15,South,Web,433
ORD-12248,2025-02-13,West,Partner,453
ORD-12249,2025-02-27,West,Partner,267
ORD-12250,2025-02-20,North,Partner,594
ORD-12251,2025-02-01,East,Retail,492
ORD-12252,2025-02-25,East,Partner,422
ORD-12253,2025-02-10,East,Web,490
ORD-12254,2025-02-04,North,Web,367
ORD-12255,2025-02-15,South,Retail,369
ORD-12256,2025-02-01,East,Web,426
ORD-12257,2025-02-01,East,Partner,501
ORD-12258,2025-02-10,West,Retail,510
ORD-12259,2025-02-15,East,Web,501
ORD-12260,2025-02-14,East,Web,533
ORD-12261,2025-02-09,North,Partner,440
ORD-12262,2025-02-04,North,Partner,418
ORD-12263,2025-02-18,North,Partner,393
ORD-12264,2025-02-25,West,Partner,600
ORD-12265,2025-02-01,South,Web,441
ORD-12266,2025-02-15,East,Retail,487
ORD-12267,2025-02-11,North,Retail,406
ORD-12268,2025-02-08,South,Partner,519
ORD-12269,2025-02-25,South,Partner,501
ORD-12270,2025-02-13,South,Web,423
ORD-12271,2025-02-14,South,Web,387
ORD-12272,2025-02-28,South,Partner,595
ORD-12273,2025-02-15,North,Partner,524
ORD-12274,2025-02-16,East,Web,423
ORD-12275,2025-02-23,North,Retail,648
ORD-12276,2025-02-27,West,Partner,487
ORD-12277,2025-02-23,South,Retail,432
ORD-12278,2025-02-11,West,Retail,360
ORD-12279,2025-02-11,South,Web,460
ORD-12280,2025-02-13,North,Retail,488
ORD-12281,2025-02-15,South,Partner,444
ORD-12282,2025-02-14,South,Web,680
ORD-12283,2025-02-22,West,Retail,376
ORD-12284,2025-02-24,South,Partner,513
ORD-12285,2025-02-06,West,Web,576
ORD-12286,2025-02-28,East,Retail,373
ORD-12287,2025-02-24,East,Retail,503
ORD-12288,2025-02-04,North,Web,495
ORD-12289,2025-02-17,East,Partner,474
ORD-12290,2025-02-10,West,Web,522
ORD-12291,2025-02-22,East,Partner,475
ORD-12292,2025-02-25,South,Retail,493
ORD-12293,2025-02-09,East,Partner,530
ORD-12294,2025-02-02,West,Retail,525
ORD-12295,2025-02-01,West,Retail,483
ORD-12296,2025-02-21,South,Partner,583
ORD-12297,2025-02-07,South,Retail,592
ORD-12298,2025-02-07,South,Partner,433
ORD-12299,2025-02-22,West,Web,549
ORD-12300,2025-02-27,West,Retail,679
ORD-12301,2025-02-08,West,Web,547
ORD-12302,2025-02-25,West,Web,551
ORD-12303,2025-02-20,West,Partner,658
ORD-12304,2025-02-10,South,Partner,286
ORD-12305,2025-02-16,East,Partner,567
ORD-12306,2025-02-12,East,Partner,380
ORD-12307,2025-02-02,East,Partner,363
ORD-12308,2025-02-08,West,Retail,529
ORD-12309,2025-02-02,North,Partner,454
ORD-12310,2025-02-14,West,Retail,708
ORD-12311,2025-02-14,South,Web,508
ORD-12312,2025-02-13,North,Partner,473
ORD-12313,2025-02-18,South,Web,498
ORD-12314,2025-02-13,East,Retail,564
ORD-12315,2025-02-08,West,Retail,562
ORD-12316,2025-02-02,South,Retail,412
ORD-12317,2025-02-22,West,Retail,557
ORD-12318,2025-02-20,East,Web,593
ORD-12319,2025-02-13,North,Retail,571
ORD-12320,2025-02-17,South,Partner,552
ORD-12321,2025-02-05,North,Web,512
ORD-12322,2025-02-25,West,Retail,502
ORD-12323,2025-02-22,East,Retail,499
ORD-12324,2025-02-17,South,Retail,520
ORD-12325,2025-02-21,East,Web,430
ORD-12326,2025-02-08,South,Partner,457
ORD-12327,2025-02-15,South,Partner,511
ORD-12328,2025-02-18,West,Retail,432
ORD-12329,2025-02-12,West,Retail,554
ORD-12330,2025-02-09,West,Web,589
ORD-12331,2025-02-04,North,Web,451
ORD-12332,2025-02-12,South,Partner,588
ORD-12333,2025-02-05,North,Retail,592
ORD-12334,2025-02-04,North,Partner,602
ORD-12335,2025-02-17,East,Web,332
ORD-12336,2025-02-24,South,Partner,575
ORD-12337,2025-02-11,East,Retail,412
ORD-12338,2025-02-07,North,Retail,462
ORD-12339,2025-02-23,East,Partner,418
ORD-12340,2025-02-10,East,Web,359
ORD-12341,2025-02-20,West,Web,452
ORD-12342,2025-02-09,North,Partner,353
ORD-12343,2025-02-18,South,Partner,291
ORD-12344,2025-02-25,South,Web,481
ORD-12345,2025-02-17,East,Retail,518
ORD-12346,2025-02-18,South,Web,525
ORD-12347,2025-02-20,North,Partner,604
ORD-12348,2025-02-18,North,Retail,431
ORD-12349,2025-02-11,South,Web,284
ORD-12350,2025-02-28,North,Retail,481
ORD-12351,2025-02-08,West,Web,447
ORD-12352,2025-02-22,North,Retail,515
ORD-12353,2025-02-18,West,Partner,444
ORD-12354,2025-02-04,West,Web,651
ORD-12355,2025-02-08,East,Retail,442
ORD-12356,2025-02-05,North,Web,486
ORD-12357,2025-02-12,West,Retail,483
ORD-12358,2025-02-22,South,Retail,417
ORD-12359,2025-02-14,South,Partner,480
ORD-12360,2025-02-10,South,Partner,555
ORD-12361,2025-02-05,East,Partner,492
ORD-12362,2025-02-01,North,Web,395
ORD-12363,2025-02-05,North,Partner,470
ORD-12364,2025-02-15,South,Partner,522
ORD-12365,2025-02-07,South,Retail,550
ORD-12366,2025-02-16,East,Web,408
ORD-12367,2025-02-07,North,Web,404
ORD-12368,2025-02-28,North,Retail,415
ORD-12369,2025-02-11,South,Partner,396
ORD-12370,2025-02-19,East,Retail,398
ORD-12371,2025-02-17,North,Web,533
ORD-12372,2025-02-05,South,Retail,539
ORD-12373,2025-02-21,East,Retail,614
ORD-12374,2025-02-20,North,Retail,459
ORD-12375,2025-02-18,South,Retail,339
ORD-12376,2025-02-20,South,Web,486
ORD-12377,2025-02-16,North,Partner,576
ORD-12378,2025-02-03,North,Partner,629
ORD-12379,2025-02-12,South,Partner,583
ORD-12380,2025-02-09,North,Retail,593
ORD-12381,2025-02-11,West,Partner,544
ORD-12382,2025-02-03,North,Retail,507
ORD-12383,2025-02-13,North,Web,507
ORD-12384,2025-02-06,East,Partner,322
ORD-12385,2025-02-08,East,Partner,465
ORD-12386,2025-02-13,South,Retail,563
ORD-12387,2025-02-10,South,Web,455
ORD-12388,2025-02-04,West,Retail,569
ORD-12389,2025-02-26,North,Retail,486
ORD-12390,2025-02-26,West,Web,566
ORD-12391,2025-02-16,South,Partner,520
ORD-12392,2025-02-18,North,Partner,513
ORD-12393,2025-02-10,South,Partner,468
ORD-12394,2025-02-12,East,Web,525
ORD-12395,2025-02-21,West,Retail,440
ORD-12396,2025-02-07,West,Web,421
ORD-12397,2025-02-18,North,Retail,467
ORD-12398,2025-02-08,North,Partner,562
ORD-12399,2025-02-06,West,Partner,433
ORD-12400,2025-02-27,North,Web,521
ORD-12401,2025-02-08,East,Partner,497
ORD-12402,2025-02-22,South,Partner,573
ORD-12403,2025-02-13,East,Retail,427
ORD-12404,2025-02-19,North,Web,563
ORD-12405,2025-02-26,West,Partner,491
ORD-12406,2025-02-23,South,Web,485
ORD-12407,2025-02-16,South,Retail,563
ORD-12408,2025-02-14,West,Retail,503
ORD-12409,2025-02-06,East,Web,459
ORD-12410,2025-02-05,East,Web,512
ORD-12411,2025-02-25,East,Partner,546
ORD-12412,2025-02-17,South,Web,522
ORD-12413,2025-02-26,South,Retail,370
ORD-12414,2025-02-10,South,Partner,521
ORD-12415,2025-02-27,West,Partner,523
ORD-12416,2025-02-11,East,Partner,467
ORD-12417,2025-02-27,North,Partner,513
ORD-12418,2025-02-11,East,Partner,581
ORD-12419,2025-02-27,East,Retail,580
ORD-12420,2025-02-25,East,Retail,412
ORD-12421,2025-02-23,West,Web,425
ORD-12422,2025-02-18,North,Web,538
ORD-12423,2025-02-09,East,Web,539
ORD-12424,2025-02-20,South,Web,510
ORD-12425,2025-02-12,South,Retail,521
ORD-12426,2025-02-21,West,Web,525
ORD-12427,2025-02-21,South,Retail,557
ORD-12428,2025-02-24,South,Web,477
ORD-12429,2025-02-27,East,Partner,506
ORD-12430,2025-02-19,West,Partner,523
ORD-12431,2025-02-05,South,Retail,475
ORD-12432,2025-02-17,West,Retail,609
ORD-12433,2025-02-19,East,Retail,588
ORD-12434,2025-02-21,West,Web,416
ORD-12435,2025-02-27,West,Retail,575
ORD-12436,2025-02-01,North,Retail,419
ORD-12437,2025-02-13,South,Partner,526
ORD-12438,2025-02-20,North,Partner,536
ORD-12439,2025-02-27,West,Web,434
ORD-12440,2025-02-05,East,Partner,462
ORD-12441,2025-02-20,East,Web,425
ORD-12442,2025-02-25,West,Partner,555
ORD-12443,2025-02-19,West,Retail,482
ORD-12444,2025-02-23,West,Web,565
ORD-12445,2025-02-07,West,Web,444
ORD-12446,2025-02-07,North,Web,516
ORD-12447,2025-02-24,North,Retail,592
ORD-12448,2025-02-23,South,Partner,546
ORD-12449,2025-02-04,West,Retail,408
ORD-12450,2025-02-19,West,Retail,481
ORD-12451,2025-02-08,West,Web,552
ORD-12452,2025-02-27,North,Partner,539
ORD-12453,2025-02-12,East,Retail,539
ORD-12454,2025-02-02,South,Retail,562
ORD-12455,2025-02-10,North,Partner,553
ORD-12456,2025-02-25,South,Retail,506
ORD-12457,2025-02-03,West,Retail,437
ORD-12458,2025-02-04,East,Retail,520
ORD-12459,2025-02-13,West,Web,557
ORD-12460,2025-02-01,South,Retail,316
ORD-12461,2025-02-20,South,Web,394
ORD-12462,2025-02-24,East,Retail,475
ORD-12463,2025-02-08,West,Web,446
ORD-12464,2025-02-28,East,Retail,667
ORD-12465,2025-02-10,East,Partner,565
ORD-12466,2025-02-03,West,Retail,528
ORD-12467,2025-02-07,East,Partner,458
ORD-12468,2025-02-17,West,Partner,631
ORD-12469,2025-02-06,West,Partner,457
ORD-12470,2025-02-20,North,Partner,275
ORD-12471,2025-02-12,East,Partner,506
ORD-12472,2025-02-17,South,Partner,457
ORD-12473,2025-02-12,North,Web,453
ORD-12474,2025-02-04,West,Partner,391
ORD-12475,2025-02-08,West,Partner,531
ORD-12476,2025-02-07,West,Retail,446
ORD-12477,2025-02-25,West,Web,432
ORD-12478,2025-02-26,East,Retail,477
ORD-12479,2025-02-28,South,Web,528
ORD-12480,2025-02-25,West,Partner,463
ORD-12481,2025-02-01,East,Web,521
ORD-12482,2025-02-11,North,Web,371
ORD-12483,2025-02-14,East,Retail,440
ORD-12484,2025-02-14,East,Web,469
ORD-12485,2025-02-16,East,Web,578
ORD-12486,2025-02-27,West,Web,616
ORD-12487,2025-02-05,West,Partner,511
ORD-12488,2025-02-16,North,Retail,566
ORD-12489,2025-02-26,East,Partner,579
ORD-12490,2025-02-04,South,Web,527
ORD-12491,2025-02-06,North,Retail,432
ORD-12492,2025-02-18,West,Partner,561
ORD-12493,2025-02-01,North,Retail,346
ORD-12494,2025-02-16,North,Retail,538
ORD-12495,2025-02-19,South,Retail,584
ORD-12496,2025-02-15,West,Retail,365
ORD-12497,2025-02-18,West,Retail,632
ORD-12498,2025-02-19,East,Partner,613
ORD-12499,2025-02-19,North,Partner,489
ORD-12500,2025-02-02,South,Retail,439
ORD-12501,2025-02-28,South,Web,546
ORD-12502,2025-02-21,West,Web,412
ORD-12503,2025-02-28,North,Web,541
ORD-12504,2025-02-12,West,Retail,471
ORD-12505,2025-02-23,West,Partner,643
ORD-12506,2025-02-15,South,Retail,532
ORD-12507,2025-02-11,North,Retail,384
ORD-12508,2025-02-25,North,Partner,561
ORD-12509,2025-02-10,East,Retail,554
ORD-12510,2025-02-04,East,Partner,651
ORD-12511,2025-02-20,North,Retail,623
ORD-12512,2025-02-13,East,Retail,526
ORD-12513,2025-02-21,North,Partner,430
ORD-12514,2025-02-06,East,Partner,444
ORD-12515,2025-02-28,West,Partner,631
ORD-12516,2025-02-18,West,Web,348
ORD-12517,2025-02-14,East,Web,487
ORD-12518,2025-02-12,North,Retail,388
ORD-12519,2025-02-26,West,Partner,530
ORD-12520,2025-02-27,East,Partner,253
ORD-12521,2025-02-27,East,Partner,519
ORD-12522,2025-02-17,North,Partner,449
ORD-12523,2025-02-11,East,Retail,407
ORD-12524,2025-02-09,North,Web,425
ORD-12525,2025-02-14,West,Retail,599
ORD-12526,2025-02-10,East,Web,469
ORD-12527,2025-02-25,East,Web,529
ORD-12528,2025-02-28,North,Retail,615
ORD-12529,2025-02-05,West,Web,526
ORD-12530,2025-02-12,West,Retail,529
ORD-12531,2025-02-02,North,Web,461
ORD-12532,2025-02-07,South,Web,607
ORD-12533,2025-02-14,North,Partner,534
ORD-12534,2025-02-11,West,Partner,616
ORD-12535,2025-02-13,West,Partner,479
ORD-12536,2025-02-18,North,Retail,535
ORD-12537,2025-02-11,South,Web,492
ORD-12538,2025-02-13,South,Web,615
ORD-12539,2025-02-12,West,Retail,604
ORD-12540,2025-02-09,South,Retail,448
ORD-12541,2025-02-20,South,Retail,514
ORD-12542,2025-02-28,South,Web,621
ORD-12543,2025-02-01,North,Retail,505
ORD-12544,2025-02-07,East,Partner,481
ORD-12545,2025-02-15,South,Web,492
ORD-12546,2025-02-14,North,Web,494
ORD-12547,2025-02-06,West,Web,484
ORD-12548,2025-02-21,South,Retail,494
ORD-12549,2025-02-18,West,Partner,536
ORD-12550,2025-02-14,North,Web,460
ORD-12551,2025-02-11,South,Web,559
ORD-12552,2025-02-13,South,Web,491
ORD-12553,2025-02-04,East,Web,610
ORD-12554,2025-02-05,North,Web,504
ORD-12555,2025-02-23,South,Retail,672
ORD-12556,2025-02-15,North,Partner,660
ORD-12557,2025-02-27,North,Retail,453
ORD-12558,2025-02-22,West,Web,407
ORD-12559,2025-02-24,East,Retail,458
ORD-12560,2025-02-21,North,Partner,550
ORD-12561,2025-02-25,West,Web,567
ORD-12562,2025-02-17,North,Web,574
ORD-12563,2025-02-19,South,Partner,490
ORD-12564,2025-02-11,South,Partner,523
ORD-12565,2025-02-24,South,Partner,410
ORD-12566,2025-02-17,North,Retail,540
ORD-12567,2025-02-21,East,Web,481
ORD-12568,2025-02-09,East,Retail,489
ORD-12569,2025-02-02,West,Web,535
ORD-12570,2025-02-26,North,Retail,474
ORD-12571,2025-02-15,South,Retail,493
ORD-12572,2025-02-07,South,Retail,434
ORD-12573,2025-02-13,East,Partner,326
ORD-12574,2025-02-13,West,Web,486
ORD-12575,2025-02-07,East,Retail,357
ORD-12576,2025-02-27,West,Partner,776
ORD-12577,2025-02-23,South,Retail,488
ORD-12578,2025-02-17,West,Web,453
ORD-12579,2025-02-22,South,Web,389
ORD-12580,2025-02-16,West,Retail,635
ORD-12581,2025-02-18,North,Retail,611
ORD-12582,2025-02-10,East,Retail,451
ORD-12583,2025-02-04,West,Web,499
ORD-12584,2025-02-21,East,Retail,513
ORD-12585,2025-02-01,East,Retail,516
ORD-12586,2025-02-19,East,Web,379
ORD-12587,2025-02-20,South,Partner,526
ORD-12588,2025-02-17,South,Partner,627
ORD-12589,2025-02-27,South,Partner,458
ORD-12590,2025-02-14,East,Retail,428
ORD-12591,2025-02-01,East,Retail,523
ORD-12592,2025-02-28,North,Web,515
ORD-12593,2025-02-05,North,Web,494
ORD-12594,2025-02-27,North,Partner,453
ORD-12595,2025-02-11,East,Retail,561
ORD-12596,2025-02-04,South,Retail,567
ORD-12597,2025-02-13,East,Web,453
ORD-12598,2025-02-09,North,Retail,389
ORD-12599,2025-02-16,East,Partner,552
ORD-12600,2025-03-17,East,Partner,523
ORD-12601,2025-03-15,East,Retail,456
ORD-12602,2025-03-17,West,Partner,494
ORD-12603,2025-03-05,West,Partner,636
ORD-12604,2025-03-20,South,Web,459
ORD-12605,2025-03-20,North,Partner,453
ORD-12606,2025-03-10,South,Partner,490
ORD-12607,2025-03-18,West,Retail,544
ORD-12608,2025-03-22,South,Partner,559
ORD-12609,2025-03-15,West,Partner,563
ORD-12610,2025-03-12,North,Retail,632
ORD-12611,2025-03-17,West,Web,607
ORD-12612,2025-03-24,South,Web,386
ORD-12613,2025-03-20,South,Partner,544
ORD-12614,2025-03-11,West,Partner,467
ORD-12615,2025-03-08,East,Partner,320
ORD-12616,2025-03-18,East,Retail,501
ORD-12617,2025-03-01,South,Web,535
ORD-12618,2025-03-16,East,Retail,465
ORD-12619,2025-03-06,West,Web,412
ORD-12620,2025-03-04,North,Retail,415
ORD-12621,2025-03-23,North,Retail,606
ORD-12622,2025-03-22,East,Retail,658
ORD-12623,2025-03-04,East,Partner,459
ORD-12624,2025-03-16,North,Web,453
ORD-12625,2025-03-06,West,Partner,488
ORD-12626,2025-03-12,North,Retail,482
ORD-12627,2025-03-18,East,Web,410
ORD-12628,2025-03-10,East,Web,526
ORD-12629,2025-03-09,North,Web,656
ORD-12630,2025-03-22,East,Web,506
ORD-12631,2025-03-08,East,Web,539
ORD-12632,2025-03-25,East,Retail,423
ORD-12633,2025-03-19,East,Retail,648
ORD-12634,2025-03-19,North,Partner,644
ORD-12635,2025-03-18,South,Partner,672
ORD-12636,2025-03-07,North,Web,350
ORD-12637,2025-03-13,East,Web,553
ORD-12638,2025-03-15,West,Retail,496
ORD-12639,2025-03-13,North,Web,493
ORD-12640,2025-03-12,North,Web,573
ORD-12641,2025-03-03,South,Retail,531
ORD-12642,2025-03-17,East,Partner,673
ORD-12643,2025-03-22,North,Web,714
ORD-12644,2025-03-04,North,Web,605
ORD-12645,2025-03-22,North,Partner,539
ORD-12646,2025-03-13,West,Retail,415
ORD-12647,2025-03-14,East,Partner,517
ORD-12648,2025-03-11,East,Partner,489
ORD-12649,2025-03-14,North,Partner,577
ORD-12650,2025-03-24,East,Partner,573
ORD-12651,2025-03-25,East,Retail,628
ORD-12652,2025-03-06,North,Web,522
ORD-12653,2025-03-22,South,Partner,501
ORD-12654,2025-03-09,East,Partner,497
ORD-12655,2025-03-01,North,Retail,453
ORD-12656,2025-03-26,East,Retail,608
ORD-12657,2025-03-05,West,Retail,534
ORD-12658,2025-03-11,West,Retail,530
ORD-12659,2025-03-26,South,Web,467
ORD-12660,2025-03-04,West,Web,490
ORD-12661,2025-03-26,East,Partner,509
ORD-12662,2025-03-12,East,Retail,565
ORD-12663,2025-03-23,East,Web,558
ORD-12664,2025-03-20,East,Retail,592
ORD-12665,2025-03-25,North,Web,621
ORD-12666,2025-03-09,West,Retail,493
ORD-12667,2025-03-14,West,Partner,489
ORD-12668,2025-03-03,East,Web,511
ORD-12669,2025-03-16,North,Partner,545
ORD-12670,2025-03-18,South,Web,506
ORD-12671,2025-03-24,East,Retail,545
ORD-12672,2025-03-16,East,Web,624
ORD-12673,2025-03-01,West,Retail,525
ORD-12674,2025-03-24,North,Web,497
ORD-12675,2025-03-10,North,Retail,422
ORD-12676,2025-03-13,South,Retail,483
ORD-12677,2025-03-20,North,Partner,543
ORD-12678,2025-03-09,North,Web,552
ORD-12679,2025-03-19,West,Retail,521
ORD-12680,2025-03-14,South,Partner,366
ORD-12681,2025-03-26,East,Partner,378
ORD-12682,2025-03-10,West,Web,438
ORD-12683,2025-03-05,South,Partner,436
ORD-12684,2025-03-21,East,Web,418
ORD-12685,2025-03-24,East,Web,558
ORD-12686,2025-03-28,East,Web,502
ORD-12687,2025-03-19,West,Retail,547
ORD-12688,2025-03-04,North,Partner,379
ORD-12689,2025-03-06,East,Partner,586
ORD-12690,2025-03-21,North,Partner,433
ORD-12691,2025-03-27,North,Web,442
ORD-12692,2025-03-04,North,Partner,512
ORD-12693,2025-03-17,North,Web,572
ORD-12694,2025-03-19,South,Retail,408
ORD-12695,2025-03-20,West,Web,568
ORD-12696,2025-03-19,West,Partner,533
ORD-12697,2025-03-02,West,Partner,553
ORD-12698,2025-03-22,North,Retail,342
ORD-12699,2025-03-28,North,Web,580
ORD-12700,2025-03-21,South,Web,547
ORD-12701,2025-03-07,South,Partner,579
ORD-12702,2025-03-20,West,Web,375
ORD-12703,2025-03-12,South,Retail,525
ORD-12704,2025-03-07,East,Retail,440
ORD-12705,2025-03-21,West,Partner,359
ORD-12706,2025-03-24,East,Retail,502
ORD-12707,2025-03-11,South,Partner,489
ORD-12708,2025-03-09,East,Partner,522
ORD-12709,2025-03-13,South,Retail,394
ORD-12710,2025-03-03,South,Partner,399
ORD-12711,2025-03-04,South,Retail,768
ORD-12712,2025-03-15,West,Partner,653
ORD-12713,2025-03-05,South,Partner,499
ORD-12714,2025-03-24,West,Partner,289
ORD-12715,2025-03-11,East,Partner,471
ORD-12716,2025-03-24,North,Web,477
ORD-12717,2025-03-20,East,Partner,485
ORD-12718,2025-03-17,East,Partner,367
ORD-12719,2025-03-21,South,Web,552
ORD-12720,2025-03-23,North,Web,385
ORD-12721,2025-03-13,South,Retail,544
ORD-12722,2025-03-04,North,Web,513
ORD-12723,2025-03-17,North,Web,387
ORD-12724,2025-03-28,West,Retail,558
ORD-12725,2025-03-28,East,Retail,471
ORD-12726,2025-03-10,South,Retail,695
ORD-12727,2025-03-19,South,Web,514
ORD-12728,2025-03-08,South,Web,510
ORD-12729,2025-03-08,East,Retail,490
ORD-12730,2025-03-15,East,Retail,460
ORD-12731,2025-03-22,North,Retail,526
ORD-12732,2025-03-17,East,Retail,416
ORD-12733,2025-03-19,South,Partner,572
ORD-12734,2025-03-22,South,Retail,525
ORD-12735,2025-03-13,West,Partner,622
ORD-12736,2025-03-18,East,Retail,353
ORD-12737,2025-03-18,South,Retail,453
ORD-12738,2025-03-28,North,Partner,427
ORD-12739,2025-03-05,West,Retail,593
ORD-12740,2025-03-01,West,Partner,627
ORD-12741,2025-03-25,East,Retail,399
ORD-12742,2025-03-15,South,Retail,444
ORD-12743,2025-03-28,South,Retail,520
ORD-12744,2025-03-03,South,Retail,568
ORD-12745,2025-03-06,North,Retail,661
ORD-12746,2025-03-18,East,Retail,451
ORD-12747,2025-03-17,East,Partner,423
ORD-12748,2025-03-04,North,Retail,502
ORD-12749,2025-03-27,West,Partner,479
ORD-12750,2025-03-27,South,Retail,580
ORD-12751,2025-03-18,West,Partner,364
ORD-12752,2025-03-04,South,Retail,626
ORD-12753,2025-03-18,West,Retail,474
ORD-12754,2025-03-02,East,Partner,506
ORD-12755,2025-03-20,West,Web,624
ORD-12756,2025-03-04,East,Partner,438
ORD-12757,2025-03-20,East,Web,442
ORD-12758,2025-03-07,West,Partner,427
ORD-12759,2025-03-07,North,Partner,571
ORD-12760,2025-03-17,South,Retail,402
ORD-12761,2025-03-22,North,Web,420
ORD-12762,2025-03-27,South,Partner,544
ORD-12763,2025-03-06,East,Partner,506
ORD-12764,2025-03-16,South,Web,545
ORD-12765,2025-03-10,East,Retail,531
ORD-12766,2025-03-03,West,Web,445
ORD-12767,2025-03-18,East,Partner,450
ORD-12768,2025-03-18,North,Retail,446
ORD-12769,2025-03-22,South,Retail,347
ORD-12770,2025-03-18,West,Web,439
ORD-12771,2025-03-21,North,Web,385
ORD-12772,2025-03-11,South,Retail,453
ORD-12773,2025-03-13,North,Retail,509
ORD-12774,2025-03-18,West,Retail,491
ORD-12775,2025-03-01,South,Retail,544
ORD-12776,2025-03-02,West,Retail,576
ORD-12777,2025-03-12,West,Web,651
ORD-12778,2025-03-07,North,Partner,594
ORD-12779,2025-03-20,South,Retail,655
ORD-12780,2025-03-13,South,Web,408
ORD-12781,2025-03-28,West,Partner,540
ORD-12782,2025-03-20,West,Web,314
ORD-12783,2025-03-14,South,Partner,487
ORD-12784,2025-03-27,South,Partner,513
ORD-12785,2025-03-07,West,Retail,651
ORD-12786,2025-03-02,East,Partner,548
ORD-12787,2025-03-02,North,Partner,375
ORD-12788,2025-03-03,West,Partner,556
ORD-12789,2025-03-15,South,Retail,430
ORD-12790,2025-03-18,North,Partner,730
ORD-12791,2025-03-27,East,Partner,510
ORD-12792,2025-03-27,North,Partner,661
ORD-12793,2025-03-10,South,Partner,492
ORD-12794,2025-03-25,North,Partner,378
ORD-12795,2025-03-04,West,Retail,435
ORD-12796,2025-03-16,South,Retail,601
ORD-12797,2025-03-11,West,Partner,580
ORD-12798,2025-03-27,West,Retail,436
ORD-12799,2025-03-09,East,Retail,390
ORD-12800,2025-03-18,West,Web,523
ORD-12801,2025-03-03,West,Retail,457
ORD-12802,2025-03-22,North,Retail,466
ORD-12803,2025-03-26,East,Retail,387
ORD-12804,2025-03-11,East,Retail,530
ORD-12805,2025-03-13,East,Retail,439
ORD-12806,2025-03-22,West,Web,489
ORD-12807,2025-03-23,East,Partner,549
ORD-12808,2025-03-23,West,Partner,576
ORD-12809,2025-03-09,East,Web,592
ORD-12810,2025-03-28,East,Partner,356
ORD-12811,2025-03-09,East,Partner,469
ORD-12812,2025-03-22,South,Retail,451
ORD-12813,2025-03-17,East,Partner,443
ORD-12814,2025-03-07,North,Retail,329
ORD-12815,2025-03-25,South,Partner,549
ORD-12816,2025-03-04,East,Partner,560
ORD-12817,2025-03-05,East,Retail,534
ORD-12818,2025-03-23,West,Web,370
ORD-12819,2025-03-15,East,Retail,697
ORD-12820,2025-03-15,West,Partner,689
ORD-12821,2025-03-11,North,Retail,422
ORD-12822,2025-03-02,West,Retail,540
ORD-12823,2025-03-21,West,Web,377
ORD-12824,2025-03-23,East,Partner,592
ORD-12825,2025-03-25,West,Retail,522
ORD-12826,2025-03-27,West,Partner,519
ORD-12827,2025-03-05,East,Retail,385
ORD-12828,2025-03-13,North,Web,320
ORD-12829,2025-03-25,East,Web,550
ORD-12830,2025-03-19,East,Web,684
ORD-12831,2025-03-22,North,Partner,405
ORD-12832,2025-03-02,South,Partner,543
ORD-12833,2025-03-02,West,Retail,466
ORD-12834,2025-03-24,West,Retail,380
ORD-12835,2025-03-24,South,Partner,465
ORD-12836,2025-03-08,North,Retail,498
ORD-12837,2025-03-09,West,Web,373
ORD-12838,2025-03-15,South,Retail,445
ORD-12839,2025-03-26,South,Retail,540
ORD-12840,2025-03-14,South,Web,502
ORD-12841,2025-03-17,South,Retail,444
ORD-12842,2025-03-07,North,Web,387
ORD-12843,2025-03-28,East,Partner,684
ORD-12844,2025-03-08,North,Partner,446
ORD-12845,2025-03-26,East,Web,439
ORD-12846,2025-03-05,West,Web,546
ORD-12847,2025-03-17,East,Web,667
ORD-12848,2025-03-07,North,Web,452
ORD-12849,2025-03-07,North,Partner,533
ORD-12850,2025-03-24,South,Partner,383
ORD-12851,2025-03-09,South,Retail,425
ORD-12852,2025-03-04,South,Web,351
ORD-12853,2025-03-12,West,Web,350
ORD-12854,2025-03-10,East,Web,501
ORD-12855,2025-03-27,South,Partner,538
ORD-12856,2025-03-24,West,Retail,596
ORD-12857,2025-03-05,North,Web,409
ORD-12858,2025-03-14,North,Retail,575
ORD-12859,2025-03-04,South,Partner,628
ORD-12860,2025-03-03,South,Web,594
ORD-12861,2025-03-25,East,Retail,474
ORD-12862,2025-03-20,East,Web,492
ORD-12863,2025-03-11,South,Retail,505
ORD-12864,2025-03-23,East,Web,516
ORD-12865,2025-03-15,East,Retail,545
ORD-12866,2025-03-23,North,Partner,407
ORD-12867,2025-03-12,South,Partner,478
ORD-12868,2025-03-08,West,Partner,611
ORD-12869,2025-03-22,South,Web,398
ORD-12870,2025-03-16,East,Partner,492
ORD-12871,2025-03-26,North,Web,414
ORD-12872,2025-03-15,South,Web,384
ORD-12873,2025-03-07,East,Retail,458
ORD-12874,2025-03-03,South,Web,450
ORD-12875,2025-03-26,East,Web,386
ORD-12876,2025-03-25,North,Web,450
ORD-12877,2025-03-06,West,Retail,482
ORD-12878,2025-03-28,South,Web,453
ORD-12879,2025-03-13,North,Partner,584
ORD-12880,2025-03-16,East,Web,508
ORD-12881,2025-03-23,South,Partner,586
ORD-12882,2025-03-25,North,Partner,355
ORD-12883,2025-03-26,North,Web,366
ORD-12884,2025-03-13,South,Partner,521
ORD-12885,2025-03-21,South,Retail,462
ORD-12886,2025-03-06,South,Retail,456
ORD-12887,2025-03-27,South,Web,373
ORD-12888,2025-03-18,East,Web,560
ORD-12889,2025-03-02,East,Retail,456
ORD-12890,2025-03-26,North,Web,469
ORD-12891,2025-03-03,South,Web,596
ORD-12892,2025-03-09,West,Retail,585
ORD-12893,2025-03-07,East,Retail,445
ORD-12894,2025-03-23,West,Retail,410
ORD-12895,2025-03-09,West,Retail,486
ORD-12896,2025-03-23,North,Partner,374
ORD-12897,2025-03-12,North,Web,632
ORD-12898,2025-03-10,South,Retail,603
ORD-12899,2025-03-27,North,Partner,541
ORD-12900,2025-03-22,North,Retail,651
ORD-12901,2025-03-27,West,Web,484
ORD-12902,2025-03-05,East,Partner,518
ORD-12903,2025-03-15,South,Partner,456
ORD-12904,2025-03-22,South,Partner,499
ORD-12905,2025-03-15,East,Retail,389
ORD-12906,2025-03-19,West,Retail,486
ORD-12907,2025-03-12,West,Retail,526
ORD-12908,2025-03-05,East,Retail,386
ORD-12909,2025-03-07,North,Partner,424
ORD-12910,2025-03-28,South,Partner,389
ORD-12911,2025-03-14,West,Retail,658
ORD-12912,2025-03-07,East,Retail,558
ORD-12913,2025-03-24,West,Partner,432
ORD-12914,2025-03-25,North,Web,658
ORD-12915,2025-03-27,South,Web,423
ORD-12916,2025-03-13,North,Web,516
ORD-12917,2025-03-10,East,Retail,439
ORD-12918,2025-03-13,South,Partner,365
ORD-12919,2025-03-18,South,Partner,492
ORD-12920,2025-03-20,South,Partner,448
ORD-12921,2025-03-09,North,Web,392
ORD-12922,2025-03-21,South,Web,479
ORD-12923,2025-03-15,South,Partner,391
ORD-12924,2025-03-15,North,Partner,318
ORD-12925,2025-03-26,North,Web,460
ORD-12926,2025-03-28,South,Web,545
ORD-12927,2025-03-28,East,Partner,389
ORD-12928,2025-03-17,East,Partner,523
ORD-12929,2025-03-21,North,Retail,470
ORD-12930,2025-03-05,North,Web,524
ORD-12931,2025-03-23,West,Partner,615
ORD-12932,2025-03-02,West,Partner,613
ORD-12933,2025-03-11,South,Partner,539
ORD-12934,2025-03-27,West,Retail,410
ORD-12935,2025-03-13,North,Web,521
ORD-12936,2025-03-14,East,Web,419
ORD-12937,2025-03-28,West,Retail,510
ORD-12938,2025-03-08,South,Web,609
ORD-12939,2025-03-06,North,Web,574
ORD-12940,2025-03-05,West,Web,436
ORD-12941,2025-03-02,South,Partner,471
ORD-12942,2025-03-16,North,Retail,476
ORD-12943,2025-03-26,North,Web,655
ORD-12944,2025-03-22,East,Retail,446
ORD-12945,2025-03-03,South,Retail,569
ORD-12946,2025-03-04,North,Web,521
ORD-12947,2025-03-23,East,Retail,286
ORD-12948,2025-03-18,North,Retail,608
ORD-12949,2025-03-25,East,Retail,735
ORD-12950,2025-03-11,South,Retail,493
ORD-12951,2025-03-20,South,Partner,565
ORD-12952,2025-03-06,North,Partner,645
ORD-12953,2025-03-05,North,Web,566
ORD-12954,2025-03-02,West,Web,632
ORD-12955,2025-03-24,East,Web,538
ORD-12956,2025-03-12,East,Partner,606
ORD-12957,2025-03-22,South,Web,491
ORD-12958,2025-03-26,West,Web,421
ORD-12959,2025-03-25,West,Partner,406
ORD-12960,2025-03-11,South,Retail,512
ORD-12961,2025-03-05,North,Web,607
ORD-12962,2025-03-24,South,Partner,554
ORD-12963,2025-03-22,North,Web,565
ORD-12964,2025-03-08,North,Web,444
ORD-12965,2025-03-26,West,Partner,611
ORD-12966,2025-03-11,South,Web,316
ORD-12967,2025-03-28,South,Retail,293
ORD-12968,2025-03-08,West,Partner,418
ORD-12969,2025-03-08,West,Partner,555
ORD-12970,2025-03-18,South,Retail,619
ORD-12971,2025-03-17,West,Web,512
ORD-12972,2025-03-07,South,Partner,490
ORD-12973,2025-03-20,South,Partner,638
ORD-12974,2025-03-02,South,Web,469
ORD-12975,2025-03-24,South,Web,601
ORD-12976,2025-03-11,East,Web,512
ORD-12977,2025-03-24,North,Partner,559
ORD-12978,2025-03-21,South,Web,421
ORD-12979,2025-03-23,North,Retail,520
ORD-12980,2025-03-26,North,Retail,492
ORD-12981,2025-03-08,East,Partner,605
ORD-12982,2025-03-21,South,Partner,463
ORD-12983,2025-03-27,West,Web,346
ORD-12984,2025-03-16,North,Partner,419
ORD-12985,2025-03-18,West,Retail,475
ORD-12986,2025-03-12,North,Partner,480
ORD-12987,2025-03-11,South,Retail,516
ORD-12988,2025-03-17,North,Web,535
ORD-12989,2025-03-15,East,Partner,450
ORD-12990,2025-03-06,East,Web,357
ORD-12991,2025-03-22,South,Partner,486
ORD-12992,2025-03-05,South,Web,712
ORD-12993,2025-03-04,East,Partner,538
ORD-12994,2025-03-28,East,Retail,562
ORD-12995,2025-03-07,North,Partner,454
ORD-12996,2025-03-12,East,Retail,520
ORD-12997,2025-03-18,West,Web,507
ORD-12998,2025-03-27,West,Retail,544
ORD-12999,2025-03-19,East,Web,506
ORD-13000,2025-03-25,East,Web,558
ORD-13001,2025-03-25,East,Partner,544
ORD-13002,2025-03-05,North,Partner,420
ORD-13003,2025-03-22,North,Web,561
ORD-13004,2025-03-27,East,Web,369
ORD-13005,2025-03-08,East,Web,539
ORD-13006,2025-03-05,East,Partner,572
ORD-13007,2025-03-26,North,Web,444
ORD-13008,2025-03-18,East,Retail,540
ORD-13009,2025-03-08,South,Partner,517
ORD-13010,2025-03-24,North,Partner,333
ORD-13011,2025-03-27,South,Web,570
ORD-13012,2025-03-25,South,Web,675
ORD-13013,2025-03-01,North,Retail,431
ORD-13014,2025-03-25,South,Partner,599
ORD-13015,2025-03-06,East,Retail,703
ORD-13016,2025-03-03,North,Retail,475
ORD-13017,2025-03-21,South,Retail,515
ORD-13018,2025-03-28,North,Partner,416
ORD-13019,2025-03-04,South,Web,401
ORD-13020,2025-03-19,East,Web,557
ORD-13021,2025-03-09,South,Retail,657
ORD-13022,2025-03-22,South,Retail,518
ORD-13023,2025-03-08,East,Web,669
ORD-13024,2025-03-28,East,Partner,486
ORD-13025,2025-03-19,North,Web,406
ORD-13026,2025-03-21,East,Retail,566
ORD-13027,2025-03-25,West,Retail,382
ORD-13028,2025-03-02,North,Partner,517
ORD-13029,2025-03-03,West,Web,646
ORD-13030,2025-03-06,East,Partner,576
ORD-13031,2025-03-14,East,Retail,496
ORD-13032,2025-03-01,West,Partner,535
ORD-13033,2025-03-11,South,Retail,566
ORD-13034,2025-03-23,East,Partner,352
ORD-13035,2025-03-04,South,Partner,620
ORD-13036,2025-03-28,North,Web,579
ORD-13037,2025-03-24,North,Retail,424
ORD-13038,2025-03-06,West,Partner,457
ORD-13039,2025-03-22,South,Partner,587
ORD-13040,2025-03-15,West,Web,292
ORD-13041,2025-03-01,South,Web,418
ORD-13042,2025-03-17,West,Retail,659
ORD-13043,2025-03-08,East,Retail,341
ORD-13044,2025-03-17,South,Partner,498
ORD-13045,2025-03-18,North,Partner,509
ORD-13046,2025-03-17,South,Web,526
ORD-13047,2025-03-18,North,Partner,522
ORD-13048,2025-03-12,North,Retail,464
ORD-13049,2025-03-12,South,Retail,621
ORD-13050,2025-03-27,East,Partner,550
ORD-13051,2025-03-26,East,Web,488
ORD-13052,2025-03-12,East,Partner,432
ORD-13053,2025-03-11,North,Retail,333
ORD-13054,2025-03-10,West,Web,538
ORD-13055,2025-03-22,North,Partner,547
ORD-13056,2025-03-13,West,Retail,533
ORD-13057,2025-03-09,North,Web,467
ORD-13058,2025-03-02,East,Web,513
ORD-13059,2025-03-01,North,Retail,673
ORD-13060,2025-03-18,South,Retail,388
ORD-13061,2025-03-25,North,Web,593
ORD-13062,2025-03-07,North,Retail,320
ORD-13063,2025-03-18,North,Partner,425
ORD-13064,2025-03-02,East,Retail,356
ORD-13065,2025-03-06,West,Partner,500
ORD-13066,2025-03-22,South,Partner,552
ORD-13067,2025-03-22,West,Web,560
ORD-13068,2025-03-04,South,Retail,414
ORD-13069,2025-03-16,East,Web,419
ORD-13070,2025-03-10,North,Web,496
ORD-13071,2025-03-16,South,Web,328
ORD-13072,2025-03-22,West,Partner,397
ORD-13073,2025-03-06,South,Web,569
ORD-13074,2025-03-13,West,Web,500
ORD-13075,2025-03-06,West,Retail,486
ORD-13076,2025-03-02,North,Web,492
ORD-13077,2025-03-23,West,Web,485
ORD-13078,2025-03-13,North,Retail,505
ORD-13079,2025-03-21,South,Partner,643
ORD-13080,2025-03-15,East,Partner,343
ORD-13081,2025-03-13,South,Retail,488
ORD-13082,2025-03-23,North,Retail,480
ORD-13083,2025-03-04,East,Retail,590
ORD-13084,2025-03-03,East,Web,485
ORD-13085,2025-03-02,West,Partner,350
ORD-13086,2025-03-07,West,Partner,366
ORD-13087,2025-03-19,North,Retail,559
ORD-13088,2025-03-24,South,Web,573
ORD-13089,2025-03-02,East,Retail,564
ORD-13090,2025-03-20,West,Web,417
ORD-13091,2025-03-02,North,Web,347
ORD-13092,2025-03-24,North,Retail,490
ORD-13093,2025-03-20,West,Web,309
ORD-13094,2025-03-05,North,Partner,499
ORD-13095,2025-03-04,South,Retail,468
ORD-13096,2025-03-13,North,Retail,518
ORD-13097,2025-03-17,North,Web,523
ORD-13098,2025-03-15,East,Partner,438
ORD-13099,2025-03-25,East,Web,535
ORD-13100,2025-03-06,North,Retail,473
ORD-13101,2025-03-15,West,Web,541
ORD-13102,2025-03-19,East,Partner,461
ORD-13103,2025-03-22,West,Partner,624
ORD-13104,2025-03-27,North,Retail,496
ORD-13105,2025-03-28,North,Web,575
ORD-13106,2025-03-18,North,Retail,406
ORD-13107,2025-03-14,North,Retail,461
ORD-13108,2025-03-09,South,Retail,610
ORD-13109,2025-03-14,East,Retail,476
ORD-13110,2025-03-20,West,Partner,640
ORD-13111,2025-03-07,North,Web,354
ORD-13112,2025-03-23,South,Web,498
ORD-13113,2025-03-17,South,Retail,438
ORD-13114,2025-03-28,East,Web,505
ORD-13115,2025-03-22,West,Partner,311
ORD-13116,2025-03-24,East,Retail,549
ORD-13117,2025-03-22,East,Web,390
ORD-13118,2025-03-22,South,Partner,494
ORD-13119,2025-03-19,West,Partner,490
ORD-13120,2025-03-16,West,Retail,670
ORD-13121,2025-03-09,East,Partner,390
ORD-13122,2025-03-24,South,Web,541
ORD-13123,2025-03-18,North,Web,579
ORD-13124,2025-03-04,North,Web,513
ORD-13125,2025-03-10,South,Retail,364
ORD-13126,2025-03-23,West,Partner,596
ORD-13127,2025-03-09,South,Partner,529
ORD-13128,2025-03-05,West,Web,718
ORD-13129,2025-03-04,North,Retail,510
ORD-13130,2025-03-28,West,Web,388
ORD-13131,2025-03-06,West,Web,543
ORD-13132,2025-03-11,South,Web,516
ORD-13133,2025-03-08,South,Partner,459
ORD-13134,2025-03-25,East,Web,533
ORD-13135,2025-03-16,South,Retail,422
ORD-13136,2025-03-07,North,Web,634
ORD-13137,2025-03-19,West,Retail,602
ORD-13138,2025-03-22,East,Partner,424
ORD-13139,2025-03-11,North,Retail,519
ORD-13140,2025-03-17,North,Web,540
ORD-13141,2025-03-04,South,Web,366
ORD-13142,2025-03-25,West,Retail,548
ORD-13143,2025-03-28,North,Retail,371
ORD-13144,2025-03-27,West,Web,400
ORD-13145,2025-03-03,North,Web,378
ORD-13146,2025-03-10,East,Web,602
ORD-13147,2025-03-09,East,Partner,453
ORD-13148,2025-03-26,South,Web,534
ORD-13149,2025-03-02,South,Web,549
ORD-13150,2025-03-11,East,Retail,491
ORD-13151,2025-03-14,South,Web,604
ORD-13152,2025-03-28,South,Web,496
ORD-13153,2025-03-15,West,Retail,604
ORD-13154,2025-03-12,North,Web,569
ORD-13155,2025-03-14,West,Web,515
ORD-13156,2025-03-06,East,Retail,361
ORD-13157,2025-03-27,East,Web,615
ORD-13158,2025-03-25,West,Retail,426
ORD-13159,2025-03-12,North,Web,340
ORD-13160,2025-03-15,West,Partner,611
ORD-13161,2025-03-05,East,Partner,499
ORD-13162,2025-03-08,North,Retail,460
ORD-13163,2025-03-07,North,Partner,502
ORD-13164,2025-03-13,West,Web,766
ORD-13165,2025-03-06,West,Partner,507
ORD-13166,2025-03-15,East,Web,528
ORD-13167,2025-03-14,West,Web,550
ORD-13168,2025-03-12,South,Web,555
ORD-13169,2025-03-11,East,Partner,646
ORD-13170,2025-03-03,West,Partner,448
ORD-13171,2025-03-27,North,Web,404
ORD-13172,2025-03-02,South,Web,498
ORD-13173,2025-03-21,West,Web,658
ORD-13174,2025-03-18,West,Partner,499
ORD-13175,2025-03-11,East,Partner,600
ORD-13176,2025-03-21,North,Partner,479
ORD-13177,2025-03-28,East,Partner,404
ORD-13178,2025-03-12,South,Retail,583
ORD-13179,2025-03-14,South,Web,432
ORD-13180,2025-03-18,North,Retail,573
ORD-13181,2025-03-12,East,Web,546
ORD-13182,2025-03-06,East,Retail,477
ORD-13183,2025-03-08,East,Retail,569
ORD-13184,2025-03-16,West,Web,521
ORD-13185,2025-03-13,North,Web,288
ORD-13186,2025-03-14,North,Web,669
ORD-13187,2025-03-17,South,Web,508
ORD-13188,2025-03-11,East,Web,485
ORD-13189,2025-03-05,East,Retail,558
ORD-13190,2025-03-10,West,Retail,540
ORD-13191,2025-03-12,East,Retail,508
ORD-13192,2025-03-02,South,Retail,632
ORD-13193,2025-03-17,South,Retail,364
ORD-13194,2025-03-19,North,Retail,321
ORD-13195,2025-03-06,South,Partner,571
ORD-13196,2025-03-08,North,Retail,476
ORD-13197,2025-03-02,West,Retail,404
ORD-13198,2025-03-23,North,Web,536
ORD-13199,2025-03-02,East,Web,458
ORD-13200,2025-03-18,South,Partner,557
ORD-13201,2025-03-13,East,Partner,569
ORD-13202,2025-03-22,West,Partner,496
ORD-13203,2025-03-05,North,Web,483
ORD-13204,2025-03-17,South,Retail,633
ORD-13205,2025-03-13,South,Partner,542
ORD-13206,2025-03-07,East,Retail,618
ORD-13207,2025-03-16,South,Retail,339
ORD-13208,2025-03-21,South,Retail,499
ORD-13209,2025-03-12,North,Retail,606
ORD-13210,2025-03-10,East,Web,455
ORD-13211,2025-03-09,South,Partner,641
ORD-13212,2025-03-26,North,Web,375
ORD-13213,2025-03-11,East,Web,435
ORD-13214,2025-03-23,East,Retail,514
ORD-13215,2025-03-06,North,Partner,482
ORD-13216,2025-03-24,North,Retail,749
ORD-13217,2025-03-25,East,Partner,419
ORD-13218,2025-03-15,South,Retail,451
ORD-13219,2025-03-04,West,Web,236
ORD-13220,2025-03-21,West,Retail,329
ORD-13221,2025-03-19,South,Partner,555
ORD-13222,2025-03-10,South,Web,531
ORD-13223,2025-03-07,West,Web,402
ORD-13224,2025-03-18,West,Retail,517
ORD-13225,2025-03-08,South,Retail,397
ORD-13226,2025-03-17,North,Partner,590
ORD-13227,2025-03-16,East,Retail,525
ORD-13228,2025-03-28,South,Partner,373
ORD-13229,2025-03-04,East,Partner,533
ORD-13230,2025-03-10,West,Web,331
ORD-13231,2025-03-24,North,Web,523
ORD-13232,2025-03-11,East,Partner,675
ORD-13233,2025-03-04,West,Web,521
ORD-13234,2025-03-05,South,Partner,548
ORD-13235,2025-03-03,South,Retail,514
ORD-13236,2025-03-05,East,Partner,530
ORD-13237,2025-03-09,North,Retail,527
ORD-13238,2025-03-24,West,Partner,570
ORD-13239,2025-03-16,North,Retail,416
ORD-13240,2025-03-14,North,Web,607
ORD-13241,2025-03-15,East,Web,698
ORD-13242,2025-03-27,North,Retail,693
ORD-13243,2025-03-17,North,Retail,568
ORD-13244,2025-03-22,North,Web,725
ORD-13245,2025-03-20,South,Web,477
ORD-13246,2025-03-18,West,Partner,436
ORD-13247,2025-03-02,South,Web,492
ORD-13248,2025-03-12,South,Partner,351
ORD-13249,2025-03-19,North,Web,512
ORD-13250,2025-03-08,East,Retail,421
ORD-13251,2025-03-25,East,Web,509
ORD-13252,2025-03-09,East,Partner,631
ORD-13253,2025-03-23,West,Partner,494
ORD-13254,2025-03-18,East,Retail,502
ORD-13255,2025-03-23,East,Web,582
ORD-13256,2025-03-01,East,Web,646
ORD-13257,2025-03-06,North,Partner,500
ORD-13258,2025-03-01,East,Retail,507
ORD-13259,2025-03-04,East,Partner,494
ORD-13260,2025-03-27,North,Partner,484
ORD-13261,2025-03-09,West,Partner,472
ORD-13262,2025-03-18,East,Web,415
ORD-13263,2025-03-10,East,Retail,486
ORD-13264,2025-03-24,South,Retail,552
ORD-13265,2025-03-20,South,Web,433
ORD-13266,2025-03-12,West,Retail,542
ORD-13267,2025-03-04,East,Web,628
ORD-13268,2025-03-22,South,Web,377
ORD-13269,2025-03-06,West,Partner,379
ORD-13270,2025-03-28,West,Web,569
ORD-13271,2025-03-16,South,Web,463
ORD-13272,2025-03-23,South,Retail,566
ORD-13273,2025-03-17,East,Retail,599
ORD-13274,2025-03-10,West,Partner,674
ORD-13275,2025-03-11,West,Web,331
ORD-13276,2025-03-09,North,Partner,520
ORD-13277,2025-03-10,North,Web,293
ORD-13278,2025-03-13,West,Web,495
ORD-13279,2025-03-19,North,Web,437
ORD-13280,2025-03-12,West,Web,475
ORD-13281,2025-03-09,East,Retail,540
ORD-13282,2025-03-16,West,Retail,567
ORD-13283,2025-03-06,North,Partner,457
ORD-13284,2025-03-10,West,Web,363
ORD-13285,2025-03-02,South,Partner,680
ORD-13286,2025-03-16,West,Retail,602
ORD-13287,2025-03-14,East,Partner,619
ORD-13288,2025-03-13,East,Web,497
ORD-13289,2025-03-28,East,Partner,534
ORD-13290,2025-03-01,East,Retail,647
ORD-13291,2025-03-27,West,Retail,396
ORD-13292,2025-03-09,North,Web,595
ORD-13293,2025-03-09,East,Retail,529
ORD-13294,2025-03-06,West,Web,487
ORD-13295,2025-03-15,East,Partner,526
ORD-13296,2025-03-21,North,Partner,447
ORD-13297,2025-03-27,East,Partner,498
ORD-13298,2025-03-15,North,Web,507
ORD-13299,2025-03-28,North,Retail,454
ORD-13300,2025-03-14,North,Retail,411
ORD-13301,2025-03-25,East,Web,478
ORD-13302,2025-03-09,East,Partner,473
ORD-13303,2025-03-27,South,Web,455
ORD-13304,2025-03-05,North,Retail,474
ORD-13305,2025-03-09,West,Partner,477
ORD-13306,2025-03-05,West,Web,429
ORD-13307,2025-03-08,North,Partner,316
ORD-13308,2025-03-14,West,Web,435
ORD-13309,2025-03-09,South,Retail,479
ORD-13310,2025-03-21,West,Web,561
ORD-13311,2025-03-07,North,Partner,553
ORD-13312,2025-03-13,West,Retail,475
ORD-13313,2025-03-07,East,Retail,582
ORD-13314,2025-03-21,East,Web,520
ORD-13315,2025-03-02,West,Retail,694
ORD-13316,2025-03-17,East,Web,510
ORD-13317,2025-03-06,North,Partner,556
ORD-13318,2025-03-04,North,Retail,663
ORD-13319,2025-03-03,North,Partner,481
ORD-13320,2025-03-17,North,Partner,658
ORD-13321,2025-03-06,North,Retail,302
ORD-13322,2025-03-04,East,Partner,427
ORD-13323,2025-03-05,West,Web,483
ORD-13324,2025-03-01,South,Partner,462
ORD-13325,2025-03-23,South,Web,415
ORD-13326,2025-03-22,South,Partner,511
ORD-13327,2025-03-08,South,Web,596
ORD-13328,2025-03-05,North,Partner,448
ORD-13329,2025-03-09,East,Web,511
ORD-13330,2025-03-01,South,Web,613
ORD-13331,2025-03-16,South,Partner,457
ORD-13332,2025-03-01,West,Web,481
ORD-13333,2025-03-14,North,Partner,472
ORD-13334,2025-03-18,North,Partner,479
ORD-13335,2025-03-28,West,Web,479
ORD-13336,2025-03-14,West,Retail,529
ORD-13337,2025-03-25,East,Partner,408
ORD-13338,2025-03-02,West,Partner,515
ORD-13339,2025-03-02,West,Web,512
ORD-13340,2025-03-25,East,Web,411
ORD-13341,2025-03-07,West,Retail,323
ORD-13342,2025-03-28,East,Web,450
ORD-13343,2025-03-23,South,Partner,580
ORD-13344,2025-03-24,North,Web,643
ORD-13345,2025-03-21,North,Partner,440
ORD-13346,2025-03-17,East,Web,468
ORD-13347,2025-03-15,East,Partner,353
ORD-13348,2025-03-02,West,Web,381
ORD-13349,2025-03-09,South,Retail,513
ORD-13350,2025-03-18,West,Retail,488
ORD-13351,2025-03-05,North,Partner,567
ORD-13352,2025-03-24,East,Web,572
ORD-13353,2025-03-05,South,Web,500
ORD-13354,2025-03-16,East,Partner,599
ORD-13355,2025-03-25,West,Retail,422
ORD-13356,2025-03-01,North,Partner,479
ORD-13357,2025-03-02,East,Retail,470
ORD-13358,2025-03-12,North,Partner,463
ORD-13359,2025-03-26,East,Retail,491
ORD-13360,2025-03-20,East,Partner,496
ORD-13361,2025-03-10,South,Web,506
ORD-13362,2025-03-22,West,Retail,492
ORD-13363,2025-03-26,East,Partner,460
ORD-13364,2025-03-03,East,Partner,550
ORD-13365,2025-03-19,West,Web,614
ORD-13366,2025-03-10,North,Partner,470
ORD-13367,2025-03-17,North,Retail,545
ORD-13368,2025-03-27,East,Partner,578
ORD-13369,2025-03-26,East,Web,537
ORD-13370,2025-03-10,South,Partner,543
ORD-13371,2025-03-23,North,Partner,423
ORD-13372,2025-03-07,West,Partner,517
ORD-13373,2025-03-14,East,Partner,294
ORD-13374,2025-03-21,West,Partner,711
ORD-13375,2025-03-10,North,Partner,596
ORD-13376,2025-03-03,North,Web,319
ORD-13377,2025-03-26,South,Web,485
ORD-13378,2025-03-22,South,Retail,740
ORD-13379,2025-03-27,West,Web,459
ORD-13380,2025-03-11,West,Partner,420
ORD-13381,2025-03-09,North,Partner,481
ORD-13382,2025-03-11,East,Partner,626
ORD-13383,2025-03-07,South,Partner,490
ORD-13384,2025-03-26,West,Partner,433
ORD-13385,2025-03-28,West,Web,589
ORD-13386,2025-03-20,East,Retail,628
ORD-13387,2025-03-09,West,Partner,386
ORD-13388,2025-03-08,South,Web,648
ORD-13389,2025-03-19,North,Retail,471
ORD-13390,2025-03-26,West,Partner,436
ORD-13391,2025-03-02,North,Web,369
ORD-13392,2025-03-24,West,Retail,466
ORD-13393,2025-03-08,South,Web,491
ORD-13394,2025-03-28,North,Partner,377
ORD-13395,2025-03-05,East,Partner,509
ORD-13396,2025-03-19,East,Web,639
ORD-13397,2025-03-16,East,Web,361
ORD-13398,2025-03-28,South,Partner,391
ORD-13399,2025-03-25,West,Retail,670
ORD-13400,2025-03-16,North,Partner,284
ORD-13401,2025-03-22,North,Retail,410
ORD-13402,2025-03-26,North,Partner,524
ORD-13403,2025-03-10,South,Retail,508
ORD-13404,2025-03-09,South,Partner,459
ORD-13405,2025-03-09,South,Partner,491
ORD-13406,2025-03-03,South,Retail,410
ORD-13407,2025-03-12,West,Partner,578
ORD-13408,2025-03-21,East,Retail,304
ORD-13409,2025-03-01,East,Web,560
ORD-13410,2025-03-17,West,Retail,481
ORD-13411,2025-03-28,West,Retail,525
ORD-13412,2025-03-13,East,Web,477
ORD-13413,2025-03-05,West,Retail,464
ORD-13414,2025-03-06,North,Partner,466
ORD-13415,2025-03-15,West,Retail,562
ORD-13416,2025-03-21,North,Partner,606
ORD-13417,2025-03-20,West,Partner,448
ORD-13418,2025-03-23,South,Partner,428
ORD-13419,2025-03-22,West,Retail,495
ORD-13420,2025-03-18,West,Retail,419
ORD-13421,2025-03-09,West,Web,478
ORD-13422,2025-03-08,North,Partner,514
ORD-13423,2025-03-07,East,Web,488
ORD-13424,2025-03-23,North,Retail,691
ORD-13425,2025-03-22,East,Partner,607
ORD-13426,2025-03-18,North,Partner,400
ORD-13427,2025-03-26,West,Web,533
ORD-13428,2025-03-08,North,Web,503
ORD-13429,2025-03-18,East,Partner,509
ORD-13430,2025-03-23,South,Retail,325
ORD-13431,2025-03-26,West,Partner,369
ORD-13432,2025-03-24,North,Partner,634
ORD-13433,2025-03-13,North,Web,417
ORD-13434,2025-03-12,South,Retail,597
ORD-13435,2025-03-11,East,Retail,663
ORD-13436,2025-03-20,East,Web,414
ORD-13437,2025-03-16,North,Partner,468
ORD-13438,2025-03-19,East,Partner,485
ORD-13439,2025-03-22,West,Web,410
ORD-13440,2025-03-10,South,Web,648
ORD-13441,2025-03-07,South,Retail,532
ORD-13442,2025-03-26,North,Partner,476
ORD-13443,2025-03-23,South,Web,484
ORD-13444,2025-03-16,East,Partner,343
ORD-13445,2025-03-17,South,Partner,571
ORD-13446,2025-03-23,West,Web,439
ORD-13447,2025-03-03,South,Partner,503
ORD-13448,2025-03-22,North,Web,563
ORD-13449,2025-03-02,South,Retail,545
ORD-13450,2025-03-06,South,Partner,528
ORD-13451,2025-03-19,South,Web,630
ORD-13452,2025-03-15,East,Web,236
ORD-13453,2025-03-15,East,Partner,503
ORD-13454,2025-03-07,North,Web,709
ORD-13455,2025-03-11,West,Web,389
ORD-13456,2025-03-06,North,Partner,578
ORD-13457,2025-03-12,East,Retail,401
ORD-13458,2025-03-27,South,Web,436
ORD-13459,2025-03-12,South,Retail,375
ORD-13460,2025-03-22,South,Retail,545
ORD-13461,2025-03-17,West,Web,448
ORD-13462,2025-03-02,South,Partner,564
ORD-13463,2025-03-22,South,Retail,460
ORD-13464,2025-03-07,South,Partner,499
ORD-13465,2025-03-15,North,Partner,559
ORD-13466,2025-03-27,North,Retail,559
ORD-13467,2025-03-22,East,Web,529
ORD-13468,2025-03-14,East,Retail,476
ORD-13469,2025-03-02,East,Partner,609
ORD-13470,2025-03-16,South,Partner,543
ORD-13471,2025-03-14,South,Partner,645
ORD-13472,2025-03-19,North,Web,567
ORD-13473,2025-03-11,West,Partner,484
ORD-13474,2025-03-02,East,Retail,558
ORD-13475,2025-03-05,West,Retail,430
ORD-13476,2025-03-10,East,Retail,500
ORD-13477,2025-03-19,West,Retail,459
ORD-13478,2025-03-04,North,Retail,554
ORD-13479,2025-03-23,East,Retail,406
ORD-13480,2025-03-01,North,Web,489
ORD-13481,2025-03-06,East,Partner,601
ORD-13482,2025-03-09,North,Partner,617
ORD-13483,2025-03-27,West,Web,287
ORD-13484,2025-03-25,North,Partner,423
ORD-13485,2025-03-27,East,Retail,558
ORD-13486,2025-03-22,North,Web,495
ORD-13487,2025-03-17,East,Web,488
ORD-13488,2025-03-04,South,Retail,560
ORD-13489,2025-03-10,South,Retail,536
ORD-13490,2025-03-28,East,Retail,478
ORD-13491,2025-03-24,West,Web,485
ORD-13492,2025-03-10,West,Partner,655
ORD-13493,2025-03-13,North,Web,585
ORD-13494,2025-03-06,North,Partner,488
ORD-13495,2025-03-21,North,Retail,624
ORD-13496,2025-03-04,West,Retail,585
ORD-13497,2025-03-02,North,Partner,685
ORD-13498,2025-03-17,South,Retail,530
ORD-13499,2025-03-25,East,Retail,533
ORD-13500,2025-04-09,North,Retail,615
ORD-13501,2025-04-16,South,Retail,484
ORD-13502,2025-04-06,North,Web,613
ORD-13503,2025-04-26,East,Retail,398
ORD-13504,2025-04-16,North,Partner,429
ORD-13505,2025-04-08,North,Web,558
ORD-13506,2025-04-19,East,Retail,357
ORD-13507,2025-04-18,North,Partner,563
ORD-13508,2025-04-15,North,Partner,402
ORD-13509,2025-04-14,West,Partner,478
ORD-13510,2025-04-09,South,Partner,553
ORD-13511,2025-04-03,South,Web,530
ORD-13512,2025-04-25,South,Retail,367
ORD-13513,2025-04-25,East,Retail,390
ORD-13514,2025-04-17,South,Web,385
ORD-13515,2025-04-19,South,Web,631
ORD-13516,2025-04-24,South,Partner,574
ORD-13517,2025-04-21,East,Partner,593
ORD-13518,2025-04-10,North,Retail,448
ORD-13519,2025-04-18,East,Web,501
ORD-13520,2025-04-23,West,Retail,403
ORD-13521,2025-04-24,North,Partner,519
ORD-13522,2025-04-18,North,Partner,555
ORD-13523,2025-04-14,North,Retail,555
ORD-13524,2025-04-13,North,Web,453
ORD-13525,2025-04-17,West,Partner,511
ORD-13526,2025-04-17,West,Retail,437
ORD-13527,2025-04-08,East,Web,625
ORD-13528,2025-04-12,South,Retail,546
ORD-13529,2025-04-14,West,Partner,406
ORD-13530,2025-04-17,West,Retail,525
ORD-13531,2025-04-20,North,Partner,597
ORD-13532,2025-04-22,East,Partner,319
ORD-13533,2025-04-13,North,Partner,394
ORD-13534,2025-04-20,South,Web,460
ORD-13535,2025-04-13,East,Web,633
ORD-13536,2025-04-13,East,Retail,560
ORD-13537,2025-04-10,West,Retail,505
ORD-13538,2025-04-19,North,Partner,418
ORD-13539,2025-04-10,West,Retail,545
ORD-13540,2025-04-15,West,Web,366
ORD-13541,2025-04-21,South,Partner,447
ORD-13542,2025-04-08,East,Web,517
ORD-13543,2025-04-14,West,Web,572
ORD-13544,2025-04-08,West,Retail,469
ORD-13545,2025-04-14,North,Web,734
ORD-13546,2025-04-24,West,Web,450
ORD-13547,2025-04-01,East,Web,467
ORD-13548,2025-04-01,South,Web,710
ORD-13549,2025-04-01,South,Retail,446
ORD-13550,2025-04-01,West,Retail,563
ORD-13551,2025-04-25,North,Web,474
ORD-13552,2025-04-11,West,Web,522
ORD-13553,2025-04-06,South,Retail,497
ORD-13554,2025-04-16,North,Retail,597
ORD-13555,2025-04-28,West,Partner,500
ORD-13556,2025-04-03,East,Web,450
ORD-13557,2025-04-05,West,Web,546
ORD-13558,2025-04-01,North,Retail,620
ORD-13559,2025-04-17,East,Web,385
ORD-13560,2025-04-04,East,Partner,442
ORD-13561,2025-04-07,North,Retail,547
ORD-13562,2025-04-24,East,Retail,477
ORD-13563,2025-04-07,South,Retail,540
ORD-13564,2025-04-14,West,Web,392
ORD-13565,2025-04-23,North,Web,537
ORD-13566,2025-04-28,South,Retail,414
ORD-13567,2025-04-01,West,Partner,352
ORD-13568,2025-04-06,North,Retail,534
ORD-13569,2025-04-10,South,Partner,502
ORD-13570,2025-04-19,East,Partner,441
ORD-13571,2025-04-16,West,Web,525
ORD-13572,2025-04-20,East,Web,438
ORD-13573,2025-04-04,East,Web,284
ORD-13574,2025-04-03,South,Web,488
ORD-13575,2025-04-11,South,Retail,614
ORD-13576,2025-04-22,West,Retail,509
ORD-13577,2025-04-12,West,Retail,378
ORD-13578,2025-04-16,West,Retail,439
ORD-13579,2025-04-21,East,Partner,450
ORD-13580,2025-04-18,South,Web,473
ORD-13581,2025-04-01,North,Web,557
ORD-13582,2025-04-18,North,Retail,404
ORD-13583,2025-04-14,North,Web,398
ORD-13584,2025-04-03,East,Retail,383
ORD-13585,2025-04-21,South,Partner,516
ORD-13586,2025-04-20,East,Partner,418
ORD-13587,2025-04-16,North,Web,428
ORD-13588,2025-04-24,South,Partner,430
ORD-13589,2025-04-11,East,Web,400
ORD-13590,2025-04-01,West,Partner,343
ORD-13591,2025-04-18,North,Web,627
ORD-13592,2025-04-01,South,Web,574
ORD-13593,2025-04-08,South,Retail,365
ORD-13594,2025-04-25,East,Partner,454
ORD-13595,2025-04-06,East,Retail,631
ORD-13596,2025-04-01,East,Retail,654
ORD-13597,2025-04-15,West,Retail,438
ORD-13598,2025-04-20,West,Web,517
ORD-13599,2025-04-16,East,Retail,536
ORD-13600,2025-04-01,East,Partner,547
ORD-13601,2025-04-22,West,Retail,494
ORD-13602,2025-04-03,North,Retail,401
ORD-13603,2025-04-24,South,Retail,518
ORD-13604,2025-04-08,East,Partner,494
ORD-13605,2025-04-06,East,Web,630
ORD-13606,2025-04-08,East,Partner,660
ORD-13607,2025-04-18,West,Partner,648
ORD-13608,2025-04-03,South,Web,419
ORD-13609,2025-04-14,North,Partner,612
ORD-13610,2025-04-09,West,Web,483
ORD-13611,2025-04-04,South,Web,624
ORD-13612,2025-04-10,East,Retail,421
ORD-13613,2025-04-18,South,Retail,523
ORD-13614,2025-04-09,West,Web,523
ORD-13615,2025-04-22,North,Partner,416
ORD-13616,2025-04-21,East,Retail,465
ORD-13617,2025-04-12,South,Web,469
ORD-13618,2025-04-06,South,Retail,455
ORD-13619,2025-04-23,North,Retail,416
ORD-13620,2025-04-02,North,Retail,446
ORD-13621,2025-04-06,South,Retail,543
ORD-13622,2025-04-12,North,Retail,488
ORD-13623,2025-04-13,South,Web,417
ORD-13624,2025-04-21,East,Web,425
ORD-13625,2025-04-22,South,Partner,449
ORD-13626,2025-04-03,North,Partner,381
ORD-13627,2025-04-06,North,Web,510
ORD-13628,2025-04-09,East,Partner,333
ORD-13629,2025-04-08,West,Web,400
ORD-13630,2025-04-07,South,Retail,651
ORD-13631,2025-04-02,North,Retail,465
ORD-13632,2025-04-15,South,Partner,616
ORD-13633,2025-04-05,North,Web,790
ORD-13634,2025-04-23,South,Web,605
ORD-13635,2025-04-15,West,Retail,627
ORD-13636,2025-04-03,North,Retail,458
ORD-13637,2025-04-15,South,Retail,572
ORD-13638,2025-04-08,West,Web,446
ORD-13639,2025-04-11,North,Retail,434
ORD-13640,2025-04-27,North,Retail,495
ORD-13641,2025-04-27,East,Web,563
ORD-13642,2025-04-02,West,Retail,610
ORD-13643,2025-04-14,South,Partner,719
ORD-13644,2025-04-13,East,Web,415
ORD-13645,2025-04-19,South,Web,504
ORD-13646,2025-04-01,South,Retail,459
ORD-13647,2025-04-14,West,Web,513
ORD-13648,2025-04-23,West,Partner,556
ORD-13649,2025-04-09,West,Partner,506
ORD-13650,2025-04-02,South,Web,530
ORD-13651,2025-04-06,South,Partner,424
ORD-13652,2025-04-10,South,Web,625
ORD-13653,2025-04-24,East,Web,547
ORD-13654,2025-04-01,South,Retail,515
ORD-13655,2025-04-07,West,Web,572
ORD-13656,2025-04-10,East,Retail,475
ORD-13657,2025-04-04,South,Retail,391
ORD-13658,2025-04-22,West,Web,643
ORD-13659,2025-04-06,North,Web,416
ORD-13660,2025-04-22,West,Web,518
ORD-13661,2025-04-13,North,Web,372
ORD-13662,2025-04-05,South,Retail,706
ORD-13663,2025-04-14,South,Retail,443
ORD-13664,2025-04-25,West,Partner,524
ORD-13665,2025-04-03,North,Retail,496
ORD-13666,2025-04-26,North,Partner,416
ORD-13667,2025-04-12,West,Web,466
ORD-13668,2025-04-07,East,Web,596
ORD-13669,2025-04-16,South,Retail,744
ORD-13670,2025-04-18,West,Retail,619
ORD-13671,2025-04-17,West,Partner,753
ORD-13672,2025-04-01,West,Web,451
ORD-13673,2025-04-15,West,Partner,424
ORD-13674,2025-04-08,East,Web,560
ORD-13675,2025-04-20,South,Partner,504
ORD-13676,2025-04-21,East,Web,390
ORD-13677,2025-04-26,North,Web,497
ORD-13678,2025-04-10,South,Partner,425
ORD-13679,2025-04-22,East,Retail,548
ORD-13680,2025-04-13,West,Retail,488
ORD-13681,2025-04-11,East,Web,519
ORD-13682,2025-04-28,South,Partner,513
ORD-13683,2025-04-02,East,Web,597
ORD-13684,2025-04-24,South,Retail,515
ORD-13685,2025-04-28,South,Partner,564
ORD-13686,2025-04-12,South,Web,415
ORD-13687,2025-04-08,North,Partner,450
ORD-13688,2025-04-15,North,Web,545
ORD-13689,2025-04-11,East,Retail,590
ORD-13690,2025-04-12,South,Partner,548
ORD-13691,2025-04-03,East,Retail,453
ORD-13692,2025-04-08,West,Web,607
ORD-13693,2025-04-22,West,Web,535
ORD-13694,2025-04-08,North,Web,423
ORD-13695,2025-04-07,South,Partner,418
ORD-13696,2025-04-11,East,Retail,586
ORD-13697,2025-04-16,East,Retail,327
ORD-13698,2025-04-11,West,Retail,568
ORD-13699,2025-04-21,West,Web,413
ORD-13700,2025-04-04,South,Retail,498
ORD-13701,2025-04-01,West,Web,477
ORD-13702,2025-04-22,South,Partner,429
ORD-13703,2025-04-07,East,Web,627
ORD-13704,2025-04-25,West,Web,392
ORD-13705,2025-04-21,South,Web,575
ORD-13706,2025-04-06,South,Partner,518
ORD-13707,2025-04-21,West,Partner,352
ORD-13708,2025-04-09,North,Web,570
ORD-13709,2025-04-15,East,Retail,508
ORD-13710,2025-04-20,South,Retail,516
ORD-13711,2025-04-23,East,Retail,460
ORD-13712,2025-04-10,South,Web,430
ORD-13713,2025-04-04,West,Partner,356
ORD-13714,2025-04-09,East,Retail,614
ORD-13715,2025-04-26,North,Partner,483
ORD-13716,2025-04-07,South,Web,486
ORD-13717,2025-04-05,West,Partner,466
ORD-13718,2025-04-08,West,Web,529
ORD-13719,2025-04-25,South,Retail,461
ORD-13720,2025-04-05,East,Web,566
ORD-13721,2025-04-22,East,Partner,475
ORD-13722,2025-04-10,West,Web,617
ORD-13723,2025-04-05,East,Retail,481
ORD-13724,2025-04-13,North,Web,326
ORD-13725,2025-04-06,East,Retail,640
ORD-13726,2025-04-23,East,Retail,544
ORD-13727,2025-04-11,West,Partner,481
ORD-13728,2025-04-21,East,Partner,531
ORD-13729,2025-04-04,West,Web,466
ORD-13730,2025-04-23,East,Web,607
ORD-13731,2025-04-12,South,Web,440
ORD-13732,2025-04-22,South,Web,438
ORD-13733,2025-04-08,East,Partner,530
ORD-13734,2025-04-01,North,Web,453
ORD-13735,2025-04-04,South,Partner,461
ORD-13736,2025-04-18,West,Partner,470
ORD-13737,2025-04-17,North,Web,652
ORD-13738,2025-04-15,North,Partner,398
ORD-13739,2025-04-19,West,Web,434
ORD-13740,2025-04-14,West,Partner,455
ORD-13741,2025-04-14,East,Partner,452
ORD-13742,2025-04-04,North,Partner,535
ORD-13743,2025-04-19,East,Partner,484
ORD-13744,2025-04-06,West,Web,474
ORD-13745,2025-04-02,West,Web,356
ORD-13746,2025-04-08,South,Partner,417
ORD-13747,2025-04-01,East,Web,715
ORD-13748,2025-04-03,East,Retail,468
ORD-13749,2025-04-11,North,Web,617
ORD-13750,2025-04-21,South,Partner,418
ORD-13751,2025-04-22,West,Retail,534
ORD-13752,2025-04-06,South,Retail,553
ORD-13753,2025-04-22,West,Retail,574
ORD-13754,2025-04-13,East,Retail,540
ORD-13755,2025-04-06,West,Web,526
ORD-13756,2025-04-03,East,Web,646
ORD-13757,2025-04-10,West,Retail,560
ORD-13758,2025-04-11,South,Retail,455
ORD-13759,2025-04-25,East,Partner,486
ORD-13760,2025-04-28,West,Web,350
ORD-13761,2025-04-01,North,Retail,377
ORD-13762,2025-04-04,South,Web,494
ORD-13763,2025-04-19,South,Web,471
ORD-13764,2025-04-05,North,Partner,609
ORD-13765,2025-04-26,South,Web,572
ORD-13766,2025-04-21,North,Retail,569
ORD-13767,2025-04-12,West,Retail,482
ORD-13768,2025-04-19,North,Partner,486
ORD-13769,2025-04-02,West,Retail,416
ORD-13770,2025-04-13,East,Partner,628
ORD-13771,2025-04-14,North,Web,482
ORD-13772,2025-04-03,West,Partner,550
ORD-13773,2025-04-11,West,Partner,580
ORD-13774,2025-04-19,West,Web,476
ORD-13775,2025-04-11,West,Retail,580
ORD-13776,2025-04-21,South,Partner,394
ORD-13777,2025-04-17,East,Retail,552
ORD-13778,2025-04-18,West,Web,553
ORD-13779,2025-04-11,East,Retail,354
ORD-13780,2025-04-26,West,Web,655
ORD-13781,2025-04-22,East,Web,345
ORD-13782,2025-04-02,East,Partner,528
ORD-13783,2025-04-04,North,Retail,497
ORD-13784,2025-04-15,East,Web,488
ORD-13785,2025-04-23,North,Partner,525
ORD-13786,2025-04-27,North,Web,570
ORD-13787,2025-04-01,East,Web,508
ORD-13788,2025-04-19,West,Partner,476
ORD-13789,2025-04-25,West,Retail,540
ORD-13790,2025-04-13,North,Web,707
ORD-13791,2025-04-23,West,Web,668
ORD-13792,2025-04-15,East,Web,615
ORD-13793,2025-04-11,South,Web,468
ORD-13794,2025-04-06,South,Partner,520
ORD-13795,2025-04-14,East,Web,423
ORD-13796,2025-04-27,West,Retail,491
ORD-13797,2025-04-08,North,Web,368
ORD-13798,2025-04-25,South,Retail,451
ORD-13799,2025-04-21,South,Web,537
ORD-13800,2025-04-23,West,Partner,447
ORD-13801,2025-04-18,East,Web,480
ORD-13802,2025-04-01,South,Retail,443
ORD-13803,2025-04-07,West,Web,444
ORD-13804,2025-04-15,South,Web,411
ORD-13805,2025-04-22,North,Web,542
ORD-13806,2025-04-21,South,Partner,407
ORD-13807,2025-04-02,South,Partner,543
ORD-13808,2025-04-27,South,Retail,523
ORD-13809,2025-04-04,North,Web,704
ORD-13810,2025-04-24,West,Retail,493
ORD-13811,2025-04-26,West,Web,465
ORD-13812,2025-04-27,West,Retail,621
ORD-13813,2025-04-08,North,Retail,385
ORD-13814,2025-04-27,North,Retail,681
ORD-13815,2025-04-22,North,Partner,629
ORD-13816,2025-04-12,North,Retail,535
ORD-13817,2025-04-18,East,Partner,489
ORD-13818,2025-04-01,South,Retail,366
ORD-13819,2025-04-17,West,Partner,537
ORD-13820,2025-04-07,South,Retail,366
ORD-13821,2025-04-01,North,Retail,504
ORD-13822,2025-04-08,North,Partner,541
ORD-13823,2025-04-04,West,Retail,650
ORD-13824,2025-04-01,North,Partner,521
ORD-13825,2025-04-13,East,Web,684
ORD-13826,2025-04-27,East,Web,475
ORD-13827,2025-04-01,North,Web,417
ORD-13828,2025-04-09,West,Partner,522
ORD-13829,2025-04-02,North,Partner,355
ORD-13830,2025-04-17,West,Web,472
ORD-13831,2025-04-10,West,Retail,532
ORD-13832,2025-04-14,North,Web,635
ORD-13833,2025-04-14,West,Partner,467
ORD-13834,2025-04-08,South,Web,537
ORD-13835,2025-04-16,North,Partner,507
ORD-13836,2025-04-08,South,Partner,384
ORD-13837,2025-04-21,West,Web,275
ORD-13838,2025-04-08,West,Retail,414
ORD-13839,2025-04-11,East,Retail,595
ORD-13840,2025-04-23,South,Retail,519
ORD-13841,2025-04-17,East,Retail,578
ORD-13842,2025-04-12,West,Web,481
ORD-13843,2025-04-27,North,Web,593
ORD-13844,2025-04-04,West,Retail,567
ORD-13845,2025-04-23,North,Retail,587
ORD-13846,2025-04-05,South,Partner,588
ORD-13847,2025-04-03,West,Web,565
ORD-13848,2025-04-09,East,Web,610
ORD-13849,2025-04-03,East,Partner,613
ORD-13850,2025-04-11,West,Partner,494
ORD-13851,2025-04-04,North,Retail,553
ORD-13852,2025-04-27,South,Retail,439
ORD-13853,2025-04-07,North,Partner,592
ORD-13854,2025-04-28,East,Web,566
ORD-13855,2025-04-09,West,Web,549
ORD-13856,2025-04-10,North,Retail,567
ORD-13857,2025-04-27,West,Retail,457
ORD-13858,2025-04-01,North,Retail,558
ORD-13859,2025-04-23,East,Partner,556
ORD-13860,2025-04-09,West,Retail,383
ORD-13861,2025-04-24,West,Retail,372
ORD-13862,2025-04-16,North,Partner,503
ORD-13863,2025-04-10,West,Retail,430
ORD-13864,2025-04-20,North,Web,580
ORD-13865,2025-04-16,East,Retail,379
ORD-13866,2025-04-27,North,Retail,577
ORD-13867,2025-04-21,South,Web,520
ORD-13868,2025-04-04,North,Web,428
ORD-13869,2025-04-03,North,Retail,469
ORD-13870,2025-04-23,North,Web,469
ORD-13871,2025-04-23,East,Partner,569
ORD-13872,2025-04-10,East,Web,571
ORD-13873,2025-04-01,North,Partner,505
ORD-13874,2025-04-22,South,Web,516
ORD-13875,2025-04-15,North,Web,590
ORD-13876,2025-04-19,North,Partner,649
ORD-13877,2025-04-09,North,Retail,464
ORD-13878,2025-04-08,North,Retail,495
ORD-13879,2025-04-04,East,Web,472
ORD-13880,2025-04-28,East,Web,324
ORD-13881,2025-04-14,South,Partner,386
ORD-13882,2025-04-06,South,Web,419
ORD-13883,2025-04-12,West,Partner,521
ORD-13884,2025-04-08,South,Retail,377
ORD-13885,2025-04-08,East,Web,539
ORD-13886,2025-04-16,West,Retail,481
ORD-13887,2025-04-07,West,Web,545
ORD-13888,2025-04-26,West,Partner,442
ORD-13889,2025-04-28,North,Web,528
ORD-13890,2025-04-13,West,Retail,589
ORD-13891,2025-04-25,South,Web,437
ORD-13892,2025-04-09,South,Retail,530
ORD-13893,2025-04-10,South,Retail,552
ORD-13894,2025-04-07,West,Retail,311
ORD-13895,2025-04-11,South,Web,432
ORD-13896,2025-04-27,North,Retail,548
ORD-13897,2025-04-16,West,Retail,367
ORD-13898,2025-04-27,South,Partner,471
ORD-13899,2025-04-26,North,Web,751
ORD-13900,2025-04-15,South,Web,543
ORD-13901,2025-04-04,North,Web,651
ORD-13902,2025-04-12,East,Retail,541
ORD-13903,2025-04-22,South,Partner,516
ORD-13904,2025-04-05,West,Retail,519
ORD-13905,2025-04-26,North,Retail,389
ORD-13906,2025-04-25,South,Partner,512
ORD-13907,2025-04-15,East,Partner,385
ORD-13908,2025-04-24,East,Retail,323
ORD-13909,2025-04-06,West,Retail,490
ORD-13910,2025-04-07,North,Partner,613
ORD-13911,2025-04-03,North,Web,517
ORD-13912,2025-04-13,South,Retail,434
ORD-13913,2025-04-15,West,Partner,556
ORD-13914,2025-04-24,North,Web,461
ORD-13915,2025-04-15,West,Web,516
ORD-13916,2025-04-06,West,Retail,430
ORD-13917,2025-04-16,North,Web,423
ORD-13918,2025-04-11,West,Retail,491
ORD-13919,2025-04-28,East,Partner,528
ORD-13920,2025-04-21,South,Partner,373
ORD-13921,2025-04-11,West,Partner,381
ORD-13922,2025-04-14,East,Partner,417
ORD-13923,2025-04-14,South,Partner,567
ORD-13924,2025-04-11,East,Retail,468
ORD-13925,2025-04-04,West,Web,430
ORD-13926,2025-04-25,South,Web,716
ORD-13927,2025-04-04,West,Retail,420
ORD-13928,2025-04-03,North,Web,535
ORD-13929,2025-04-21,North,Web,478
ORD-13930,2025-04-02,East,Partner,518
ORD-13931,2025-04-25,West,Partner,494
ORD-13932,2025-04-03,North,Web,557
ORD-13933,2025-04-23,East,Partner,497
ORD-13934,2025-04-28,South,Retail,533
ORD-13935,2025-04-18,West,Web,455
ORD-13936,2025-04-02,West,Web,567
ORD-13937,2025-04-16,North,Web,511
ORD-13938,2025-04-27,West,Web,557
ORD-13939,2025-04-12,South,Partner,412
ORD-13940,2025-04-14,West,Partner,491
ORD-13941,2025-04-19,East,Partner,451
ORD-13942,2025-04-28,East,Retail,542
ORD-13943,2025-04-08,West,Partner,495
ORD-13944,2025-04-04,West,Partner,461
ORD-13945,2025-04-23,East,Retail,409
ORD-13946,2025-04-13,East,Web,473
ORD-13947,2025-04-01,West,Web,409
ORD-13948,2025-04-18,East,Web,442
ORD-13949,2025-04-04,North,Web,406
ORD-13950,2025-04-15,East,Retail,440
ORD-13951,2025-04-19,West,Partner,482
ORD-13952,2025-04-27,North,Web,371
ORD-13953,2025-04-14,South,Web,525
ORD-13954,2025-04-28,North,Web,507
ORD-13955,2025-04-02,North,Retail,551
ORD-13956,2025-04-12,North,Web,326
ORD-13957,2025-04-22,South,Partner,555
ORD-13958,2025-04-21,West,Partner,520
ORD-13959,2025-04-14,North,Partner,357
ORD-13960,2025-04-16,North,Partner,504
ORD-13961,2025-04-05,West,Partner,638
ORD-13962,2025-04-17,East,Retail,435
ORD-13963,2025-04-21,South,Partner,481
ORD-13964,2025-04-02,West,Retail,477
ORD-13965,2025-04-05,East,Partner,482
ORD-13966,2025-04-09,East,Web,380
ORD-13967,2025-04-19,East,Partner,471
ORD-13968,2025-04-04,South,Retail,447
ORD-13969,2025-04-07,South,Partner,572
ORD-13970,2025-04-01,East,Retail,449
ORD-13971,2025-04-11,North,Partner,380
ORD-13972,2025-04-24,South,Web,458
ORD-13973,2025-04-24,South,Retail,448
ORD-13974,2025-04-14,South,Partner,429
ORD-13975,2025-04-03,West,Partner,573
ORD-13976,2025-04-07,East,Partner,540
ORD-13977,2025-04-27,North,Web,368
ORD-13978,2025-04-16,West,Retail,352
ORD-13979,2025-04-26,West,Retail,413
ORD-13980,2025-04-03,West,Retail,410
ORD-13981,2025-04-03,West,Retail,581
ORD-13982,2025-04-18,South,Partner,475
ORD-13983,2025-04-28,North,Retail,610
ORD-13984,2025-04-15,South,Retail,668
ORD-13985,2025-04-18,East,Partner,575
ORD-13986,2025-04-08,West,Partner,483
ORD-13987,2025-04-22,East,Partner,546
ORD-13988,2025-04-04,South,Retail,626
ORD-13989,2025-04-26,East,Partner,569
ORD-13990,2025-04-12,West,Web,493
ORD-13991,2025-04-05,South,Web,606
ORD-13992,2025-04-25,West,Partner,512
ORD-13993,2025-04-04,South,Web,595
ORD-13994,2025-04-17,West,Retail,382
ORD-13995,2025-04-28,South,Partner,715
ORD-13996,2025-04-10,North,Retail,440
ORD-13997,2025-04-24,South,Partner,497
ORD-13998,2025-04-28,East,Web,443
ORD-13999,2025-04-25,South,Partner,470
ORD-14000,2025-04-18,East,Web,458
ORD-14001,2025-04-15,North,Partner,425
ORD-14002,2025-04-26,West,Retail,427
ORD-14003,2025-04-02,North,Web,649
ORD-14004,2025-04-09,West,Web,395
ORD-14005,2025-04-09,East,Retail,574
ORD-14006,2025-04-04,West,Partner,532
ORD-14007,2025-04-18,East,Web,614
ORD-14008,2025-04-16,South,Web,388
ORD-14009,2025-04-11,South,Partner,365
ORD-14010,2025-04-01,South,Web,363
ORD-14011,2025-04-26,South,Partner,619
ORD-14012,2025-04-18,North,Partner,401
ORD-14013,2025-04-03,South,Retail,510
ORD-14014,2025-04-08,West,Web,423
ORD-14015,2025-04-12,South,Retail,392
ORD-14016,2025-04-20,North,Web,649
ORD-14017,2025-04-16,East,Partner,616
ORD-14018,2025-04-25,North,Partner,690
ORD-14019,2025-04-19,North,Partner,537
ORD-14020,2025-04-18,West,Retail,425
ORD-14021,2025-04-16,North,Retail,482
ORD-14022,2025-04-28,East,Web,587
ORD-14023,2025-04-08,East,Web,540
ORD-14024,2025-04-08,North,Retail,420
ORD-14025,2025-04-03,South,Partner,721
ORD-14026,2025-04-06,South,Web,541
ORD-14027,2025-04-18,West,Partner,546
ORD-14028,2025-04-14,West,Retail,566
ORD-14029,2025-04-26,South,Retail,557
ORD-14030,2025-04-03,East,Partner,528
ORD-14031,2025-04-02,East,Web,473
ORD-14032,2025-04-22,East,Web,456
ORD-14033,2025-04-18,West,Web,394
ORD-14034,2025-04-17,West,Web,494
ORD-14035,2025-04-28,West,Retail,440
ORD-14036,2025-04-03,West,Web,455
ORD-14037,2025-04-13,West,Partner,350
ORD-14038,2025-04-19,North,Web,538
ORD-14039,2025-04-08,East,Partner,430
ORD-14040,2025-04-25,South,Retail,411
ORD-14041,2025-04-02,East,Partner,553
ORD-14042,2025-04-11,South,Partner,562
ORD-14043,2025-04-18,East,Web,529
ORD-14044,2025-04-18,South,Partner,469
ORD-14045,2025-04-23,South,Web,409
ORD-14046,2025-04-20,West,Retail,530
ORD-14047,2025-04-27,North,Retail,468
ORD-14048,2025-04-03,East,Retail,600
ORD-14049,2025-04-20,East,Retail,532
ORD-14050,2025-04-16,South,Retail,563
ORD-14051,2025-04-17,North,Retail,456
ORD-14052,2025-04-14,East,Partner,564
ORD-14053,2025-04-21,East,Web,527
ORD-14054,2025-04-15,South,Retail,546
ORD-14055,2025-04-24,East,Partner,603
ORD-14056,2025-04-09,East,Partner,518
ORD-14057,2025-04-17,East,Partner,459
ORD-14058,2025-04-05,East,Partner,492
ORD-14059,2025-04-13,North,Web,463
ORD-14060,2025-04-12,North,Partner,441
ORD-14061,2025-04-02,North,Web,693
ORD-14062,2025-04-23,North,Retail,551
ORD-14063,2025-04-03,North,Retail,502
ORD-14064,2025-04-02,West,Web,477
ORD-14065,2025-04-18,North,Retail,584
ORD-14066,2025-04-26,West,Retail,675
ORD-14067,2025-04-26,North,Retail,665
ORD-14068,2025-04-24,West,Retail,430
ORD-14069,2025-04-26,North,Partner,422
ORD-14070,2025-04-04,South,Web,418
ORD-14071,2025-04-10,West,Partner,441
ORD-14072,2025-04-18,North,Web,383
ORD-14073,2025-04-28,West,Partner,445
ORD-14074,2025-04-26,South,Web,507
ORD-14075,2025-04-02,South,Partner,542
ORD-14076,2025-04-13,East,Web,521
ORD-14077,2025-04-02,South,Retail,301
ORD-14078,2025-04-19,East,Web,528
ORD-14079,2025-04-05,South,Partner,536
ORD-14080,2025-04-07,East,Partner,558
ORD-14081,2025-04-01,North,Partner,460
ORD-14082,2025-04-16,East,Partner,439
ORD-14083,2025-04-04,West,Web,527
ORD-14084,2025-04-27,East,Web,638
ORD-14085,2025-04-15,West,Retail,482
ORD-14086,2025-04-11,North,Web,502
ORD-14087,2025-04-19,West,Partner,406
ORD-14088,2025-04-13,West,Partner,520
ORD-14089,2025-04-08,North,Partner,650
ORD-14090,2025-04-23,North,Retail,583
ORD-14091,2025-04-02,South,Web,497
ORD-14092,2025-04-03,West,Retail,554
ORD-14093,2025-04-06,East,Web,566
ORD-14094,2025-04-15,East,Web,618
ORD-14095,2025-04-22,East,Web,535
ORD-14096,2025-04-27,North,Web,520
ORD-14097,2025-04-23,North,Retail,639
ORD-14098,2025-04-03,East,Retail,446
ORD-14099,2025-04-07,West,Partner,463
ORD-14100,2025-04-23,East,Partner,612
ORD-14101,2025-04-26,North,Partner,381
ORD-14102,2025-04-09,East,Partner,526
ORD-14103,2025-04-08,West,Retail,438
ORD-14104,2025-04-22,West,Web,567
ORD-14105,2025-04-24,South,Retail,535
ORD-14106,2025-04-18,East,Partner,421
ORD-14107,2025-04-21,West,Web,657
ORD-14108,2025-04-22,South,Web,576
ORD-14109,2025-04-24,South,Web,427
ORD-14110,2025-04-14,East,Web,499
ORD-14111,2025-04-02,South,Retail,505
ORD-14112,2025-04-08,North,Retail,392
ORD-14113,2025-04-10,North,Retail,540
ORD-14114,2025-04-09,South,Partner,626
ORD-14115,2025-04-11,South,Web,495
ORD-14116,2025-04-24,West,Partner,430
ORD-14117,2025-04-09,North,Retail,486
ORD-14118,2025-04-09,East,Retail,551
ORD-14119,2025-04-20,East,Partner,498
ORD-14120,2025-04-16,South,Web,600
ORD-14121,2025-04-06,West,Web,250
ORD-14122,2025-04-16,South,Web,374
ORD-14123,2025-04-12,East,Web,445
ORD-14124,2025-04-11,South,Partner,483
ORD-14125,2025-04-27,South,Retail,474
ORD-14126,2025-04-19,North,Retail,275
ORD-14127,2025-04-24,West,Retail,599
ORD-14128,2025-04-24,South,Web,423
ORD-14129,2025-04-12,South,Retail,570
ORD-14130,2025-04-26,North,Partner,386
ORD-14131,2025-04-27,East,Web,546
ORD-14132,2025-04-04,South,Partner,449
ORD-14133,2025-04-27,South,Partner,417
ORD-14134,2025-04-19,West,Partner,352
ORD-14135,2025-04-28,East,Partner,566
ORD-14136,2025-04-20,South,Partner,414
ORD-14137,2025-04-26,North,Partner,513
ORD-14138,2025-04-16,South,Partner,449
ORD-14139,2025-04-07,West,Web,443
ORD-14140,2025-04-07,North,Partner,598
ORD-14141,2025-04-22,West,Partner,510
ORD-14142,2025-04-08,South,Web,621
ORD-14143,2025-04-16,North,Partner,460
ORD-14144,2025-04-07,North,Partner,568
ORD-14145,2025-04-01,South,Web,520
ORD-14146,2025-04-14,South,Retail,391
ORD-14147,2025-04-13,North,Retail,690
ORD-14148,2025-04-01,East,Retail,528
ORD-14149,2025-04-07,West,Partner,558
ORD-14150,2025-04-24,East,Web,607
ORD-14151,2025-04-08,West,Retail,667
ORD-14152,2025-04-28,East,Web,490
ORD-14153,2025-04-10,West,Web,343
ORD-14154,2025-04-03,North,Partner,546
ORD-14155,2025-04-20,South,Retail,655
ORD-14156,2025-04-23,West,Partner,416
ORD-14157,2025-04-27,South,Web,482
ORD-14158,2025-04-24,East,Retail,679
ORD-14159,2025-04-12,South,Partner,574
ORD-14160,2025-04-14,South,Web,539
ORD-14161,2025-04-02,North,Web,561
ORD-14162,2025-04-27,East,Web,409
ORD-14163,2025-04-13,North,Web,370
ORD-14164,2025-04-07,South,Retail,509
ORD-14165,2025-04-02,West,Partner,452
ORD-14166,2025-04-06,West,Retail,416
ORD-14167,2025-04-22,South,Retail,354
ORD-14168,2025-04-07,East,Retail,501
ORD-14169,2025-04-03,East,Web,320
ORD-14170,2025-04-22,South,Web,450
ORD-14171,2025-04-13,East,Retail,509
ORD-14172,2025-04-07,North,Partner,498
ORD-14173,2025-04-08,South,Retail,553
ORD-14174,2025-04-01,East,Retail,371
ORD-14175,2025-04-06,East,Web,497
ORD-14176,2025-04-20,West,Retail,599
ORD-14177,2025-04-26,North,Retail,544
ORD-14178,2025-04-22,North,Web,560
ORD-14179,2025-04-19,North,Partner,462
ORD-14180,2025-04-23,East,Retail,613
ORD-14181,2025-04-27,South,Retail,360
ORD-14182,2025-04-07,South,Retail,636
ORD-14183,2025-04-26,East,Retail,659
ORD-14184,2025-04-18,North,Web,558
ORD-14185,2025-04-06,South,Retail,484
ORD-14186,2025-04-18,West,Partner,389
ORD-14187,2025-04-22,West,Retail,431
ORD-14188,2025-04-15,North,Partner,371
ORD-14189,2025-04-01,East,Retail,498
ORD-14190,2025-04-08,West,Retail,458
ORD-14191,2025-04-25,North,Web,483
ORD-14192,2025-04-21,East,Web,467
ORD-14193,2025-04-11,North,Web,494
ORD-14194,2025-04-04,West,Web,436
ORD-14195,2025-04-10,South,Partner,447
ORD-14196,2025-04-19,West,Retail,452
ORD-14197,2025-04-10,West,Retail,447
ORD-14198,2025-04-24,North,Partner,448
ORD-14199,2025-04-15,West,Retail,505
ORD-14200,2025-04-07,North,Partner,442
ORD-14201,2025-04-18,East,Web,546
ORD-14202,2025-04-27,South,Partner,574
ORD-14203,2025-04-01,East,Partner,539
ORD-14204,2025-04-01,East,Partner,556
ORD-14205,2025-04-09,East,Web,497
ORD-14206,2025-04-10,East,Web,352
ORD-14207,2025-04-11,West,Partner,586
ORD-14208,2025-04-19,South,Retail,318
ORD-14209,2025-04-15,East,Web,556
ORD-14210,2025-04-08,South,Partner,433
ORD-14211,2025-04-24,East,Partner,635
ORD-14212,2025-04-01,South,Web,487
ORD-14213,2025-04-23,West,Retail,515
ORD-14214,2025-04-05,East,Partner,551
ORD-14215,2025-04-26,West,Retail,389
ORD-14216,2025-04-22,South,Partner,443
ORD-14217,2025-04-22,North,Partner,505
ORD-14218,2025-04-13,South,Partner,392
ORD-14219,2025-04-04,North,Partner,732
ORD-14220,2025-04-15,North,Retail,562
ORD-14221,2025-04-14,West,Web,371
ORD-14222,2025-04-25,North,Partner,546
ORD-14223,2025-04-21,North,Retail,510
ORD-14224,2025-04-06,North,Partner,427
ORD-14225,2025-04-08,South,Retail,629
ORD-14226,2025-04-06,South,Partner,321
ORD-14227,2025-04-04,West,Partner,641
ORD-14228,2025-04-02,South,Retail,432
ORD-14229,2025-04-17,West,Retail,510
ORD-14230,2025-04-23,West,Retail,531
ORD-14231,2025-04-09,East,Web,513
ORD-14232,2025-04-03,South,Retail,470
ORD-14233,2025-04-13,South,Retail,680
ORD-14234,2025-04-21,South,Retail,426
ORD-14235,2025-04-07,South,Partner,522
ORD-14236,2025-04-26,South,Partner,624
ORD-14237,2025-04-19,East,Web,445
ORD-14238,2025-04-28,East,Partner,525
ORD-14239,2025-04-09,South,Web,304
ORD-14240,2025-04-20,East,Retail,454
ORD-14241,2025-04-21,West,Web,407
ORD-14242,2025-04-07,South,Web,521
ORD-14243,2025-04-11,East,Web,503
ORD-14244,2025-04-06,East,Retail,556
ORD-14245,2025-04-17,North,Retail,521
ORD-14246,2025-04-28,East,Web,401
ORD-14247,2025-04-11,West,Web,506
ORD-14248,2025-04-12,West,Retail,527
ORD-14249,2025-04-10,South,Web,564
ORD-14250,2025-04-19,West,Retail,597
ORD-14251,2025-04-06,North,Partner,546
ORD-14252,2025-04-09,East,Retail,557
ORD-14253,2025-04-23,East,Web,420
ORD-14254,2025-04-08,North,Retail,568
ORD-14255,2025-04-28,North,Web,598
ORD-14256,2025-04-21,West,Web,497
ORD-14257,2025-04-04,South,Retail,414
ORD-14258,2025-04-15,South,Partner,467
ORD-14259,2025-04-12,South,Partner,590
ORD-14260,2025-04-21,East,Retail,497
ORD-14261,2025-04-19,West,Retail,446
ORD-14262,2025-04-27,North,Retail,422
ORD-14263,2025-04-09,South,Web,517
ORD-14264,2025-04-07,West,Retail,535
ORD-14265,2025-04-23,North,Partner,462
ORD-14266,2025-04-11,West,Partner,568
ORD-14267,2025-04-09,South,Retail,583
ORD-14268,2025-04-20,East,Partner,421
ORD-14269,2025-04-11,North,Partner,458
ORD-14270,2025-04-16,South,Retail,507
ORD-14271,2025-04-14,South,Web,499
ORD-14272,2025-04-18,North,Partner,527
ORD-14273,2025-04-11,East,Partner,509
ORD-14274,2025-04-03,West,Web,494
ORD-14275,2025-04-06,South,Retail,536
ORD-14276,2025-04-28,West,Web,301
ORD-14277,2025-04-10,South,Partner,454
ORD-14278,2025-04-16,East,Partner,604
ORD-14279,2025-04-03,West,Retail,316
ORD-14280,2025-04-18,South,Partner,326
ORD-14281,2025-04-24,North,Retail,429
ORD-14282,2025-04-09,South,Partner,565
ORD-14283,2025-04-25,East,Web,301
ORD-14284,2025-04-28,East,Retail,469
ORD-14285,2025-04-01,West,Web,449
ORD-14286,2025-04-24,South,Retail,452
ORD-14287,2025-04-23,South,Web,588
ORD-14288,2025-04-08,South,Partner,440
ORD-14289,2025-04-01,North,Partner,388
ORD-14290,2025-04-03,East,Retail,373
ORD-14291,2025-04-14,East,Web,383
ORD-14292,2025-04-08,East,Partner,442
ORD-14293,2025-04-25,East,Retail,482
ORD-14294,2025-04-01,North,Retail,535
ORD-14295,2025-04-14,East,Partner,432
ORD-14296,2025-04-15,North,Partner,346
ORD-14297,2025-04-05,East,Retail,522
ORD-14298,2025-04-12,North,Partner,438
ORD-14299,2025-04-26,West,Retail,503
ORD-14300,2025-04-24,West,Retail,523
ORD-14301,2025-04-26,South,Web,393
ORD-14302,2025-04-03,South,Partner,430
ORD-14303,2025-04-12,West,Web,519
ORD-14304,2025-04-14,East,Web,392
ORD-14305,2025-04-03,East,Partner,429
ORD-14306,2025-04-12,East,Partner,429
ORD-14307,2025-04-04,North,Retail,578
ORD-14308,2025-04-02,South,Retail,668
ORD-14309,2025-04-28,South,Partner,352
ORD-14310,2025-04-01,South,Partner,376
ORD-14311,2025-04-08,East,Web,539
ORD-14312,2025-04-02,North,Partner,462
ORD-14313,2025-04-20,South,Web,541
ORD-14314,2025-04-21,West,Web,444
ORD-14315,2025-04-28,North,Retail,547
ORD-14316,2025-04-02,South,Retail,536
ORD-14317,2025-04-07,East,Partner,526
ORD-14318,2025-04-15,South,Partner,560
ORD-14319,2025-04-13,North,Partner,503
ORD-14320,2025-04-09,East,Partner,470
ORD-14321,2025-04-06,West,Partner,491
ORD-14322,2025-04-01,West,Web,545
ORD-14323,2025-04-06,North,Web,509
ORD-14324,2025-04-15,North,Partner,313
ORD-14325,2025-04-09,East,Partner,486
ORD-14326,2025-04-06,East,Retail,421
ORD-14327,2025-04-18,South,Partner,468
ORD-14328,2025-04-26,South,Web,554
ORD-14329,2025-04-23,South,Partner,571
ORD-14330,2025-04-22,North,Web,513
ORD-14331,2025-04-04,North,Retail,354
ORD-14332,2025-04-23,North,Web,345
ORD-14333,2025-04-12,East,Retail,575
ORD-14334,2025-04-12,East,Web,459
ORD-14335,2025-04-09,North,Web,416
ORD-14336,2025-04-08,South,Partner,532
ORD-14337,2025-04-13,South,Web,417
ORD-14338,2025-04-14,East,Retail,469
ORD-14339,2025-04-26,South,Retail,409
ORD-14340,2025-04-04,East,Partner,501
ORD-14341,2025-04-03,East,Partner,455
ORD-14342,2025-04-25,West,Partner,545
ORD-14343,2025-04-01,East,Web,696
ORD-14344,2025-04-22,East,Web,543
ORD-14345,2025-04-08,South,Web,569
ORD-14346,2025-04-21,West,Partner,743
ORD-14347,2025-04-19,East,Partner,385
ORD-14348,2025-04-11,South,Web,545
ORD-14349,2025-04-04,East,Partner,451
ORD-14350,2025-04-24,West,Partner,485
ORD-14351,2025-04-07,North,Partner,212
ORD-14352,2025-04-01,South,Retail,539
ORD-14353,2025-04-24,West,Partner,400
ORD-14354,2025-04-15,West,Web,590
ORD-14355,2025-04-11,East,Partner,329
ORD-14356,2025-04-12,North,Web,487
ORD-14357,2025-04-28,East,Retail,493
ORD-14358,2025-04-07,North,Retail,468
ORD-14359,2025-04-17,South,Partner,531
ORD-14360,2025-04-10,South,Web,344
ORD-14361,2025-04-08,West,Web,724
ORD-14362,2025-04-07,South,Retail,458
ORD-14363,2025-04-20,North,Partner,564
ORD-14364,2025-04-18,North,Web,641
ORD-14365,2025-04-02,West,Web,428
ORD-14366,2025-04-21,East,Retail,412
ORD-14367,2025-04-10,North,Partner,389
ORD-14368,2025-04-12,West,Partner,313
ORD-14369,2025-04-25,East,Retail,575
ORD-14370,2025-04-28,North,Web,632
ORD-14371,2025-04-12,East,Partner,452
ORD-14372,2025-04-05,East,Web,517
ORD-14373,2025-04-17,East,Web,371
ORD-14374,2025-04-18,East,Web,598
ORD-14375,2025-04-02,West,Web,555
ORD-14376,2025-04-26,North,Retail,504
ORD-14377,2025-04-28,North,Retail,549
ORD-14378,2025-04-21,South,Retail,498
ORD-14379,2025-04-11,East,Retail,441
ORD-14380,2025-04-21,South,Retail,363
ORD-14381,2025-04-08,South,Retail,504
ORD-14382,2025-04-28,West,Retail,536
ORD-14383,2025-04-01,East,Web,550
ORD-14384,2025-04-08,South,Retail,624
ORD-14385,2025-04-08,West,Partner,334
ORD-14386,2025-04-12,South,Web,445
ORD-14387,2025-04-09,West,Retail,364
ORD-14388,2025-04-16,South,Web,466
ORD-14389,2025-04-17,East,Web,428
ORD-14390,2025-04-25,West,Web,557
ORD-14391,2025-04-03,North,Partner,469
ORD-14392,2025-04-01,West,Partner,522
ORD-14393,2025-04-28,East,Retail,453
ORD-14394,2025-04-20,South,Retail,404
ORD-14395,2025-04-06,West,Partner,470
ORD-14396,2025-04-09,North,Web,545
ORD-14397,2025-04-10,East,Partner,452
ORD-14398,2025-04-13,South,Web,453
ORD-14399,2025-04-17,North,Partner,603
ORD-14400,2025-05-02,West,Partner,671
ORD-14401,2025-05-21,South,Retail,555
ORD-14402,2025-05-04,South,Web,610
ORD-14403,2025-05-09,East,Partner,511
ORD-14404,2025-05-16,East,Web,431
ORD-14405,2025-05-17,South,Partner,449
ORD-14406,2025-05-03,West,Retail,480
ORD-14407,2025-05-16,North,Partner,450
ORD-14408,2025-05-18,West,Retail,510
ORD-14409,2025-05-24,East,Web,450
ORD-14410,2025-05-06,West,Partner,517
ORD-14411,2025-05-11,North,Retail,499
ORD-14412,2025-05-14,North,Partner,654
ORD-14413,2025-05-01,West,Retail,508
ORD-14414,2025-05-15,South,Retail,465
ORD-14415,2025-05-04,East,Retail,566
ORD-14416,2025-05-01,North,Retail,459
ORD-14417,2025-05-19,East,Web,509
ORD-14418,2025-05-27,South,Partner,418
ORD-14419,2025-05-23,North,Partner,302
ORD-14420,2025-05-25,North,Retail,520
ORD-14421,2025-05-28,East,Partner,641
ORD-14422,2025-05-28,East,Partner,444
ORD-14423,2025-05-16,West,Partner,405
ORD-14424,2025-05-05,South,Partner,551
ORD-14425,2025-05-08,West,Retail,549
ORD-14426,2025-05-16,North,Retail,521
ORD-14427,2025-05-10,East,Partner,531
ORD-14428,2025-05-08,West,Partner,457
ORD-14429,2025-05-04,South,Web,540
ORD-14430,2025-05-13,East,Retail,521
ORD-14431,2025-05-20,South,Partner,548
ORD-14432,2025-05-04,North,Partner,619
ORD-14433,2025-05-18,South,Partner,400
ORD-14434,2025-05-06,South,Retail,516
ORD-14435,2025-05-27,East,Web,518
ORD-14436,2025-05-25,West,Retail,560
ORD-14437,2025-05-04,North,Retail,419
ORD-14438,2025-05-20,West,Partner,420
ORD-14439,2025-05-22,West,Partner,540
ORD-14440,2025-05-20,South,Partner,513
ORD-14441,2025-05-25,North,Partner,575
ORD-14442,2025-05-06,South,Partner,540
ORD-14443,2025-05-06,East,Partner,507
ORD-14444,2025-05-26,West,Partner,565
ORD-14445,2025-05-16,North,Retail,451
ORD-14446,2025-05-27,West,Web,351
ORD-14447,2025-05-24,North,Web,457
ORD-14448,2025-05-17,West,Partner,453
ORD-14449,2025-05-27,West,Retail,420
ORD-14450,2025-05-28,West,Web,547
ORD-14451,2025-05-28,East,Retail,455
ORD-14452,2025-05-01,West,Web,423
ORD-14453,2025-05-09,South,Retail,554
ORD-14454,2025-05-24,East,Partner,405
ORD-14455,2025-05-19,East,Retail,559
ORD-14456,2025-05-08,North,Web,362
ORD-14457,2025-05-21,West,Retail,447
ORD-14458,2025-05-10,West,Partner,382
ORD-14459,2025-05-17,West,Web,620
ORD-14460,2025-05-12,North,Retail,607
ORD-14461,2025-05-07,East,Web,671
ORD-14462,2025-05-20,East,Web,581
ORD-14463,2025-05-21,East,Web,487
ORD-14464,2025-05-19,North,Partner,571
ORD-14465,2025-05-23,South,Partner,448
ORD-14466,2025-05-02,South,Retail,561
ORD-14467,2025-05-27,West,Retail,517
ORD-14468,2025-05-05,East,Partner,524
ORD-14469,2025-05-12,South,Retail,374
ORD-14470,2025-05-25,West,Partner,649
ORD-14471,2025-05-11,East,Partner,449
ORD-14472,2025-05-10,South,Partner,516
ORD-14473,2025-05-09,West,Retail,751
ORD-14474,2025-05-23,West,Web,533
ORD-14475,2025-05-26,East,Web,528
ORD-14476,2025-05-19,North,Partner,447
ORD-14477,2025-05-17,East,Retail,613
ORD-14478,2025-05-16,West,Retail,531
ORD-14479,2025-05-18,East,Web,479
ORD-14480,2025-05-21,East,Web,517
ORD-14481,2025-05-22,South,Web,575
ORD-14482,2025-05-20,North,Partner,462
ORD-14483,2025-05-22,West,Partner,523
ORD-14484,2025-05-08,East,Retail,537
ORD-14485,2025-05-10,South,Web,412
ORD-14486,2025-05-03,South,Retail,499
ORD-14487,2025-05-04,West,Web,567
ORD-14488,2025-05-14,East,Retail,514
ORD-14489,2025-05-18,South,Partner,559
ORD-14490,2025-05-05,South,Partner,492
ORD-14491,2025-05-19,East,Web,362
ORD-14492,2025-05-15,North,Retail,592
ORD-14493,2025-05-13,North,Retail,492
ORD-14494,2025-05-27,South,Web,537
ORD-14495,2025-05-18,East,Retail,305
ORD-14496,2025-05-15,South,Web,357
ORD-14497,2025-05-11,East,Web,494
ORD-14498,2025-05-16,East,Partner,421
ORD-14499,2025-05-20,West,Web,633
ORD-14500,2025-05-06,South,Retail,276
ORD-14501,2025-05-14,North,Partner,332
ORD-14502,2025-05-22,South,Retail,544
ORD-14503,2025-05-08,South,Retail,437
ORD-14504,2025-05-25,West,Retail,532
ORD-14505,2025-05-15,East,Retail,520
ORD-14506,2025-05-11,East,Web,401
ORD-14507,2025-05-14,West,Retail,388
ORD-14508,2025-05-22,East,Retail,621
ORD-14509,2025-05-01,South,Retail,531
ORD-14510,2025-05-05,East,Partner,566
ORD-14511,2025-05-23,South,Partner,465
ORD-14512,2025-05-05,North,Retail,502
ORD-14513,2025-05-01,West,Web,298
ORD-14514,2025-05-03,West,Web,433
ORD-14515,2025-05-07,West,Partner,420
ORD-14516,2025-05-03,East,Retail,640
ORD-14517,2025-05-03,East,Partner,408
ORD-14518,2025-05-08,East,Partner,460
ORD-14519,2025-05-22,South,Partner,513
ORD-14520,2025-05-20,West,Partner,417
ORD-14521,2025-05-15,East,Web,397
ORD-14522,2025-05-23,East,Web,499
ORD-14523,2025-05-04,West,Web,361
ORD-14524,2025-05-23,South,Retail,527
ORD-14525,2025-05-18,North,Retail,484
ORD-14526,2025-05-02,South,Partner,541
ORD-14527,2025-05-11,West,Retail,565
ORD-14528,2025-05-28,South,Retail,765
ORD-14529,2025-05-01,North,Partner,616
ORD-14530,2025-05-21,South,Web,591
ORD-14531,2025-05-04,West,Partner,512
ORD-14532,2025-05-16,North,Web,464
ORD-14533,2025-05-27,East,Web,417
ORD-14534,2025-05-24,North,Web,588
ORD-14535,2025-05-14,West,Web,520
ORD-14536,2025-05-24,South,Retail,637
ORD-14537,2025-05-15,East,Retail,602
ORD-14538,2025-05-17,West,Partner,531
ORD-14539,2025-05-18,South,Web,445
ORD-14540,2025-05-18,East,Retail,434
ORD-14541,2025-05-11,East,Web,388
ORD-14542,2025-05-09,West,Web,627
ORD-14543,2025-05-21,North,Web,615
ORD-14544,2025-05-15,North,Web,538
ORD-14545,2025-05-04,North,Retail,545
ORD-14546,2025-05-02,East,Partner,529
ORD-14547,2025-05-08,South,Partner,419
ORD-14548,2025-05-22,North,Retail,464
ORD-14549,2025-05-11,South,Partner,598
ORD-14550,2025-05-19,West,Web,419
ORD-14551,2025-05-18,West,Web,556
ORD-14552,2025-05-02,North,Web,361
ORD-14553,2025-05-21,West,Web,550
ORD-14554,2025-05-12,West,Retail,575
ORD-14555,2025-05-22,North,Retail,716
ORD-14556,2025-05-27,South,Partner,333
ORD-14557,2025-05-22,West,Web,490
ORD-14558,2025-05-28,South,Partner,562
ORD-14559,2025-05-28,North,Partner,382
ORD-14560,2025-05-05,East,Retail,367
ORD-14561,2025-05-01,East,Partner,471
ORD-14562,2025-05-22,West,Web,713
ORD-14563,2025-05-07,North,Retail,597
ORD-14564,2025-05-03,South,Partner,379
ORD-14565,2025-05-20,North,Partner,540
ORD-14566,2025-05-12,South,Web,616
ORD-14567,2025-05-16,East,Web,621
ORD-14568,2025-05-22,West,Partner,500
ORD-14569,2025-05-17,South,Partner,296
ORD-14570,2025-05-10,East,Partner,584
ORD-14571,2025-05-04,West,Retail,428
ORD-14572,2025-05-23,South,Web,535
ORD-14573,2025-05-25,North,Partner,633
ORD-14574,2025-05-10,West,Web,507
ORD-14575,2025-05-11,South,Web,654
ORD-14576,2025-05-07,South,Web,666
ORD-14577,2025-05-04,East,Partner,628
ORD-14578,2025-05-04,North,Web,668
ORD-14579,2025-05-09,North,Retail,414
ORD-14580,2025-05-04,West,Web,398
ORD-14581,2025-05-19,West,Retail,470
ORD-14582,2025-05-10,West,Partner,427
ORD-14583,2025-05-16,South,Retail,417
ORD-14584,2025-05-23,East,Retail,536
ORD-14585,2025-05-24,East,Retail,548
ORD-14586,2025-05-09,North,Web,419
ORD-14587,2025-05-15,West,Retail,498
ORD-14588,2025-05-28,South,Web,341
ORD-14589,2025-05-27,North,Retail,545
ORD-14590,2025-05-15,West,Web,576
ORD-14591,2025-05-27,East,Web,463
ORD-14592,2025-05-24,North,Retail,331
ORD-14593,2025-05-02,North,Retail,555
ORD-14594,2025-05-28,South,Retail,504
ORD-14595,2025-05-16,South,Web,561
ORD-14596,2025-05-25,South,Partner,649
ORD-14597,2025-05-05,West,Web,270
ORD-14598,2025-05-11,West,Retail,589
ORD-14599,2025-05-15,East,Web,495
ORD-14600,2025-05-23,East,Retail,456
ORD-14601,2025-05-19,South,Partner,551
ORD-14602,2025-05-20,South,Partner,429
ORD-14603,2025-05-23,East,Web,612
ORD-14604,2025-05-24,North,Web,595
ORD-14605,2025-05-08,West,Partner,509
ORD-14606,2025-05-14,West,Partner,419
ORD-14607,2025-05-12,East,Partner,388
ORD-14608,2025-05-16,East,Web,414
ORD-14609,2025-05-11,North,Retail,579
ORD-14610,2025-05-19,West,Partner,694
ORD-14611,2025-05-18,West,Partner,443
ORD-14612,2025-05-15,North,Web,454
ORD-14613,2025-05-05,East,Web,572
ORD-14614,2025-05-16,South,Web,713
ORD-14615,2025-05-13,West,Retail,383
ORD-14616,2025-05-13,North,Web,375
ORD-14617,2025-05-01,West,Partner,432
ORD-14618,2025-05-20,West,Retail,585
ORD-14619,2025-05-25,North,Partner,411
ORD-14620,2025-05-05,East,Partner,533
ORD-14621,2025-05-15,East,Retail,328
ORD-14622,2025-05-09,West,Partner,590
ORD-14623,2025-05-15,East,Partner,550
ORD-14624,2025-05-08,South,Web,488
ORD-14625,2025-05-12,West,Retail,521
ORD-14626,2025-05-24,West,Retail,575
ORD-14627,2025-05-16,North,Retail,689
ORD-14628,2025-05-28,North,Web,479
ORD-14629,2025-05-06,West,Retail,482
ORD-14630,2025-05-16,South,Partner,393
ORD-14631,2025-05-10,South,Partner,428
ORD-14632,2025-05-24,South,Web,554
ORD-14633,2025-05-07,North,Web,515
ORD-14634,2025-05-23,South,Partner,609
ORD-14635,2025-05-09,North,Retail,507
ORD-14636,2025-05-10,North,Partner,526
ORD-14637,2025-05-04,North,Retail,488
ORD-14638,2025-05-19,North,Web,352
ORD-14639,2025-05-10,West,Partner,525
ORD-14640,2025-05-09,South,Retail,553
ORD-14641,2025-05-25,West,Web,535
ORD-14642,2025-05-22,South,Partner,490
ORD-14643,2025-05-25,East,Web,633
ORD-14644,2025-05-12,West,Partner,522
ORD-14645,2025-05-07,West,Partner,479
ORD-14646,2025-05-21,East,Partner,590
ORD-14647,2025-05-25,West,Partner,555
ORD-14648,2025-05-22,East,Web,488
ORD-14649,2025-05-10,West,Web,481
ORD-14650,2025-05-16,South,Web,416
ORD-14651,2025-05-19,North,Retail,654
ORD-14652,2025-05-11,North,Partner,431
ORD-14653,2025-05-09,East,Retail,565
ORD-14654,2025-05-23,East,Retail,466
ORD-14655,2025-05-15,West,Web,572
ORD-14656,2025-05-19,West,Partner,488
ORD-14657,2025-05-09,North,Web,487
ORD-14658,2025-05-19,East,Partner,453
ORD-14659,2025-05-26,South,Web,546
ORD-14660,2025-05-21,East,Web,391
ORD-14661,2025-05-02,East,Retail,424
ORD-14662,2025-05-18,East,Retail,526
ORD-14663,2025-05-05,West,Web,450
ORD-14664,2025-05-28,East,Web,454
ORD-14665,2025-05-06,East,Retail,475
ORD-14666,2025-05-24,East,Partner,555
ORD-14667,2025-05-02,West,Partner,535
ORD-14668,2025-05-15,East,Retail,498
ORD-14669,2025-05-21,North,Partner,645
ORD-14670,2025-05-25,East,Retail,505
ORD-14671,2025-05-23,West,Partner,369
ORD-14672,2025-05-20,South,Retail,539
ORD-14673,2025-05-26,West,Retail,699
ORD-14674,2025-05-23,North,Web,481
ORD-14675,2025-05-14,West,Retail,384
ORD-14676,2025-05-10,West,Partner,523
ORD-14677,2025-05-24,East,Partner,482
ORD-14678,2025-05-17,South,Web,470
ORD-14679,2025-05-06,West,Web,351
ORD-14680,2025-05-22,South,Retail,532
ORD-14681,2025-05-09,South,Web,579
ORD-14682,2025-05-19,North,Partner,553
ORD-14683,2025-05-06,West,Web,500
ORD-14684,2025-05-05,West,Partner,519
ORD-14685,2025-05-20,West,Retail,580
ORD-14686,2025-05-01,South,Partner,582
ORD-14687,2025-05-21,West,Partner,386
ORD-14688,2025-05-17,West,Retail,614
ORD-14689,2025-05-18,South,Partner,466
ORD-14690,2025-05-22,West,Web,568
ORD-14691,2025-05-14,South,Partner,574
ORD-14692,2025-05-05,South,Web,579
ORD-14693,2025-05-13,East,Partner,493
ORD-14694,2025-05-27,North,Partner,618
ORD-14695,2025-05-18,West,Retail,556
ORD-14696,2025-05-05,South,Web,550
ORD-14697,2025-05-19,North,Retail,484
ORD-14698,2025-05-15,West,Retail,562
ORD-14699,2025-05-27,East,Partner,387
ORD-14700,2025-05-02,East,Retail,489
ORD-14701,2025-05-08,West,Retail,321
ORD-14702,2025-05-02,North,Web,611
ORD-14703,2025-05-05,South,Web,531
ORD-14704,2025-05-06,North,Partner,512
ORD-14705,2025-05-21,East,Web,314
ORD-14706,2025-05-04,West,Partner,554
ORD-14707,2025-05-19,South,Retail,394
ORD-14708,2025-05-05,East,Web,456
ORD-14709,2025-05-08,West,Partner,451
ORD-14710,2025-05-11,East,Web,551
ORD-14711,2025-05-19,West,Retail,726
ORD-14712,2025-05-15,West,Web,546
ORD-14713,2025-05-07,East,Partner,609
ORD-14714,2025-05-01,South,Web,507
ORD-14715,2025-05-09,East,Web,566
ORD-14716,2025-05-15,South,Retail,482
ORD-14717,2025-05-20,West,Retail,503
ORD-14718,2025-05-11,West,Retail,415
ORD-14719,2025-05-04,East,Partner,418
ORD-14720,2025-05-26,North,Retail,571
ORD-14721,2025-05-20,South,Partner,451
ORD-14722,2025-05-15,North,Partner,423
ORD-14723,2025-05-23,South,Retail,376
ORD-14724,2025-05-13,South,Web,610
ORD-14725,2025-05-18,South,Partner,546
ORD-14726,2025-05-05,East,Web,512
ORD-14727,2025-05-03,North,Web,345
ORD-14728,2025-05-05,North,Partner,343
ORD-14729,2025-05-08,North,Partner,468
ORD-14730,2025-05-17,North,Web,369
ORD-14731,2025-05-15,West,Partner,539
ORD-14732,2025-05-01,South,Web,512
ORD-14733,2025-05-06,West,Partner,585
ORD-14734,2025-05-01,South,Web,475
ORD-14735,2025-05-05,West,Partner,541
ORD-14736,2025-05-03,South,Partner,414
ORD-14737,2025-05-13,East,Web,435
ORD-14738,2025-05-28,West,Web,457
ORD-14739,2025-05-18,South,Retail,490
ORD-14740,2025-05-01,East,Retail,528
ORD-14741,2025-05-02,West,Retail,559
ORD-14742,2025-05-07,East,Partner,507
ORD-14743,2025-05-15,West,Retail,655
ORD-14744,2025-05-28,West,Partner,521
ORD-14745,2025-05-20,South,Web,429
ORD-14746,2025-05-09,South,Partner,466
ORD-14747,2025-05-17,East,Web,541
ORD-14748,2025-05-27,East,Web,465
ORD-14749,2025-05-06,East,Web,495
ORD-14750,2025-05-07,East,Retail,518
ORD-14751,2025-05-19,East,Partner,657
ORD-14752,2025-05-07,North,Web,602
ORD-14753,2025-05-24,East,Retail,462
ORD-14754,2025-05-03,North,Retail,593
ORD-14755,2025-05-02,East,Partner,495
ORD-14756,2025-05-25,East,Retail,487
ORD-14757,2025-05-20,West,Partner,539
ORD-14758,2025-05-26,South,Partner,407
ORD-14759,2025-05-09,East,Partner,406
ORD-14760,2025-05-28,South,Partner,421
ORD-14761,2025-05-25,East,Retail,619
ORD-14762,2025-05-20,West,Partner,368
ORD-14763,2025-05-25,West,Partner,539
ORD-14764,2025-05-07,West,Retail,586
ORD-14765,2025-05-25,North,Partner,707
ORD-14766,2025-05-12,West,Partner,532
ORD-14767,2025-05-22,East,Retail,343
ORD-14768,2025-05-16,North,Web,449
ORD-14769,2025-05-28,East,Web,578
ORD-14770,2025-05-19,East,Web,499
ORD-14771,2025-05-23,South,Retail,510
ORD-14772,2025-05-23,East,Retail,456
ORD-14773,2025-05-20,West,Partner,444
ORD-14774,2025-05-03,North,Web,570
ORD-14775,2025-05-15,North,Partner,441
ORD-14776,2025-05-05,East,Retail,614
ORD-14777,2025-05-02,West,Partner,583
ORD-14778,2025-05-01,West,Partner,397
ORD-14779,2025-05-27,West,Partner,345
ORD-14780,2025-05-14,South,Retail,619
ORD-14781,2025-05-23,North,Web,420
ORD-14782,2025-05-12,East,Partner,488
ORD-14783,2025-05-08,North,Partner,480
ORD-14784,2025-05-10,East,Partner,287
ORD-14785,2025-05-01,West,Web,437
ORD-14786,2025-05-10,South,Retail,488
ORD-14787,2025-05-26,North,Retail,661
ORD-14788,2025-05-04,South,Retail,519
ORD-14789,2025-05-28,West,Retail,516
ORD-14790,2025-05-20,East,Partner,596
ORD-14791,2025-05-21,East,Retail,586
ORD-14792,2025-05-06,West,Partner,546
ORD-14793,2025-05-05,South,Partner,458
ORD-14794,2025-05-19,East,Partner,455
ORD-14795,2025-05-13,South,Partner,553
ORD-14796,2025-05-17,South,Web,688
ORD-14797,2025-05-25,East,Web,568
ORD-14798,2025-05-23,East,Retail,435
ORD-14799,2025-05-15,East,Partner,621
ORD-14800,2025-05-24,South,Partner,675
ORD-14801,2025-05-06,North,Web,505
ORD-14802,2025-05-23,North,Partner,461
ORD-14803,2025-05-27,West,Web,465
ORD-14804,2025-05-02,South,Partner,699
ORD-14805,2025-05-23,East,Partner,421
ORD-14806,2025-05-10,East,Retail,547
ORD-14807,2025-05-12,East,Partner,456
ORD-14808,2025-05-09,North,Partner,451
ORD-14809,2025-05-18,South,Web,476
ORD-14810,2025-05-28,North,Partner,440
ORD-14811,2025-05-09,East,Partner,401
ORD-14812,2025-05-16,South,Partner,389
ORD-14813,2025-05-19,South,Web,552
ORD-14814,2025-05-15,West,Web,494
ORD-14815,2025-05-10,West,Partner,502
ORD-14816,2025-05-08,West,Retail,546
ORD-14817,2025-05-01,South,Partner,499
ORD-14818,2025-05-09,North,Retail,418
ORD-14819,2025-05-07,South,Retail,358
ORD-14820,2025-05-12,South,Web,528
ORD-14821,2025-05-15,West,Web,451
ORD-14822,2025-05-10,South,Partner,490
ORD-14823,2025-05-06,North,Retail,581
ORD-14824,2025-05-07,North,Partner,477
ORD-14825,2025-05-08,East,Retail,546
ORD-14826,2025-05-27,South,Web,483
ORD-14827,2025-05-13,North,Web,410
ORD-14828,2025-05-15,West,Web,512
ORD-14829,2025-05-23,South,Retail,627
ORD-14830,2025-05-07,South,Partner,580
ORD-14831,2025-05-12,East,Retail,477
ORD-14832,2025-05-18,South,Partner,447
ORD-14833,2025-05-09,South,Partner,497
ORD-14834,2025-05-04,South,Web,456
ORD-14835,2025-05-07,South,Partner,492
ORD-14836,2025-05-09,North,Retail,583
ORD-14837,2025-05-08,South,Web,645
ORD-14838,2025-05-03,South,Partner,606
ORD-14839,2025-05-03,East,Web,567
ORD-14840,2025-05-12,North,Partner,517
ORD-14841,2025-05-13,West,Retail,491
ORD-14842,2025-05-24,East,Web,400
ORD-14843,2025-05-07,South,Web,448
ORD-14844,2025-05-22,South,Partner,592
ORD-14845,2025-05-03,South,Partner,493
ORD-14846,2025-05-08,East,Retail,661
ORD-14847,2025-05-15,North,Retail,614
ORD-14848,2025-05-04,West,Web,433
ORD-14849,2025-05-05,East,Retail,608
ORD-14850,2025-05-14,South,Web,376
ORD-14851,2025-05-09,South,Partner,373
ORD-14852,2025-05-02,South,Partner,575
ORD-14853,2025-05-14,South,Retail,592
ORD-14854,2025-05-14,East,Partner,380
ORD-14855,2025-05-09,West,Retail,473
ORD-14856,2025-05-10,North,Retail,560
ORD-14857,2025-05-02,North,Web,552
ORD-14858,2025-05-09,West,Partner,481
ORD-14859,2025-05-05,East,Partner,548
ORD-14860,2025-05-24,North,Retail,469
ORD-14861,2025-05-19,North,Retail,455
ORD-14862,2025-05-11,West,Retail,618
ORD-14863,2025-05-23,East,Web,528
ORD-14864,2025-05-18,West,Partner,449
ORD-14865,2025-05-21,East,Partner,544
ORD-14866,2025-05-02,East,Web,543
ORD-14867,2025-05-24,West,Partner,550
ORD-14868,2025-05-16,North,Retail,402
ORD-14869,2025-05-18,West,Retail,351
ORD-14870,2025-05-15,West,Retail,422
ORD-14871,2025-05-13,South,Web,254
ORD-14872,2025-05-13,North,Partner,458
ORD-14873,2025-05-05,East,Web,382
ORD-14874,2025-05-18,East,Web,593
ORD-14875,2025-05-12,West,Web,580
ORD-14876,2025-05-06,West,Retail,580
ORD-14877,2025-05-04,West,Retail,630
ORD-14878,2025-05-25,West,Retail,356
ORD-14879,2025-05-19,North,Partner,436
ORD-14880,2025-05-01,East,Web,509
ORD-14881,2025-05-26,North,Partner,431
ORD-14882,2025-05-12,West,Partner,321
ORD-14883,2025-05-09,South,Partner,607
ORD-14884,2025-05-09,East,Retail,475
ORD-14885,2025-05-14,West,Partner,476
ORD-14886,2025-05-25,South,Web,501
ORD-14887,2025-05-20,South,Partner,414
ORD-14888,2025-05-11,North,Web,506
ORD-14889,2025-05-14,South,Web,441
ORD-14890,2025-05-15,West,Web,500
ORD-14891,2025-05-22,North,Partner,599
ORD-14892,2025-05-26,East,Web,506
ORD-14893,2025-05-05,West,Retail,553
ORD-14894,2025-05-17,West,Web,458
ORD-14895,2025-05-25,South,Web,527
ORD-14896,2025-05-05,North,Web,580
ORD-14897,2025-05-13,West,Partner,498
ORD-14898,2025-05-06,South,Retail,377
ORD-14899,2025-05-07,West,Retail,531
ORD-14900,2025-05-01,West,Retail,535
ORD-14901,2025-05-26,North,Partner,549
ORD-14902,2025-05-01,North,Retail,586
ORD-14903,2025-05-07,East,Partner,495
ORD-14904,2025-05-18,North,Web,414
ORD-14905,2025-05-19,East,Web,445
ORD-14906,2025-05-10,North,Partner,615
ORD-14907,2025-05-14,West,Partner,631
ORD-14908,2025-05-24,West,Web,542
ORD-14909,2025-05-19,East,Retail,457
ORD-14910,2025-05-23,East,Web,352
ORD-14911,2025-05-27,West,Retail,404
ORD-14912,2025-05-22,North,Web,460
ORD-14913,2025-05-18,North,Web,641
ORD-14914,2025-05-14,South,Partner,411
ORD-14915,2025-05-14,West,Retail,472
ORD-14916,2025-05-09,South,Retail,449
ORD-14917,2025-05-11,West,Retail,579
ORD-14918,2025-05-04,South,Retail,435
ORD-14919,2025-05-23,South,Partner,566
ORD-14920,2025-05-18,South,Web,431
ORD-14921,2025-05-15,North,Partner,446
ORD-14922,2025-05-21,North,Retail,441
ORD-14923,2025-05-23,East,Partner,547
ORD-14924,2025-05-21,East,Retail,592
ORD-14925,2025-05-23,East,Partner,483
ORD-14926,2025-05-09,East,Partner,352
ORD-14927,2025-05-18,South,Web,501
ORD-14928,2025-05-09,South,Web,621
ORD-14929,2025-05-10,North,Web,444
ORD-14930,2025-05-02,West,Retail,500
ORD-14931,2025-05-14,South,Partner,418
ORD-14932,2025-05-08,South,Web,466
ORD-14933,2025-05-19,West,Partner,528
ORD-14934,2025-05-21,South,Web,536
ORD-14935,2025-05-15,South,Partner,238
ORD-14936,2025-05-25,West,Web,432
ORD-14937,2025-05-11,North,Partner,357
ORD-14938,2025-05-16,East,Retail,537
ORD-14939,2025-05-18,West,Web,416
ORD-14940,2025-05-05,East,Web,648
ORD-14941,2025-05-28,North,Partner,676
ORD-14942,2025-05-08,North,Web,563
ORD-14943,2025-05-09,South,Retail,493
ORD-14944,2025-05-22,West,Retail,469
ORD-14945,2025-05-22,South,Partner,607
ORD-14946,2025-05-19,East,Web,577
ORD-14947,2025-05-05,North,Partner,551
ORD-14948,2025-05-07,West,Partner,576
ORD-14949,2025-05-15,East,Retail,394
ORD-14950,2025-05-11,East,Web,522
ORD-14951,2025-05-16,West,Partner,460
ORD-14952,2025-05-28,South,Web,429
ORD-14953,2025-05-11,South,Partner,557
ORD-14954,2025-05-08,North,Retail,357
ORD-14955,2025-05-07,West,Web,380
ORD-14956,2025-05-19,South,Partner,501
ORD-14957,2025-05-09,West,Web,440
ORD-14958,2025-05-17,North,Partner,538
ORD-14959,2025-05-19,North,Web,543
ORD-14960,2025-05-14,South,Web,383
ORD-14961,2025-05-26,South,Web,416
ORD-14962,2025-05-08,South,Retail,465
ORD-14963,2025-05-10,West,Partner,591
ORD-14964,2025-05-07,West,Web,621
ORD-14965,2025-05-05,East,Partner,598
ORD-14966,2025-05-26,West,Web,532
ORD-14967,2025-05-13,South,Partner,425
ORD-14968,2025-05-19,South,Partner,591
ORD-14969,2025-05-20,West,Web,505
ORD-14970,2025-05-07,West,Web,507
ORD-14971,2025-05-27,South,Retail,408
ORD-14972,2025-05-24,North,Retail,540
ORD-14973,2025-05-12,West,Partner,476
ORD-14974,2025-05-13,South,Partner,587
ORD-14975,2025-05-17,East,Web,522
ORD-14976,2025-05-09,East,Web,616
ORD-14977,2025-05-09,North,Partner,441
ORD-14978,2025-05-27,South,Retail,518
ORD-14979,2025-05-10,South,Partner,507
ORD-14980,2025-05-25,North,Retail,471
ORD-14981,2025-05-06,North,Partner,285
ORD-14982,2025-05-10,North,Partner,499
ORD-14983,2025-05-08,West,Partner,383
ORD-14984,2025-05-28,South,Retail,553
ORD-14985,2025-05-27,West,Retail,405
ORD-14986,2025-05-12,North,Web,354
ORD-14987,2025-05-03,North,Web,537
ORD-14988,2025-05-28,South,Web,570
ORD-14989,2025-05-22,South,Web,558
ORD-14990,2025-05-16,South,Web,459
ORD-14991,2025-05-03,North,Partner,595
ORD-14992,2025-05-08,North,Web,619
ORD-14993,2025-05-11,South,Web,493
ORD-14994,2025-05-10,West,Web,324
ORD-14995,2025-05-23,West,Partner,417
ORD-14996,2025-05-06,East,Web,253
ORD-14997,2025-05-28,West,Retail,385
ORD-14998,2025-05-26,West,Partner,548
ORD-14999,2025-05-14,North,Web,407
ORD-15000,2025-05-18,North,Web,547
ORD-15001,2025-05-17,West,Retail,300
ORD-15002,2025-05-20,South,Web,466
ORD-15003,2025-05-01,East,Web,482
ORD-15004,2025-05-28,North,Web,543
ORD-15005,2025-05-05,East,Web,656
ORD-15006,2025-05-10,South,Retail,392
ORD-15007,2025-05-07,North,Retail,421
ORD-15008,2025-05-21,West,Web,554
ORD-15009,2025-05-08,North,Web,494
ORD-15010,2025-05-07,West,Partner,449
ORD-15011,2025-05-01,West,Retail,552
ORD-15012,2025-05-03,West,Retail,585
ORD-15013,2025-05-24,North,Retail,579
ORD-15014,2025-05-23,West,Partner,454
ORD-15015,2025-05-25,East,Web,490
ORD-15016,2025-05-08,North,Web,523
ORD-15017,2025-05-09,North,Web,582
ORD-15018,2025-05-04,North,Retail,599
ORD-15019,2025-05-22,South,Web,559
ORD-15020,2025-05-14,South,Web,554
ORD-15021,2025-05-27,West,Partner,352
ORD-15022,2025-05-16,South,Retail,388
ORD-15023,2025-05-04,East,Retail,559
ORD-15024,2025-05-25,South,Web,659
ORD-15025,2025-05-03,North,Retail,536
ORD-15026,2025-05-16,South,Web,619
ORD-15027,2025-05-04,South,Retail,508
ORD-15028,2025-05-08,South,Web,630
ORD-15029,2025-05-10,West,Web,537
ORD-15030,2025-05-28,South,Web,263
ORD-15031,2025-05-08,South,Web,541
ORD-15032,2025-05-20,North,Retail,627
ORD-15033,2025-05-28,East,Partner,444
ORD-15034,2025-05-17,East,Retail,448
ORD-15035,2025-05-03,North,Partner,600
ORD-15036,2025-05-27,West,Retail,602
ORD-15037,2025-05-09,North,Partner,595
ORD-15038,2025-05-05,North,Retail,774
ORD-15039,2025-05-23,South,Retail,448
ORD-15040,2025-05-07,South,Retail,509
ORD-15041,2025-05-23,North,Retail,502
ORD-15042,2025-05-28,East,Web,532
ORD-15043,2025-05-22,East,Web,449
ORD-15044,2025-05-08,South,Retail,492
ORD-15045,2025-05-05,West,Web,538
ORD-15046,2025-05-11,South,Retail,326
ORD-15047,2025-05-28,North,Retail,632
ORD-15048,2025-05-08,East,Retail,715
ORD-15049,2025-05-05,East,Partner,307
ORD-15050,2025-05-21,West,Retail,486
ORD-15051,2025-05-18,West,Partner,527
ORD-15052,2025-05-07,West,Web,536
ORD-15053,2025-05-11,West,Retail,410
ORD-15054,2025-05-12,North,Partner,492
ORD-15055,2025-05-19,North,Partner,506
ORD-15056,2025-05-27,East,Retail,427
ORD-15057,2025-05-16,North,Web,553
ORD-15058,2025-05-26,North,Partner,403
ORD-15059,2025-05-27,West,Retail,358
ORD-15060,2025-05-01,West,Partner,440
ORD-15061,2025-05-12,South,Partner,451
ORD-15062,2025-05-24,North,Retail,533
ORD-15063,2025-05-21,East,Retail,489
ORD-15064,2025-05-04,North,Retail,479
ORD-15065,2025-05-28,West,Partner,475
ORD-15066,2025-05-03,South,Retail,514
ORD-15067,2025-05-15,North,Retail,523
ORD-15068,2025-05-05,West,Partner,576
ORD-15069,2025-05-13,West,Web,433
ORD-15070,2025-05-25,South,Retail,498
ORD-15071,2025-05-27,East,Retail,448
ORD-15072,2025-05-15,West,Web,338
ORD-15073,2025-05-14,West,Partner,224
ORD-15074,2025-05-11,West,Web,458
ORD-15075,2025-05-28,West,Retail,262
ORD-15076,2025-05-03,North,Web,443
ORD-15077,2025-05-18,East,Web,585
ORD-15078,2025-05-10,South,Retail,573
ORD-15079,2025-05-20,West,Retail,341
ORD-15080,2025-05-12,West,Partner,450
ORD-15081,2025-05-27,East,Retail,542
ORD-15082,2025-05-16,East,Partner,393
ORD-15083,2025-05-02,East,Retail,622
ORD-15084,2025-05-19,North,Web,483
ORD-15085,2025-05-23,East,Retail,521
ORD-15086,2025-05-01,West,Web,473
ORD-15087,2025-05-16,East,Partner,452
ORD-15088,2025-05-26,West,Retail,427
ORD-15089,2025-05-16,East,Partner,336
ORD-15090,2025-05-15,South,Retail,590
ORD-15091,2025-05-15,East,Partner,311
ORD-15092,2025-05-22,South,Web,456
ORD-15093,2025-05-12,South,Retail,495
ORD-15094,2025-05-21,South,Partner,439
ORD-15095,2025-05-10,South,Web,342
ORD-15096,2025-05-21,East,Retail,473
ORD-15097,2025-05-14,West,Partner,579
ORD-15098,2025-05-11,East,Web,526
ORD-15099,2025-05-28,South,Partner,272
ORD-15100,2025-05-15,South,Web,390
ORD-15101,2025-05-16,South,Partner,517
ORD-15102,2025-05-08,West,Partner,316
ORD-15103,2025-05-20,South,Retail,486
ORD-15104,2025-05-06,North,Web,576
ORD-15105,2025-05-02,East,Web,434
ORD-15106,2025-05-08,South,Partner,529
ORD-15107,2025-05-14,South,Web,598
ORD-15108,2025-05-27,North,Web,470
ORD-15109,2025-05-23,North,Partner,460
ORD-15110,2025-05-22,South,Retail,411
ORD-15111,2025-05-10,North,Partner,488
ORD-15112,2025-05-02,North,Retail,500
ORD-15113,2025-05-24,North,Retail,334
ORD-15114,2025-05-17,West,Partner,510
ORD-15115,2025-05-03,West,Web,468
ORD-15116,2025-05-23,North,Web,433
ORD-15117,2025-05-06,North,Partner,551
ORD-15118,2025-05-08,West,Partner,468
ORD-15119,2025-05-08,North,Web,480
ORD-15120,2025-05-26,North,Web,575
ORD-15121,2025-05-12,North,Retail,575
ORD-15122,2025-05-22,West,Partner,425
ORD-15123,2025-05-20,South,Web,737
ORD-15124,2025-05-19,North,Web,573
ORD-15125,2025-05-01,North,Retail,596
ORD-15126,2025-05-07,South,Partner,505
ORD-15127,2025-05-11,East,Partner,491
ORD-15128,2025-05-07,North,Retail,541
ORD-15129,2025-05-04,West,Partner,387
ORD-15130,2025-05-10,South,Partner,544
ORD-15131,2025-05-26,East,Web,605
ORD-15132,2025-05-02,East,Web,468
ORD-15133,2025-05-27,West,Web,540
ORD-15134,2025-05-25,West,Partner,445
ORD-15135,2025-05-18,South,Partner,524
ORD-15136,2025-05-28,South,Partner,504
ORD-15137,2025-05-20,South,Web,525
ORD-15138,2025-05-19,North,Retail,465
ORD-15139,2025-05-28,East,Partner,434
ORD-15140,2025-05-03,South,Partner,504
ORD-15141,2025-05-24,North,Retail,377
ORD-15142,2025-05-20,East,Partner,487
ORD-15143,2025-05-05,South,Partner,360
ORD-15144,2025-05-12,West,Web,485
ORD-15145,2025-05-11,South,Retail,531
ORD-15146,2025-05-14,West,Partner,415
ORD-15147,2025-05-04,North,Web,482
ORD-15148,2025-05-08,South,Web,483
ORD-15149,2025-05-03,East,Retail,468
ORD-15150,2025-05-21,West,Retail,493
ORD-15151,2025-05-10,North,Partner,390
ORD-15152,2025-05-08,East,Retail,493
ORD-15153,2025-05-06,East,Web,580
ORD-15154,2025-05-10,North,Retail,438
ORD-15155,2025-05-06,East,Partner,346
ORD-15156,2025-05-12,South,Retail,428
ORD-15157,2025-05-25,South,Retail,445
ORD-15158,2025-05-07,East,Retail,505
ORD-15159,2025-05-26,South,Partner,427
ORD-15160,2025-05-04,West,Web,479
ORD-15161,2025-05-18,South,Partner,616
ORD-15162,2025-05-05,South,Partner,674
ORD-15163,2025-05-14,East,Partner,478
ORD-15164,2025-05-08,North,Retail,646
ORD-15165,2025-05-17,South,Partner,600
ORD-15166,2025-05-18,East,Partner,419
ORD-15167,2025-05-20,East,Retail,572
ORD-15168,2025-05-27,North,Retail,418
ORD-15169,2025-05-01,East,Partner,382
ORD-15170,2025-05-09,South,Retail,563
ORD-15171,2025-05-22,West,Partner,486
ORD-15172,2025-05-10,East,Retail,512
ORD-15173,2025-05-26,North,Retail,583
ORD-15174,2025-05-19,West,Web,632
ORD-15175,2025-05-13,North,Retail,502
ORD-15176,2025-05-03,West,Retail,511
ORD-15177,2025-05-18,West,Retail,498
ORD-15178,2025-05-02,North,Web,560
ORD-15179,2025-05-05,East,Retail,523
ORD-15180,2025-05-27,West,Web,408
ORD-15181,2025-05-12,West,Web,511
ORD-15182,2025-05-03,West,Retail,508
ORD-15183,2025-05-25,West,Retail,384
ORD-15184,2025-05-07,South,Web,458
ORD-15185,2025-05-07,North,Web,455
ORD-15186,2025-05-10,East,Web,479
ORD-15187,2025-05-19,North,Partner,698
ORD-15188,2025-05-10,East,Retail,353
ORD-15189,2025-05-17,East,Web,428
ORD-15190,2025-05-04,West,Retail,444
ORD-15191,2025-05-27,South,Web,416
ORD-15192,2025-05-01,South,Web,473
ORD-15193,2025-05-04,North,Partner,423
ORD-15194,2025-05-04,South,Web,626
ORD-15195,2025-05-14,South,Web,551
ORD-15196,2025-05-12,West,Partner,582
ORD-15197,2025-05-11,East,Web,454
ORD-15198,2025-05-01,South,Web,435
ORD-15199,2025-05-12,East,Web,616
ORD-15200,2025-05-24,East,Web,534
ORD-15201,2025-05-08,East,Web,450
ORD-15202,2025-05-09,South,Retail,402
ORD-15203,2025-05-21,North,Partner,405
ORD-15204,2025-05-22,South,Web,524
ORD-15205,2025-05-08,West,Web,526
ORD-15206,2025-05-28,East,Retail,431
ORD-15207,2025-05-07,North,Retail,392
ORD-15208,2025-05-09,North,Retail,397
ORD-15209,2025-05-20,South,Retail,532
ORD-15210,2025-05-24,West,Partner,538
ORD-15211,2025-05-09,East,Partner,411
ORD-15212,2025-05-20,East,Web,355
ORD-15213,2025-05-22,West,Web,522
ORD-15214,2025-05-02,South,Partner,351
ORD-15215,2025-05-04,East,Web,632
ORD-15216,2025-05-14,East,Web,467
ORD-15217,2025-05-01,East,Partner,500
ORD-15218,2025-05-27,North,Partner,462
ORD-15219,2025-05-01,North,Web,490
ORD-15220,2025-05-16,South,Retail,488
ORD-15221,2025-05-18,West,Web,477
ORD-15222,2025-05-03,North,Web,628
ORD-15223,2025-05-14,North,Web,524
ORD-15224,2025-05-15,East,Web,564
ORD-15225,2025-05-15,West,Partner,360
ORD-15226,2025-05-24,North,Web,581
ORD-15227,2025-05-14,East,Retail,464
ORD-15228,2025-05-12,South,Web,604
ORD-15229,2025-05-25,East,Partner,541
ORD-15230,2025-05-22,West,Web,562
ORD-15231,2025-05-24,West,Partner,360
ORD-15232,2025-05-28,North,Partner,655
ORD-15233,2025-05-23,South,Partner,618
ORD-15234,2025-05-14,East,Retail,383
ORD-15235,2025-05-19,North,Web,294
ORD-15236,2025-05-20,West,Retail,630
ORD-15237,2025-05-20,East,Partner,567
ORD-15238,2025-05-10,South,Retail,461
ORD-15239,2025-05-08,South,Web,390
ORD-15240,2025-05-13,North,Web,365
ORD-15241,2025-05-19,East,Retail,432
ORD-15242,2025-05-23,West,Retail,585
ORD-15243,2025-05-09,East,Web,573
ORD-15244,2025-05-20,North,Web,560
ORD-15245,2025-05-23,East,Retail,532
ORD-15246,2025-05-07,North,Partner,328
ORD-15247,2025-05-11,North,Partner,445
ORD-15248,2025-05-24,North,Web,586
ORD-15249,2025-05-28,North,Partner,602
ORD-15250,2025-05-21,West,Retail,422
ORD-15251,2025-05-28,South,Partner,516
ORD-15252,2025-05-22,West,Retail,615
ORD-15253,2025-05-09,West,Partner,426
ORD-15254,2025-05-23,North,Retail,675
ORD-15255,2025-05-26,West,Partner,460
ORD-15256,2025-05-13,South,Retail,506
ORD-15257,2025-05-01,South,Web,481
ORD-15258,2025-05-17,East,Web,660
ORD-15259,2025-05-11,East,Partner,499
ORD-15260,2025-05-23,North,Web,663
ORD-15261,2025-05-09,West,Web,594
ORD-15262,2025-05-12,East,Retail,489
ORD-15263,2025-05-06,West,Web,467
ORD-15264,2025-05-19,North,Partner,330
ORD-15265,2025-05-15,South,Retail,466
ORD-15266,2025-05-28,East,Partner,602
ORD-15267,2025-05-08,West,Retail,449
ORD-15268,2025-05-01,South,Partner,581
ORD-15269,2025-05-06,West,Web,701
ORD-15270,2025-05-20,South,Retail,373
ORD-15271,2025-05-09,North,Partner,431
ORD-15272,2025-05-12,South,Web,472
ORD-15273,2025-05-01,South,Retail,582
ORD-15274,2025-05-17,North,Web,570
ORD-15275,2025-05-06,West,Web,609
ORD-15276,2025-05-04,East,Partner,430
ORD-15277,2025-05-12,North,Partner,459
ORD-15278,2025-05-12,South,Partner,635
ORD-15279,2025-05-25,North,Partner,355
ORD-15280,2025-05-07,North,Retail,554
ORD-15281,2025-05-19,North,Web,527
ORD-15282,2025-05-19,North,Retail,449
ORD-15283,2025-05-20,South,Web,407
ORD-15284,2025-05-14,West,Web,487
ORD-15285,2025-05-26,North,Partner,600
ORD-15286,2025-05-17,East,Partner,514
ORD-15287,2025-05-11,East,Retail,395
ORD-15288,2025-05-20,West,Web,455
ORD-15289,2025-05-23,West,Partner,401
ORD-15290,2025-05-11,West,Web,591
ORD-15291,2025-05-22,East,Partner,580
ORD-15292,2025-05-04,North,Retail,589
ORD-15293,2025-05-20,East,Web,353
ORD-15294,2025-05-20,East,Web,367
ORD-15295,2025-05-07,West,Retail,533
ORD-15296,2025-05-25,South,Retail,211
ORD-15297,2025-05-23,North,Web,568
ORD-15298,2025-05-15,East,Partner,385
ORD-15299,2025-05-23,East,Retail,440
ORD-15300,2025-06-09,East,Partner,643
ORD-15301,2025-06-18,South,Retail,627
ORD-15302,2025-06-14,West,Partner,415
ORD-15303,2025-06-15,West,Web,486
ORD-15304,2025-06-23,West,Web,499
ORD-15305,2025-06-20,North,Retail,423
ORD-15306,2025-06-14,North,Web,499
ORD-15307,2025-06-08,North,Partner,561
ORD-15308,2025-06-27,North,Web,505
ORD-15309,2025-06-28,North,Web,517
ORD-15310,2025-06-14,South,Partner,521
ORD-15311,2025-06-14,South,Retail,585
ORD-15312,2025-06-14,North,Retail,569
ORD-15313,2025-06-10,East,Partner,582
ORD-15314,2025-06-09,North,Web,421
ORD-15315,2025-06-21,West,Partner,537
ORD-15316,2025-06-15,North,Retail,438
ORD-15317,2025-06-03,North,Partner,555
ORD-15318,2025-06-05,South,Web,577
ORD-15319,2025-06-22,North,Web,497
ORD-15320,2025-06-22,South,Partner,541
ORD-15321,2025-06-10,West,Web,600
ORD-15322,2025-06-20,North,Retail,811
ORD-15323,2025-06-16,West,Retail,494
ORD-15324,2025-06-21,South,Web,374
ORD-15325,2025-06-04,East,Partner,552
ORD-15326,2025-06-05,East,Retail,506
ORD-15327,2025-06-19,East,Retail,314
ORD-15328,2025-06-06,South,Web,478
ORD-15329,2025-06-23,North,Web,364
ORD-15330,2025-06-08,East,Retail,503
ORD-15331,2025-06-16,East,Retail,588
ORD-15332,2025-06-13,North,Partner,258
ORD-15333,2025-06-26,East,Retail,669
ORD-15334,2025-06-04,South,Web,423
ORD-15335,2025-06-11,North,Partner,510
ORD-15336,2025-06-23,East,Web,355
ORD-15337,2025-06-18,South,Partner,568
ORD-15338,2025-06-16,East,Partner,450
ORD-15339,2025-06-04,South,Retail,455
ORD-15340,2025-06-26,South,Partner,608
ORD-15341,2025-06-16,West,Partner,660
ORD-15342,2025-06-28,West,Partner,588
ORD-15343,2025-06-16,East,Web,585
ORD-15344,2025-06-19,South,Retail,584
ORD-15345,2025-06-18,North,Web,544
ORD-15346,2025-06-22,South,Web,510
ORD-15347,2025-06-23,South,Web,448
ORD-15348,2025-06-11,East,Web,419
ORD-15349,2025-06-25,West,Web,635
ORD-15350,2025-06-12,East,Web,524
ORD-15351,2025-06-26,South,Partner,655
ORD-15352,2025-06-22,West,Web,536
ORD-15353,2025-06-26,South,Retail,471
ORD-15354,2025-06-07,South,Retail,550
ORD-15355,2025-06-19,East,Partner,534
ORD-15356,2025-06-23,West,Web,566
ORD-15357,2025-06-13,East,Retail,480
ORD-15358,2025-06-05,West,Web,421
ORD-15359,2025-06-15,East,Partner,610
ORD-15360,2025-06-10,East,Retail,553
ORD-15361,2025-06-04,East,Web,475
ORD-15362,2025-06-17,East,Web,529
ORD-15363,2025-06-18,South,Partner,377
ORD-15364,2025-06-13,North,Web,490
ORD-15365,2025-06-16,West,Web,484
ORD-15366,2025-06-19,West,Web,431
ORD-15367,2025-06-20,East,Partner,469
ORD-15368,2025-06-07,East,Retail,555
ORD-15369,2025-06-22,North,Retail,561
ORD-15370,2025-06-01,North,Partner,517
ORD-15371,2025-06-22,South,Retail,491
ORD-15372,2025-06-27,North,Partner,481
ORD-15373,2025-06-13,West,Web,481
ORD-15374,2025-06-07,West,Retail,340
ORD-15375,2025-06-26,East,Partner,444
ORD-15376,2025-06-06,South,Partner,620
ORD-15377,2025-06-08,East,Retail,400
ORD-15378,2025-06-03,East,Web,558
ORD-15379,2025-06-08,South,Retail,629
ORD-15380,2025-06-16,West,Partner,349
ORD-15381,2025-06-11,North,Partner,325
ORD-15382,2025-06-18,North,Partner,502
ORD-15383,2025-06-15,South,Retail,449
ORD-15384,2025-06-10,West,Partner,644
ORD-15385,2025-06-15,North,Retail,583
ORD-15386,2025-06-27,West,Web,416
ORD-15387,2025-06-21,East,Web,406
ORD-15388,2025-06-13,North,Web,474
ORD-15389,2025-06-05,East,Web,605
ORD-15390,2025-06-19,East,Web,538
ORD-15391,2025-06-03,East,Web,521
ORD-15392,2025-06-03,West,Web,480
ORD-15393,2025-06-12,East,Retail,473
ORD-15394,2025-06-15,North,Web,422
ORD-15395,2025-06-23,West,Retail,461
ORD-15396,2025-06-10,West,Retail,631
ORD-15397,2025-06-05,West,Web,327
ORD-15398,2025-06-02,North,Partner,485
ORD-15399,2025-06-17,South,Web,623
ORD-15400,2025-06-26,East,Web,438
ORD-15401,2025-06-01,West,Retail,634
ORD-15402,2025-06-13,West,Retail,669
ORD-15403,2025-06-15,East,Web,564
ORD-15404,2025-06-22,West,Partner,716
ORD-15405,2025-06-04,South,Retail,475
ORD-15406,2025-06-09,West,Partner,456
ORD-15407,2025-06-25,East,Web,650
ORD-15408,2025-06-06,North,Web,465
ORD-15409,2025-06-09,West,Web,617
ORD-15410,2025-06-01,West,Partner,354
ORD-15411,2025-06-19,North,Partner,483
ORD-15412,2025-06-12,North,Partner,306
ORD-15413,2025-06-20,West,Web,658
ORD-15414,2025-06-13,West,Retail,536
ORD-15415,2025-06-04,West,Partner,549
ORD-15416,2025-06-13,West,Retail,534
ORD-15417,2025-06-05,West,Partner,374
ORD-15418,2025-06-09,South,Retail,556
ORD-15419,2025-06-07,West,Partner,599
ORD-15420,2025-06-13,West,Web,531
ORD-15421,2025-06-21,North,Web,495
ORD-15422,2025-06-25,West,Retail,747
ORD-15423,2025-06-08,East,Web,424
ORD-15424,2025-06-11,North,Web,510
ORD-15425,2025-06-22,South,Retail,688
ORD-15426,2025-06-04,East,Partner,406
ORD-15427,2025-06-05,West,Retail,457
ORD-15428,2025-06-13,West,Retail,458
ORD-15429,2025-06-01,East,Retail,580
ORD-15430,2025-06-05,South,Web,461
ORD-15431,2025-06-04,East,Partner,506
ORD-15432,2025-06-20,South,Retail,510
ORD-15433,2025-06-18,South,Partner,596
ORD-15434,2025-06-22,North,Partner,518
ORD-15435,2025-06-07,South,Web,564
ORD-15436,2025-06-12,East,Partner,442
ORD-15437,2025-06-05,South,Web,560
ORD-15438,2025-06-11,South,Web,521
ORD-15439,2025-06-18,North,Partner,645
ORD-15440,2025-06-05,East,Web,405
ORD-15441,2025-06-08,West,Partner,428
ORD-15442,2025-06-23,West,Partner,674
ORD-15443,2025-06-09,South,Partner,566
ORD-15444,2025-06-03,East,Retail,549
ORD-15445,2025-06-17,North,Partner,438
ORD-15446,2025-06-05,South,Retail,447
ORD-15447,2025-06-05,North,Partner,584
ORD-15448,2025-06-15,East,Web,487
ORD-15449,2025-06-15,East,Partner,598
ORD-15450,2025-06-28,East,Web,438
ORD-15451,2025-06-02,South,Partner,462
ORD-15452,2025-06-26,West,Web,516
ORD-15453,2025-06-28,East,Partner,526
ORD-15454,2025-06-27,North,Web,450
ORD-15455,2025-06-08,West,Web,406
ORD-15456,2025-06-22,North,Partner,496
ORD-15457,2025-06-05,North,Partner,567
ORD-15458,2025-06-12,East,Retail,523
ORD-15459,2025-06-06,South,Retail,421
ORD-15460,2025-06-12,South,Retail,433
ORD-15461,2025-06-26,West,Retail,551
ORD-15462,2025-06-18,North,Partner,534
ORD-15463,2025-06-10,North,Web,574
ORD-15464,2025-06-23,North,Partner,420
ORD-15465,2025-06-08,North,Partner,597
ORD-15466,2025-06-27,South,Retail,471
ORD-15467,2025-06-02,South,Web,467
ORD-15468,2025-06-16,North,Web,598
ORD-15469,2025-06-26,North,Partner,415
ORD-15470,2025-06-13,East,Web,390
ORD-15471,2025-06-05,North,Retail,444
ORD-15472,2025-06-20,North,Web,629
ORD-15473,2025-06-07,South,Partner,563
ORD-15474,2025-06-26,West,Web,476
ORD-15475,2025-06-03,East,Web,514
ORD-15476,2025-06-08,North,Web,577
ORD-15477,2025-06-22,West,Partner,234
ORD-15478,2025-06-16,West,Partner,540
ORD-15479,2025-06-11,South,Retail,551
ORD-15480,2025-06-17,North,Retail,494
ORD-15481,2025-06-14,North,Web,441
ORD-15482,2025-06-17,North,Partner,329
ORD-15483,2025-06-19,North,Web,576
ORD-15484,2025-06-14,West,Web,372
ORD-15485,2025-06-13,South,Retail,687
ORD-15486,2025-06-08,South,Retail,587
ORD-15487,2025-06-24,East,Web,534
ORD-15488,2025-06-14,East,Partner,449
ORD-15489,2025-06-04,North,Web,371
ORD-15490,2025-06-19,West,Retail,498
ORD-15491,2025-06-03,West,Web,602
ORD-15492,2025-06-10,West,Web,452
ORD-15493,2025-06-26,East,Web,449
ORD-15494,2025-06-16,North,Web,392
ORD-15495,2025-06-21,North,Retail,479
ORD-15496,2025-06-13,South,Retail,608
ORD-15497,2025-06-11,North,Retail,492
ORD-15498,2025-06-17,South,Partner,580
ORD-15499,2025-06-06,South,Retail,692
ORD-15500,2025-06-25,East,Partner,554
ORD-15501,2025-06-26,West,Retail,555
ORD-15502,2025-06-06,East,Web,471
ORD-15503,2025-06-22,East,Web,517
ORD-15504,2025-06-19,West,Retail,621
ORD-15505,2025-06-10,East,Web,465
ORD-15506,2025-06-08,South,Web,386
ORD-15507,2025-06-03,South,Partner,596
ORD-15508,2025-06-02,East,Retail,380
ORD-15509,2025-06-13,West,Retail,515
ORD-15510,2025-06-28,South,Web,560
ORD-15511,2025-06-04,North,Web,495
ORD-15512,2025-06-09,West,Web,352
ORD-15513,2025-06-15,East,Retail,547
ORD-15514,2025-06-11,South,Retail,448
ORD-15515,2025-06-05,West,Retail,462
ORD-15516,2025-06-10,North,Partner,505
ORD-15517,2025-06-04,West,Retail,484
ORD-15518,2025-06-04,West,Retail,524
ORD-15519,2025-06-03,South,Partner,555
ORD-15520,2025-06-25,South,Partner,381
ORD-15521,2025-06-25,North,Partner,404
ORD-15522,2025-06-26,South,Retail,340
ORD-15523,2025-06-05,North,Retail,587
ORD-15524,2025-06-03,North,Partner,649
ORD-15525,2025-06-24,East,Retail,446
ORD-15526,2025-06-27,East,Web,447
ORD-15527,2025-06-11,South,Partner,536
ORD-15528,2025-06-06,South,Retail,446
ORD-15529,2025-06-26,North,Partner,489
ORD-15530,2025-06-06,North,Retail,509
ORD-15531,2025-06-11,South,Web,661
ORD-15532,2025-06-09,South,Retail,461
ORD-15533,2025-06-19,East,Web,598
ORD-15534,2025-06-07,North,Retail,329
ORD-15535,2025-06-11,North,Web,405
ORD-15536,2025-06-23,South,Retail,343
ORD-15537,2025-06-22,South,Retail,488
ORD-15538,2025-06-28,South,Partner,434
ORD-15539,2025-06-05,West,Retail,397
ORD-15540,2025-06-17,South,Partner,485
ORD-15541,2025-06-05,East,Web,420
ORD-15542,2025-06-21,East,Partner,490
ORD-15543,2025-06-16,East,Web,502
ORD-15544,2025-06-19,North,Web,426
ORD-15545,2025-06-23,South,Retail,439
ORD-15546,2025-06-05,East,Partner,567
ORD-15547,2025-06-14,East,Retail,497
ORD-15548,2025-06-15,West,Partner,384
ORD-15549,2025-06-02,North,Partner,543
ORD-15550,2025-06-04,West,Partner,514
ORD-15551,2025-06-24,North,Retail,569
ORD-15552,2025-06-11,West,Web,570
ORD-15553,2025-06-02,West,Web,484
ORD-15554,2025-06-13,South,Web,651
ORD-15555,2025-06-02,West,Retail,566
ORD-15556,2025-06-15,South,Retail,349
ORD-15557,2025-06-09,East,Retail,557
ORD-15558,2025-06-06,South,Partner,368
ORD-15559,2025-06-19,South,Partner,586
ORD-15560,2025-06-26,East,Web,453
ORD-15561,2025-06-01,West,Web,563
ORD-15562,2025-06-19,East,Retail,484
ORD-15563,2025-06-16,East,Retail,447
ORD-15564,2025-06-15,East,Retail,528
ORD-15565,2025-06-24,South,Retail,314
ORD-15566,2025-06-22,North,Web,474
ORD-15567,2025-06-28,East,Web,610
ORD-15568,2025-06-25,North,Partner,539
ORD-15569,2025-06-21,South,Web,423
ORD-15570,2025-06-09,North,Web,467
ORD-15571,2025-06-07,North,Partner,452
ORD-15572,2025-06-18,South,Retail,527
ORD-15573,2025-06-02,South,Retail,509
ORD-15574,2025-06-27,West,Retail,439
ORD-15575,2025-06-24,East,Retail,569
ORD-15576,2025-06-24,East,Partner,535
ORD-15577,2025-06-05,South,Web,606
ORD-15578,2025-06-22,North,Partner,570
ORD-15579,2025-06-05,South,Web,392
ORD-15580,2025-06-05,South,Web,485
ORD-15581,2025-06-22,West,Partner,545
ORD-15582,2025-06-10,South,Partner,419
ORD-15583,2025-06-16,South,Web,520
ORD-15584,2025-06-23,East,Web,338
ORD-15585,2025-06-05,West,Web,540
ORD-15586,2025-06-02,South,Retail,664
ORD-15587,2025-06-27,North,Partner,497
ORD-15588,2025-06-09,South,Retail,496
ORD-15589,2025-06-13,South,Partner,464
ORD-15590,2025-06-07,North,Partner,495
ORD-15591,2025-06-19,North,Retail,398
ORD-15592,2025-06-19,South,Web,671
ORD-15593,2025-06-19,East,Retail,279
ORD-15594,2025-06-27,North,Web,424
ORD-15595,2025-06-16,North,Retail,420
ORD-15596,2025-06-26,West,Web,390
ORD-15597,2025-06-19,West,Partner,520
ORD-15598,2025-06-16,East,Partner,404
ORD-15599,2025-06-01,West,Retail,525
ORD-15600,2025-06-08,West,Web,569
ORD-15601,2025-06-14,East,Retail,422
ORD-15602,2025-06-18,East,Retail,427
ORD-15603,2025-06-22,North,Partner,554
ORD-15604,2025-06-07,South,Web,498
ORD-15605,2025-06-08,West,Web,522
ORD-15606,2025-06-23,South,Retail,464
ORD-15607,2025-06-10,North,Retail,508
ORD-15608,2025-06-02,East,Partner,364
ORD-15609,2025-06-26,South,Web,427
ORD-15610,2025-06-09,North,Retail,522
ORD-15611,2025-06-28,East,Retail,433
ORD-15612,2025-06-04,West,Retail,441
ORD-15613,2025-06-09,West,Partner,514
ORD-15614,2025-06-17,West,Retail,349
ORD-15615,2025-06-22,West,Retail,442
ORD-15616,2025-06-06,North,Web,605
ORD-15617,2025-06-14,West,Web,495
ORD-15618,2025-06-25,North,Web,496
ORD-15619,2025-06-18,East,Web,433
ORD-15620,2025-06-15,West,Web,603
ORD-15621,2025-06-18,West,Retail,465
ORD-15622,2025-06-01,North,Partner,362
ORD-15623,2025-06-13,East,Partner,525
ORD-15624,2025-06-21,South,Web,443
ORD-15625,2025-06-25,West,Web,413
ORD-15626,2025-06-04,North,Web,441
ORD-15627,2025-06-20,South,Partner,586
ORD-15628,2025-06-28,North,Partner,558
ORD-15629,2025-06-13,North,Retail,381
ORD-15630,2025-06-12,East,Retail,636
ORD-15631,2025-06-16,West,Partner,359
ORD-15632,2025-06-20,North,Retail,600
ORD-15633,2025-06-09,East,Partner,498
ORD-15634,2025-06-10,West,Partner,408
ORD-15635,2025-06-16,West,Web,310
ORD-15636,2025-06-07,East,Web,591
ORD-15637,2025-06-01,North,Partner,624
ORD-15638,2025-06-17,East,Web,453
ORD-15639,2025-06-26,South,Retail,524
ORD-15640,2025-06-17,West,Retail,415
ORD-15641,2025-06-18,East,Partner,487
ORD-15642,2025-06-17,North,Partner,519
ORD-15643,2025-06-27,West,Retail,481
ORD-15644,2025-06-23,South,Partner,630
ORD-15645,2025-06-08,East,Retail,416
ORD-15646,2025-06-14,East,Partner,515
ORD-15647,2025-06-26,South,Web,416
ORD-15648,2025-06-05,West,Web,529
ORD-15649,2025-06-10,West,Web,609
ORD-15650,2025-06-15,South,Retail,421
ORD-15651,2025-06-19,South,Web,631
ORD-15652,2025-06-21,East,Retail,497
ORD-15653,2025-06-25,South,Partner,469
ORD-15654,2025-06-05,West,Partner,497
ORD-15655,2025-06-17,West,Web,612
ORD-15656,2025-06-05,South,Partner,463
ORD-15657,2025-06-03,North,Web,478
ORD-15658,2025-06-10,West,Partner,471
ORD-15659,2025-06-07,East,Retail,453
ORD-15660,2025-06-03,North,Partner,491
ORD-15661,2025-06-03,West,Retail,550
ORD-15662,2025-06-15,West,Retail,560
ORD-15663,2025-06-14,South,Web,450
ORD-15664,2025-06-12,West,Partner,301
ORD-15665,2025-06-09,West,Web,475
ORD-15666,2025-06-21,South,Web,480
ORD-15667,2025-06-14,South,Retail,535
ORD-15668,2025-06-27,West,Web,517
ORD-15669,2025-06-07,West,Retail,577
ORD-15670,2025-06-10,South,Partner,518
ORD-15671,2025-06-28,North,Retail,478
ORD-15672,2025-06-26,North,Partner,673
ORD-15673,2025-06-17,North,Retail,508
ORD-15674,2025-06-16,North,Web,436
ORD-15675,2025-06-21,East,Web,598
ORD-15676,2025-06-08,East,Web,476
ORD-15677,2025-06-02,East,Retail,407
ORD-15678,2025-06-26,North,Web,465
ORD-15679,2025-06-01,West,Web,458
ORD-15680,2025-06-05,West,Partner,538
ORD-15681,2025-06-13,North,Retail,610
ORD-15682,2025-06-06,South,Retail,544
ORD-15683,2025-06-07,West,Retail,397
ORD-15684,2025-06-18,North,Retail,396
ORD-15685,2025-06-26,East,Partner,268
ORD-15686,2025-06-19,South,Retail,567
ORD-15687,2025-06-14,North,Partner,470
ORD-15688,2025-06-05,West,Partner,506
ORD-15689,2025-06-08,West,Partner,449
ORD-15690,2025-06-27,South,Web,516
ORD-15691,2025-06-07,South,Web,467
ORD-15692,2025-06-07,East,Partner,518
ORD-15693,2025-06-08,North,Partner,504
ORD-15694,2025-06-13,South,Web,616
ORD-15695,2025-06-22,North,Retail,543
ORD-15696,2025-06-27,East,Retail,427
ORD-15697,2025-06-03,North,Retail,551
ORD-15698,2025-06-15,North,Retail,541
ORD-15699,2025-06-26,West,Partner,511
ORD-15700,2025-06-21,East,Web,453
ORD-15701,2025-06-23,East,Retail,346
ORD-15702,2025-06-17,East,Web,657
ORD-15703,2025-06-10,East,Web,606
ORD-15704,2025-06-05,East,Retail,596
ORD-15705,2025-06-10,West,Partner,557
ORD-15706,2025-06-26,East,Retail,613
ORD-15707,2025-06-28,South,Retail,711
ORD-15708,2025-06-23,North,Web,495
ORD-15709,2025-06-06,North,Partner,509
ORD-15710,2025-06-22,South,Web,402
ORD-15711,2025-06-24,West,Web,515
ORD-15712,2025-06-09,North,Partner,410
ORD-15713,2025-06-26,South,Retail,373
ORD-15714,2025-06-02,South,Web,420
ORD-15715,2025-06-07,South,Partner,450
ORD-15716,2025-06-02,South,Partner,648
ORD-15717,2025-06-25,South,Partner,447
ORD-15718,2025-06-05,South,Web,575
ORD-15719,2025-06-08,West,Partner,384
ORD-15720,2025-06-18,North,Web,470
ORD-15721,2025-06-28,South,Web,535
ORD-15722,2025-06-10,North,Partner,524
ORD-15723,2025-06-03,East,Web,406
ORD-15724,2025-06-24,North,Partner,544
ORD-15725,2025-06-17,North,Partner,539
ORD-15726,2025-06-14,North,Retail,557
ORD-15727,2025-06-13,South,Retail,312
ORD-15728,2025-06-05,East,Partner,597
ORD-15729,2025-06-04,North,Retail,508
ORD-15730,2025-06-18,East,Web,471
ORD-15731,2025-06-14,North,Partner,512
ORD-15732,2025-06-12,South,Partner,458
ORD-15733,2025-06-15,South,Web,652
ORD-15734,2025-06-27,North,Partner,615
ORD-15735,2025-06-18,East,Partner,461
ORD-15736,2025-06-21,West,Web,590
ORD-15737,2025-06-27,West,Partner,439
ORD-15738,2025-06-17,West,Partner,683
ORD-15739,2025-06-14,East,Retail,465
ORD-15740,2025-06-01,East,Partner,503
ORD-15741,2025-06-28,East,Partner,512
ORD-15742,2025-06-04,East,Partner,542
ORD-15743,2025-06-14,South,Web,434
ORD-15744,2025-06-08,South,Retail,515
ORD-15745,2025-06-25,South,Web,578
ORD-15746,2025-06-22,South,Partner,432
ORD-15747,2025-06-13,East,Retail,462
ORD-15748,2025-06-15,South,Partner,679
ORD-15749,2025-06-14,East,Retail,542
ORD-15750,2025-06-27,South,Retail,466
ORD-15751,2025-06-26,West,Partner,661
ORD-15752,2025-06-02,West,Web,534
ORD-15753,2025-06-23,South,Retail,540
ORD-15754,2025-06-10,West,Retail,481
ORD-15755,2025-06-13,West,Web,766
ORD-15756,2025-06-04,East,Web,520
ORD-15757,2025-06-02,North,Partner,345
ORD-15758,2025-06-09,South,Partner,403
ORD-15759,2025-06-02,South,Partner,493
ORD-15760,2025-06-20,South,Partner,575
ORD-15761,2025-06-08,West,Web,611
ORD-15762,2025-06-08,East,Partner,503
ORD-15763,2025-06-16,East,Web,420
ORD-15764,2025-06-14,East,Retail,515
ORD-15765,2025-06-24,West,Retail,323
ORD-15766,2025-06-05,North,Partner,429
ORD-15767,2025-06-16,East,Partner,486
ORD-15768,2025-06-28,North,Partner,544
ORD-15769,2025-06-04,West,Web,511
ORD-15770,2025-06-25,East,Partner,562
ORD-15771,2025-06-08,South,Partner,315
ORD-15772,2025-06-24,East,Partner,470
ORD-15773,2025-06-16,South,Partner,506
ORD-15774,2025-06-09,North,Retail,735
ORD-15775,2025-06-21,North,Web,623
ORD-15776,2025-06-19,West,Web,553
ORD-15777,2025-06-28,South,Web,547
ORD-15778,2025-06-16,East,Retail,591
ORD-15779,2025-06-21,North,Retail,468
ORD-15780,2025-06-20,East,Retail,587
ORD-15781,2025-06-19,West,Web,389
ORD-15782,2025-06-19,North,Retail,427
ORD-15783,2025-06-04,South,Retail,459
ORD-15784,2025-06-02,West,Web,536
ORD-15785,2025-06-06,West,Retail,655
ORD-15786,2025-06-19,South,Partner,564
ORD-15787,2025-06-18,West,Retail,529
ORD-15788,2025-06-11,West,Retail,347
ORD-15789,2025-06-20,East,Retail,396
ORD-15790,2025-06-17,North,Retail,478
ORD-15791,2025-06-27,South,Partner,451
ORD-15792,2025-06-21,North,Web,454
ORD-15793,2025-06-15,North,Web,489
ORD-15794,2025-06-27,West,Retail,385
ORD-15795,2025-06-10,East,Retail,495
ORD-15796,2025-06-18,South,Web,384
ORD-15797,2025-06-11,West,Web,394
ORD-15798,2025-06-12,North,Retail,545
ORD-15799,2025-06-22,South,Retail,669
ORD-15800,2025-06-17,North,Partner,489
ORD-15801,2025-06-14,West,Web,555
ORD-15802,2025-06-19,East,Web,389
ORD-15803,2025-06-01,East,Partner,476
ORD-15804,2025-06-26,South,Partner,504
ORD-15805,2025-06-16,North,Web,481
ORD-15806,2025-06-16,North,Partner,495
ORD-15807,2025-06-03,East,Partner,536
ORD-15808,2025-06-14,North,Retail,555
ORD-15809,2025-06-13,East,Web,449
ORD-15810,2025-06-09,East,Web,289
ORD-15811,2025-06-18,North,Retail,331
ORD-15812,2025-06-10,South,Partner,619
ORD-15813,2025-06-06,East,Retail,577
ORD-15814,2025-06-26,North,Web,364
ORD-15815,2025-06-28,West,Web,532
ORD-15816,2025-06-26,South,Partner,591
ORD-15817,2025-06-15,North,Partner,467
ORD-15818,2025-06-20,North,Retail,517
ORD-15819,2025-06-21,North,Retail,534
ORD-15820,2025-06-01,East,Web,465
ORD-15821,2025-06-12,West,Web,575
ORD-15822,2025-06-24,East,Web,631
ORD-15823,2025-06-16,North,Partner,465
ORD-15824,2025-06-25,South,Partner,627
ORD-15825,2025-06-13,South,Web,489
ORD-15826,2025-06-28,West,Retail,435
ORD-15827,2025-06-27,East,Web,482
ORD-15828,2025-06-05,South,Web,407
ORD-15829,2025-06-11,East,Retail,479
ORD-15830,2025-06-04,North,Retail,482
ORD-15831,2025-06-18,East,Retail,471
ORD-15832,2025-06-02,South,Retail,431
ORD-15833,2025-06-15,East,Retail,509
ORD-15834,2025-06-20,East,Web,566
ORD-15835,2025-06-23,South,Web,702
ORD-15836,2025-06-13,North,Retail,511
ORD-15837,2025-06-25,East,Retail,617
ORD-15838,2025-06-19,South,Partner,328
ORD-15839,2025-06-12,West,Web,513
ORD-15840,2025-06-26,South,Partner,475
ORD-15841,2025-06-09,East,Web,346
ORD-15842,2025-06-04,North,Retail,616
ORD-15843,2025-06-15,North,Partner,489
ORD-15844,2025-06-10,East,Retail,495
ORD-15845,2025-06-27,West,Retail,426
ORD-15846,2025-06-18,North,Web,603
ORD-15847,2025-06-24,North,Partner,576
ORD-15848,2025-06-23,North,Partner,540
ORD-15849,2025-06-17,North,Partner,439
ORD-15850,2025-06-20,North,Partner,454
ORD-15851,2025-06-04,North,Partner,445
ORD-15852,2025-06-22,South,Web,487
ORD-15853,2025-06-01,East,Web,547
ORD-15854,2025-06-21,North,Partner,536
ORD-15855,2025-06-24,East,Retail,560
ORD-15856,2025-06-24,North,Partner,537
ORD-15857,2025-06-01,West,Retail,481
ORD-15858,2025-06-21,North,Web,341
ORD-15859,2025-06-03,West,Partner,558
ORD-15860,2025-06-12,West,Partner,569
ORD-15861,2025-06-09,North,Retail,378
ORD-15862,2025-06-18,South,Web,437
ORD-15863,2025-06-27,North,Web,546
ORD-15864,2025-06-04,East,Partner,480
ORD-15865,2025-06-04,West,Web,557
ORD-15866,2025-06-09,South,Partner,639
ORD-15867,2025-06-13,East,Web,539
ORD-15868,2025-06-10,East,Partner,520
ORD-15869,2025-06-26,East,Web,478
ORD-15870,2025-06-28,North,Web,406
ORD-15871,2025-06-08,West,Partner,442
ORD-15872,2025-06-04,North,Partner,394
ORD-15873,2025-06-01,South,Retail,523
ORD-15874,2025-06-09,West,Retail,375
ORD-15875,2025-06-23,West,Retail,542
ORD-15876,2025-06-15,North,Web,622
ORD-15877,2025-06-16,South,Web,540
ORD-15878,2025-06-27,East,Retail,417
ORD-15879,2025-06-04,South,Retail,397
ORD-15880,2025-06-02,North,Partner,445
ORD-15881,2025-06-25,North,Web,529
ORD-15882,2025-06-09,West,Web,448
ORD-15883,2025-06-25,East,Retail,415
ORD-15884,2025-06-10,North,Partner,590
ORD-15885,2025-06-11,North,Web,530
ORD-15886,2025-06-13,East,Retail,538
ORD-15887,2025-06-01,South,Retail,468
ORD-15888,2025-06-22,North,Retail,434
ORD-15889,2025-06-25,South,Retail,522
ORD-15890,2025-06-26,North,Retail,715
ORD-15891,2025-06-27,North,Web,392
ORD-15892,2025-06-08,West,Retail,573
ORD-15893,2025-06-15,West,Web,408
ORD-15894,2025-06-27,West,Partner,532
ORD-15895,2025-06-01,East,Web,505
ORD-15896,2025-06-18,South,Web,437
ORD-15897,2025-06-06,West,Retail,466
ORD-15898,2025-06-12,North,Web,530
ORD-15899,2025-06-18,South,Partner,474
ORD-15900,2025-06-25,North,Partner,552
ORD-15901,2025-06-12,North,Retail,496
ORD-15902,2025-06-14,South,Retail,536
ORD-15903,2025-06-26,East,Partner,714
ORD-15904,2025-06-13,East,Partner,501
ORD-15905,2025-06-03,East,Web,433
ORD-15906,2025-06-19,West,Retail,392
ORD-15907,2025-06-05,South,Web,510
ORD-15908,2025-06-02,South,Partner,471
ORD-15909,2025-06-08,South,Retail,535
ORD-15910,2025-06-10,East,Retail,315
ORD-15911,2025-06-23,North,Web,449
ORD-15912,2025-06-12,South,Web,428
ORD-15913,2025-06-21,West,Retail,478
ORD-15914,2025-06-05,West,Retail,442
ORD-15915,2025-06-13,North,Partner,678
ORD-15916,2025-06-11,East,Retail,447
ORD-15917,2025-06-05,South,Retail,598
ORD-15918,2025-06-08,South,Partner,475
ORD-15919,2025-06-12,South,Retail,579
ORD-15920,2025-06-02,West,Web,474
ORD-15921,2025-06-18,North,Web,542
ORD-15922,2025-06-20,West,Web,408
ORD-15923,2025-06-01,West,Web,391
ORD-15924,2025-06-17,South,Retail,492
ORD-15925,2025-06-01,West,Partner,443
ORD-15926,2025-06-10,North,Partner,673
ORD-15927,2025-06-22,North,Partner,583
ORD-15928,2025-06-07,East,Retail,375
ORD-15929,2025-06-21,North,Partner,607
ORD-15930,2025-06-27,West,Web,310
ORD-15931,2025-06-14,South,Partner,444
ORD-15932,2025-06-21,North,Retail,494
ORD-15933,2025-06-17,East,Web,457
ORD-15934,2025-06-15,East,Retail,404
ORD-15935,2025-06-18,South,Web,539
ORD-15936,2025-06-26,South,Partner,428
ORD-15937,2025-06-19,South,Web,426
ORD-15938,2025-06-12,South,Partner,376
ORD-15939,2025-06-11,North,Retail,713
ORD-15940,2025-06-20,West,Partner,628
ORD-15941,2025-06-10,East,Web,309
ORD-15942,2025-06-11,East,Partner,545
ORD-15943,2025-06-15,South,Web,629
ORD-15944,2025-06-17,South,Partner,585
ORD-15945,2025-06-08,West,Retail,499
ORD-15946,2025-06-03,South,Web,491
ORD-15947,2025-06-21,West,Partner,449
ORD-15948,2025-06-01,South,Partner,461
ORD-15949,2025-06-15,West,Retail,324
ORD-15950,2025-06-23,South,Retail,638
ORD-15951,2025-06-10,South,Retail,438
ORD-15952,2025-06-07,West,Retail,442
ORD-15953,2025-06-21,West,Web,502
ORD-15954,2025-06-22,East,Retail,748
ORD-15955,2025-06-13,South,Retail,532
ORD-15956,2025-06-07,West,Partner,454
ORD-15957,2025-06-21,West,Web,286
ORD-15958,2025-06-03,East,Partner,528
ORD-15959,2025-06-24,North,Partner,422
ORD-15960,2025-06-03,West,Web,531
ORD-15961,2025-06-09,South,Web,518
ORD-15962,2025-06-18,West,Partner,574
ORD-15963,2025-06-12,South,Partner,437
ORD-15964,2025-06-06,South,Retail,598
ORD-15965,2025-06-19,South,Retail,306
ORD-15966,2025-06-25,South,Web,460
ORD-15967,2025-06-25,South,Partner,394
ORD-15968,2025-06-27,West,Web,661
ORD-15969,2025-06-02,West,Web,565
ORD-15970,2025-06-04,North,Partner,529
ORD-15971,2025-06-23,East,Web,554
ORD-15972,2025-06-20,South,Partner,612
ORD-15973,2025-06-13,North,Web,551
ORD-15974,2025-06-15,West,Web,612
ORD-15975,2025-06-11,West,Retail,536
ORD-15976,2025-06-04,West,Partner,581
ORD-15977,2025-06-26,West,Web,578
ORD-15978,2025-06-05,North,Retail,685
ORD-15979,2025-06-17,North,Retail,596
ORD-15980,2025-06-01,East,Web,468
ORD-15981,2025-06-07,North,Retail,596
ORD-15982,2025-06-13,East,Partner,611
ORD-15983,2025-06-08,North,Retail,496
ORD-15984,2025-06-16,North,Partner,736
ORD-15985,2025-06-17,North,Web,578
ORD-15986,2025-06-07,West,Retail,394
ORD-15987,2025-06-15,North,Retail,605
ORD-15988,2025-06-12,East,Partner,534
ORD-15989,2025-06-12,South,Retail,535
ORD-15990,2025-06-20,East,Web,509
ORD-15991,2025-06-16,West,Web,462
ORD-15992,2025-06-20,South,Partner,674
ORD-15993,2025-06-10,South,Web,422
ORD-15994,2025-06-06,South,Web,359
ORD-15995,2025-06-24,North,Retail,565
ORD-15996,2025-06-04,South,Web,619
ORD-15997,2025-06-18,North,Partner,392
ORD-15998,2025-06-14,East,Retail,618
ORD-15999,2025-06-08,North,Web,426
ORD-16000,2025-06-01,North,Retail,458
ORD-16001,2025-06-21,South,Retail,515
ORD-16002,2025-06-18,West,Web,496
ORD-16003,2025-06-16,East,Retail,676
ORD-16004,2025-06-14,West,Retail,686
ORD-16005,2025-06-03,South,Partner,515
ORD-16006,2025-06-03,South,Web,606
ORD-16007,2025-06-03,North,Partner,335
ORD-16008,2025-06-17,West,Retail,396
ORD-16009,2025-06-24,East,Retail,633
ORD-16010,2025-06-25,South,Web,348
ORD-16011,2025-06-28,East,Retail,434
ORD-16012,2025-06-24,South,Web,634
ORD-16013,2025-06-14,West,Web,542
ORD-16014,2025-06-09,North,Web,461
ORD-16015,2025-06-23,East,Retail,376
ORD-16016,2025-06-26,South,Web,420
ORD-16017,2025-06-24,North,Web,365
ORD-16018,2025-06-16,North,Web,515
ORD-16019,2025-06-10,East,Retail,522
ORD-16020,2025-06-12,East,Web,479
ORD-16021,2025-06-13,South,Web,613
ORD-16022,2025-06-18,South,Web,425
ORD-16023,2025-06-01,East,Web,513
ORD-16024,2025-06-21,East,Partner,548
ORD-16025,2025-06-24,West,Partner,491
ORD-16026,2025-06-24,West,Retail,468
ORD-16027,2025-06-03,North,Retail,402
ORD-16028,2025-06-09,North,Partner,585
ORD-16029,2025-06-26,South,Web,385
ORD-16030,2025-06-18,East,Retail,589
ORD-16031,2025-06-28,West,Partner,421
ORD-16032,2025-06-28,West,Partner,536
ORD-16033,2025-06-08,West,Retail,643
ORD-16034,2025-06-06,South,Partner,535
ORD-16035,2025-06-25,East,Partner,630
ORD-16036,2025-06-02,South,Retail,561
ORD-16037,2025-06-19,West,Web,550
ORD-16038,2025-06-25,West,Retail,812
ORD-16039,2025-06-05,West,Web,542
ORD-16040,2025-06-27,East,Partner,515
ORD-16041,2025-06-26,North,Retail,572
ORD-16042,2025-06-27,North,Partner,515
ORD-16043,2025-06-16,South,Partner,389
ORD-16044,2025-06-07,West,Web,416
ORD-16045,2025-06-08,South,Web,512
ORD-16046,2025-06-04,North,Web,449
ORD-16047,2025-06-08,East,Partner,436
ORD-16048,2025-06-15,North,Retail,519
ORD-16049,2025-06-24,North,Partner,647
ORD-16050,2025-06-23,South,Partner,556
ORD-16051,2025-06-07,West,Web,499
ORD-16052,2025-06-02,West,Partner,453
ORD-16053,2025-06-27,North,Retail,364
ORD-16054,2025-06-09,South,Retail,641
ORD-16055,2025-06-14,South,Partner,486
ORD-16056,2025-06-05,East,Partner,701
ORD-16057,2025-06-16,West,Web,703
ORD-16058,2025-06-01,West,Partner,368
ORD-16059,2025-06-12,East,Web,326
ORD-16060,2025-06-15,South,Retail,553
ORD-16061,2025-06-26,East,Retail,459
ORD-16062,2025-06-05,East,Retail,545
ORD-16063,2025-06-02,North,Web,409
ORD-16064,2025-06-23,North,Partner,485
ORD-16065,2025-06-23,West,Retail,434
ORD-16066,2025-06-01,West,Web,644
ORD-16067,2025-06-20,East,Partner,443
ORD-16068,2025-06-03,West,Partner,453
ORD-16069,2025-06-21,North,Partner,565
ORD-16070,2025-06-03,West,Retail,488
ORD-16071,2025-06-19,North,Retail,453
ORD-16072,2025-06-19,North,Partner,510
ORD-16073,2025-06-28,East,Retail,540
ORD-16074,2025-06-17,East,Retail,398
ORD-16075,2025-06-26,East,Retail,392
ORD-16076,2025-06-27,West,Retail,649
ORD-16077,2025-06-08,East,Partner,481
ORD-16078,2025-06-19,North,Partner,614
ORD-16079,2025-06-21,East,Web,577
ORD-16080,2025-06-20,West,Web,392
ORD-16081,2025-06-28,North,Retail,386
ORD-16082,2025-06-19,South,Partner,507
ORD-16083,2025-06-15,South,Partner,449
ORD-16084,2025-06-02,West,Retail,524
ORD-16085,2025-06-25,North,Partner,516
ORD-16086,2025-06-18,East,Retail,576
ORD-16087,2025-06-07,East,Partner,551
ORD-16088,2025-06-24,West,Web,529
ORD-16089,2025-06-13,South,Web,535
ORD-16090,2025-06-14,West,Partner,483
ORD-16091,2025-06-12,East,Retail,556
ORD-16092,2025-06-12,South,Partner,457
ORD-16093,2025-06-16,West,Web,522
ORD-16094,2025-06-22,West,Partner,668
ORD-16095,2025-06-03,West,Retail,472
ORD-16096,2025-06-17,West,Partner,414
ORD-16097,2025-06-14,West,Retail,507
ORD-16098,2025-06-16,South,Retail,302
ORD-16099,2025-06-02,South,Partner,408
ORD-16100,2025-06-13,West,Partner,572
ORD-16101,2025-06-20,South,Partner,575
ORD-16102,2025-06-15,West,Partner,346
ORD-16103,2025-06-18,South,Web,388
ORD-16104,2025-06-18,North,Web,601
ORD-16105,2025-06-02,South,Retail,402
ORD-16106,2025-06-28,West,Web,475
ORD-16107,2025-06-02,South,Partner,508
ORD-16108,2025-06-06,East,Web,527
ORD-16109,2025-06-14,North,Retail,430
ORD-16110,2025-06-24,North,Web,451
ORD-16111,2025-06-15,East,Web,630
ORD-16112,2025-06-26,South,Partner,378
ORD-16113,2025-06-22,North,Web,474
ORD-16114,2025-06-02,South,Partner,640
ORD-16115,2025-06-17,North,Web,390
ORD-16116,2025-06-08,West,Retail,519
ORD-16117,2025-06-07,East,Partner,677
ORD-16118,2025-06-09,North,Retail,389
ORD-16119,2025-06-03,North,Web,491
ORD-16120,2025-06-28,South,Partner,244
ORD-16121,2025-06-07,West,Partner,436
ORD-16122,2025-06-21,East,Retail,420
ORD-16123,2025-06-26,South,Web,679
ORD-16124,2025-06-15,North,Partner,388
ORD-16125,2025-06-16,West,Retail,489
ORD-16126,2025-06-27,South,Partner,602
ORD-16127,2025-06-08,East,Retail,557
ORD-16128,2025-06-11,West,Retail,453
ORD-16129,2025-06-22,North,Partner,512
ORD-16130,2025-06-24,East,Partner,486
ORD-16131,2025-06-06,East,Retail,317
ORD-16132,2025-06-09,South,Retail,634
ORD-16133,2025-06-17,North,Web,283
ORD-16134,2025-06-23,West,Web,574
ORD-16135,2025-06-12,South,Web,447
ORD-16136,2025-06-17,East,Partner,433
ORD-16137,2025-06-11,South,Web,337
ORD-16138,2025-06-07,East,Partner,591
ORD-16139,2025-06-15,South,Partner,494
ORD-16140,2025-06-25,West,Partner,546
ORD-16141,2025-06-27,South,Partner,493
ORD-16142,2025-06-07,East,Retail,411
ORD-16143,2025-06-11,East,Web,522
ORD-16144,2025-06-27,West,Retail,441
ORD-16145,2025-06-12,East,Partner,479
ORD-16146,2025-06-12,West,Web,569
ORD-16147,2025-06-26,South,Web,601
ORD-16148,2025-06-08,West,Retail,358
ORD-16149,2025-06-10,North,Retail,463
ORD-16150,2025-06-04,South,Web,599
ORD-16151,2025-06-11,East,Web,439
ORD-16152,2025-06-09,West,Web,399
ORD-16153,2025-06-02,West,Partner,591
ORD-16154,2025-06-22,West,Partner,650
ORD-16155,2025-06-25,South,Retail,579
ORD-16156,2025-06-12,South,Partner,587
ORD-16157,2025-06-02,North,Retail,536
ORD-16158,2025-06-10,South,Web,593
ORD-16159,2025-06-06,South,Retail,514
ORD-16160,2025-06-17,East,Partner,318
ORD-16161,2025-06-19,West,Retail,488
ORD-16162,2025-06-16,East,Retail,394
ORD-16163,2025-06-18,South,Partner,482
ORD-16164,2025-06-08,North,Partner,379
ORD-16165,2025-06-28,East,Retail,422
ORD-16166,2025-06-19,West,Retail,459
ORD-16167,2025-06-03,North,Web,412
ORD-16168,2025-06-28,North,Web,417
ORD-16169,2025-06-14,East,Web,485
ORD-16170,2025-06-14,West,Retail,523
ORD-16171,2025-06-18,East,Retail,554
ORD-16172,2025-06-05,South,Partner,404
ORD-16173,2025-06-02,South,Partner,424
ORD-16174,2025-06-10,South,Retail,623
ORD-16175,2025-06-21,East,Web,535
ORD-16176,2025-06-23,North,Retail,606
ORD-16177,2025-06-03,East,Web,477
ORD-16178,2025-06-23,North,Partner,487
ORD-16179,2025-06-23,South,Partner,670
ORD-16180,2025-06-17,North,Web,648
ORD-16181,2025-06-23,West,Web,589
ORD-16182,2025-06-11,North,Web,469
ORD-16183,2025-06-09,South,Web,314
ORD-16184,2025-06-22,East,Partner,636
ORD-16185,2025-06-16,East,Web,473
ORD-16186,2025-06-27,South,Partner,582
ORD-16187,2025-06-15,North,Web,494
ORD-16188,2025-06-03,North,Partner,726
ORD-16189,2025-06-23,South,Web,452
ORD-16190,2025-06-04,North,Web,543
ORD-16191,2025-06-22,North,Partner,349
ORD-16192,2025-06-08,South,Retail,402
ORD-16193,2025-06-05,East,Retail,426
ORD-16194,2025-06-02,North,Retail,607
ORD-16195,2025-06-17,North,Web,594
ORD-16196,2025-06-19,East,Web,436
ORD-16197,2025-06-09,West,Web,432
ORD-16198,2025-06-11,East,Partner,442
ORD-16199,2025-06-01,South,Web,513
ORD-16200,2025-07-05,East,Partner,505
ORD-16201,2025-07-10,East,Web,520
ORD-16202,2025-07-15,East,Web,454
ORD-16203,2025-07-12,East,Partner,365
ORD-16204,2025-07-10,West,Web,619
ORD-16205,2025-07-07,North,Retail,630
ORD-16206,2025-07-27,West,Web,509
ORD-16207,2025-07-05,West,Partner,590
ORD-16208,2025-07-16,South,Partner,473
ORD-16209,2025-07-27,North,Partner,530
ORD-16210,2025-07-26,North,Web,653
ORD-16211,2025-07-21,South,Partner,480
ORD-16212,2025-07-28,North,Partner,441
ORD-16213,2025-07-19,East,Retail,374
ORD-16214,2025-07-13,South,Retail,453
ORD-16215,2025-07-08,South,Web,602
ORD-16216,2025-07-22,South,Web,429
ORD-16217,2025-07-26,South,Partner,605
ORD-16218,2025-07-01,West,Web,595
ORD-16219,2025-07-18,North,Partner,527
ORD-16220,2025-07-12,East,Web,603
ORD-16221,2025-07-27,East,Partner,285
ORD-16222,2025-07-06,North,Web,432
ORD-16223,2025-07-09,West,Retail,435
ORD-16224,2025-07-01,South,Web,579
ORD-16225,2025-07-09,East,Web,383
ORD-16226,2025-07-06,North,Partner,644
ORD-16227,2025-07-19,South,Partner,526
ORD-16228,2025-07-19,South,Retail,492
ORD-16229,2025-07-17,North,Retail,477
ORD-16230,2025-07-19,South,Retail,362
ORD-16231,2025-07-15,North,Partner,531
ORD-16232,2025-07-07,North,Partner,554
ORD-16233,2025-07-22,West,Retail,594
ORD-16234,2025-07-23,South,Partner,428
ORD-16235,2025-07-25,West,Retail,593
ORD-16236,2025-07-24,East,Partner,461
ORD-16237,2025-07-20,West,Web,383
ORD-16238,2025-07-17,North,Partner,404
ORD-16239,2025-07-27,North,Retail,490
ORD-16240,2025-07-28,East,Partner,497
ORD-16241,2025-07-11,North,Web,542
ORD-16242,2025-07-07,East,Partner,541
ORD-16243,2025-07-15,East,Web,494
ORD-16244,2025-07-21,East,Retail,531
ORD-16245,2025-07-08,South,Retail,557
ORD-16246,2025-07-11,North,Partner,511
ORD-16247,2025-07-08,West,Retail,410
ORD-16248,2025-07-28,South,Partner,455
ORD-16249,2025-07-05,West,Web,554
ORD-16250,2025-07-04,East,Retail,618
ORD-16251,2025-07-01,South,Retail,426
ORD-16252,2025-07-19,East,Partner,542
ORD-16253,2025-07-04,East,Web,565
ORD-16254,2025-07-26,West,Partner,419
ORD-16255,2025-07-18,West,Web,692
ORD-16256,2025-07-02,South,Web,485
ORD-16257,2025-07-15,East,Partner,420
ORD-16258,2025-07-17,West,Retail,574
ORD-16259,2025-07-23,West,Web,405
ORD-16260,2025-07-07,South,Web,393
ORD-16261,2025-07-17,North,Web,505
ORD-16262,2025-07-02,North,Web,431
ORD-16263,2025-07-23,West,Web,262
ORD-16264,2025-07-09,West,Partner,578
ORD-16265,2025-07-03,North,Retail,552
ORD-16266,2025-07-28,North,Web,602
ORD-16267,2025-07-25,West,Web,385
ORD-16268,2025-07-12,South,Retail,422
ORD-16269,2025-07-15,South,Retail,600
ORD-16270,2025-07-15,West,Partner,600
ORD-16271,2025-07-04,North,Partner,480
ORD-16272,2025-07-06,East,Web,566
ORD-16273,2025-07-27,South,Web,352
ORD-16274,2025-07-25,West,Partner,514
ORD-16275,2025-07-13,North,Web,436
ORD-16276,2025-07-03,North,Retail,472
ORD-16277,2025-07-08,South,Retail,422
ORD-16278,2025-07-15,North,Retail,420
ORD-16279,2025-07-04,West,Web,460
ORD-16280,2025-07-11,West,Retail,508
ORD-16281,2025-07-26,North,Retail,568
ORD-16282,2025-07-04,North,Retail,559
ORD-16283,2025-07-02,East,Retail,513
ORD-16284,2025-07-19,North,Web,447
ORD-16285,2025-07-01,East,Retail,392
ORD-16286,2025-07-01,North,Partner,503
ORD-16287,2025-07-26,South,Retail,406
ORD-16288,2025-07-21,North,Retail,562
ORD-16289,2025-07-15,East,Retail,576
ORD-16290,2025-07-24,North,Web,477
ORD-16291,2025-07-14,East,Web,387
ORD-16292,2025-07-13,North,Retail,552
ORD-16293,2025-07-24,South,Partner,506
ORD-16294,2025-07-21,West,Web,305
ORD-16295,2025-07-04,South,Partner,553
ORD-16296,2025-07-15,West,Retail,558
ORD-16297,2025-07-12,East,Partner,570
ORD-16298,2025-07-16,East,Retail,466
ORD-16299,2025-07-23,South,Partner,481
ORD-16300,2025-07-08,South,Web,515
ORD-16301,2025-07-28,South,Partner,621
ORD-16302,2025-07-03,South,Partner,491
ORD-16303,2025-07-18,South,Retail,710
ORD-16304,2025-07-06,South,Web,481
ORD-16305,2025-07-17,South,Partner,518
ORD-16306,2025-07-09,North,Partner,452
ORD-16307,2025-07-17,South,Web,400
ORD-16308,2025-07-16,South,Web,598
ORD-16309,2025-07-11,East,Partner,529
ORD-16310,2025-07-16,North,Partner,344
ORD-16311,2025-07-03,West,Retail,397
ORD-16312,2025-07-06,East,Web,493
ORD-16313,2025-07-16,West,Partner,746
ORD-16314,2025-07-15,South,Partner,494
ORD-16315,2025-07-13,North,Web,474
ORD-16316,2025-07-23,West,Partner,567
ORD-16317,2025-07-06,West,Retail,518
ORD-16318,2025-07-13,South,Web,596
ORD-16319,2025-07-08,South,Web,627
ORD-16320,2025-07-21,West,Web,536
ORD-16321,2025-07-12,West,Retail,558
ORD-16322,2025-07-11,North,Partner,479
ORD-16323,2025-07-25,North,Partner,438
ORD-16324,2025-07-15,South,Retail,502
ORD-16325,2025-07-05,East,Retail,406
ORD-16326,2025-07-25,North,Partner,378
ORD-16327,2025-07-15,South,Partner,544
ORD-16328,2025-07-12,South,Retail,485
ORD-16329,2025-07-27,West,Retail,477
ORD-16330,2025-07-28,West,Partner,286
ORD-16331,2025-07-26,West,Partner,427
ORD-16332,2025-07-23,North,Web,414
ORD-16333,2025-07-07,West,Web,439
ORD-16334,2025-07-07,North,Retail,605
ORD-16335,2025-07-17,South,Web,511
ORD-16336,2025-07-14,East,Partner,467
ORD-16337,2025-07-18,North,Partner,623
ORD-16338,2025-07-25,East,Retail,618
ORD-16339,2025-07-26,South,Partner,550
ORD-16340,2025-07-23,East,Partner,431
ORD-16341,2025-07-23,East,Retail,459
ORD-16342,2025-07-03,North,Web,594
ORD-16343,2025-07-20,North,Partner,496
ORD-16344,2025-07-01,East,Retail,531
ORD-16345,2025-07-24,East,Retail,608
ORD-16346,2025-07-02,North,Partner,320
ORD-16347,2025-07-07,West,Partner,357
ORD-16348,2025-07-12,East,Web,486
ORD-16349,2025-07-21,North,Partner,405
ORD-16350,2025-07-06,East,Web,536
ORD-16351,2025-07-15,North,Web,523
ORD-16352,2025-07-19,East,Retail,450
ORD-16353,2025-07-02,West,Web,537
ORD-16354,2025-07-27,East,Retail,426
ORD-16355,2025-07-13,South,Partner,600
ORD-16356,2025-07-18,North,Partner,470
ORD-16357,2025-07-26,South,Partner,545
ORD-16358,2025-07-01,North,Retail,736
ORD-16359,2025-07-14,South,Web,454
ORD-16360,2025-07-17,South,Retail,478
ORD-16361,2025-07-19,West,Web,439
ORD-16362,2025-07-02,South,Web,525
ORD-16363,2025-07-17,North,Retail,524
ORD-16364,2025-07-24,East,Retail,609
ORD-16365,2025-07-08,South,Web,382
ORD-16366,2025-07-03,North,Partner,442
ORD-16367,2025-07-25,East,Web,520
ORD-16368,2025-07-09,North,Partner,444
ORD-16369,2025-07-24,South,Web,492
ORD-16370,2025-07-21,North,Retail,509
ORD-16371,2025-07-11,West,Retail,564
ORD-16372,2025-07-18,East,Web,590
ORD-16373,2025-07-07,South,Retail,458
ORD-16374,2025-07-09,South,Partner,555
ORD-16375,2025-07-09,West,Web,718
ORD-16376,2025-07-10,West,Retail,626
ORD-16377,2025-07-13,South,Retail,581
ORD-16378,2025-07-21,West,Partner,623
ORD-16379,2025-07-03,North,Retail,527
ORD-16380,2025-07-06,East,Retail,506
ORD-16381,2025-07-13,West,Partner,629
ORD-16382,2025-07-24,East,Retail,470
ORD-16383,2025-07-27,North,Web,515
ORD-16384,2025-07-19,West,Web,378
ORD-16385,2025-07-10,East,Web,634
ORD-16386,2025-07-12,North,Retail,559
ORD-16387,2025-07-28,West,Retail,555
ORD-16388,2025-07-12,South,Partner,520
ORD-16389,2025-07-27,South,Partner,453
ORD-16390,2025-07-24,West,Partner,592
ORD-16391,2025-07-11,North,Retail,405
ORD-16392,2025-07-03,North,Web,659
ORD-16393,2025-07-02,North,Partner,467
ORD-16394,2025-07-24,East,Web,585
ORD-16395,2025-07-19,South,Partner,326
ORD-16396,2025-07-28,North,Partner,433
ORD-16397,2025-07-07,North,Web,427
ORD-16398,2025-07-09,South,Web,524
ORD-16399,2025-07-05,North,Partner,590
ORD-16400,2025-07-25,North,Partner,478
ORD-16401,2025-07-25,South,Web,451
ORD-16402,2025-07-01,East,Web,478
ORD-16403,2025-07-20,East,Partner,459
ORD-16404,2025-07-17,South,Web,470
ORD-16405,2025-07-11,West,Partner,575
ORD-16406,2025-07-09,East,Partner,297
ORD-16407,2025-07-09,West,Web,603
ORD-16408,2025-07-19,East,Retail,363
ORD-16409,2025-07-26,West,Retail,570
ORD-16410,2025-07-03,North,Web,492
ORD-16411,2025-07-13,South,Retail,448
ORD-16412,2025-07-12,East,Partner,441
ORD-16413,2025-07-10,North,Partner,604
ORD-16414,2025-07-11,West,Partner,411
ORD-16415,2025-07-08,North,Partner,602
ORD-16416,2025-07-27,South,Web,387
ORD-16417,2025-07-23,North,Partner,577
ORD-16418,2025-07-19,East,Partner,536
ORD-16419,2025-07-12,West,Partner,491
ORD-16420,2025-07-23,South,Partner,647
ORD-16421,2025-07-15,North,Retail,531
ORD-16422,2025-07-16,East,Retail,545
ORD-16423,2025-07-12,West,Retail,356
ORD-16424,2025-07-01,West,Web,417
ORD-16425,2025-07-01,West,Partner,658
ORD-16426,2025-07-08,East,Web,493
ORD-16427,2025-07-11,West,Retail,547
ORD-16428,2025-07-18,West,Web,429
ORD-16429,2025-07-28,East,Partner,500
ORD-16430,2025-07-22,South,Partner,421
ORD-16431,2025-07-20,East,Retail,335
ORD-16432,2025-07-25,North,Retail,630
ORD-16433,2025-07-12,East,Web,376
ORD-16434,2025-07-20,North,Partner,570
ORD-16435,2025-07-20,North,Web,470
ORD-16436,2025-07-17,South,Retail,634
ORD-16437,2025-07-12,West,Web,622
ORD-16438,2025-07-08,South,Web,486
ORD-16439,2025-07-26,West,Retail,585
ORD-16440,2025-07-19,East,Web,476
ORD-16441,2025-07-05,East,Retail,324
ORD-16442,2025-07-20,South,Web,468
ORD-16443,2025-07-27,South,Web,557
ORD-16444,2025-07-01,East,Retail,402
ORD-16445,2025-07-15,West,Partner,379
ORD-16446,2025-07-16,North,Retail,397
ORD-16447,2025-07-15,East,Retail,516
ORD-16448,2025-07-18,West,Retail,417
ORD-16449,2025-07-15,South,Web,599
ORD-16450,2025-07-19,North,Web,549
ORD-16451,2025-07-28,North,Retail,502
ORD-16452,2025-07-22,East,Web,601
ORD-16453,2025-07-05,East,Retail,448
ORD-16454,2025-07-03,North,Web,601
ORD-16455,2025-07-12,South,Partner,469
ORD-16456,2025-07-10,North,Retail,574
ORD-16457,2025-07-08,North,Partner,453
ORD-16458,2025-07-13,West,Web,425
ORD-16459,2025-07-15,West,Retail,424
ORD-16460,2025-07-23,North,Web,585
ORD-16461,2025-07-09,South,Retail,530
ORD-16462,2025-07-19,West,Retail,558
ORD-16463,2025-07-15,South,Web,603
ORD-16464,2025-07-24,West,Web,566
ORD-16465,2025-07-14,South,Web,535
ORD-16466,2025-07-25,West,Partner,592
ORD-16467,2025-07-18,East,Partner,584
ORD-16468,2025-07-01,South,Retail,402
ORD-16469,2025-07-01,West,Retail,498
ORD-16470,2025-07-26,South,Retail,484
ORD-16471,2025-07-22,East,Web,554
ORD-16472,2025-07-28,East,Web,645
ORD-16473,2025-07-06,North,Web,610
ORD-16474,2025-07-03,North,Retail,372
ORD-16475,2025-07-15,West,Partner,323
ORD-16476,2025-07-23,North,Partner,445
ORD-16477,2025-07-22,South,Retail,377
ORD-16478,2025-07-05,North,Partner,372
ORD-16479,2025-07-10,East,Partner,468
ORD-16480,2025-07-11,East,Retail,549
ORD-16481,2025-07-28,South,Web,490
ORD-16482,2025-07-21,East,Partner,399
ORD-16483,2025-07-10,South,Partner,217
ORD-16484,2025-07-24,North,Partner,390
ORD-16485,2025-07-05,East,Partner,486
ORD-16486,2025-07-14,North,Partner,448
ORD-16487,2025-07-02,East,Retail,454
ORD-16488,2025-07-16,East,Partner,436
ORD-16489,2025-07-04,North,Partner,321
ORD-16490,2025-07-16,West,Web,578
ORD-16491,2025-07-18,West,Web,416
ORD-16492,2025-07-05,North,Retail,237
ORD-16493,2025-07-23,East,Web,446
ORD-16494,2025-07-06,East,Retail,548
ORD-16495,2025-07-21,South,Partner,442
ORD-16496,2025-07-10,East,Partner,506
ORD-16497,2025-07-17,North,Web,569
ORD-16498,2025-07-25,East,Partner,489
ORD-16499,2025-07-02,West,Partner,577
ORD-16500,2025-07-12,North,Partner,497
ORD-16501,2025-07-04,West,Partner,558
ORD-16502,2025-07-01,North,Retail,542
ORD-16503,2025-07-07,East,Web,431
ORD-16504,2025-07-14,North,Partner,512
ORD-16505,2025-07-06,West,Web,515
ORD-16506,2025-07-20,West,Partner,301
ORD-16507,2025-07-04,East,Web,545
ORD-16508,2025-07-10,West,Partner,472
ORD-16509,2025-07-11,North,Partner,403
ORD-16510,2025-07-06,North,Web,614
ORD-16511,2025-07-27,North,Web,486
ORD-16512,2025-07-05,North,Web,430
ORD-16513,2025-07-21,South,Retail,383
ORD-16514,2025-07-04,North,Retail,455
ORD-16515,2025-07-07,South,Partner,301
ORD-16516,2025-07-04,East,Web,608
ORD-16517,2025-07-15,South,Web,405
ORD-16518,2025-07-21,East,Retail,290
ORD-16519,2025-07-13,East,Partner,481
ORD-16520,2025-07-15,North,Partner,494
ORD-16521,2025-07-21,South,Web,364
ORD-16522,2025-07-27,South,Web,594
ORD-16523,2025-07-24,East,Web,294
ORD-16524,2025-07-01,East,Retail,381
ORD-16525,2025-07-18,East,Partner,436
ORD-16526,2025-07-09,East,Web,560
ORD-16527,2025-07-17,North,Retail,391
ORD-16528,2025-07-09,West,Retail,411
ORD-16529,2025-07-23,North,Web,454
ORD-16530,2025-07-04,East,Retail,413
ORD-16531,2025-07-23,West,Web,430
ORD-16532,2025-07-12,East,Retail,537
ORD-16533,2025-07-25,North,Partner,451
ORD-16534,2025-07-28,North,Web,462
ORD-16535,2025-07-02,South,Web,430
ORD-16536,2025-07-17,North,Partner,341
ORD-16537,2025-07-10,West,Web,261
ORD-16538,2025-07-02,South,Web,525
ORD-16539,2025-07-01,North,Retail,386
ORD-16540,2025-07-15,North,Retail,544
ORD-16541,2025-07-04,East,Partner,526
ORD-16542,2025-07-18,East,Partner,423
ORD-16543,2025-07-04,North,Partner,429
ORD-16544,2025-07-01,East,Retail,573
ORD-16545,2025-07-23,East,Web,536
ORD-16546,2025-07-24,South,Partner,506
ORD-16547,2025-07-07,North,Web,513
ORD-16548,2025-07-06,East,Retail,744
ORD-16549,2025-07-09,North,Web,493
ORD-16550,2025-07-07,South,Retail,401
ORD-16551,2025-07-12,South,Web,525
ORD-16552,2025-07-14,East,Web,396
ORD-16553,2025-07-14,North,Web,480
ORD-16554,2025-07-09,East,Partner,579
ORD-16555,2025-07-01,South,Retail,701
ORD-16556,2025-07-13,South,Web,701
ORD-16557,2025-07-01,East,Partner,646
ORD-16558,2025-07-05,North,Partner,564
ORD-16559,2025-07-08,West,Retail,493
ORD-16560,2025-07-16,North,Web,418
ORD-16561,2025-07-28,South,Partner,435
ORD-16562,2025-07-26,West,Web,620
ORD-16563,2025-07-05,North,Web,436
ORD-16564,2025-07-16,East,Partner,535
ORD-16565,2025-07-12,East,Web,537
ORD-16566,2025-07-11,North,Partner,410
ORD-16567,2025-07-13,East,Retail,527
ORD-16568,2025-07-13,South,Partner,387
ORD-16569,2025-07-27,East,Web,496
ORD-16570,2025-07-12,North,Retail,544
ORD-16571,2025-07-06,North,Retail,325
ORD-16572,2025-07-19,North,Retail,432
ORD-16573,2025-07-04,East,Partner,610
ORD-16574,2025-07-28,East,Partner,484
ORD-16575,2025-07-04,East,Partner,755
ORD-16576,2025-07-18,North,Web,618
ORD-16577,2025-07-24,East,Partner,579
ORD-16578,2025-07-22,South,Partner,486
ORD-16579,2025-07-10,East,Retail,553
ORD-16580,2025-07-08,South,Web,500
ORD-16581,2025-07-13,South,Retail,527
ORD-16582,2025-07-13,East,Retail,465
ORD-16583,2025-07-27,North,Web,528
ORD-16584,2025-07-11,South,Web,487
ORD-16585,2025-07-26,North,Retail,466
ORD-16586,2025-07-20,North,Retail,590
ORD-16587,2025-07-15,North,Retail,469
ORD-16588,2025-07-17,East,Retail,560
ORD-16589,2025-07-22,South,Retail,314
ORD-16590,2025-07-26,East,Web,721
ORD-16591,2025-07-06,East,Web,589
ORD-16592,2025-07-15,North,Web,727
ORD-16593,2025-07-26,East,Web,465
ORD-16594,2025-07-25,South,Retail,531
ORD-16595,2025-07-18,South,Web,719
ORD-16596,2025-07-28,South,Partner,614
ORD-16597,2025-07-02,East,Partner,409
ORD-16598,2025-07-05,East,Web,384
ORD-16599,2025-07-21,West,Web,539
ORD-16600,2025-07-26,East,Retail,632
ORD-16601,2025-07-19,North,Partner,623
ORD-16602,2025-07-12,West,Partner,420
ORD-16603,2025-07-17,North,Web,476
ORD-16604,2025-07-15,East,Web,421
ORD-16605,2025-07-16,West,Retail,400
ORD-16606,2025-07-04,West,Retail,357
ORD-16607,2025-07-25,South,Web,604
ORD-16608,2025-07-22,South,Partner,568
ORD-16609,2025-07-04,West,Web,487
ORD-16610,2025-07-05,South,Retail,478
ORD-16611,2025-07-13,South,Web,646
ORD-16612,2025-07-16,North,Retail,480
ORD-16613,2025-07-25,North,Retail,466
ORD-16614,2025-07-06,South,Web,549
ORD-16615,2025-07-21,South,Partner,558
ORD-16616,2025-07-22,West,Web,459
ORD-16617,2025-07-18,West,Retail,480
ORD-16618,2025-07-24,West,Partner,609
ORD-16619,2025-07-18,South,Partner,578
ORD-16620,2025-07-26,East,Partner,647
ORD-16621,2025-07-19,East,Partner,620
ORD-16622,2025-07-27,West,Retail,470
ORD-16623,2025-07-12,North,Web,581
ORD-16624,2025-07-22,West,Partner,537
ORD-16625,2025-07-08,East,Partner,606
ORD-16626,2025-07-07,West,Web,562
ORD-16627,2025-07-24,South,Retail,522
ORD-16628,2025-07-16,North,Retail,538
ORD-16629,2025-07-18,North,Retail,514
ORD-16630,2025-07-15,South,Partner,438
ORD-16631,2025-07-22,South,Partner,479
ORD-16632,2025-07-11,West,Retail,470
ORD-16633,2025-07-13,East,Web,345
ORD-16634,2025-07-16,North,Partner,601
ORD-16635,2025-07-08,South,Retail,585
ORD-16636,2025-07-03,West,Retail,487
ORD-16637,2025-07-10,North,Partner,712
ORD-16638,2025-07-16,West,Web,422
ORD-16639,2025-07-05,East,Partner,699
ORD-16640,2025-07-20,North,Retail,512
ORD-16641,2025-07-26,East,Partner,503
ORD-16642,2025-07-22,North,Partner,469
ORD-16643,2025-07-28,North,Web,653
ORD-16644,2025-07-17,East,Web,515
ORD-16645,2025-07-21,West,Retail,352
ORD-16646,2025-07-14,West,Partner,622
ORD-16647,2025-07-07,West,Web,443
ORD-16648,2025-07-07,East,Partner,418
ORD-16649,2025-07-21,East,Web,548
ORD-16650,2025-07-08,West,Retail,438
ORD-16651,2025-07-04,East,Retail,591
ORD-16652,2025-07-28,East,Web,535
ORD-16653,2025-07-06,East,Web,775
ORD-16654,2025-07-27,North,Retail,510
ORD-16655,2025-07-10,East,Web,644
ORD-16656,2025-07-26,West,Web,433
ORD-16657,2025-07-24,North,Partner,465
ORD-16658,2025-07-02,North,Web,448
ORD-16659,2025-07-11,North,Partner,549
ORD-16660,2025-07-14,West,Web,591
ORD-16661,2025-07-10,East,Retail,376
ORD-16662,2025-07-22,South,Retail,388
ORD-16663,2025-07-04,East,Web,507
ORD-16664,2025-07-17,West,Retail,453
ORD-16665,2025-07-25,East,Partner,437
ORD-16666,2025-07-14,North,Partner,575
ORD-16667,2025-07-14,South,Partner,525
ORD-16668,2025-07-23,South,Partner,626
ORD-16669,2025-07-09,East,Retail,443
ORD-16670,2025-07-08,West,Partner,514
ORD-16671,2025-07-02,South,Retail,556
ORD-16672,2025-07-09,North,Web,321
ORD-16673,2025-07-10,South,Retail,505
ORD-16674,2025-07-12,West,Web,622
ORD-16675,2025-07-09,West,Retail,402
ORD-16676,2025-07-12,North,Partner,401
ORD-16677,2025-07-11,East,Web,468
ORD-16678,2025-07-15,East,Web,449
ORD-16679,2025-07-26,East,Partner,680
ORD-16680,2025-07-06,North,Retail,481
ORD-16681,2025-07-28,North,Web,484
ORD-16682,2025-07-22,South,Web,492
ORD-16683,2025-07-17,East,Partner,470
ORD-16684,2025-07-04,South,Partner,401
ORD-16685,2025-07-14,East,Retail,450
ORD-16686,2025-07-19,West,Partner,324
ORD-16687,2025-07-15,South,Retail,478
ORD-16688,2025-07-08,South,Retail,607
ORD-16689,2025-07-08,North,Retail,670
ORD-16690,2025-07-04,East,Partner,587
ORD-16691,2025-07-18,East,Retail,472
ORD-16692,2025-07-22,West,Web,437
ORD-16693,2025-07-08,West,Web,489
ORD-16694,2025-07-13,North,Retail,513
ORD-16695,2025-07-10,West,Partner,450
ORD-16696,2025-07-10,South,Partner,350
ORD-16697,2025-07-26,North,Partner,526
ORD-16698,2025-07-04,South,Web,483
ORD-16699,2025-07-05,North,Partner,438
ORD-16700,2025-07-17,West,Partner,561
ORD-16701,2025-07-15,North,Retail,455
ORD-16702,2025-07-05,South,Partner,598
ORD-16703,2025-07-04,East,Retail,335
ORD-16704,2025-07-20,North,Partner,493
ORD-16705,2025-07-24,South,Partner,572
ORD-16706,2025-07-26,North,Partner,494
ORD-16707,2025-07-23,East,Retail,532
ORD-16708,2025-07-16,North,Retail,497
ORD-16709,2025-07-17,East,Retail,483
ORD-16710,2025-07-08,East,Retail,459
ORD-16711,2025-07-20,West,Retail,629
ORD-16712,2025-07-03,West,Retail,571
ORD-16713,2025-07-12,North,Partner,536
ORD-16714,2025-07-25,West,Partner,528
ORD-16715,2025-07-09,North,Retail,544
ORD-16716,2025-07-16,East,Web,476
ORD-16717,2025-07-08,West,Web,487
ORD-16718,2025-07-07,West,Web,393
ORD-16719,2025-07-06,West,Retail,392
ORD-16720,2025-07-23,West,Web,500
ORD-16721,2025-07-03,East,Retail,631
ORD-16722,2025-07-02,West,Web,431
ORD-16723,2025-07-08,North,Partner,445
ORD-16724,2025-07-23,South,Web,621
ORD-16725,2025-07-23,North,Retail,612
ORD-16726,2025-07-14,North,Web,409
ORD-16727,2025-07-18,South,Web,459
ORD-16728,2025-07-26,West,Partner,534
ORD-16729,2025-07-07,North,Web,537
ORD-16730,2025-07-03,North,Retail,483
ORD-16731,2025-07-09,West,Partner,516
ORD-16732,2025-07-03,South,Retail,418
ORD-16733,2025-07-05,South,Retail,481
ORD-16734,2025-07-22,South,Retail,621
ORD-16735,2025-07-07,South,Partner,518
ORD-16736,2025-07-28,South,Web,542
ORD-16737,2025-07-04,North,Partner,328
ORD-16738,2025-07-24,East,Partner,390
ORD-16739,2025-07-22,South,Retail,334
ORD-16740,2025-07-24,South,Partner,343
ORD-16741,2025-07-23,North,Partner,434
ORD-16742,2025-07-11,South,Partner,418
ORD-16743,2025-07-24,West,Partner,636
ORD-16744,2025-07-06,West,Retail,521
ORD-16745,2025-07-24,West,Partner,423
ORD-16746,2025-07-24,West,Web,614
ORD-16747,2025-07-27,West,Web,489
ORD-16748,2025-07-21,North,Retail,487
ORD-16749,2025-07-13,East,Partner,538
ORD-16750,2025-07-14,West,Partner,468
ORD-16751,2025-07-21,South,Web,491
ORD-16752,2025-07-14,West,Partner,531
ORD-16753,2025-07-22,South,Retail,481
ORD-16754,2025-07-17,South,Partner,467
ORD-16755,2025-07-11,North,Partner,332
ORD-16756,2025-07-11,West,Retail,461
ORD-16757,2025-07-05,North,Web,298
ORD-16758,2025-07-11,South,Retail,345
ORD-16759,2025-07-09,East,Web,578
ORD-16760,2025-07-12,South,Web,627
ORD-16761,2025-07-05,West,Retail,453
ORD-16762,2025-07-03,East,Partner,518
ORD-16763,2025-07-05,East,Web,554
ORD-16764,2025-07-26,North,Retail,522
ORD-16765,2025-07-08,North,Partner,601
ORD-16766,2025-07-24,East,Partner,475
ORD-16767,2025-07-20,South,Retail,458
ORD-16768,2025-07-21,South,Partner,462
ORD-16769,2025-07-14,South,Retail,485
ORD-16770,2025-07-20,East,Partner,349
ORD-16771,2025-07-23,South,Web,479
ORD-16772,2025-07-28,North,Retail,569
ORD-16773,2025-07-19,South,Retail,486
ORD-16774,2025-07-07,East,Web,627
ORD-16775,2025-07-18,East,Web,473
ORD-16776,2025-07-24,North,Partner,655
ORD-16777,2025-07-22,South,Partner,684
ORD-16778,2025-07-13,South,Retail,415
ORD-16779,2025-07-28,North,Web,387
ORD-16780,2025-07-21,West,Retail,532
ORD-16781,2025-07-23,West,Retail,443
ORD-16782,2025-07-11,South,Web,432
ORD-16783,2025-07-07,South,Retail,676
ORD-16784,2025-07-28,South,Retail,495
ORD-16785,2025-07-11,East,Retail,492
ORD-16786,2025-07-17,West,Retail,449
ORD-16787,2025-07-16,East,Web,584
ORD-16788,2025-07-23,East,Web,525
ORD-16789,2025-07-11,East,Retail,423
ORD-16790,2025-07-26,East,Retail,473
ORD-16791,2025-07-01,North,Web,344
ORD-16792,2025-07-21,East,Retail,595
ORD-16793,2025-07-22,East,Partner,478
ORD-16794,2025-07-10,East,Retail,439
ORD-16795,2025-07-07,West,Partner,491
ORD-16796,2025-07-23,North,Partner,439
ORD-16797,2025-07-26,West,Partner,477
ORD-16798,2025-07-09,East,Retail,495
ORD-16799,2025-07-27,West,Web,560
ORD-16800,2025-07-17,East,Retail,561
ORD-16801,2025-07-20,South,Web,291
ORD-16802,2025-07-04,North,Partner,574
ORD-16803,2025-07-19,East,Partner,367
ORD-16804,2025-07-12,West,Web,603
ORD-16805,2025-07-15,North,Partner,362
ORD-16806,2025-07-28,East,Partner,458
ORD-16807,2025-07-25,East,Web,539
ORD-16808,2025-07-19,South,Web,354
ORD-16809,2025-07-10,West,Partner,587
ORD-16810,2025-07-27,South,Retail,480
ORD-16811,2025-07-08,South,Retail,653
ORD-16812,2025-07-08,East,Web,658
ORD-16813,2025-07-22,East,Web,597
ORD-16814,2025-07-03,West,Web,494
ORD-16815,2025-07-11,South,Partner,435
ORD-16816,2025-07-09,South,Partner,422
ORD-16817,2025-07-12,South,Retail,553
ORD-16818,2025-07-01,West,Partner,407
ORD-16819,2025-07-10,West,Retail,402
ORD-16820,2025-07-08,East,Partner,533
ORD-16821,2025-07-19,East,Retail,490
ORD-16822,2025-07-13,South,Retail,421
ORD-16823,2025-07-26,West,Web,551
ORD-16824,2025-07-03,South,Partner,577
ORD-16825,2025-07-13,East,Partner,569
ORD-16826,2025-07-01,North,Partner,601
ORD-16827,2025-07-22,South,Retail,610
ORD-16828,2025-07-22,West,Web,428
ORD-16829,2025-07-17,South,Web,545
ORD-16830,2025-07-06,West,Web,508
ORD-16831,2025-07-01,West,Retail,487
ORD-16832,2025-07-23,North,Web,482
ORD-16833,2025-07-23,East,Web,491
ORD-16834,2025-07-10,North,Retail,464
ORD-16835,2025-07-16,South,Web,520
ORD-16836,2025-07-03,North,Retail,449
ORD-16837,2025-07-11,East,Partner,450
ORD-16838,2025-07-12,North,Web,563
ORD-16839,2025-07-19,North,Partner,479
ORD-16840,2025-07-26,North,Web,590
ORD-16841,2025-07-11,South,Partner,482
ORD-16842,2025-07-16,West,Web,388
ORD-16843,2025-07-14,East,Retail,499
ORD-16844,2025-07-03,North,Retail,625
ORD-16845,2025-07-23,East,Partner,547
ORD-16846,2025-07-25,East,Partner,638
ORD-16847,2025-07-23,North,Web,510
ORD-16848,2025-07-03,East,Web,390
ORD-16849,2025-07-16,East,Web,650
ORD-16850,2025-07-01,South,Web,502
ORD-16851,2025-07-11,West,Web,290
ORD-16852,2025-07-10,East,Web,560
ORD-16853,2025-07-03,North,Web,446
ORD-16854,2025-07-03,South,Partner,465
ORD-16855,2025-07-15,North,Web,587
ORD-16856,2025-07-16,North,Partner,599
ORD-16857,2025-07-08,North,Retail,682
ORD-16858,2025-07-07,South,Web,446
ORD-16859,2025-07-07,North,Web,686
ORD-16860,2025-07-15,South,Web,624
ORD-16861,2025-07-18,North,Retail,501
ORD-16862,2025-07-05,West,Web,547
ORD-16863,2025-07-20,East,Partner,570
ORD-16864,2025-07-13,West,Web,470
ORD-16865,2025-07-06,West,Retail,572
ORD-16866,2025-07-22,North,Partner,383
ORD-16867,2025-07-12,North,Retail,468
ORD-16868,2025-07-13,South,Partner,397
ORD-16869,2025-07-09,East,Web,385
ORD-16870,2025-07-11,South,Partner,612
ORD-16871,2025-07-20,South,Web,724
ORD-16872,2025-07-04,South,Partner,686
ORD-16873,2025-07-24,East,Web,429
ORD-16874,2025-07-07,South,Web,607
ORD-16875,2025-07-08,South,Web,462
ORD-16876,2025-07-26,South,Partner,466
ORD-16877,2025-07-27,East,Partner,434
ORD-16878,2025-07-21,West,Retail,381
ORD-16879,2025-07-22,East,Retail,343
ORD-16880,2025-07-12,East,Partner,280
ORD-16881,2025-07-24,North,Retail,526
ORD-16882,2025-07-10,East,Retail,463
ORD-16883,2025-07-10,South,Partner,376
ORD-16884,2025-07-17,East,Partner,464
ORD-16885,2025-07-22,West,Partner,521
ORD-16886,2025-07-28,North,Web,405
ORD-16887,2025-07-21,South,Web,442
ORD-16888,2025-07-14,East,Retail,559
ORD-16889,2025-07-03,West,Web,429
ORD-16890,2025-07-26,North,Partner,387
ORD-16891,2025-07-19,West,Retail,283
ORD-16892,2025-07-16,North,Retail,548
ORD-16893,2025-07-01,North,Web,407
ORD-16894,2025-07-25,North,Partner,314
ORD-16895,2025-07-28,South,Partner,369
ORD-16896,2025-07-11,East,Web,635
ORD-16897,2025-07-19,North,Partner,552
ORD-16898,2025-07-17,West,Partner,523
ORD-16899,2025-07-23,West,Web,444
ORD-16900,2025-07-08,West,Web,525
ORD-16901,2025-07-28,North,Web,451
ORD-16902,2025-07-08,South,Retail,565
ORD-16903,2025-07-08,North,Retail,537
ORD-16904,2025-07-13,East,Web,487
ORD-16905,2025-07-11,West,Retail,314
ORD-16906,2025-07-09,North,Web,625
ORD-16907,2025-07-22,South,Web,409
ORD-16908,2025-07-23,South,Retail,370
ORD-16909,2025-07-18,North,Retail,410
ORD-16910,2025-07-15,South,Partner,361
ORD-16911,2025-07-10,North,Retail,456
ORD-16912,2025-07-06,North,Retail,391
ORD-16913,2025-07-09,South,Web,543
ORD-16914,2025-07-07,West,Web,449
ORD-16915,2025-07-06,North,Retail,328
ORD-16916,2025-07-04,North,Partner,538
ORD-16917,2025-07-08,North,Partner,520
ORD-16918,2025-07-21,West,Retail,261
ORD-16919,2025-07-07,West,Web,504
ORD-16920,2025-07-20,North,Partner,504
ORD-16921,2025-07-28,North,Retail,472
ORD-16922,2025-07-16,West,Retail,608
ORD-16923,2025-07-16,South,Retail,530
ORD-16924,2025-07-21,North,Partner,465
ORD-16925,2025-07-13,East,Web,544
ORD-16926,2025-07-27,North,Partner,732
ORD-16927,2025-07-16,North,Partner,703
ORD-16928,2025-07-04,West,Web,364
ORD-16929,2025-07-03,South,Retail,409
ORD-16930,2025-07-26,West,Web,557
ORD-16931,2025-07-08,North,Retail,530
ORD-16932,2025-07-12,West,Web,567
ORD-16933,2025-07-22,South,Retail,479
ORD-16934,2025-07-22,East,Partner,411
ORD-16935,2025-07-26,East,Retail,553
ORD-16936,2025-07-26,North,Partner,534
ORD-16937,2025-07-14,East,Retail,728
ORD-16938,2025-07-12,North,Partner,394
ORD-16939,2025-07-24,West,Partner,429
ORD-16940,2025-07-22,West,Web,396
ORD-16941,2025-07-28,East,Web,482
ORD-16942,2025-07-03,East,Partner,384
ORD-16943,2025-07-25,West,Partner,386
ORD-16944,2025-07-04,South,Web,672
ORD-16945,2025-07-04,South,Partner,746
ORD-16946,2025-07-07,East,Retail,492
ORD-16947,2025-07-17,South,Web,540
ORD-16948,2025-07-11,North,Partner,605
ORD-16949,2025-07-28,West,Retail,812
ORD-16950,2025-07-16,West,Partner,543
ORD-16951,2025-07-16,South,Partner,444
ORD-16952,2025-07-22,North,Retail,463
ORD-16953,2025-07-02,South,Partner,517
ORD-16954,2025-07-05,North,Retail,490
ORD-16955,2025-07-06,East,Web,578
ORD-16956,2025-07-21,East,Partner,562
ORD-16957,2025-07-02,West,Web,509
ORD-16958,2025-07-21,West,Retail,497
ORD-16959,2025-07-10,South,Retail,602
ORD-16960,2025-07-20,North,Web,315
ORD-16961,2025-07-27,North,Partner,574
ORD-16962,2025-07-05,East,Retail,416
ORD-16963,2025-07-16,East,Partner,320
ORD-16964,2025-07-23,West,Retail,626
ORD-16965,2025-07-18,West,Web,455
ORD-16966,2025-07-03,West,Web,394
ORD-16967,2025-07-04,East,Web,633
ORD-16968,2025-07-27,North,Retail,310
ORD-16969,2025-07-02,East,Partner,516
ORD-16970,2025-07-15,North,Retail,420
ORD-16971,2025-07-27,East,Retail,529
ORD-16972,2025-07-22,South,Retail,424
ORD-16973,2025-07-01,West,Retail,623
ORD-16974,2025-07-22,North,Web,693
ORD-16975,2025-07-21,North,Retail,434
ORD-16976,2025-07-16,East,Partner,400
ORD-16977,2025-07-11,North,Partner,569
ORD-16978,2025-07-16,North,Partner,477
ORD-16979,2025-07-17,South,Web,450
ORD-16980,2025-07-14,North,Partner,374
ORD-16981,2025-07-15,West,Web,563
ORD-16982,2025-07-24,East,Web,474
ORD-16983,2025-07-15,East,Web,560
ORD-16984,2025-07-06,South,Partner,544
ORD-16985,2025-07-23,North,Partner,682
ORD-16986,2025-07-18,North,Partner,331
ORD-16987,2025-07-16,East,Retail,549
ORD-16988,2025-07-02,West,Retail,623
ORD-16989,2025-07-19,South,Partner,545
ORD-16990,2025-07-02,South,Retail,439
ORD-16991,2025-07-13,South,Retail,537
ORD-16992,2025-07-09,West,Retail,552
ORD-16993,2025-07-12,East,Partner,616
ORD-16994,2025-07-21,East,Web,337
ORD-16995,2025-07-03,West,Retail,349
ORD-16996,2025-07-28,North,Web,400
ORD-16997,2025-07-28,East,Retail,590
ORD-16998,2025-07-18,East,Retail,565
ORD-16999,2025-07-12,West,Web,455
ORD-17000,2025-07-14,East,Retail,618
ORD-17001,2025-07-06,West,Retail,469
ORD-17002,2025-07-09,West,Partner,328
ORD-17003,2025-07-14,North,Web,510
ORD-17004,2025-07-07,West,Retail,578
ORD-17005,2025-07-11,South,Retail,747
ORD-17006,2025-07-17,South,Web,560
ORD-17007,2025-07-02,East,Web,705
ORD-17008,2025-07-05,West,Retail,426
ORD-17009,2025-07-17,West,Web,586
ORD-17010,2025-07-14,South,Partner,516
ORD-17011,2025-07-24,North,Partner,456
ORD-17012,2025-07-18,South,Web,532
ORD-17013,2025-07-27,West,Web,553
ORD-17014,2025-07-19,East,Partner,405
ORD-17015,2025-07-04,South,Web,539
ORD-17016,2025-07-01,South,Retail,635
ORD-17017,2025-07-13,West,Retail,320
ORD-17018,2025-07-11,North,Retail,464
ORD-17019,2025-07-08,North,Partner,460
ORD-17020,2025-07-07,North,Web,607
ORD-17021,2025-07-13,South,Partner,569
ORD-17022,2025-07-16,East,Retail,533
ORD-17023,2025-07-04,North,Retail,318
ORD-17024,2025-07-28,North,Retail,289
ORD-17025,2025-07-08,North,Retail,385
ORD-17026,2025-07-01,East,Retail,482
ORD-17027,2025-07-21,South,Retail,572
ORD-17028,2025-07-19,West,Partner,604
ORD-17029,2025-07-07,West,Partner,503
ORD-17030,2025-07-16,South,Retail,359
ORD-17031,2025-07-14,West,Web,589
ORD-17032,2025-07-28,West,Retail,584
ORD-17033,2025-07-09,South,Retail,503
ORD-17034,2025-07-03,South,Retail,503
ORD-17035,2025-07-10,East,Partner,495
ORD-17036,2025-07-08,South,Web,453
ORD-17037,2025-07-13,East,Retail,454
ORD-17038,2025-07-07,West,Partner,516
ORD-17039,2025-07-24,East,Retail,534
ORD-17040,2025-07-13,West,Web,606
ORD-17041,2025-07-24,North,Partner,599
ORD-17042,2025-07-27,West,Web,582
ORD-17043,2025-07-05,South,Retail,309
ORD-17044,2025-07-22,West,Partner,479
ORD-17045,2025-07-17,North,Web,667
ORD-17046,2025-07-14,East,Partner,549
ORD-17047,2025-07-27,East,Partner,410
ORD-17048,2025-07-24,South,Retail,442
ORD-17049,2025-07-03,North,Partner,525
ORD-17050,2025-07-23,West,Partner,547
ORD-17051,2025-07-24,West,Web,401
ORD-17052,2025-07-03,East,Web,583
ORD-17053,2025-07-06,East,Retail,527
ORD-17054,2025-07-27,East,Partner,530
ORD-17055,2025-07-15,East,Retail,450
ORD-17056,2025-07-07,South,Partner,296
ORD-17057,2025-07-28,North,Retail,596
ORD-17058,2025-07-27,North,Web,413
ORD-17059,2025-07-21,South,Retail,434
ORD-17060,2025-07-05,West,Partner,484
ORD-17061,2025-07-11,South,Web,415
ORD-17062,2025-07-24,South,Retail,554
ORD-17063,2025-07-27,West,Retail,386
ORD-17064,2025-07-09,North,Retail,437
ORD-17065,2025-07-22,South,Web,566
ORD-17066,2025-07-15,North,Web,715
ORD-17067,2025-07-25,North,Partner,472
ORD-17068,2025-07-26,South,Retail,561
ORD-17069,2025-07-19,North,Web,605
ORD-17070,2025-07-20,North,Partner,495
ORD-17071,2025-07-20,North,Web,657
ORD-17072,2025-07-25,South,Retail,448
ORD-17073,2025-07-02,East,Retail,576
ORD-17074,2025-07-12,East,Web,563
ORD-17075,2025-07-26,North,Web,620
ORD-17076,2025-07-14,North,Web,524
ORD-17077,2025-07-02,East,Retail,495
ORD-17078,2025-07-16,South,Retail,635
ORD-17079,2025-07-09,East,Retail,438
ORD-17080,2025-07-12,West,Retail,602
ORD-17081,2025-07-16,South,Retail,272
ORD-17082,2025-07-04,North,Partner,507
ORD-17083,2025-07-28,South,Retail,656
ORD-17084,2025-07-14,South,Retail,608
ORD-17085,2025-07-16,East,Retail,504
ORD-17086,2025-07-25,North,Partner,528
ORD-17087,2025-07-14,West,Retail,503
ORD-17088,2025-07-03,North,Retail,410
ORD-17089,2025-07-19,South,Web,632
ORD-17090,2025-07-07,South,Partner,510
ORD-17091,2025-07-16,West,Retail,487
ORD-17092,2025-07-20,East,Web,495
ORD-17093,2025-07-12,West,Partner,602
ORD-17094,2025-07-17,South,Retail,434
ORD-17095,2025-07-24,South,Web,349
ORD-17096,2025-07-28,North,Web,559
ORD-17097,2025-07-10,South,Partner,522
ORD-17098,2025-07-20,South,Web,552
ORD-17099,2025-07-14,West,Retail,483
ORD-17100,2025-08-07,North,Web,501
ORD-17101,2025-08-25,North,Retail,383
ORD-17102,2025-08-14,West,Retail,688
ORD-17103,2025-08-02,West,Partner,467
ORD-17104,2025-08-14,West,Web,475
ORD-17105,2025-08-22,East,Retail,288
ORD-17106,2025-08-23,North,Web,411
ORD-17107,2025-08-10,West,Retail,556
ORD-17108,2025-08-12,South,Retail,278
ORD-17109,2025-08-03,East,Web,582
ORD-17110,2025-08-14,South,Retail,387
ORD-17111,2025-08-04,East,Retail,599
ORD-17112,2025-08-13,East,Web,754
ORD-17113,2025-08-23,East,Retail,656
ORD-17114,2025-08-08,West,Web,369
ORD-17115,2025-08-21,West,Partner,549
ORD-17116,2025-08-11,North,Partner,562
ORD-17117,2025-08-12,South,Partner,540
ORD-17118,2025-08-28,East,Web,688
ORD-17119,2025-08-24,East,Web,474
ORD-17120,2025-08-22,South,Web,451
ORD-17121,2025-08-20,East,Web,618
ORD-17122,2025-08-03,West,Web,511
ORD-17123,2025-08-08,West,Web,473
ORD-17124,2025-08-27,East,Retail,519
ORD-17125,2025-08-07,North,Web,467
ORD-17126,2025-08-09,West,Web,571
ORD-17127,2025-08-23,South,Retail,453
ORD-17128,2025-08-05,West,Retail,542
ORD-17129,2025-08-08,South,Retail,389
ORD-17130,2025-08-05,West,Web,463
ORD-17131,2025-08-02,West,Web,532
ORD-17132,2025-08-23,East,Partner,624
ORD-17133,2025-08-20,South,Partner,490
ORD-17134,2025-08-02,South,Partner,621
ORD-17135,2025-08-15,West,Web,386
ORD-17136,2025-08-24,East,Web,418
ORD-17137,2025-08-01,East,Retail,527
ORD-17138,2025-08-09,South,Web,471
ORD-17139,2025-08-28,South,Retail,456
ORD-17140,2025-08-14,West,Web,566
ORD-17141,2025-08-01,South,Web,534
ORD-17142,2025-08-27,South,Partner,524
ORD-17143,2025-08-14,North,Retail,542
ORD-17144,2025-08-25,North,Partner,454
ORD-17145,2025-08-05,North,Web,467
ORD-17146,2025-08-09,West,Retail,478
ORD-17147,2025-08-07,South,Web,556
ORD-17148,2025-08-24,North,Web,420
ORD-17149,2025-08-18,North,Partner,701
ORD-17150,2025-08-18,West,Web,595
ORD-17151,2025-08-06,South,Web,527
ORD-17152,2025-08-23,West,Partner,541
ORD-17153,2025-08-26,North,Retail,504
ORD-17154,2025-08-28,East,Web,521
ORD-17155,2025-08-20,West,Web,505
ORD-17156,2025-08-26,East,Retail,612
ORD-17157,2025-08-21,South,Web,520
ORD-17158,2025-08-21,South,Retail,364
ORD-17159,2025-08-07,South,Partner,486
ORD-17160,2025-08-12,North,Retail,400
ORD-17161,2025-08-06,North,Partner,431
ORD-17162,2025-08-26,West,Web,410
ORD-17163,2025-08-11,South,Partner,649
ORD-17164,2025-08-28,North,Partner,410
ORD-17165,2025-08-28,North,Retail,403
ORD-17166,2025-08-03,North,Retail,368
ORD-17167,2025-08-27,West,Web,379
ORD-17168,2025-08-14,South,Retail,464
ORD-17169,2025-08-02,South,Web,647
ORD-17170,2025-08-01,East,Partner,517
ORD-17171,2025-08-08,West,Retail,580
ORD-17172,2025-08-24,West,Partner,477
ORD-17173,2025-08-27,North,Retail,673
ORD-17174,2025-08-05,West,Web,380
ORD-17175,2025-08-07,West,Web,413
ORD-17176,2025-08-20,East,Retail,407
ORD-17177,2025-08-23,North,Web,556
ORD-17178,2025-08-08,South,Web,587
ORD-17179,2025-08-13,West,Partner,554
ORD-17180,2025-08-07,North,Web,434
ORD-17181,2025-08-17,North,Partner,450
ORD-17182,2025-08-01,South,Retail,218
ORD-17183,2025-08-05,East,Web,458
ORD-17184,2025-08-13,North,Web,405
ORD-17185,2025-08-13,West,Partner,349
ORD-17186,2025-08-13,West,Retail,618
ORD-17187,2025-08-11,South,Retail,602
ORD-17188,2025-08-11,East,Retail,392
ORD-17189,2025-08-22,North,Web,486
ORD-17190,2025-08-12,South,Retail,570
ORD-17191,2025-08-15,North,Partner,354
ORD-17192,2025-08-08,West,Partner,530
ORD-17193,2025-08-04,West,Retail,450
ORD-17194,2025-08-25,West,Partner,476
ORD-17195,2025-08-25,South,Partner,464
ORD-17196,2025-08-04,North,Partner,297
ORD-17197,2025-08-14,East,Retail,431
ORD-17198,2025-08-12,North,Partner,362
ORD-17199,2025-08-20,West,Retail,559
ORD-17200,2025-08-03,West,Partner,540
ORD-17201,2025-08-06,North,Retail,505
ORD-17202,2025-08-08,North,Retail,507
ORD-17203,2025-08-08,West,Web,461
ORD-17204,2025-08-10,East,Retail,452
ORD-17205,2025-08-04,West,Web,492
ORD-17206,2025-08-18,South,Partner,643
ORD-17207,2025-08-20,West,Partner,542
ORD-17208,2025-08-10,North,Web,401
ORD-17209,2025-08-25,North,Retail,511
ORD-17210,2025-08-25,South,Retail,506
ORD-17211,2025-08-26,East,Partner,478
ORD-17212,2025-08-01,South,Retail,230
ORD-17213,2025-08-26,North,Partner,654
ORD-17214,2025-08-04,North,Partner,438
ORD-17215,2025-08-05,East,Retail,558
ORD-17216,2025-08-10,West,Partner,560
ORD-17217,2025-08-21,South,Retail,602
ORD-17218,2025-08-06,West,Web,615
ORD-17219,2025-08-05,West,Web,493
ORD-17220,2025-08-06,West,Retail,637
ORD-17221,2025-08-27,East,Partner,400
ORD-17222,2025-08-13,East,Web,473
ORD-17223,2025-08-06,East,Partner,496
ORD-17224,2025-08-18,South,Retail,594
ORD-17225,2025-08-07,North,Retail,530
ORD-17226,2025-08-09,South,Web,542
ORD-17227,2025-08-24,West,Retail,400
ORD-17228,2025-08-09,West,Partner,747
ORD-17229,2025-08-04,West,Partner,660
ORD-17230,2025-08-02,North,Retail,593
ORD-17231,2025-08-06,West,Web,592
ORD-17232,2025-08-05,East,Partner,431
ORD-17233,2025-08-02,East,Partner,604
ORD-17234,2025-08-10,West,Web,504
ORD-17235,2025-08-08,West,Partner,510
ORD-17236,2025-08-28,West,Partner,608
ORD-17237,2025-08-04,North,Partner,546
ORD-17238,2025-08-09,East,Web,497
ORD-17239,2025-08-12,West,Retail,611
ORD-17240,2025-08-21,East,Retail,470
ORD-17241,2025-08-07,South,Retail,548
ORD-17242,2025-08-15,East,Web,655
ORD-17243,2025-08-05,West,Web,608
ORD-17244,2025-08-24,East,Retail,423
ORD-17245,2025-08-13,South,Retail,509
ORD-17246,2025-08-18,North,Retail,476
ORD-17247,2025-08-11,West,Retail,487
ORD-17248,2025-08-06,West,Retail,429
ORD-17249,2025-08-25,West,Web,376
ORD-17250,2025-08-11,South,Web,488
ORD-17251,2025-08-23,South,Retail,523
ORD-17252,2025-08-27,South,Partner,640
ORD-17253,2025-08-14,South,Retail,672
ORD-17254,2025-08-22,South,Partner,453
ORD-17255,2025-08-05,South,Retail,562
ORD-17256,2025-08-03,West,Partner,583
ORD-17257,2025-08-21,South,Partner,424
ORD-17258,2025-08-26,East,Web,525
ORD-17259,2025-08-18,North,Retail,353
ORD-17260,2025-08-25,South,Partner,468
ORD-17261,2025-08-16,West,Retail,503
ORD-17262,2025-08-20,South,Partner,492
ORD-17263,2025-08-17,West,Partner,483
ORD-17264,2025-08-26,East,Web,457
ORD-17265,2025-08-05,West,Retail,516
ORD-17266,2025-08-24,North,Partner,571
ORD-17267,2025-08-14,South,Web,553
ORD-17268,2025-08-06,South,Web,618
ORD-17269,2025-08-05,South,Retail,418
ORD-17270,2025-08-09,North,Web,471
ORD-17271,2025-08-19,North,Retail,596
ORD-17272,2025-08-25,East,Web,428
ORD-17273,2025-08-01,East,Retail,531
ORD-17274,2025-08-11,North,Retail,595
ORD-17275,2025-08-22,East,Retail,490
ORD-17276,2025-08-10,East,Retail,552
ORD-17277,2025-08-16,North,Web,379
ORD-17278,2025-08-02,West,Partner,471
ORD-17279,2025-08-11,West,Partner,608
ORD-17280,2025-08-06,South,Partner,458
ORD-17281,2025-08-15,East,Partner,551
ORD-17282,2025-08-02,South,Partner,594
ORD-17283,2025-08-20,North,Web,353
ORD-17284,2025-08-27,South,Partner,529
ORD-17285,2025-08-19,West,Partner,416
ORD-17286,2025-08-28,East,Web,465
ORD-17287,2025-08-04,East,Web,493
ORD-17288,2025-08-13,East,Partner,573
ORD-17289,2025-08-28,East,Web,546
ORD-17290,2025-08-17,East,Retail,531
ORD-17291,2025-08-07,West,Retail,536
ORD-17292,2025-08-02,South,Retail,456
ORD-17293,2025-08-27,North,Web,434
ORD-17294,2025-08-12,West,Web,424
ORD-17295,2025-08-22,East,Partner,444
ORD-17296,2025-08-01,West,Retail,487
ORD-17297,2025-08-24,North,Web,486
ORD-17298,2025-08-08,South,Web,620
ORD-17299,2025-08-17,North,Retail,390
ORD-17300,2025-08-24,North,Retail,505
ORD-17301,2025-08-09,West,Retail,461
ORD-17302,2025-08-22,South,Web,414
ORD-17303,2025-08-27,West,Retail,399
ORD-17304,2025-08-09,North,Retail,484
ORD-17305,2025-08-21,South,Web,671
ORD-17306,2025-08-14,South,Partner,422
ORD-17307,2025-08-01,South,Partner,392
ORD-17308,2025-08-12,East,Web,504
ORD-17309,2025-08-10,South,Partner,352
ORD-17310,2025-08-20,South,Web,403
ORD-17311,2025-08-15,East,Partner,465
ORD-17312,2025-08-13,North,Retail,555
ORD-17313,2025-08-26,West,Retail,428
ORD-17314,2025-08-04,West,Partner,666
ORD-17315,2025-08-23,South,Web,458
ORD-17316,2025-08-16,North,Partner,671
ORD-17317,2025-08-28,East,Partner,622
ORD-17318,2025-08-02,South,Partner,619
ORD-17319,2025-08-13,North,Web,367
ORD-17320,2025-08-08,West,Web,436
ORD-17321,2025-08-06,South,Partner,485
ORD-17322,2025-08-23,West,Retail,496
ORD-17323,2025-08-08,South,Partner,549
ORD-17324,2025-08-12,North,Web,419
ORD-17325,2025-08-19,East,Web,430
ORD-17326,2025-08-17,East,Web,533
ORD-17327,2025-08-07,North,Retail,404
ORD-17328,2025-08-15,South,Partner,421
ORD-17329,2025-08-06,South,Web,519
ORD-17330,2025-08-11,South,Web,504
ORD-17331,2025-08-26,East,Partner,497
ORD-17332,2025-08-04,South,Web,491
ORD-17333,2025-08-14,East,Web,438
ORD-17334,2025-08-13,East,Retail,352
ORD-17335,2025-08-22,North,Retail,673
ORD-17336,2025-08-07,South,Partner,485
ORD-17337,2025-08-15,East,Retail,582
ORD-17338,2025-08-26,South,Partner,380
ORD-17339,2025-08-07,South,Web,487
ORD-17340,2025-08-04,South,Web,371
ORD-17341,2025-08-25,North,Partner,601
ORD-17342,2025-08-27,East,Web,569
ORD-17343,2025-08-12,North,Web,487
ORD-17344,2025-08-28,North,Web,585
ORD-17345,2025-08-15,North,Partner,520
ORD-17346,2025-08-02,East,Partner,636
ORD-17347,2025-08-06,East,Partner,497
ORD-17348,2025-08-13,North,Web,422
ORD-17349,2025-08-23,West,Web,350
ORD-17350,2025-08-13,East,Partner,379
ORD-17351,2025-08-24,East,Web,481
ORD-17352,2025-08-03,East,Partner,467
ORD-17353,2025-08-11,North,Partner,630
ORD-17354,2025-08-23,South,Retail,527
ORD-17355,2025-08-15,South,Web,591
ORD-17356,2025-08-06,South,Web,503
ORD-17357,2025-08-05,West,Partner,594
ORD-17358,2025-08-26,North,Web,575
ORD-17359,2025-08-27,West,Partner,624
ORD-17360,2025-08-01,South,Web,596
ORD-17361,2025-08-08,West,Web,611
ORD-17362,2025-08-06,West,Partner,540
ORD-17363,2025-08-19,South,Retail,349
ORD-17364,2025-08-10,North,Retail,500
ORD-17365,2025-08-02,East,Retail,451
ORD-17366,2025-08-08,North,Partner,442
ORD-17367,2025-08-16,East,Web,466
ORD-17368,2025-08-20,North,Web,458
ORD-17369,2025-08-28,West,Web,376
ORD-17370,2025-08-01,West,Web,318
ORD-17371,2025-08-26,North,Web,589
ORD-17372,2025-08-27,North,Partner,566
ORD-17373,2025-08-19,North,Web,385
ORD-17374,2025-08-04,South,Web,450
ORD-17375,2025-08-18,South,Partner,486
ORD-17376,2025-08-02,North,Web,618
ORD-17377,2025-08-06,South,Partner,578
ORD-17378,2025-08-23,West,Web,541
ORD-17379,2025-08-07,North,Partner,437
ORD-17380,2025-08-24,West,Retail,505
ORD-17381,2025-08-24,East,Web,674
ORD-17382,2025-08-21,South,Retail,490
ORD-17383,2025-08-17,West,Web,481
ORD-17384,2025-08-12,West,Partner,282
ORD-17385,2025-08-07,North,Partner,467
ORD-17386,2025-08-16,West,Web,594
ORD-17387,2025-08-26,North,Retail,479
ORD-17388,2025-08-18,North,Partner,547
ORD-17389,2025-08-01,South,Retail,567
ORD-17390,2025-08-28,West,Partner,421
ORD-17391,2025-08-06,North,Web,491
ORD-17392,2025-08-24,East,Partner,506
ORD-17393,2025-08-03,North,Partner,619
ORD-17394,2025-08-19,East,Retail,560
ORD-17395,2025-08-08,West,Retail,572
ORD-17396,2025-08-11,East,Web,491
ORD-17397,2025-08-09,South,Web,339
ORD-17398,2025-08-12,West,Partner,492
ORD-17399,2025-08-18,West,Partner,436
ORD-17400,2025-08-22,South,Web,572
ORD-17401,2025-08-06,East,Retail,490
ORD-17402,2025-08-17,South,Web,543
ORD-17403,2025-08-09,North,Retail,392
ORD-17404,2025-08-27,East,Web,414
ORD-17405,2025-08-04,North,Partner,491
ORD-17406,2025-08-17,South,Retail,564
ORD-17407,2025-08-08,West,Retail,599
ORD-17408,2025-08-17,East,Partner,410
ORD-17409,2025-08-09,East,Retail,380
ORD-17410,2025-08-28,West,Retail,307
ORD-17411,2025-08-07,South,Partner,519
ORD-17412,2025-08-17,South,Web,585
ORD-17413,2025-08-21,West,Partner,351
ORD-17414,2025-08-22,South,Web,511
ORD-17415,2025-08-13,West,Partner,314
ORD-17416,2025-08-20,South,Retail,438
ORD-17417,2025-08-07,East,Partner,514
ORD-17418,2025-08-09,South,Partner,507
ORD-17419,2025-08-16,West,Partner,441
ORD-17420,2025-08-08,East,Partner,397
ORD-17421,2025-08-11,South,Web,468
ORD-17422,2025-08-10,North,Web,541
ORD-17423,2025-08-27,South,Partner,559
ORD-17424,2025-08-22,North,Web,493
ORD-17425,2025-08-23,South,Web,558
ORD-17426,2025-08-19,West,Retail,480
ORD-17427,2025-08-03,South,Web,535
ORD-17428,2025-08-19,North,Partner,496
ORD-17429,2025-08-19,North,Web,575
ORD-17430,2025-08-02,North,Web,404
ORD-17431,2025-08-22,South,Web,692
ORD-17432,2025-08-16,South,Web,432
ORD-17433,2025-08-27,East,Partner,500
ORD-17434,2025-08-04,North,Web,525
ORD-17435,2025-08-15,South,Retail,555
ORD-17436,2025-08-19,South,Retail,588
ORD-17437,2025-08-12,East,Web,604
ORD-17438,2025-08-06,East,Partner,529
ORD-17439,2025-08-15,West,Partner,461
ORD-17440,2025-08-10,South,Partner,432
ORD-17441,2025-08-12,South,Retail,452
ORD-17442,2025-08-23,West,Web,445
ORD-17443,2025-08-23,North,Partner,358
ORD-17444,2025-08-22,West,Partner,496
ORD-17445,2025-08-25,East,Web,444
ORD-17446,2025-08-25,East,Partner,484
ORD-17447,2025-08-24,East,Web,529
ORD-17448,2025-08-24,North,Retail,647
ORD-17449,2025-08-05,South,Retail,519
ORD-17450,2025-08-14,East,Web,457
ORD-17451,2025-08-03,North,Partner,714
ORD-17452,2025-08-16,East,Web,515
ORD-17453,2025-08-04,West,Retail,566
ORD-17454,2025-08-19,North,Partner,585
ORD-17455,2025-08-04,North,Partner,494
ORD-17456,2025-08-01,East,Partner,636
ORD-17457,2025-08-09,South,Partner,579
ORD-17458,2025-08-20,West,Web,465
ORD-17459,2025-08-12,North,Partner,317
ORD-17460,2025-08-03,South,Partner,608
ORD-17461,2025-08-25,West,Partner,449
ORD-17462,2025-08-12,South,Partner,441
ORD-17463,2025-08-22,East,Partner,467
ORD-17464,2025-08-11,West,Web,640
ORD-17465,2025-08-18,West,Retail,415
ORD-17466,2025-08-24,West,Partner,606
ORD-17467,2025-08-24,North,Retail,456
ORD-17468,2025-08-02,East,Partner,454
ORD-17469,2025-08-02,North,Partner,619
ORD-17470,2025-08-15,West,Web,449
ORD-17471,2025-08-02,South,Web,409
ORD-17472,2025-08-19,West,Partner,324
ORD-17473,2025-08-17,South,Retail,524
ORD-17474,2025-08-25,North,Retail,623
ORD-17475,2025-08-24,South,Partner,495
ORD-17476,2025-08-15,West,Retail,358
ORD-17477,2025-08-16,North,Partner,600
ORD-17478,2025-08-18,West,Partner,399
ORD-17479,2025-08-05,East,Partner,471
ORD-17480,2025-08-07,North,Web,477
ORD-17481,2025-08-06,West,Partner,389
ORD-17482,2025-08-21,West,Retail,345
ORD-17483,2025-08-02,South,Retail,475
ORD-17484,2025-08-02,North,Web,388
ORD-17485,2025-08-26,West,Retail,432
ORD-17486,2025-08-14,North,Retail,370
ORD-17487,2025-08-06,West,Web,498
ORD-17488,2025-08-25,East,Partner,649
ORD-17489,2025-08-25,South,Partner,520
ORD-17490,2025-08-04,East,Web,561
ORD-17491,2025-08-02,North,Web,403
ORD-17492,2025-08-06,West,Web,484
ORD-17493,2025-08-25,North,Partner,404
ORD-17494,2025-08-01,North,Web,488
ORD-17495,2025-08-23,South,Web,554
ORD-17496,2025-08-01,North,Partner,412
ORD-17497,2025-08-25,West,Partner,526
ORD-17498,2025-08-03,North,Web,562
ORD-17499,2025-08-24,South,Partner,636
ORD-17500,2025-08-08,South,Partner,464
ORD-17501,2025-08-17,North,Retail,444
ORD-17502,2025-08-08,East,Retail,410
ORD-17503,2025-08-07,East,Retail,469
ORD-17504,2025-08-02,East,Retail,408
ORD-17505,2025-08-07,East,Retail,500
ORD-17506,2025-08-14,West,Web,484
ORD-17507,2025-08-03,West,Web,559
ORD-17508,2025-08-24,North,Retail,459
ORD-17509,2025-08-03,West,Retail,434
ORD-17510,2025-08-28,North,Retail,523
ORD-17511,2025-08-28,West,Retail,547
ORD-17512,2025-08-14,North,Web,507
ORD-17513,2025-08-02,West,Partner,641
ORD-17514,2025-08-09,South,Partner,587
ORD-17515,2025-08-07,East,Web,541
ORD-17516,2025-08-11,West,Retail,552
ORD-17517,2025-08-24,East,Retail,513
ORD-17518,2025-08-14,West,Retail,464
ORD-17519,2025-08-09,East,Retail,496
ORD-17520,2025-08-25,West,Retail,614
ORD-17521,2025-08-27,South,Retail,445
ORD-17522,2025-08-10,West,Partner,445
ORD-17523,2025-08-28,East,Web,399
ORD-17524,2025-08-13,North,Web,424
ORD-17525,2025-08-22,West,Partner,446
ORD-17526,2025-08-02,North,Retail,515
ORD-17527,2025-08-27,East,Web,448
ORD-17528,2025-08-12,West,Retail,444
ORD-17529,2025-08-05,North,Partner,588
ORD-17530,2025-08-04,West,Web,766
ORD-17531,2025-08-21,North,Partner,485
ORD-17532,2025-08-25,South,Retail,438
ORD-17533,2025-08-24,West,Retail,470
ORD-17534,2025-08-01,South,Partner,438
ORD-17535,2025-08-08,West,Partner,351
ORD-17536,2025-08-10,West,Web,477
ORD-17537,2025-08-12,East,Partner,459
ORD-17538,2025-08-07,South,Retail,463
ORD-17539,2025-08-19,West,Web,671
ORD-17540,2025-08-17,North,Retail,547
ORD-17541,2025-08-20,West,Partner,414
ORD-17542,2025-08-12,West,Partner,417
ORD-17543,2025-08-08,South,Retail,665
ORD-17544,2025-08-17,North,Partner,446
ORD-17545,2025-08-08,South,Retail,489
ORD-17546,2025-08-23,West,Web,468
ORD-17547,2025-08-26,West,Web,455
ORD-17548,2025-08-08,East,Retail,529
ORD-17549,2025-08-18,North,Retail,623
ORD-17550,2025-08-24,South,Retail,495
ORD-17551,2025-08-26,East,Partner,585
ORD-17552,2025-08-25,East,Retail,371
ORD-17553,2025-08-05,East,Retail,441
ORD-17554,2025-08-17,South,Web,522
ORD-17555,2025-08-25,South,Web,574
ORD-17556,2025-08-23,North,Partner,442
ORD-17557,2025-08-25,West,Partner,555
ORD-17558,2025-08-13,South,Retail,391
ORD-17559,2025-08-01,West,Retail,474
ORD-17560,2025-08-10,South,Retail,430
ORD-17561,2025-08-01,North,Partner,594
ORD-17562,2025-08-20,East,Partner,466
ORD-17563,2025-08-13,North,Retail,481
ORD-17564,2025-08-15,East,Web,436
ORD-17565,2025-08-27,North,Retail,405
ORD-17566,2025-08-27,South,Retail,394
ORD-17567,2025-08-25,North,Web,602
ORD-17568,2025-08-09,North,Web,391
ORD-17569,2025-08-12,South,Partner,405
ORD-17570,2025-08-05,South,Web,486
ORD-17571,2025-08-22,South,Retail,457
ORD-17572,2025-08-23,West,Retail,348
ORD-17573,2025-08-15,North,Partner,537
ORD-17574,2025-08-20,East,Web,582
ORD-17575,2025-08-16,North,Web,554
ORD-17576,2025-08-24,North,Web,481
ORD-17577,2025-08-24,North,Web,371
ORD-17578,2025-08-24,East,Partner,598
ORD-17579,2025-08-16,West,Retail,424
ORD-17580,2025-08-06,West,Partner,606
ORD-17581,2025-08-25,South,Retail,358
ORD-17582,2025-08-15,East,Partner,633
ORD-17583,2025-08-13,North,Partner,491
ORD-17584,2025-08-20,West,Retail,362
ORD-17585,2025-08-20,South,Web,317
ORD-17586,2025-08-24,East,Web,472
ORD-17587,2025-08-05,West,Web,577
ORD-17588,2025-08-23,South,Partner,487
ORD-17589,2025-08-27,East,Web,451
ORD-17590,2025-08-01,West,Partner,382
ORD-17591,2025-08-26,South,Partner,616
ORD-17592,2025-08-22,East,Web,541
ORD-17593,2025-08-24,South,Partner,205
ORD-17594,2025-08-26,South,Retail,391
ORD-17595,2025-08-20,North,Retail,390
ORD-17596,2025-08-23,West,Web,539
ORD-17597,2025-08-04,North,Web,609
ORD-17598,2025-08-20,North,Retail,435
ORD-17599,2025-08-10,East,Partner,653
ORD-17600,2025-08-01,South,Web,274
ORD-17601,2025-08-05,South,Partner,509
ORD-17602,2025-08-16,North,Retail,459
ORD-17603,2025-08-19,West,Partner,440
ORD-17604,2025-08-24,South,Web,446
ORD-17605,2025-08-28,West,Partner,558
ORD-17606,2025-08-13,South,Web,507
ORD-17607,2025-08-07,West,Web,422
ORD-17608,2025-08-18,East,Partner,507
ORD-17609,2025-08-13,North,Retail,463
ORD-17610,2025-08-18,East,Web,586
ORD-17611,2025-08-15,West,Web,487
ORD-17612,2025-08-10,West,Web,631
ORD-17613,2025-08-26,East,Partner,342
ORD-17614,2025-08-04,North,Partner,519
ORD-17615,2025-08-19,East,Partner,618
ORD-17616,2025-08-07,West,Web,329
ORD-17617,2025-08-18,North,Web,369
ORD-17618,2025-08-04,North,Partner,315
ORD-17619,2025-08-21,East,Partner,441
ORD-17620,2025-08-12,West,Partner,497
ORD-17621,2025-08-19,East,Partner,608
ORD-17622,2025-08-25,South,Web,478
ORD-17623,2025-08-15,North,Retail,539
ORD-17624,2025-08-05,South,Retail,695
ORD-17625,2025-08-26,North,Web,508
ORD-17626,2025-08-26,South,Web,679
ORD-17627,2025-08-19,West,Web,560
ORD-17628,2025-08-09,South,Retail,556
ORD-17629,2025-08-04,North,Web,243
ORD-17630,2025-08-19,South,Retail,562
ORD-17631,2025-08-13,West,Partner,567
ORD-17632,2025-08-28,West,Web,659
ORD-17633,2025-08-09,South,Web,527
ORD-17634,2025-08-26,South,Partner,375
ORD-17635,2025-08-27,South,Web,473
ORD-17636,2025-08-10,North,Retail,482
ORD-17637,2025-08-14,East,Web,553
ORD-17638,2025-08-13,East,Web,395
ORD-17639,2025-08-11,South,Retail,328
ORD-17640,2025-08-22,East,Partner,418
ORD-17641,2025-08-12,East,Web,447
ORD-17642,2025-08-11,South,Partner,678
ORD-17643,2025-08-11,South,Partner,372
ORD-17644,2025-08-15,South,Partner,583
ORD-17645,2025-08-27,South,Partner,617
ORD-17646,2025-08-24,North,Web,459
ORD-17647,2025-08-13,West,Web,583
ORD-17648,2025-08-10,North,Web,509
ORD-17649,2025-08-18,East,Partner,441
ORD-17650,2025-08-04,West,Partner,490
ORD-17651,2025-08-16,North,Retail,598
ORD-17652,2025-08-27,West,Retail,641
ORD-17653,2025-08-10,North,Retail,541
ORD-17654,2025-08-13,East,Web,318
ORD-17655,2025-08-10,West,Partner,544
ORD-17656,2025-08-14,East,Web,508
ORD-17657,2025-08-01,North,Partner,643
ORD-17658,2025-08-28,North,Retail,624
ORD-17659,2025-08-27,South,Web,398
ORD-17660,2025-08-10,West,Retail,567
ORD-17661,2025-08-20,East,Web,623
ORD-17662,2025-08-05,South,Web,572
ORD-17663,2025-08-13,West,Partner,541
ORD-17664,2025-08-17,East,Retail,616
ORD-17665,2025-08-03,South,Retail,535
ORD-17666,2025-08-23,South,Retail,422
ORD-17667,2025-08-10,North,Web,434
ORD-17668,2025-08-06,North,Web,311
ORD-17669,2025-08-17,West,Retail,482
ORD-17670,2025-08-04,West,Retail,472
ORD-17671,2025-08-19,North,Partner,487
ORD-17672,2025-08-15,North,Web,554
ORD-17673,2025-08-06,South,Web,623
ORD-17674,2025-08-06,West,Retail,612
ORD-17675,2025-08-18,South,Retail,440
ORD-17676,2025-08-04,West,Retail,398
ORD-17677,2025-08-01,South,Partner,392
ORD-17678,2025-08-10,North,Retail,475
ORD-17679,2025-08-19,South,Web,485
ORD-17680,2025-08-23,South,Partner,466
ORD-17681,2025-08-18,West,Web,461
ORD-17682,2025-08-11,West,Retail,554
ORD-17683,2025-08-13,North,Web,557
ORD-17684,2025-08-12,North,Retail,583
ORD-17685,2025-08-02,East,Partner,495
ORD-17686,2025-08-01,East,Web,415
ORD-17687,2025-08-05,North,Retail,495
ORD-17688,2025-08-12,North,Partner,414
ORD-17689,2025-08-27,West,Web,608
ORD-17690,2025-08-13,North,Partner,395
ORD-17691,2025-08-16,South,Web,467
ORD-17692,2025-08-23,West,Partner,379
ORD-17693,2025-08-28,West,Web,419
ORD-17694,2025-08-15,North,Web,423
ORD-17695,2025-08-09,South,Web,428
ORD-17696,2025-08-08,South,Partner,453
ORD-17697,2025-08-04,East,Partner,427
ORD-17698,2025-08-16,South,Retail,466
ORD-17699,2025-08-03,South,Retail,470
ORD-17700,2025-08-14,East,Retail,533
ORD-17701,2025-08-12,North,Retail,562
ORD-17702,2025-08-25,North,Web,559
ORD-17703,2025-08-23,West,Partner,426
ORD-17704,2025-08-15,East,Retail,378
ORD-17705,2025-08-14,North,Partner,575
ORD-17706,2025-08-28,South,Partner,605
ORD-17707,2025-08-03,North,Retail,459
ORD-17708,2025-08-24,East,Partner,423
ORD-17709,2025-08-18,East,Retail,509
ORD-17710,2025-08-10,West,Retail,681
ORD-17711,2025-08-21,West,Web,351
ORD-17712,2025-08-03,West,Retail,411
ORD-17713,2025-08-07,North,Retail,454
ORD-17714,2025-08-07,South,Partner,341
ORD-17715,2025-08-02,West,Retail,425
ORD-17716,2025-08-22,West,Web,660
ORD-17717,2025-08-21,South,Retail,467
ORD-17718,2025-08-23,West,Retail,509
ORD-17719,2025-08-08,South,Retail,688
ORD-17720,2025-08-02,North,Web,652
ORD-17721,2025-08-26,South,Web,570
ORD-17722,2025-08-20,West,Web,456
ORD-17723,2025-08-05,North,Retail,574
ORD-17724,2025-08-27,West,Partner,528
ORD-17725,2025-08-22,West,Partner,475
ORD-17726,2025-08-14,West,Partner,488
ORD-17727,2025-08-28,South,Web,717
ORD-17728,2025-08-01,South,Web,268
ORD-17729,2025-08-17,West,Partner,340
ORD-17730,2025-08-20,North,Partner,437
ORD-17731,2025-08-15,North,Retail,570
ORD-17732,2025-08-06,South,Partner,389
ORD-17733,2025-08-27,East,Partner,410
ORD-17734,2025-08-17,North,Web,350
ORD-17735,2025-08-20,North,Retail,507
ORD-17736,2025-08-05,East,Web,643
ORD-17737,2025-08-24,North,Web,466
ORD-17738,2025-08-02,West,Web,593
ORD-17739,2025-08-20,South,Retail,552
ORD-17740,2025-08-03,South,Retail,587
ORD-17741,2025-08-03,West,Partner,479
ORD-17742,2025-08-04,South,Retail,423
ORD-17743,2025-08-17,East,Partner,479
ORD-17744,2025-08-18,North,Web,565
ORD-17745,2025-08-13,West,Retail,467
ORD-17746,2025-08-06,East,Partner,515
ORD-17747,2025-08-10,North,Retail,632
ORD-17748,2025-08-07,West,Retail,576
ORD-17749,2025-08-21,South,Partner,394
ORD-17750,2025-08-03,West,Partner,518
ORD-17751,2025-08-27,West,Web,507
ORD-17752,2025-08-17,North,Web,419
ORD-17753,2025-08-18,East,Partner,576
ORD-17754,2025-08-21,North,Retail,452
ORD-17755,2025-08-24,North,Web,522
ORD-17756,2025-08-09,West,Retail,587
ORD-17757,2025-08-09,South,Partner,394
ORD-17758,2025-08-16,East,Web,337
ORD-17759,2025-08-27,South,Retail,649
ORD-17760,2025-08-17,East,Partner,418
ORD-17761,2025-08-25,East,Retail,453
ORD-17762,2025-08-23,North,Partner,523
ORD-17763,2025-08-08,East,Web,535
ORD-17764,2025-08-15,East,Partner,425
ORD-17765,2025-08-10,West,Retail,506
ORD-17766,2025-08-26,West,Web,632
ORD-17767,2025-08-12,East,Partner,539
ORD-17768,2025-08-06,East,Partner,407
ORD-17769,2025-08-04,East,Partner,428
ORD-17770,2025-08-26,South,Web,403
ORD-17771,2025-08-17,North,Retail,525
ORD-17772,2025-08-25,West,Web,536
ORD-17773,2025-08-25,North,Retail,620
ORD-17774,2025-08-04,North,Web,425
ORD-17775,2025-08-09,South,Partner,499
ORD-17776,2025-08-08,East,Partner,438
ORD-17777,2025-08-11,West,Retail,381
ORD-17778,2025-08-20,South,Retail,545
ORD-17779,2025-08-27,West,Web,543
ORD-17780,2025-08-27,South,Retail,516
ORD-17781,2025-08-07,South,Partner,557
ORD-17782,2025-08-23,South,Web,554
ORD-17783,2025-08-16,North,Web,530
ORD-17784,2025-08-04,North,Partner,464
ORD-17785,2025-08-21,West,Web,519
ORD-17786,2025-08-19,West,Partner,670
ORD-17787,2025-08-23,North,Retail,651
ORD-17788,2025-08-10,West,Web,510
ORD-17789,2025-08-26,North,Retail,596
ORD-17790,2025-08-09,North,Web,507
ORD-17791,2025-08-27,East,Retail,511
ORD-17792,2025-08-13,West,Retail,568
ORD-17793,2025-08-18,West,Retail,441
ORD-17794,2025-08-08,North,Partner,527
ORD-17795,2025-08-10,East,Retail,492
ORD-17796,2025-08-10,North,Retail,426
ORD-17797,2025-08-19,East,Web,496
ORD-17798,2025-08-23,South,Retail,449
ORD-17799,2025-08-02,North,Partner,615
ORD-17800,2025-08-25,East,Web,489
ORD-17801,2025-08-04,West,Retail,566
ORD-17802,2025-08-14,East,Partner,663
ORD-17803,2025-08-08,West,Retail,418
ORD-17804,2025-08-26,West,Web,497
ORD-17805,2025-08-15,West,Web,460
ORD-17806,2025-08-13,West,Web,410
ORD-17807,2025-08-23,East,Retail,568
ORD-17808,2025-08-15,West,Partner,564
ORD-17809,2025-08-08,West,Partner,552
ORD-17810,2025-08-12,West,Partner,613
ORD-17811,2025-08-16,North,Web,587
ORD-17812,2025-08-02,West,Web,504
ORD-17813,2025-08-04,South,Web,541
ORD-17814,2025-08-01,South,Partner,367
ORD-17815,2025-08-25,East,Retail,376
ORD-17816,2025-08-11,West,Web,419
ORD-17817,2025-08-25,South,Web,535
ORD-17818,2025-08-26,North,Retail,541
ORD-17819,2025-08-04,East,Web,544
ORD-17820,2025-08-03,South,Retail,609
ORD-17821,2025-08-12,East,Retail,423
ORD-17822,2025-08-07,West,Web,512
ORD-17823,2025-08-15,West,Web,540
ORD-17824,2025-08-10,West,Web,399
ORD-17825,2025-08-01,North,Retail,480
ORD-17826,2025-08-07,South,Web,516
ORD-17827,2025-08-16,South,Partner,560
ORD-17828,2025-08-14,East,Partner,389
ORD-17829,2025-08-09,West,Web,493
ORD-17830,2025-08-07,North,Retail,458
ORD-17831,2025-08-12,West,Web,488
ORD-17832,2025-08-23,South,Partner,458
ORD-17833,2025-08-21,North,Retail,517
ORD-17834,2025-08-20,East,Retail,615
ORD-17835,2025-08-23,West,Partner,476
ORD-17836,2025-08-01,West,Partner,406
ORD-17837,2025-08-25,North,Web,564
ORD-17838,2025-08-28,East,Web,499
ORD-17839,2025-08-28,East,Web,465
ORD-17840,2025-08-27,West,Partner,563
ORD-17841,2025-08-04,South,Partner,434
ORD-17842,2025-08-01,South,Retail,452
ORD-17843,2025-08-23,North,Web,433
ORD-17844,2025-08-20,North,Web,488
ORD-17845,2025-08-21,North,Web,474
ORD-17846,2025-08-08,South,Retail,388
ORD-17847,2025-08-16,West,Partner,476
ORD-17848,2025-08-16,South,Retail,535
ORD-17849,2025-08-03,North,Partner,357
ORD-17850,2025-08-10,West,Web,588
ORD-17851,2025-08-08,South,Retail,502
ORD-17852,2025-08-27,North,Retail,365
ORD-17853,2025-08-05,West,Retail,368
ORD-17854,2025-08-09,North,Partner,337
ORD-17855,2025-08-23,East,Retail,439
ORD-17856,2025-08-03,East,Web,439
ORD-17857,2025-08-03,North,Retail,507
ORD-17858,2025-08-13,East,Retail,479
ORD-17859,2025-08-14,East,Web,423
ORD-17860,2025-08-07,South,Web,497
ORD-17861,2025-08-20,East,Partner,493
ORD-17862,2025-08-10,East,Retail,611
ORD-17863,2025-08-28,North,Retail,650
ORD-17864,2025-08-03,North,Partner,515
ORD-17865,2025-08-11,North,Retail,674
ORD-17866,2025-08-27,East,Retail,489
ORD-17867,2025-08-23,East,Partner,530
ORD-17868,2025-08-02,South,Retail,600
ORD-17869,2025-08-24,North,Web,646
ORD-17870,2025-08-13,East,Retail,294
ORD-17871,2025-08-19,North,Partner,441
ORD-17872,2025-08-27,North,Retail,424
ORD-17873,2025-08-13,West,Retail,465
ORD-17874,2025-08-09,South,Web,498
ORD-17875,2025-08-01,West,Retail,432
ORD-17876,2025-08-12,West,Partner,525
ORD-17877,2025-08-08,North,Partner,485
ORD-17878,2025-08-17,South,Retail,483
ORD-17879,2025-08-04,West,Web,505
ORD-17880,2025-08-19,South,Partner,464
ORD-17881,2025-08-28,North,Web,466
ORD-17882,2025-08-24,North,Retail,598
ORD-17883,2025-08-13,East,Retail,588
ORD-17884,2025-08-14,East,Retail,487
ORD-17885,2025-08-05,East,Retail,572
ORD-17886,2025-08-09,West,Web,325
ORD-17887,2025-08-19,North,Retail,647
ORD-17888,2025-08-07,South,Web,608
ORD-17889,2025-08-08,North,Partner,611
ORD-17890,2025-08-08,East,Retail,598
ORD-17891,2025-08-10,East,Retail,393
ORD-17892,2025-08-12,South,Web,538
ORD-17893,2025-08-02,North,Retail,317
ORD-17894,2025-08-23,East,Web,441
ORD-17895,2025-08-28,East,Partner,635
ORD-17896,2025-08-19,South,Retail,492
ORD-17897,2025-08-22,East,Partner,544
ORD-17898,2025-08-18,East,Web,485
ORD-17899,2025-08-06,South,Web,627
ORD-17900,2025-08-13,East,Retail,446
ORD-17901,2025-08-02,East,Partner,483
ORD-17902,2025-08-04,West,Retail,418
ORD-17903,2025-08-04,East,Partner,476
ORD-17904,2025-08-24,East,Web,450
ORD-17905,2025-08-06,East,Web,394
ORD-17906,2025-08-27,East,Web,480
ORD-17907,2025-08-02,North,Web,618
ORD-17908,2025-08-16,East,Partner,626
ORD-17909,2025-08-21,North,Partner,607
ORD-17910,2025-08-19,North,Web,487
ORD-17911,2025-08-18,East,Partner,548
ORD-17912,2025-08-01,East,Partner,514
ORD-17913,2025-08-05,South,Web,319
ORD-17914,2025-08-17,East,Web,457
ORD-17915,2025-08-19,South,Web,529
ORD-17916,2025-08-20,South,Web,592
ORD-17917,2025-08-14,East,Partner,587
ORD-17918,2025-08-23,South,Web,560
ORD-17919,2025-08-20,South,Web,456
ORD-17920,2025-08-25,East,Retail,478
ORD-17921,2025-08-13,South,Retail,440
ORD-17922,2025-08-19,West,Retail,614
ORD-17923,2025-08-13,South,Partner,335
ORD-17924,2025-08-03,North,Web,514
ORD-17925,2025-08-10,East,Partner,441
ORD-17926,2025-08-04,North,Web,459
ORD-17927,2025-08-14,East,Web,459
ORD-17928,2025-08-27,South,Retail,524
ORD-17929,2025-08-04,West,Retail,501
ORD-17930,2025-08-15,South,Web,470
ORD-17931,2025-08-22,East,Retail,457
ORD-17932,2025-08-01,South,Retail,459
ORD-17933,2025-08-22,North,Partner,447
ORD-17934,2025-08-15,East,Partner,376
ORD-17935,2025-08-07,West,Web,492
ORD-17936,2025-08-07,West,Partner,501
ORD-17937,2025-08-21,East,Web,612
ORD-17938,2025-08-08,North,Partner,471
ORD-17939,2025-08-28,South,Partner,459
ORD-17940,2025-08-16,East,Partner,528
ORD-17941,2025-08-02,East,Retail,442
ORD-17942,2025-08-16,West,Retail,519
ORD-17943,2025-08-22,South,Web,394
ORD-17944,2025-08-01,East,Web,594
ORD-17945,2025-08-21,South,Web,570
ORD-17946,2025-08-11,North,Web,689
ORD-17947,2025-08-17,South,Retail,599
ORD-17948,2025-08-22,East,Web,651
ORD-17949,2025-08-07,West,Partner,691
ORD-17950,2025-08-12,West,Web,617
ORD-17951,2025-08-22,North,Retail,487
ORD-17952,2025-08-16,North,Partner,613
ORD-17953,2025-08-02,East,Partner,383
ORD-17954,2025-08-24,West,Retail,501
ORD-17955,2025-08-03,North,Retail,523
ORD-17956,2025-08-20,North,Retail,298
ORD-17957,2025-08-10,North,Retail,565
ORD-17958,2025-08-15,West,Retail,544
ORD-17959,2025-08-11,South,Partner,548
ORD-17960,2025-08-11,South,Partner,518
ORD-17961,2025-08-26,North,Retail,377
ORD-17962,2025-08-05,South,Web,566
ORD-17963,2025-08-25,North,Partner,441
ORD-17964,2025-08-04,North,Web,454
ORD-17965,2025-08-26,South,Retail,641
ORD-17966,2025-08-19,North,Web,462
ORD-17967,2025-08-08,South,Partner,428
ORD-17968,2025-08-27,North,Retail,367
ORD-17969,2025-08-07,South,Retail,589
ORD-17970,2025-08-26,North,Partner,621
ORD-17971,2025-08-06,South,Partner,609
ORD-17972,2025-08-01,North,Retail,582
ORD-17973,2025-08-27,North,Partner,533
ORD-17974,2025-08-02,East,Partner,648
ORD-17975,2025-08-01,East,Partner,596
ORD-17976,2025-08-16,South,Web,513
ORD-17977,2025-08-08,North,Web,427
ORD-17978,2025-08-19,South,Web,562
ORD-17979,2025-08-20,East,Web,662
ORD-17980,2025-08-02,East,Partner,469
ORD-17981,2025-08-25,North,Partner,600
ORD-17982,2025-08-21,South,Web,502
ORD-17983,2025-08-04,North,Web,515
ORD-17984,2025-08-28,East,Web,518
ORD-17985,2025-08-06,East,Web,518
ORD-17986,2025-08-16,South,Retail,666
ORD-17987,2025-08-23,South,Web,510
ORD-17988,2025-08-28,East,Retail,395
ORD-17989,2025-08-08,South,Web,461
ORD-17990,2025-08-10,East,Partner,400
ORD-17991,2025-08-06,East,Retail,488
ORD-17992,2025-08-11,East,Web,347
ORD-17993,2025-08-14,South,Partner,487
ORD-17994,2025-08-14,East,Web,657
ORD-17995,2025-08-23,East,Retail,434
ORD-17996,2025-08-27,North,Retail,550
ORD-17997,2025-08-11,South,Retail,586
ORD-17998,2025-08-20,North,Partner,354
ORD-17999,2025-08-05,East,Partner,629
ORD-18000,2025-09-05,North,Web,503
ORD-18001,2025-09-23,North,Web,599
ORD-18002,2025-09-02,North,Web,424
ORD-18003,2025-09-24,West,Partner,506
ORD-18004,2025-09-12,South,Web,484
ORD-18005,2025-09-27,South,Partner,522
ORD-18006,2025-09-02,South,Web,546
ORD-18007,2025-09-04,South,Retail,460
ORD-18008,2025-09-03,West,Retail,495
ORD-18009,2025-09-24,South,Retail,636
ORD-18010,2025-09-01,West,Partner,630
ORD-18011,2025-09-28,East,Retail,550
ORD-18012,2025-09-24,South,Retail,504
ORD-18013,2025-09-10,South,Partner,539
ORD-18014,2025-09-21,East,Web,419
ORD-18015,2025-09-03,North,Web,265
ORD-18016,2025-09-11,East,Partner,645
ORD-18017,2025-09-27,West,Web,430
ORD-18018,2025-09-07,North,Retail,618
ORD-18019,2025-09-24,West,Web,637
ORD-18020,2025-09-19,South,Retail,451
ORD-18021,2025-09-10,South,Web,467
ORD-18022,2025-09-26,South,Partner,503
ORD-18023,2025-09-25,North,Partner,534
ORD-18024,2025-09-26,West,Partner,576
ORD-18025,2025-09-05,South,Partner,688
ORD-18026,2025-09-12,West,Partner,303
ORD-18027,2025-09-25,East,Partner,577
ORD-18028,2025-09-17,West,Web,453
ORD-18029,2025-09-14,West,Partner,461
ORD-18030,2025-09-23,East,Partner,554
ORD-18031,2025-09-26,South,Retail,475
ORD-18032,2025-09-05,South,Retail,539
ORD-18033,2025-09-23,West,Retail,552
ORD-18034,2025-09-03,North,Partner,460
ORD-18035,2025-09-15,South,Partner,263
ORD-18036,2025-09-20,West,Web,469
ORD-18037,2025-09-06,South,Retail,401
ORD-18038,2025-09-25,West,Partner,522
ORD-18039,2025-09-27,North,Partner,456
ORD-18040,2025-09-23,East,Retail,545
ORD-18041,2025-09-08,East,Retail,419
ORD-18042,2025-09-20,North,Partner,572
ORD-18043,2025-09-04,East,Web,603
ORD-18044,2025-09-05,South,Partner,608
ORD-18045,2025-09-04,East,Retail,408
ORD-18046,2025-09-22,West,Partner,465
ORD-18047,2025-09-28,East,Partner,471
ORD-18048,2025-09-05,North,Partner,556
ORD-18049,2025-09-28,East,Retail,522
ORD-18050,2025-09-07,East,Retail,258
ORD-18051,2025-09-27,North,Retail,627
ORD-18052,2025-09-08,East,Retail,381
ORD-18053,2025-09-18,East,Retail,493
ORD-18054,2025-09-24,West,Partner,553
ORD-18055,2025-09-22,East,Retail,394
ORD-18056,2025-09-26,East,Partner,481
ORD-18057,2025-09-02,West,Partner,634
ORD-18058,2025-09-05,West,Web,501
ORD-18059,2025-09-21,East,Partner,564
ORD-18060,2025-09-17,North,Retail,334
ORD-18061,2025-09-02,North,Partner,538
ORD-18062,2025-09-12,South,Web,409
ORD-18063,2025-09-06,East,Web,460
ORD-18064,2025-09-24,North,Partner,430
ORD-18065,2025-09-03,North,Retail,375
ORD-18066,2025-09-28,South,Partner,461
ORD-18067,2025-09-13,North,Partner,487
ORD-18068,2025-09-07,North,Retail,309
ORD-18069,2025-09-09,West,Partner,621
ORD-18070,2025-09-26,North,Retail,552
ORD-18071,2025-09-25,North,Partner,407
ORD-18072,2025-09-25,West,Partner,410
ORD-18073,2025-09-01,North,Web,486
ORD-18074,2025-09-25,East,Partner,416
ORD-18075,2025-09-19,East,Web,530
ORD-18076,2025-09-05,West,Partner,371
ORD-18077,2025-09-01,West,Web,600
ORD-18078,2025-09-24,East,Web,656
ORD-18079,2025-09-11,West,Web,448
ORD-18080,2025-09-18,South,Partner,509
ORD-18081,2025-09-21,West,Partner,492
ORD-18082,2025-09-09,East,Web,383
ORD-18083,2025-09-28,South,Partner,437
ORD-18084,2025-09-01,South,Web,458
ORD-18085,2025-09-10,West,Web,518
ORD-18086,2025-09-24,South,Partner,451
ORD-18087,2025-09-13,South,Retail,553
ORD-18088,2025-09-06,West,Partner,634
ORD-18089,2025-09-08,South,Web,512
ORD-18090,2025-09-17,North,Retail,587
ORD-18091,2025-09-28,South,Retail,571
ORD-18092,2025-09-02,South,Web,509
ORD-18093,2025-09-25,North,Partner,543
ORD-18094,2025-09-06,East,Partner,595
ORD-18095,2025-09-27,South,Retail,343
ORD-18096,2025-09-05,East,Retail,454
ORD-18097,2025-09-15,West,Partner,626
ORD-18098,2025-09-09,East,Partner,381
ORD-18099,2025-09-23,West,Web,503
ORD-18100,2025-09-19,North,Retail,396
ORD-18101,2025-09-23,East,Partner,439
ORD-18102,2025-09-10,North,Retail,526
ORD-18103,2025-09-10,North,Web,450
ORD-18104,2025-09-08,East,Partner,339
ORD-18105,2025-09-28,East,Retail,463
ORD-18106,2025-09-09,North,Retail,448
ORD-18107,2025-09-17,East,Web,684
ORD-18108,2025-09-16,South,Retail,467
ORD-18109,2025-09-27,West,Web,445
ORD-18110,2025-09-16,West,Web,579
ORD-18111,2025-09-10,South,Web,582
ORD-18112,2025-09-25,West,Web,478
ORD-18113,2025-09-12,South,Retail,400
ORD-18114,2025-09-11,West,Retail,374
ORD-18115,2025-09-18,North,Web,420
ORD-18116,2025-09-06,South,Partner,475
ORD-18117,2025-09-25,West,Retail,575
ORD-18118,2025-09-22,North,Retail,387
ORD-18119,2025-09-01,South,Retail,657
ORD-18120,2025-09-06,South,Web,503
ORD-18121,2025-09-18,South,Partner,709
ORD-18122,2025-09-16,West,Partner,493
ORD-18123,2025-09-12,South,Partner,394
ORD-18124,2025-09-21,South,Partner,374
ORD-18125,2025-09-09,North,Partner,516
ORD-18126,2025-09-19,West,Retail,508
ORD-18127,2025-09-07,West,Partner,409
ORD-18128,2025-09-24,North,Web,488
ORD-18129,2025-09-10,West,Web,565
ORD-18130,2025-09-05,West,Retail,513
ORD-18131,2025-09-08,East,Retail,488
ORD-18132,2025-09-28,West,Partner,505
ORD-18133,2025-09-23,West,Partner,502
ORD-18134,2025-09-27,East,Partner,526
ORD-18135,2025-09-18,South,Retail,459
ORD-18136,2025-09-11,South,Web,287
ORD-18137,2025-09-08,South,Web,617
ORD-18138,2025-09-17,South,Partner,428
ORD-18139,2025-09-21,North,Retail,297
ORD-18140,2025-09-10,North,Retail,493
ORD-18141,2025-09-21,North,Retail,651
ORD-18142,2025-09-15,South,Retail,686
ORD-18143,2025-09-27,East,Web,673
ORD-18144,2025-09-16,North,Retail,446
ORD-18145,2025-09-13,West,Web,513
ORD-18146,2025-09-20,North,Partner,545
ORD-18147,2025-09-12,East,Retail,407
ORD-18148,2025-09-24,East,Partner,693
ORD-18149,2025-09-03,West,Web,299
ORD-18150,2025-09-28,North,Web,382
ORD-18151,2025-09-20,South,Web,525
ORD-18152,2025-09-06,West,Retail,611
ORD-18153,2025-09-03,West,Retail,491
ORD-18154,2025-09-21,West,Partner,476
ORD-18155,2025-09-09,South,Partner,466
ORD-18156,2025-09-05,East,Web,507
ORD-18157,2025-09-25,West,Retail,368
ORD-18158,2025-09-03,South,Web,510
ORD-18159,2025-09-06,North,Retail,613
ORD-18160,2025-09-24,South,Partner,461
ORD-18161,2025-09-12,West,Partner,443
ORD-18162,2025-09-11,North,Web,548
ORD-18163,2025-09-04,East,Retail,567
ORD-18164,2025-09-12,South,Retail,325
ORD-18165,2025-09-21,East,Partner,400
ORD-18166,2025-09-09,South,Retail,401
ORD-18167,2025-09-19,East,Web,542
ORD-18168,2025-09-25,West,Retail,505
ORD-18169,2025-09-17,West,Retail,528
ORD-18170,2025-09-11,North,Partner,424
ORD-18171,2025-09-03,West,Retail,387
ORD-18172,2025-09-28,South,Retail,516
ORD-18173,2025-09-02,West,Partner,458
ORD-18174,2025-09-17,East,Partner,575
ORD-18175,2025-09-10,South,Partner,486
ORD-18176,2025-09-05,North,Partner,552
ORD-18177,2025-09-09,North,Web,514
ORD-18178,2025-09-21,South,Web,571
ORD-18179,2025-09-01,East,Web,562
ORD-18180,2025-09-04,East,Web,571
ORD-18181,2025-09-08,South,Partner,461
ORD-18182,2025-09-23,South,Partner,388
ORD-18183,2025-09-18,North,Retail,480
ORD-18184,2025-09-14,East,Retail,478
ORD-18185,2025-09-04,South,Web,557
ORD-18186,2025-09-10,East,Partner,488
ORD-18187,2025-09-05,North,Web,512
ORD-18188,2025-09-01,East,Retail,570
ORD-18189,2025-09-26,West,Web,567
ORD-18190,2025-09-04,East,Web,579
ORD-18191,2025-09-28,South,Web,532
ORD-18192,2025-09-17,West,Web,382
ORD-18193,2025-09-21,South,Partner,472
ORD-18194,2025-09-21,South,Web,442
ORD-18195,2025-09-13,South,Retail,561
ORD-18196,2025-09-10,North,Web,450
ORD-18197,2025-09-07,North,Partner,400
ORD-18198,2025-09-23,West,Retail,595
ORD-18199,2025-09-27,South,Retail,332
ORD-18200,2025-09-16,East,Web,505
ORD-18201,2025-09-27,East,Web,502
ORD-18202,2025-09-05,South,Web,568
ORD-18203,2025-09-09,West,Partner,388
ORD-18204,2025-09-28,West,Retail,587
ORD-18205,2025-09-12,East,Retail,524
ORD-18206,2025-09-18,North,Retail,452
ORD-18207,2025-09-13,East,Web,633
ORD-18208,2025-09-17,West,Web,483
ORD-18209,2025-09-11,East,Retail,652
ORD-18210,2025-09-14,West,Web,448
ORD-18211,2025-09-18,South,Partner,430
ORD-18212,2025-09-22,West,Partner,464
ORD-18213,2025-09-16,North,Retail,418
ORD-18214,2025-09-04,West,Retail,465
ORD-18215,2025-09-22,North,Partner,577
ORD-18216,2025-09-09,West,Partner,557
ORD-18217,2025-09-10,South,Retail,512
ORD-18218,2025-09-16,West,Partner,511
ORD-18219,2025-09-06,North,Retail,550
ORD-18220,2025-09-10,North,Web,396
ORD-18221,2025-09-22,East,Web,408
ORD-18222,2025-09-04,East,Web,537
ORD-18223,2025-09-03,East,Web,552
ORD-18224,2025-09-14,South,Retail,418
ORD-18225,2025-09-27,South,Partner,413
ORD-18226,2025-09-24,North,Retail,519
ORD-18227,2025-09-10,South,Partner,469
ORD-18228,2025-09-18,North,Partner,520
ORD-18229,2025-09-24,East,Retail,607
ORD-18230,2025-09-28,South,Retail,440
ORD-18231,2025-09-03,North,Retail,651
ORD-18232,2025-09-10,West,Partner,510
ORD-18233,2025-09-09,North,Retail,526
ORD-18234,2025-09-18,South,Partner,511
ORD-18235,2025-09-19,West,Partner,433
ORD-18236,2025-09-10,North,Retail,573
ORD-18237,2025-09-22,West,Partner,421
ORD-18238,2025-09-22,South,Web,497
ORD-18239,2025-09-05,South,Web,487
ORD-18240,2025-09-04,West,Web,633
ORD-18241,2025-09-14,West,Web,691
ORD-18242,2025-09-04,West,Web,607
ORD-18243,2025-09-25,North,Retail,589
ORD-18244,2025-09-06,East,Retail,509
ORD-18245,2025-09-03,North,Partner,466
ORD-18246,2025-09-28,North,Partner,575
ORD-18247,2025-09-19,South,Web,400
ORD-18248,2025-09-21,North,Partner,491
ORD-18249,2025-09-21,West,Web,394
ORD-18250,2025-09-21,North,Partner,401
ORD-18251,2025-09-25,West,Partner,526
ORD-18252,2025-09-23,West,Partner,523
ORD-18253,2025-09-13,East,Partner,556
ORD-18254,2025-09-10,South,Partner,724
ORD-18255,2025-09-23,South,Retail,515
ORD-18256,2025-09-17,East,Partner,410
ORD-18257,2025-09-16,South,Web,535
ORD-18258,2025-09-11,South,Web,567
ORD-18259,2025-09-15,West,Web,574
ORD-18260,2025-09-26,North,Retail,579
ORD-18261,2025-09-13,South,Retail,595
ORD-18262,2025-09-15,South,Partner,445
ORD-18263,2025-09-19,North,Web,597
ORD-18264,2025-09-11,East,Partner,668
ORD-18265,2025-09-03,South,Retail,519
ORD-18266,2025-09-16,East,Web,652
ORD-18267,2025-09-20,South,Partner,556
ORD-18268,2025-09-04,North,Web,617
ORD-18269,2025-09-10,West,Retail,462
ORD-18270,2025-09-08,North,Retail,479
ORD-18271,2025-09-21,East,Web,508
ORD-18272,2025-09-19,West,Partner,415
ORD-18273,2025-09-01,North,Web,546
ORD-18274,2025-09-04,East,Partner,543
ORD-18275,2025-09-05,South,Partner,595
ORD-18276,2025-09-26,West,Web,581
ORD-18277,2025-09-09,East,Retail,445
ORD-18278,2025-09-09,South,Retail,516
ORD-18279,2025-09-20,North,Partner,293
ORD-18280,2025-09-12,East,Retail,478
ORD-18281,2025-09-24,South,Partner,482
ORD-18282,2025-09-19,North,Retail,525
ORD-18283,2025-09-04,East,Partner,490
ORD-18284,2025-09-15,North,Retail,555
ORD-18285,2025-09-02,East,Retail,578
ORD-18286,2025-09-10,East,Web,524
ORD-18287,2025-09-16,North,Partner,571
ORD-18288,2025-09-21,North,Retail,523
ORD-18289,2025-09-11,South,Retail,408
ORD-18290,2025-09-03,North,Web,565
ORD-18291,2025-09-18,West,Retail,502
ORD-18292,2025-09-24,West,Partner,571
ORD-18293,2025-09-02,West,Partner,383
ORD-18294,2025-09-10,North,Retail,653
ORD-18295,2025-09-15,North,Web,350
ORD-18296,2025-09-21,South,Partner,476
ORD-18297,2025-09-13,South,Web,484
ORD-18298,2025-09-04,East,Retail,527
ORD-18299,2025-09-28,West,Partner,430
ORD-18300,2025-09-15,North,Web,583
ORD-18301,2025-09-14,East,Web,393
ORD-18302,2025-09-25,West,Partner,327
ORD-18303,2025-09-24,South,Web,408
ORD-18304,2025-09-28,North,Retail,490
ORD-18305,2025-09-27,North,Partner,636
ORD-18306,2025-09-19,West,Web,467
ORD-18307,2025-09-13,North,Web,646
ORD-18308,2025-09-10,North,Partner,463
ORD-18309,2025-09-03,West,Retail,419
ORD-18310,2025-09-19,North,Partner,357
ORD-18311,2025-09-24,North,Partner,557
ORD-18312,2025-09-12,South,Web,607
ORD-18313,2025-09-12,North,Web,414
ORD-18314,2025-09-19,East,Retail,447
ORD-18315,2025-09-21,North,Partner,483
ORD-18316,2025-09-20,West,Web,564
ORD-18317,2025-09-06,East,Web,629
ORD-18318,2025-09-20,East,Partner,410
ORD-18319,2025-09-03,South,Retail,547
ORD-18320,2025-09-01,South,Retail,384
ORD-18321,2025-09-28,North,Web,637
ORD-18322,2025-09-23,South,Web,486
ORD-18323,2025-09-10,South,Retail,557
ORD-18324,2025-09-19,South,Partner,657
ORD-18325,2025-09-16,South,Web,570
ORD-18326,2025-09-08,South,Retail,506
ORD-18327,2025-09-24,West,Retail,415
ORD-18328,2025-09-10,South,Retail,323
ORD-18329,2025-09-27,East,Web,342
ORD-18330,2025-09-12,West,Web,489
ORD-18331,2025-09-22,West,Retail,535
ORD-18332,2025-09-17,East,Partner,524
ORD-18333,2025-09-25,North,Partner,414
ORD-18334,2025-09-20,East,Web,490
ORD-18335,2025-09-04,West,Partner,484
ORD-18336,2025-09-20,South,Retail,484
ORD-18337,2025-09-06,West,Partner,429
ORD-18338,2025-09-02,West,Retail,418
ORD-18339,2025-09-19,East,Web,535
ORD-18340,2025-09-22,West,Partner,464
ORD-18341,2025-09-02,East,Web,362
ORD-18342,2025-09-13,South,Retail,541
ORD-18343,2025-09-07,South,Partner,424
ORD-18344,2025-09-24,North,Retail,634
ORD-18345,2025-09-13,North,Web,554
ORD-18346,2025-09-20,North,Partner,431
ORD-18347,2025-09-16,West,Retail,482
ORD-18348,2025-09-23,East,Web,343
ORD-18349,2025-09-23,South,Web,659
ORD-18350,2025-09-11,North,Retail,567
ORD-18351,2025-09-20,East,Retail,464
ORD-18352,2025-09-13,South,Partner,544
ORD-18353,2025-09-01,West,Retail,559
ORD-18354,2025-09-09,South,Partner,515
ORD-18355,2025-09-15,West,Retail,517
ORD-18356,2025-09-13,West,Retail,243
ORD-18357,2025-09-10,North,Web,493
ORD-18358,2025-09-06,North,Web,500
ORD-18359,2025-09-26,South,Partner,561
ORD-18360,2025-09-25,South,Retail,524
ORD-18361,2025-09-20,North,Web,459
ORD-18362,2025-09-17,North,Partner,455
ORD-18363,2025-09-24,West,Retail,511
ORD-18364,2025-09-08,West,Retail,365
ORD-18365,2025-09-09,South,Retail,326
ORD-18366,2025-09-04,South,Partner,510
ORD-18367,2025-09-15,West,Retail,495
ORD-18368,2025-09-28,West,Retail,400
ORD-18369,2025-09-05,East,Partner,501
ORD-18370,2025-09-08,West,Retail,393
ORD-18371,2025-09-14,North,Retail,427
ORD-18372,2025-09-26,North,Partner,640
ORD-18373,2025-09-20,West,Retail,630
ORD-18374,2025-09-28,South,Web,374
ORD-18375,2025-09-10,West,Retail,472
ORD-18376,2025-09-27,East,Retail,618
ORD-18377,2025-09-28,North,Web,419
ORD-18378,2025-09-26,South,Retail,657
ORD-18379,2025-09-02,South,Web,508
ORD-18380,2025-09-28,South,Retail,521
ORD-18381,2025-09-08,West,Retail,294
ORD-18382,2025-09-18,West,Retail,557
ORD-18383,2025-09-03,West,Web,430
ORD-18384,2025-09-25,South,Partner,661
ORD-18385,2025-09-10,East,Retail,475
ORD-18386,2025-09-04,North,Retail,534
ORD-18387,2025-09-14,South,Retail,433
ORD-18388,2025-09-10,North,Partner,507
ORD-18389,2025-09-19,South,Web,491
ORD-18390,2025-09-07,West,Partner,536
ORD-18391,2025-09-18,South,Retail,602
ORD-18392,2025-09-12,East,Partner,622
ORD-18393,2025-09-19,East,Partner,538
ORD-18394,2025-09-06,East,Web,626
ORD-18395,2025-09-04,North,Partner,489
ORD-18396,2025-09-11,East,Retail,515
ORD-18397,2025-09-06,West,Retail,452
ORD-18398,2025-09-26,East,Web,322
ORD-18399,2025-09-22,West,Web,376
ORD-18400,2025-09-16,South,Partner,443
ORD-18401,2025-09-02,East,Retail,557
ORD-18402,2025-09-08,North,Retail,591
ORD-18403,2025-09-26,East,Web,624
ORD-18404,2025-09-06,North,Web,568
ORD-18405,2025-09-08,South,Retail,475
ORD-18406,2025-09-06,South,Web,462
ORD-18407,2025-09-27,West,Retail,486
ORD-18408,2025-09-02,East,Partner,579
ORD-18409,2025-09-23,West,Partner,419
ORD-18410,2025-09-02,South,Partner,374
ORD-18411,2025-09-26,South,Partner,391
ORD-18412,2025-09-19,North,Retail,474
ORD-18413,2025-09-23,East,Web,524
ORD-18414,2025-09-18,East,Retail,347
ORD-18415,2025-09-23,South,Partner,498
ORD-18416,2025-09-18,West,Partner,284
ORD-18417,2025-09-11,South,Retail,467
ORD-18418,2025-09-18,North,Retail,473
ORD-18419,2025-09-02,North,Web,442
ORD-18420,2025-09-04,South,Retail,337
ORD-18421,2025-09-19,East,Retail,661
ORD-18422,2025-09-18,North,Web,369
ORD-18423,2025-09-16,West,Web,346
ORD-18424,2025-09-14,South,Retail,421
ORD-18425,2025-09-03,West,Partner,561
ORD-18426,2025-09-01,East,Partner,484
ORD-18427,2025-09-16,North,Web,600
ORD-18428,2025-09-03,North,Web,503
ORD-18429,2025-09-13,North,Web,649
ORD-18430,2025-09-13,West,Retail,577
ORD-18431,2025-09-11,North,Retail,517
ORD-18432,2025-09-15,North,Web,395
ORD-18433,2025-09-15,North,Retail,469
ORD-18434,2025-09-02,West,Retail,437
ORD-18435,2025-09-19,North,Retail,463
ORD-18436,2025-09-23,North,Web,521
ORD-18437,2025-09-17,South,Web,577
ORD-18438,2025-09-25,South,Partner,475
ORD-18439,2025-09-13,North,Web,493
ORD-18440,2025-09-18,South,Retail,565
ORD-18441,2025-09-05,South,Web,648
ORD-18442,2025-09-17,West,Web,435
ORD-18443,2025-09-28,West,Retail,487
ORD-18444,2025-09-19,North,Partner,534
ORD-18445,2025-09-21,South,Web,518
ORD-18446,2025-09-26,East,Web,737
ORD-18447,2025-09-03,South,Retail,631
ORD-18448,2025-09-09,South,Retail,457
ORD-18449,2025-09-11,East,Partner,492
ORD-18450,2025-09-23,North,Retail,515
ORD-18451,2025-09-24,South,Retail,470
ORD-18452,2025-09-09,West,Web,625
ORD-18453,2025-09-11,North,Web,451
ORD-18454,2025-09-25,South,Retail,488
ORD-18455,2025-09-20,East,Retail,373
ORD-18456,2025-09-24,West,Web,347
ORD-18457,2025-09-13,South,Retail,629
ORD-18458,2025-09-10,East,Retail,549
ORD-18459,2025-09-22,North,Web,589
ORD-18460,2025-09-28,East,Retail,331
ORD-18461,2025-09-23,South,Web,635
ORD-18462,2025-09-25,East,Web,542
ORD-18463,2025-09-10,East,Partner,607
ORD-18464,2025-09-28,West,Partner,544
ORD-18465,2025-09-13,North,Retail,500
ORD-18466,2025-09-21,South,Web,444
ORD-18467,2025-09-07,West,Partner,684
ORD-18468,2025-09-17,South,Web,457
ORD-18469,2025-09-14,East,Web,583
ORD-18470,2025-09-17,South,Web,466
ORD-18471,2025-09-21,West,Partner,446
ORD-18472,2025-09-22,South,Web,589
ORD-18473,2025-09-09,West,Retail,431
ORD-18474,2025-09-26,South,Retail,518
ORD-18475,2025-09-21,South,Retail,477
ORD-18476,2025-09-18,West,Web,614
ORD-18477,2025-09-25,North,Retail,533
ORD-18478,2025-09-14,South,Partner,473
ORD-18479,2025-09-18,North,Partner,650
ORD-18480,2025-09-23,East,Retail,541
ORD-18481,2025-09-09,East,Partner,618
ORD-18482,2025-09-20,South,Web,589
ORD-18483,2025-09-01,East,Partner,460
ORD-18484,2025-09-20,North,Partner,558
ORD-18485,2025-09-04,South,Web,558
ORD-18486,2025-09-08,East,Retail,447
ORD-18487,2025-09-11,West,Partner,558
ORD-18488,2025-09-22,East,Retail,561
ORD-18489,2025-09-17,North,Web,528
ORD-18490,2025-09-19,East,Web,599
ORD-18491,2025-09-17,South,Partner,603
ORD-18492,2025-09-21,East,Web,556
ORD-18493,2025-09-21,North,Partner,567
ORD-18494,2025-09-06,West,Partner,365
ORD-18495,2025-09-21,East,Retail,507
ORD-18496,2025-09-09,South,Retail,399
ORD-18497,2025-09-24,West,Partner,403
ORD-18498,2025-09-19,East,Retail,638
ORD-18499,2025-09-04,North,Partner,605
ORD-18500,2025-09-26,West,Web,366
ORD-18501,2025-09-05,North,Web,589
ORD-18502,2025-09-19,South,Partner,532
ORD-18503,2025-09-03,West,Web,547
ORD-18504,2025-09-25,West,Web,427
ORD-18505,2025-09-18,East,Web,614
ORD-18506,2025-09-11,West,Retail,370
ORD-18507,2025-09-26,South,Retail,420
ORD-18508,2025-09-19,South,Partner,509
ORD-18509,2025-09-14,North,Partner,427
ORD-18510,2025-09-03,South,Partner,555
ORD-18511,2025-09-11,East,Partner,425
ORD-18512,2025-09-20,West,Web,575
ORD-18513,2025-09-04,North,Retail,530
ORD-18514,2025-09-13,North,Retail,440
ORD-18515,2025-09-06,North,Partner,622
ORD-18516,2025-09-28,West,Partner,514
ORD-18517,2025-09-26,South,Partner,495
ORD-18518,2025-09-15,West,Web,476
ORD-18519,2025-09-19,West,Web,429
ORD-18520,2025-09-15,East,Web,440
ORD-18521,2025-09-11,East,Retail,625
ORD-18522,2025-09-23,West,Partner,457
ORD-18523,2025-09-02,East,Retail,613
ORD-18524,2025-09-10,South,Web,553
ORD-18525,2025-09-01,South,Web,534
ORD-18526,2025-09-13,North,Partner,385
ORD-18527,2025-09-17,North,Retail,467
ORD-18528,2025-09-03,South,Retail,496
ORD-18529,2025-09-06,East,Web,512
ORD-18530,2025-09-12,South,Web,551
ORD-18531,2025-09-16,South,Web,533
ORD-18532,2025-09-22,East,Partner,532
ORD-18533,2025-09-23,West,Web,559
ORD-18534,2025-09-19,North,Web,449
ORD-18535,2025-09-18,East,Partner,431
ORD-18536,2025-09-03,West,Retail,446
ORD-18537,2025-09-26,West,Web,430
ORD-18538,2025-09-27,South,Retail,523
ORD-18539,2025-09-13,East,Retail,549
ORD-18540,2025-09-07,West,Partner,498
ORD-18541,2025-09-23,North,Retail,560
ORD-18542,2025-09-12,West,Web,568
ORD-18543,2025-09-27,East,Retail,304
ORD-18544,2025-09-21,East,Partner,697
ORD-18545,2025-09-10,East,Web,504
ORD-18546,2025-09-21,East,Retail,592
ORD-18547,2025-09-02,North,Partner,649
ORD-18548,2025-09-24,South,Web,504
ORD-18549,2025-09-03,East,Partner,604
ORD-18550,2025-09-19,North,Web,479
ORD-18551,2025-09-04,South,Web,616
ORD-18552,2025-09-12,South,Partner,501
ORD-18553,2025-09-17,East,Web,418
ORD-18554,2025-09-20,West,Web,419
ORD-18555,2025-09-21,West,Retail,556
ORD-18556,2025-09-27,North,Web,546
ORD-18557,2025-09-25,South,Retail,473
ORD-18558,2025-09-21,South,Web,428
ORD-18559,2025-09-25,West,Web,496
ORD-18560,2025-09-17,South,Partner,423
ORD-18561,2025-09-12,West,Web,495
ORD-18562,2025-09-23,East,Web,537
ORD-18563,2025-09-27,West,Partner,365
ORD-18564,2025-09-19,North,Partner,444
ORD-18565,2025-09-21,South,Retail,605
ORD-18566,2025-09-13,South,Retail,477
ORD-18567,2025-09-10,North,Partner,558
ORD-18568,2025-09-05,West,Retail,593
ORD-18569,2025-09-19,North,Web,639
ORD-18570,2025-09-04,South,Web,459
ORD-18571,2025-09-26,North,Web,512
ORD-18572,2025-09-18,North,Web,552
ORD-18573,2025-09-16,North,Web,657
ORD-18574,2025-09-08,North,Partner,282
ORD-18575,2025-09-15,South,Web,565
ORD-18576,2025-09-22,East,Retail,508
ORD-18577,2025-09-25,East,Retail,522
ORD-18578,2025-09-04,West,Web,461
ORD-18579,2025-09-06,South,Partner,565
ORD-18580,2025-09-23,West,Retail,414
ORD-18581,2025-09-22,West,Partner,410
ORD-18582,2025-09-13,East,Partner,462
ORD-18583,2025-09-08,East,Partner,485
ORD-18584,2025-09-04,South,Retail,390
ORD-18585,2025-09-19,East,Partner,398
ORD-18586,2025-09-09,South,Web,481
ORD-18587,2025-09-05,West,Retail,432
ORD-18588,2025-09-06,East,Partner,365
ORD-18589,2025-09-04,East,Partner,420
ORD-18590,2025-09-10,South,Web,534
ORD-18591,2025-09-27,East,Partner,548
ORD-18592,2025-09-12,East,Web,434
ORD-18593,2025-09-05,North,Partner,485
ORD-18594,2025-09-06,East,Web,446
ORD-18595,2025-09-16,North,Partner,543
ORD-18596,2025-09-09,East,Partner,534
ORD-18597,2025-09-21,South,Retail,554
ORD-18598,2025-09-10,South,Partner,605
ORD-18599,2025-09-04,West,Retail,593
ORD-18600,2025-09-05,North,Retail,284
ORD-18601,2025-09-20,East,Partner,559
ORD-18602,2025-09-23,North,Retail,506
ORD-18603,2025-09-01,West,Retail,432
ORD-18604,2025-09-01,North,Retail,399
ORD-18605,2025-09-19,West,Retail,440
ORD-18606,2025-09-24,North,Partner,546
ORD-18607,2025-09-24,North,Partner,583
ORD-18608,2025-09-18,South,Partner,633
ORD-18609,2025-09-02,South,Retail,591
ORD-18610,2025-09-06,South,Retail,505
ORD-18611,2025-09-17,East,Web,536
ORD-18612,2025-09-06,North,Partner,438
ORD-18613,2025-09-09,North,Partner,568
ORD-18614,2025-09-10,North,Partner,520
ORD-18615,2025-09-26,West,Partner,548
ORD-18616,2025-09-20,South,Web,397
ORD-18617,2025-09-08,North,Retail,568
ORD-18618,2025-09-22,South,Web,612
ORD-18619,2025-09-02,South,Web,437
ORD-18620,2025-09-02,South,Partner,538
ORD-18621,2025-09-04,West,Web,535
ORD-18622,2025-09-24,North,Partner,602
ORD-18623,2025-09-16,West,Retail,466
ORD-18624,2025-09-01,West,Retail,524
ORD-18625,2025-09-12,North,Retail,495
ORD-18626,2025-09-11,West,Retail,466
ORD-18627,2025-09-20,North,Web,516
ORD-18628,2025-09-09,North,Partner,386
ORD-18629,2025-09-07,South,Retail,477
ORD-18630,2025-09-17,North,Partner,431
ORD-18631,2025-09-03,East,Web,559
ORD-18632,2025-09-03,North,Retail,437
ORD-18633,2025-09-01,South,Retail,531
ORD-18634,2025-09-17,West,Retail,481
ORD-18635,2025-09-24,South,Partner,503
ORD-18636,2025-09-15,West,Partner,525
ORD-18637,2025-09-01,East,Web,672
ORD-18638,2025-09-01,North,Partner,646
ORD-18639,2025-09-18,South,Partner,582
ORD-18640,2025-09-06,North,Retail,528
ORD-18641,2025-09-23,East,Web,454
ORD-18642,2025-09-14,North,Partner,409
ORD-18643,2025-09-12,East,Web,337
ORD-18644,2025-09-17,West,Partner,521
ORD-18645,2025-09-28,North,Retail,555
ORD-18646,2025-09-22,North,Retail,625
ORD-18647,2025-09-23,North,Retail,447
ORD-18648,2025-09-10,East,Web,515
ORD-18649,2025-09-22,West,Web,498
ORD-18650,2025-09-01,East,Partner,588
ORD-18651,2025-09-06,West,Web,591
ORD-18652,2025-09-09,North,Partner,544
ORD-18653,2025-09-06,West,Web,346
ORD-18654,2025-09-19,North,Retail,577
ORD-18655,2025-09-19,West,Retail,462
ORD-18656,2025-09-12,East,Retail,579
ORD-18657,2025-09-08,South,Retail,422
ORD-18658,2025-09-16,West,Partner,461
ORD-18659,2025-09-06,South,Retail,434
ORD-18660,2025-09-01,North,Web,493
ORD-18661,2025-09-04,North,Web,326
ORD-18662,2025-09-09,South,Retail,739
ORD-18663,2025-09-07,East,Retail,598
ORD-18664,2025-09-04,East,Retail,358
ORD-18665,2025-09-22,North,Web,522
ORD-18666,2025-09-02,North,Partner,484
ORD-18667,2025-09-06,West,Retail,352
ORD-18668,2025-09-12,North,Web,389
ORD-18669,2025-09-13,South,Partner,417
ORD-18670,2025-09-06,North,Retail,452
ORD-18671,2025-09-24,West,Retail,573
ORD-18672,2025-09-14,South,Retail,640
ORD-18673,2025-09-27,North,Partner,503
ORD-18674,2025-09-26,North,Partner,464
ORD-18675,2025-09-20,West,Web,415
ORD-18676,2025-09-13,West,Retail,451
ORD-18677,2025-09-21,North,Partner,461
ORD-18678,2025-09-21,West,Partner,563
ORD-18679,2025-09-28,West,Partner,376
ORD-18680,2025-09-27,West,Partner,591
ORD-18681,2025-09-18,East,Retail,600
ORD-18682,2025-09-28,South,Partner,618
ORD-18683,2025-09-16,West,Partner,572
ORD-18684,2025-09-01,North,Web,577
ORD-18685,2025-09-04,South,Retail,432
ORD-18686,2025-09-01,South,Retail,594
ORD-18687,2025-09-25,East,Retail,508
ORD-18688,2025-09-11,West,Partner,440
ORD-18689,2025-09-21,East,Retail,426
ORD-18690,2025-09-02,West,Partner,484
ORD-18691,2025-09-14,North,Web,313
ORD-18692,2025-09-13,North,Partner,536
ORD-18693,2025-09-05,South,Retail,429
ORD-18694,2025-09-04,East,Partner,366
ORD-18695,2025-09-19,West,Partner,528
ORD-18696,2025-09-19,East,Partner,444
ORD-18697,2025-09-01,South,Web,419
ORD-18698,2025-09-23,South,Partner,588
ORD-18699,2025-09-05,West,Retail,627
ORD-18700,2025-09-25,North,Web,404
ORD-18701,2025-09-17,North,Web,542
ORD-18702,2025-09-18,North,Partner,529
ORD-18703,2025-09-18,North,Web,567
ORD-18704,2025-09-10,East,Web,527
ORD-18705,2025-09-10,East,Partner,583
ORD-18706,2025-09-21,East,Retail,429
ORD-18707,2025-09-12,South,Partner,513
ORD-18708,2025-09-18,West,Partner,600
ORD-18709,2025-09-06,North,Partner,415
ORD-18710,2025-09-07,West,Retail,477
ORD-18711,2025-09-05,South,Web,533
ORD-18712,2025-09-07,West,Partner,567
ORD-18713,2025-09-21,South,Retail,584
ORD-18714,2025-09-08,East,Web,516
ORD-18715,2025-09-02,West,Partner,455
ORD-18716,2025-09-22,North,Partner,641
ORD-18717,2025-09-27,South,Retail,513
ORD-18718,2025-09-17,West,Partner,532
ORD-18719,2025-09-19,South,Web,489
ORD-18720,2025-09-16,West,Web,670
ORD-18721,2025-09-06,South,Web,510
ORD-18722,2025-09-22,West,Web,566
ORD-18723,2025-09-07,North,Retail,626
ORD-18724,2025-09-26,South,Retail,535
ORD-18725,2025-09-15,West,Web,356
ORD-18726,2025-09-05,West,Retail,449
ORD-18727,2025-09-18,East,Web,414
ORD-18728,2025-09-28,West,Retail,686
ORD-18729,2025-09-14,South,Web,543
ORD-18730,2025-09-20,North,Retail,551
ORD-18731,2025-09-21,East,Retail,427
ORD-18732,2025-09-15,North,Partner,529
ORD-18733,2025-09-27,South,Partner,588
ORD-18734,2025-09-20,North,Retail,444
ORD-18735,2025-09-03,North,Partner,497
ORD-18736,2025-09-02,West,Web,358
ORD-18737,2025-09-03,North,Partner,547
ORD-18738,2025-09-27,North,Web,409
ORD-18739,2025-09-24,North,Web,456
ORD-18740,2025-09-21,East,Web,484
ORD-18741,2025-09-28,West,Web,518
ORD-18742,2025-09-20,North,Retail,538
ORD-18743,2025-09-27,South,Partner,332
ORD-18744,2025-09-23,North,Partner,542
ORD-18745,2025-09-16,East,Retail,384
ORD-18746,2025-09-16,South,Retail,450
ORD-18747,2025-09-24,North,Partner,627
ORD-18748,2025-09-04,North,Web,511
ORD-18749,2025-09-03,West,Web,401
ORD-18750,2025-09-09,South,Partner,602
ORD-18751,2025-09-04,West,Web,349
ORD-18752,2025-09-21,North,Retail,330
ORD-18753,2025-09-08,South,Partner,480
ORD-18754,2025-09-02,East,Retail,513
ORD-18755,2025-09-22,South,Retail,440
ORD-18756,2025-09-25,East,Partner,555
ORD-18757,2025-09-24,East,Web,523
ORD-18758,2025-09-23,East,Partner,401
ORD-18759,2025-09-01,North,Partner,642
ORD-18760,2025-09-05,South,Web,385
ORD-18761,2025-09-01,East,Partner,507
ORD-18762,2025-09-20,North,Web,647
ORD-18763,2025-09-09,West,Web,581
ORD-18764,2025-09-23,East,Retail,534
ORD-18765,2025-09-28,West,Partner,283
ORD-18766,2025-09-08,West,Partner,662
ORD-18767,2025-09-20,West,Retail,490
ORD-18768,2025-09-06,East,Retail,446
ORD-18769,2025-09-22,West,Partner,515
ORD-18770,2025-09-16,South,Retail,525
ORD-18771,2025-09-25,East,Retail,550
ORD-18772,2025-09-03,West,Web,554
ORD-18773,2025-09-01,West,Retail,512
ORD-18774,2025-09-28,South,Retail,420
ORD-18775,2025-09-09,East,Web,395
ORD-18776,2025-09-09,North,Partner,523
ORD-18777,2025-09-20,West,Web,407
ORD-18778,2025-09-26,West,Web,639
ORD-18779,2025-09-15,South,Partner,607
ORD-18780,2025-09-24,North,Web,548
ORD-18781,2025-09-12,South,Web,577
ORD-18782,2025-09-05,East,Web,488
ORD-18783,2025-09-17,South,Web,518
ORD-18784,2025-09-14,West,Web,566
ORD-18785,2025-09-13,North,Partner,586
ORD-18786,2025-09-04,South,Retail,535
ORD-18787,2025-09-05,South,Retail,422
ORD-18788,2025-09-12,West,Retail,471
ORD-18789,2025-09-26,West,Partner,423
ORD-18790,2025-09-11,East,Web,459
ORD-18791,2025-09-26,North,Retail,376
ORD-18792,2025-09-05,East,Retail,637
ORD-18793,2025-09-04,South,Retail,538
ORD-18794,2025-09-16,East,Partner,626
ORD-18795,2025-09-26,North,Web,464
ORD-18796,2025-09-07,East,Web,498
ORD-18797,2025-09-15,North,Retail,591
ORD-18798,2025-09-25,North,Web,502
ORD-18799,2025-09-19,South,Retail,400
ORD-18800,2025-09-03,North,Partner,502
ORD-18801,2025-09-15,West,Web,515
ORD-18802,2025-09-16,North,Retail,607
ORD-18803,2025-09-05,East,Web,597
ORD-18804,2025-09-16,West,Retail,419
ORD-18805,2025-09-04,North,Retail,401
ORD-18806,2025-09-23,North,Partner,420
ORD-18807,2025-09-09,East,Web,425
ORD-18808,2025-09-23,West,Retail,659
ORD-18809,2025-09-12,East,Partner,554
ORD-18810,2025-09-27,North,Partner,504
ORD-18811,2025-09-23,North,Web,502
ORD-18812,2025-09-25,West,Web,663
ORD-18813,2025-09-07,East,Partner,624
ORD-18814,2025-09-02,North,Web,410
ORD-18815,2025-09-07,South,Web,579
ORD-18816,2025-09-13,West,Partner,454
ORD-18817,2025-09-11,North,Partner,605
ORD-18818,2025-09-09,North,Retail,462
ORD-18819,2025-09-10,West,Retail,494
ORD-18820,2025-09-05,North,Partner,627
ORD-18821,2025-09-20,West,Web,389
ORD-18822,2025-09-02,West,Partner,476
ORD-18823,2025-09-01,South,Partner,481
ORD-18824,2025-09-03,East,Retail,522
ORD-18825,2025-09-24,South,Retail,516
ORD-18826,2025-09-23,North,Partner,310
ORD-18827,2025-09-02,South,Retail,515
ORD-18828,2025-09-13,North,Partner,382
ORD-18829,2025-09-07,North,Retail,358
ORD-18830,2025-09-20,North,Retail,524
ORD-18831,2025-09-23,West,Partner,691
ORD-18832,2025-09-16,South,Web,565
ORD-18833,2025-09-04,North,Partner,225
ORD-18834,2025-09-20,South,Partner,566
ORD-18835,2025-09-22,South,Retail,410
ORD-18836,2025-09-19,East,Partner,544
ORD-18837,2025-09-27,East,Retail,384
ORD-18838,2025-09-16,South,Retail,534
ORD-18839,2025-09-06,South,Web,551
ORD-18840,2025-09-17,East,Web,484
ORD-18841,2025-09-11,East,Web,489
ORD-18842,2025-09-02,East,Partner,459
ORD-18843,2025-09-20,East,Partner,470
ORD-18844,2025-09-06,South,Web,513
ORD-18845,2025-09-17,West,Web,596
ORD-18846,2025-09-12,South,Partner,457
ORD-18847,2025-09-26,North,Web,487
ORD-18848,2025-09-17,South,Partner,398
ORD-18849,2025-09-23,South,Partner,680
ORD-18850,2025-09-24,East,Web,486
ORD-18851,2025-09-02,West,Retail,460
ORD-18852,2025-09-14,South,Retail,406
ORD-18853,2025-09-04,North,Partner,477
ORD-18854,2025-09-10,South,Retail,632
ORD-18855,2025-09-25,South,Retail,367
ORD-18856,2025-09-22,North,Web,546
ORD-18857,2025-09-19,South,Partner,514
ORD-18858,2025-09-26,East,Web,568
ORD-18859,2025-09-16,East,Web,629
ORD-18860,2025-09-14,East,Web,479
ORD-18861,2025-09-07,South,Web,419
ORD-18862,2025-09-27,East,Partner,636
ORD-18863,2025-09-09,South,Web,666
ORD-18864,2025-09-24,South,Web,497
ORD-18865,2025-09-04,South,Partner,594
ORD-18866,2025-09-10,East,Web,370
ORD-18867,2025-09-13,East,Web,506
ORD-18868,2025-09-16,West,Web,470
ORD-18869,2025-09-06,West,Retail,456
ORD-18870,2025-09-05,North,Partner,511
ORD-18871,2025-09-01,South,Web,492
ORD-18872,2025-09-18,West,Partner,462
ORD-18873,2025-09-22,East,Retail,373
ORD-18874,2025-09-14,West,Web,292
ORD-18875,2025-09-22,North,Partner,306
ORD-18876,2025-09-19,East,Web,606
ORD-18877,2025-09-24,North,Partner,661
ORD-18878,2025-09-13,West,Web,252
ORD-18879,2025-09-17,East,Retail,234
ORD-18880,2025-09-10,East,Retail,477
ORD-18881,2025-09-15,North,Web,679
ORD-18882,2025-09-04,West,Retail,567
ORD-18883,2025-09-14,West,Web,525
ORD-18884,2025-09-25,East,Partner,385
ORD-18885,2025-09-28,South,Retail,570
ORD-18886,2025-09-06,East,Retail,369
ORD-18887,2025-09-05,East,Retail,408
ORD-18888,2025-09-19,East,Retail,387
ORD-18889,2025-09-06,North,Partner,621
ORD-18890,2025-09-19,North,Web,529
ORD-18891,2025-09-19,West,Web,491
ORD-18892,2025-09-15,South,Web,554
ORD-18893,2025-09-09,South,Web,716
ORD-18894,2025-09-15,West,Partner,606
ORD-18895,2025-09-26,West,Partner,427
ORD-18896,2025-09-23,East,Partner,459
ORD-18897,2025-09-13,North,Retail,487
ORD-18898,2025-09-23,East,Partner,575
ORD-18899,2025-09-01,North,Retail,618
ORD-18900,2025-10-16,West,Retail,290
ORD-18901,2025-10-12,East,Retail,469
ORD-18902,2025-10-13,East,Retail,452
ORD-18903,2025-10-09,South,Retail,439
ORD-18904,2025-10-04,West,Web,350
ORD-18905,2025-10-01,South,Web,528
ORD-18906,2025-10-21,North,Partner,549
ORD-18907,2025-10-27,East,Web,494
ORD-18908,2025-10-19,North,Retail,614
ORD-18909,2025-10-18,East,Partner,603
ORD-18910,2025-10-02,West,Web,473
ORD-18911,2025-10-24,North,Partner,497
ORD-18912,2025-10-19,West,Web,403
ORD-18913,2025-10-18,North,Web,551
ORD-18914,2025-10-14,South,Web,460
ORD-18915,2025-10-21,North,Web,445
ORD-18916,2025-10-10,West,Web,358
ORD-18917,2025-10-21,West,Web,449
ORD-18918,2025-10-19,East,Web,569
ORD-18919,2025-10-17,South,Web,509
ORD-18920,2025-10-06,West,Partner,62
ORD-18921,2025-10-17,East,Web,470
ORD-18922,2025-10-25,South,Partner,612
ORD-18923,2025-10-11,East,Web,419
ORD-18924,2025-10-15,South,Web,512
ORD-18925,2025-10-24,East,Retail,581
ORD-18926,2025-10-06,North,Retail,599
ORD-18927,2025-10-27,South,Web,592
ORD-18928,2025-10-12,North,Partner,609
ORD-18929,2025-10-22,West,Web,379
ORD-18930,2025-10-21,North,Retail,364
ORD-18931,2025-10-20,South,Web,408
ORD-18932,2025-10-28,North,Retail,480
ORD-18933,2025-10-22,North,Retail,425
ORD-18934,2025-10-03,South,Web,434
ORD-18935,2025-10-15,East,Web,465
ORD-18936,2025-10-03,East,Retail,426
ORD-18937,2025-10-10,West,Web,546
ORD-18938,2025-10-09,South,Retail,379
ORD-18939,2025-10-08,South,Partner,557
ORD-18940,2025-10-18,North,Retail,522
ORD-18941,2025-10-07,South,Retail,495
ORD-18942,2025-10-06,West,Retail,423
ORD-18943,2025-10-12,East,Retail,578
ORD-18944,2025-10-26,East,Web,578
ORD-18945,2025-10-05,South,Web,644
ORD-18946,2025-10-11,East,Web,674
ORD-18947,2025-10-20,East,Web,696
ORD-18948,2025-10-12,South,Retail,587
ORD-18949,2025-10-13,East,Web,507
ORD-18950,2025-10-15,East,Partner,599
ORD-18951,2025-10-26,South,Partner,544
ORD-18952,2025-10-11,West,Partner,93
ORD-18953,2025-10-19,West,Retail,474
ORD-18954,2025-10-11,West,Partner,74
ORD-18955,2025-10-09,North,Web,618
ORD-18956,2025-10-16,West,Retail,497
ORD-18957,2025-10-28,South,Retail,483
ORD-18958,2025-10-22,West,Web,386
ORD-18959,2025-10-11,West,Retail,365
ORD-18960,2025-10-04,West,Web,460
ORD-18961,2025-10-11,South,Web,514
ORD-18962,2025-10-04,South,Retail,650
ORD-18963,2025-10-20,West,Partner,84
ORD-18964,2025-10-11,West,Web,379
ORD-18965,2025-10-15,South,Partner,465
ORD-18966,2025-10-11,South,Web,590
ORD-18967,2025-10-09,West,Retail,568
ORD-18968,2025-10-27,South,Retail,561
ORD-18969,2025-10-20,East,Partner,506
ORD-18970,2025-10-03,North,Partner,483
ORD-18971,2025-10-26,West,Retail,501
ORD-18972,2025-10-22,West,Retail,461
ORD-18973,2025-10-03,South,Partner,457
ORD-18974,2025-10-26,East,Retail,408
ORD-18975,2025-10-10,North,Web,462
ORD-18976,2025-10-19,North,Web,518
ORD-18977,2025-10-26,East,Web,523
ORD-18978,2025-10-03,North,Partner,508
ORD-18979,2025-10-14,North,Partner,435
ORD-18980,2025-10-27,North,Partner,311
ORD-18981,2025-10-04,South,Web,543
ORD-18982,2025-10-15,North,Partner,449
ORD-18983,2025-10-10,East,Retail,557
ORD-18984,2025-10-12,West,Retail,366
ORD-18985,2025-10-12,West,Partner,85
ORD-18986,2025-10-20,West,Web,418
ORD-18987,2025-10-19,East,Retail,550
ORD-18988,2025-10-05,North,Partner,584
ORD-18989,2025-10-16,South,Retail,410
ORD-18990,2025-10-23,North,Retail,485
ORD-18991,2025-10-23,North,Partner,460
ORD-18992,2025-10-12,West,Partner,64
ORD-18993,2025-10-19,West,Web,272
ORD-18994,2025-10-27,East,Retail,565
ORD-18995,2025-10-27,South,Web,279
ORD-18996,2025-10-03,North,Partner,462
ORD-18997,2025-10-23,West,Web,421
ORD-18998,2025-10-15,East,Web,304
ORD-18999,2025-10-14,North,Partner,456
ORD-19000,2025-10-25,East,Web,502
ORD-19001,2025-10-22,North,Retail,589
ORD-19002,2025-10-19,West,Partner,74
ORD-19003,2025-10-11,East,Partner,404
ORD-19004,2025-10-21,North,Retail,552
ORD-19005,2025-10-15,West,Retail,589
ORD-19006,2025-10-03,North,Partner,528
ORD-19007,2025-10-22,South,Web,432
ORD-19008,2025-10-02,East,Partner,553
ORD-19009,2025-10-06,West,Retail,586
ORD-19010,2025-10-23,South,Partner,452
ORD-19011,2025-10-23,East,Web,554
ORD-19012,2025-10-23,South,Web,454
ORD-19013,2025-10-15,South,Retail,757
ORD-19014,2025-10-12,North,Web,527
ORD-19015,2025-10-14,South,Web,620
ORD-19016,2025-10-20,South,Partner,536
ORD-19017,2025-10-06,North,Partner,362
ORD-19018,2025-10-24,East,Web,506
ORD-19019,2025-10-14,West,Retail,349
ORD-19020,2025-10-03,West,Web,358
ORD-19021,2025-10-12,West,Partner,70
ORD-19022,2025-10-10,East,Retail,622
ORD-19023,2025-10-04,North,Web,459
ORD-19024,2025-10-05,South,Web,606
ORD-19025,2025-10-05,South,Retail,421
ORD-19026,2025-10-09,West,Partner,66
ORD-19027,2025-10-24,West,Web,476
ORD-19028,2025-10-24,West,Web,465
ORD-19029,2025-10-02,South,Retail,499
ORD-19030,2025-10-25,East,Partner,636
ORD-19031,2025-10-11,West,Partner,74
ORD-19032,2025-10-26,South,Web,497
ORD-19033,2025-10-20,South,Retail,559
ORD-19034,2025-10-09,South,Partner,559
ORD-19035,2025-10-11,North,Partner,425
ORD-19036,2025-10-28,East,Partner,535
ORD-19037,2025-10-27,North,Partner,558
ORD-19038,2025-10-03,East,Partner,499
ORD-19039,2025-10-09,East,Partner,509
ORD-19040,2025-10-05,South,Web,556
ORD-19041,2025-10-09,West,Retail,296
ORD-19042,2025-10-24,East,Partner,495
ORD-19043,2025-10-05,East,Retail,478
ORD-19044,2025-10-03,East,Retail,616
ORD-19045,2025-10-12,North,Web,354
ORD-19046,2025-10-05,South,Web,492
ORD-19047,2025-10-18,East,Retail,441
ORD-19048,2025-10-23,West,Web,372
ORD-19049,2025-10-18,South,Retail,420
ORD-19050,2025-10-14,East,Web,430
ORD-19051,2025-10-01,South,Partner,400
ORD-19052,2025-10-12,East,Web,391
ORD-19053,2025-10-09,East,Retail,444
ORD-19054,2025-10-03,South,Web,541
ORD-19055,2025-10-12,South,Web,444
ORD-19056,2025-10-03,West,Partner,60
ORD-19057,2025-10-04,West,Partner,44
ORD-19058,2025-10-04,North,Retail,323
ORD-19059,2025-10-13,South,Partner,558
ORD-19060,2025-10-24,North,Partner,561
ORD-19061,2025-10-15,East,Partner,604
ORD-19062,2025-10-14,East,Partner,594
ORD-19063,2025-10-24,South,Partner,439
ORD-19064,2025-10-06,West,Web,382
ORD-19065,2025-10-25,West,Partner,84
ORD-19066,2025-10-20,East,Partner,488
ORD-19067,2025-10-15,North,Web,452
ORD-19068,2025-10-15,North,Retail,480
ORD-19069,2025-10-03,West,Retail,471
ORD-19070,2025-10-15,West,Web,366
ORD-19071,2025-10-21,South,Web,475
ORD-19072,2025-10-04,South,Retail,552
ORD-19073,2025-10-09,West,Partner,64
ORD-19074,2025-10-15,East,Web,603
ORD-19075,2025-10-23,North,Partner,531
ORD-19076,2025-10-15,East,Partner,641
ORD-19077,2025-10-19,East,Partner,405
ORD-19078,2025-10-21,West,Partner,83
ORD-19079,2025-10-17,South,Web,595
ORD-19080,2025-10-22,West,Retail,498
ORD-19081,2025-10-02,West,Web,431
ORD-19082,2025-10-02,West,Retail,460
ORD-19083,2025-10-14,North,Partner,487
ORD-19084,2025-10-26,West,Web,422
ORD-19085,2025-10-10,South,Retail,550
ORD-19086,2025-10-22,West,Retail,394
ORD-19087,2025-10-13,North,Web,581
ORD-19088,2025-10-01,North,Partner,520
ORD-19089,2025-10-10,North,Retail,611
ORD-19090,2025-10-11,North,Web,457
ORD-19091,2025-10-16,East,Web,580
ORD-19092,2025-10-08,East,Web,441
ORD-19093,2025-10-17,South,Partner,294
ORD-19094,2025-10-24,West,Retail,385
ORD-19095,2025-10-25,North,Web,510
ORD-19096,2025-10-16,West,Web,309
ORD-19097,2025-10-10,South,Partner,549
ORD-19098,2025-10-22,South,Retail,426
ORD-19099,2025-10-21,South,Web,561
ORD-19100,2025-10-22,West,Web,316
ORD-19101,2025-10-26,East,Partner,461
ORD-19102,2025-10-07,West,Web,377
ORD-19103,2025-10-28,North,Web,463
ORD-19104,2025-10-12,North,Retail,400
ORD-19105,2025-10-07,East,Web,594
ORD-19106,2025-10-04,East,Partner,516
ORD-19107,2025-10-14,West,Web,444
ORD-19108,2025-10-15,South,Retail,470
ORD-19109,2025-10-08,South,Retail,418
ORD-19110,2025-10-01,East,Retail,326
ORD-19111,2025-10-14,South,Web,788
ORD-19112,2025-10-28,North,Partner,593
ORD-19113,2025-10-25,East,Partner,533
ORD-19114,2025-10-13,West,Retail,485
ORD-19115,2025-10-11,East,Partner,443
ORD-19116,2025-10-11,South,Retail,404
ORD-19117,2025-10-03,South,Partner,584
ORD-19118,2025-10-08,West,Web,389
ORD-19119,2025-10-28,South,Partner,666
ORD-19120,2025-10-27,South,Partner,630
ORD-19121,2025-10-06,North,Partner,521
ORD-19122,2025-10-24,East,Web,642
ORD-19123,2025-10-05,West,Web,351
ORD-19124,2025-10-11,North,Web,590
ORD-19125,2025-10-28,South,Web,586
ORD-19126,2025-10-25,East,Retail,529
ORD-19127,2025-10-08,North,Partner,662
ORD-19128,2025-10-07,East,Web,475
ORD-19129,2025-10-12,South,Partner,492
ORD-19130,2025-10-10,South,Retail,435
ORD-19131,2025-10-05,North,Web,531
ORD-19132,2025-10-22,East,Partner,689
ORD-19133,2025-10-11,South,Retail,431
ORD-19134,2025-10-07,North,Partner,401
ORD-19135,2025-10-15,East,Retail,565
ORD-19136,2025-10-19,South,Retail,460
ORD-19137,2025-10-14,East,Web,334
ORD-19138,2025-10-07,South,Retail,486
ORD-19139,2025-10-26,West,Partner,78
ORD-19140,2025-10-08,West,Partner,70
ORD-19141,2025-10-19,East,Web,585
ORD-19142,2025-10-20,South,Web,538
ORD-19143,2025-10-13,West,Retail,533
ORD-19144,2025-10-10,South,Partner,425
ORD-19145,2025-10-07,West,Retail,354
ORD-19146,2025-10-24,West,Retail,541
ORD-19147,2025-10-26,West,Partner,86
ORD-19148,2025-10-09,South,Retail,430
ORD-19149,2025-10-14,South,Retail,422
ORD-19150,2025-10-14,South,Partner,515
ORD-19151,2025-10-19,East,Partner,518
ORD-19152,2025-10-22,West,Web,386
ORD-19153,2025-10-05,North,Retail,391
ORD-19154,2025-10-14,East,Retail,550
ORD-19155,2025-10-06,West,Partner,69
ORD-19156,2025-10-21,West,Web,352
ORD-19157,2025-10-03,South,Retail,502
ORD-19158,2025-10-28,West,Partner,79
ORD-19159,2025-10-19,East,Retail,565
ORD-19160,2025-10-08,South,Retail,590
ORD-19161,2025-10-08,West,Partner,85
ORD-19162,2025-10-17,South,Partner,607
ORD-19163,2025-10-17,West,Web,284
ORD-19164,2025-10-03,North,Partner,571
ORD-19165,2025-10-11,West,Retail,410
ORD-19166,2025-10-18,North,Retail,375
ORD-19167,2025-10-01,West,Web,519
ORD-19168,2025-10-15,North,Web,484
ORD-19169,2025-10-25,South,Retail,482
ORD-19170,2025-10-16,West,Retail,376
ORD-19171,2025-10-12,South,Partner,444
ORD-19172,2025-10-12,East,Retail,430
ORD-19173,2025-10-21,North,Partner,505
ORD-19174,2025-10-04,East,Partner,622
ORD-19175,2025-10-13,East,Partner,558
ORD-19176,2025-10-21,West,Retail,600
ORD-19177,2025-10-09,North,Web,547
ORD-19178,2025-10-28,West,Partner,80
ORD-19179,2025-10-24,West,Partner,87
ORD-19180,2025-10-07,East,Retail,484
ORD-19181,2025-10-15,South,Web,526
ORD-19182,2025-10-27,South,Retail,505
ORD-19183,2025-10-22,West,Web,520
ORD-19184,2025-10-28,South,Partner,604
ORD-19185,2025-10-22,East,Partner,614
ORD-19186,2025-10-13,North,Partner,430
ORD-19187,2025-10-11,North,Retail,454
ORD-19188,2025-10-15,South,Web,492
ORD-19189,2025-10-05,South,Web,406
ORD-19190,2025-10-24,West,Web,403
ORD-19191,2025-10-23,East,Web,597
ORD-19192,2025-10-21,South,Web,589
ORD-19193,2025-10-05,West,Web,395
ORD-19194,2025-10-11,South,Web,555
ORD-19195,2025-10-08,South,Retail,522
ORD-19196,2025-10-04,West,Web,341
ORD-19197,2025-10-22,West,Web,476
ORD-19198,2025-10-03,East,Partner,521
ORD-19199,2025-10-20,South,Partner,554
ORD-19200,2025-10-03,South,Retail,503
ORD-19201,2025-10-22,South,Partner,485
ORD-19202,2025-10-02,South,Partner,405
ORD-19203,2025-10-03,West,Retail,293
ORD-19204,2025-10-13,West,Partner,72
ORD-19205,2025-10-09,East,Retail,480
ORD-19206,2025-10-18,North,Partner,452
ORD-19207,2025-10-20,East,Partner,368
ORD-19208,2025-10-15,East,Partner,314
ORD-19209,2025-10-27,East,Retail,496
ORD-19210,2025-10-11,North,Retail,695
ORD-19211,2025-10-22,East,Partner,514
ORD-19212,2025-10-22,West,Partner,59
ORD-19213,2025-10-18,North,Partner,318
ORD-19214,2025-10-16,North,Retail,381
ORD-19215,2025-10-27,South,Retail,445
ORD-19216,2025-10-06,East,Web,509
ORD-19217,2025-10-24,North,Partner,533
ORD-19218,2025-10-24,East,Retail,510
ORD-19219,2025-10-18,East,Web,511
ORD-19220,2025-10-11,West,Web,308
ORD-19221,2025-10-14,East,Partner,274
ORD-19222,2025-10-22,South,Retail,448
ORD-19223,2025-10-15,South,Partner,424
ORD-19224,2025-10-25,North,Web,432
ORD-19225,2025-10-09,East,Web,376
ORD-19226,2025-10-09,South,Partner,551
ORD-19227,2025-10-05,North,Retail,566
ORD-19228,2025-10-20,East,Retail,531
ORD-19229,2025-10-12,South,Web,539
ORD-19230,2025-10-04,South,Partner,534
ORD-19231,2025-10-15,South,Web,398
ORD-19232,2025-10-03,North,Retail,418
ORD-19233,2025-10-05,South,Retail,566
ORD-19234,2025-10-09,North,Retail,596
ORD-19235,2025-10-12,East,Retail,453
ORD-19236,2025-10-11,South,Partner,337
ORD-19237,2025-10-21,East,Retail,521
ORD-19238,2025-10-11,North,Partner,615
ORD-19239,2025-10-03,North,Partner,470
ORD-19240,2025-10-05,South,Web,566
ORD-19241,2025-10-06,West,Web,402
ORD-19242,2025-10-18,East,Retail,520
ORD-19243,2025-10-24,North,Web,399
ORD-19244,2025-10-16,East,Retail,362
ORD-19245,2025-10-15,South,Web,580
ORD-19246,2025-10-18,East,Partner,474
ORD-19247,2025-10-19,North,Web,593
ORD-19248,2025-10-22,West,Web,498
ORD-19249,2025-10-05,East,Retail,454
ORD-19250,2025-10-28,North,Retail,642
ORD-19251,2025-10-13,South,Partner,554
ORD-19252,2025-10-03,North,Retail,480
ORD-19253,2025-10-02,North,Web,514
ORD-19254,2025-10-17,North,Retail,425
ORD-19255,2025-10-11,South,Retail,326
ORD-19256,2025-10-25,North,Partner,509
ORD-19257,2025-10-02,North,Retail,500
ORD-19258,2025-10-25,South,Retail,431
ORD-19259,2025-10-08,West,Retail,507
ORD-19260,2025-10-21,North,Retail,543
ORD-19261,2025-10-06,East,Partner,575
ORD-19262,2025-10-25,South,Retail,406
ORD-19263,2025-10-20,East,Partner,481
ORD-19264,2025-10-21,East,Partner,507
ORD-19265,2025-10-12,West,Partner,90
ORD-19266,2025-10-01,West,Web,462
ORD-19267,2025-10-02,West,Partner,67
ORD-19268,2025-10-22,East,Retail,443
ORD-19269,2025-10-24,East,Web,564
ORD-19270,2025-10-27,South,Partner,415
ORD-19271,2025-10-12,North,Retail,393
ORD-19272,2025-10-14,East,Web,544
ORD-19273,2025-10-04,East,Web,443
ORD-19274,2025-10-11,North,Web,604
ORD-19275,2025-10-19,North,Retail,422
ORD-19276,2025-10-22,North,Web,560
ORD-19277,2025-10-03,North,Retail,648
ORD-19278,2025-10-01,West,Web,365
ORD-19279,2025-10-19,North,Partner,512
ORD-19280,2025-10-03,West,Retail,328
ORD-19281,2025-10-26,North,Partner,452
ORD-19282,2025-10-09,East,Retail,522
ORD-19283,2025-10-23,South,Retail,507
ORD-19284,2025-10-22,North,Retail,633
ORD-19285,2025-10-05,West,Web,401
ORD-19286,2025-10-25,East,Partner,526
ORD-19287,2025-10-17,South,Retail,539
ORD-19288,2025-10-08,North,Web,502
ORD-19289,2025-10-18,South,Retail,677
ORD-19290,2025-10-04,East,Partner,346
ORD-19291,2025-10-02,East,Web,409
ORD-19292,2025-10-01,North,Retail,422
ORD-19293,2025-10-07,North,Web,410
ORD-19294,2025-10-12,East,Web,569
ORD-19295,2025-10-14,South,Partner,520
ORD-19296,2025-10-10,North,Web,599
ORD-19297,2025-10-17,East,Partner,253
ORD-19298,2025-10-16,South,Web,186
ORD-19299,2025-10-19,East,Retail,509
ORD-19300,2025-10-26,East,Web,419
ORD-19301,2025-10-25,West,Partner,55
ORD-19302,2025-10-05,North,Web,681
ORD-19303,2025-10-28,East,Retail,600
ORD-19304,2025-10-23,East,Partner,477
ORD-19305,2025-10-07,South,Retail,367
ORD-19306,2025-10-16,West,Retail,427
ORD-19307,2025-10-24,East,Retail,470
ORD-19308,2025-10-04,West,Web,477
ORD-19309,2025-10-04,East,Partner,701
ORD-19310,2025-10-07,South,Partner,474
ORD-19311,2025-10-28,East,Partner,617
ORD-19312,2025-10-11,East,Partner,481
ORD-19313,2025-10-22,West,Partner,75
ORD-19314,2025-10-23,East,Web,465
ORD-19315,2025-10-04,North,Web,589
ORD-19316,2025-10-07,South,Partner,660
ORD-19317,2025-10-07,East,Partner,436
ORD-19318,2025-10-10,East,Web,505
ORD-19319,2025-10-04,West,Web,403
ORD-19320,2025-10-05,West,Web,381
ORD-19321,2025-10-09,North,Retail,596
ORD-19322,2025-10-07,West,Partner,96
ORD-19323,2025-10-22,North,Web,445
ORD-19324,2025-10-05,East,Partner,463
ORD-19325,2025-10-23,North,Retail,422
ORD-19326,2025-10-23,North,Web,533
ORD-19327,2025-10-17,West,Retail,372
ORD-19328,2025-10-23,West,Retail,401
ORD-19329,2025-10-02,East,Web,451
ORD-19330,2025-10-26,South,Retail,440
ORD-19331,2025-10-17,North,Web,421
ORD-19332,2025-10-14,East,Retail,672
ORD-19333,2025-10-14,East,Retail,502
ORD-19334,2025-10-12,West,Retail,460
ORD-19335,2025-10-04,North,Web,372
ORD-19336,2025-10-18,South,Web,478
ORD-19337,2025-10-24,South,Partner,432
ORD-19338,2025-10-04,North,Partner,508
ORD-19339,2025-10-09,East,Web,522
ORD-19340,2025-10-06,North,Retail,437
ORD-19341,2025-10-01,East,Web,532
ORD-19342,2025-10-10,North,Partner,521
ORD-19343,2025-10-20,West,Partner,85
ORD-19344,2025-10-04,North,Retail,461
ORD-19345,2025-10-06,East,Partner,416
ORD-19346,2025-10-16,South,Partner,511
ORD-19347,2025-10-28,West,Partner,70
ORD-19348,2025-10-10,East,Partner,421
ORD-19349,2025-10-18,North,Retail,602
ORD-19350,2025-10-21,North,Partner,589
ORD-19351,2025-10-16,East,Web,436
ORD-19352,2025-10-26,South,Partner,565
ORD-19353,2025-10-18,South,Partner,451
ORD-19354,2025-10-27,South,Retail,385
ORD-19355,2025-10-22,East,Partner,597
ORD-19356,2025-10-07,North,Retail,561
ORD-19357,2025-10-20,East,Web,577
ORD-19358,2025-10-25,East,Partner,478
ORD-19359,2025-10-14,East,Web,539
ORD-19360,2025-10-05,South,Retail,431
ORD-19361,2025-10-19,North,Partner,454
ORD-19362,2025-10-06,South,Retail,431
ORD-19363,2025-10-26,West,Web,336
ORD-19364,2025-10-06,North,Web,479
ORD-19365,2025-10-11,East,Web,484
ORD-19366,2025-10-22,South,Partner,452
ORD-19367,2025-10-13,North,Partner,672
ORD-19368,2025-10-18,West,Partner,74
ORD-19369,2025-10-17,South,Web,471
ORD-19370,2025-10-01,North,Retail,589
ORD-19371,2025-10-21,South,Partner,675
ORD-19372,2025-10-19,South,Retail,428
ORD-19373,2025-10-19,South,Partner,444
ORD-19374,2025-10-28,West,Web,403
ORD-19375,2025-10-26,North,Partner,435
ORD-19376,2025-10-16,East,Web,565
ORD-19377,2025-10-11,East,Retail,562
ORD-19378,2025-10-28,South,Retail,445
ORD-19379,2025-10-28,East,Web,510
ORD-19380,2025-10-25,West,Retail,352
ORD-19381,2025-10-16,West,Partner,85
ORD-19382,2025-10-26,North,Partner,630
ORD-19383,2025-10-11,South,Retail,564
ORD-19384,2025-10-25,North,Web,344
ORD-19385,2025-10-03,West,Retail,343
ORD-19386,2025-10-28,North,Web,415
ORD-19387,2025-10-19,North,Partner,451
ORD-19388,2025-10-20,South,Web,364
ORD-19389,2025-10-26,East,Web,576
ORD-19390,2025-10-21,West,Web,625
ORD-19391,2025-10-03,West,Partner,102
ORD-19392,2025-10-16,South,Partner,525
ORD-19393,2025-10-22,South,Web,414
ORD-19394,2025-10-14,North,Partner,516
ORD-19395,2025-10-04,East,Retail,350
ORD-19396,2025-10-16,East,Retail,534
ORD-19397,2025-10-02,North,Partner,526
ORD-19398,2025-10-02,South,Retail,510
ORD-19399,2025-10-16,North,Partner,656
ORD-19400,2025-10-06,West,Web,412
ORD-19401,2025-10-12,West,Partner,59
ORD-19402,2025-10-27,North,Retail,483
ORD-19403,2025-10-26,South,Web,401
ORD-19404,2025-10-10,North,Partner,567
ORD-19405,2025-10-27,South,Web,589
ORD-19406,2025-10-16,West,Partner,53
ORD-19407,2025-10-11,East,Partner,433
ORD-19408,2025-10-01,North,Partner,421
ORD-19409,2025-10-13,West,Web,504
ORD-19410,2025-10-28,South,Partner,433
ORD-19411,2025-10-24,North,Partner,596
ORD-19412,2025-10-16,South,Partner,543
ORD-19413,2025-10-24,East,Partner,584
ORD-19414,2025-10-18,East,Retail,475
ORD-19415,2025-10-01,South,Partner,529
ORD-19416,2025-10-26,North,Web,464
ORD-19417,2025-10-27,South,Retail,517
ORD-19418,2025-10-01,West,Partner,97
ORD-19419,2025-10-23,South,Web,452
ORD-19420,2025-10-08,East,Web,505
ORD-19421,2025-10-13,North,Partner,468
ORD-19422,2025-10-25,South,Retail,440
ORD-19423,2025-10-17,East,Partner,431
ORD-19424,2025-10-28,South,Retail,408
ORD-19425,2025-10-09,West,Web,416
ORD-19426,2025-10-05,West,Partner,86
ORD-19427,2025-10-22,South,Web,655
ORD-19428,2025-10-06,East,Web,594
ORD-19429,2025-10-03,North,Retail,475
ORD-19430,2025-10-27,South,Retail,632
ORD-19431,2025-10-02,West,Partner,74
ORD-19432,2025-10-28,South,Partner,347
ORD-19433,2025-10-08,West,Partner,77
ORD-19434,2025-10-21,North,Retail,498
ORD-19435,2025-10-08,South,Partner,371
ORD-19436,2025-10-10,West,Retail,388
ORD-19437,2025-10-05,South,Web,436
ORD-19438,2025-10-22,North,Retail,383
ORD-19439,2025-10-10,East,Partner,418
ORD-19440,2025-10-10,South,Retail,552
ORD-19441,2025-10-02,South,Partner,474
ORD-19442,2025-10-09,North,Web,518
ORD-19443,2025-10-24,South,Partner,435
ORD-19444,2025-10-03,North,Partner,401
ORD-19445,2025-10-11,West,Web,445
ORD-19446,2025-10-07,North,Web,617
ORD-19447,2025-10-19,North,Web,500
ORD-19448,2025-10-18,West,Partner,66
ORD-19449,2025-10-13,East,Retail,655
ORD-19450,2025-10-18,West,Web,573
ORD-19451,2025-10-28,South,Partner,500
ORD-19452,2025-10-10,West,Web,373
ORD-19453,2025-10-19,South,Partner,584
ORD-19454,2025-10-28,East,Partner,566
ORD-19455,2025-10-15,East,Partner,605
ORD-19456,2025-10-17,South,Retail,554
ORD-19457,2025-10-04,North,Partner,457
ORD-19458,2025-10-09,West,Partner,63
ORD-19459,2025-10-09,South,Partner,588
ORD-19460,2025-10-03,East,Web,461
ORD-19461,2025-10-16,West,Partner,98
ORD-19462,2025-10-26,North,Partner,412
ORD-19463,2025-10-20,East,Retail,633
ORD-19464,2025-10-10,East,Retail,514
ORD-19465,2025-10-27,West,Partner,49
ORD-19466,2025-10-28,North,Retail,457
ORD-19467,2025-10-03,North,Retail,423
ORD-19468,2025-10-25,North,Retail,645
ORD-19469,2025-10-17,East,Retail,489
ORD-19470,2025-10-05,North,Retail,541
ORD-19471,2025-10-24,West,Partner,49
ORD-19472,2025-10-08,West,Partner,52
ORD-19473,2025-10-26,West,Retail,369
ORD-19474,2025-10-05,West,Retail,417
ORD-19475,2025-10-22,West,Partner,85
ORD-19476,2025-10-23,West,Web,479
ORD-19477,2025-10-05,South,Partner,589
ORD-19478,2025-10-11,East,Partner,519
ORD-19479,2025-10-01,East,Retail,462
ORD-19480,2025-10-27,South,Retail,548
ORD-19481,2025-10-15,North,Web,400
ORD-19482,2025-10-25,West,Retail,426
ORD-19483,2025-10-05,West,Partner,98
ORD-19484,2025-10-14,East,Web,522
ORD-19485,2025-10-15,South,Partner,401
ORD-19486,2025-10-25,East,Retail,499
ORD-19487,2025-10-28,West,Partner,66
ORD-19488,2025-10-12,East,Partner,533
ORD-19489,2025-10-02,South,Web,351
ORD-19490,2025-10-12,East,Web,666
ORD-19491,2025-10-26,North,Web,641
ORD-19492,2025-10-19,West,Retail,367
ORD-19493,2025-10-03,North,Retail,522
ORD-19494,2025-10-07,East,Web,609
ORD-19495,2025-10-08,West,Web,454
ORD-19496,2025-10-06,South,Partner,629
ORD-19497,2025-10-05,East,Partner,431
ORD-19498,2025-10-04,West,Retail,240
ORD-19499,2025-10-07,North,Web,500
ORD-19500,2025-10-24,South,Retail,492
ORD-19501,2025-10-08,East,Partner,450
ORD-19502,2025-10-23,West,Retail,441
ORD-19503,2025-10-01,West,Web,425
ORD-19504,2025-10-14,North,Retail,474
ORD-19505,2025-10-23,East,Web,451
ORD-19506,2025-10-09,West,Web,325
ORD-19507,2025-10-21,South,Partner,352
ORD-19508,2025-10-12,South,Retail,556
ORD-19509,2025-10-08,West,Web,471
ORD-19510,2025-10-13,South,Partner,526
ORD-19511,2025-10-21,West,Retail,565
ORD-19512,2025-10-11,East,Retail,562
ORD-19513,2025-10-04,South,Partner,452
ORD-19514,2025-10-15,North,Partner,717
ORD-19515,2025-10-10,West,Web,571
ORD-19516,2025-10-17,West,Retail,455
ORD-19517,2025-10-28,West,Partner,75
ORD-19518,2025-10-23,East,Partner,540
ORD-19519,2025-10-15,North,Retail,319
ORD-19520,2025-10-25,South,Partner,547
ORD-19521,2025-10-11,West,Partner,69
ORD-19522,2025-10-06,West,Partner,84
ORD-19523,2025-10-28,North,Web,482
ORD-19524,2025-10-11,South,Partner,588
ORD-19525,2025-10-14,East,Web,511
ORD-19526,2025-10-11,West,Retail,389
ORD-19527,2025-10-18,East,Web,449
ORD-19528,2025-10-01,North,Web,435
ORD-19529,2025-10-23,East,Partner,434
ORD-19530,2025-10-12,East,Partner,513
ORD-19531,2025-10-24,North,Retail,389
ORD-19532,2025-10-02,West,Retail,331
ORD-19533,2025-10-14,South,Web,335
ORD-19534,2025-10-28,East,Partner,489
ORD-19535,2025-10-05,South,Retail,674
ORD-19536,2025-10-14,East,Retail,460
ORD-19537,2025-10-15,East,Web,542
ORD-19538,2025-10-20,North,Retail,474
ORD-19539,2025-10-01,West,Web,345
ORD-19540,2025-10-20,North,Web,614
ORD-19541,2025-10-10,East,Partner,558
ORD-19542,2025-10-13,South,Web,506
ORD-19543,2025-10-14,South,Partner,624
ORD-19544,2025-10-19,South,Partner,490
ORD-19545,2025-10-17,South,Retail,677
ORD-19546,2025-10-05,West,Web,420
ORD-19547,2025-10-12,South,Web,385
ORD-19548,2025-10-06,East,Retail,546
ORD-19549,2025-10-14,West,Partner,66
ORD-19550,2025-10-26,North,Retail,551
ORD-19551,2025-10-06,North,Web,437
ORD-19552,2025-10-24,South,Retail,494
ORD-19553,2025-10-05,West,Partner,68
ORD-19554,2025-10-10,North,Partner,513
ORD-19555,2025-10-12,South,Web,605
ORD-19556,2025-10-15,South,Partner,615
ORD-19557,2025-10-07,West,Retail,357
ORD-19558,2025-10-22,West,Web,512
ORD-19559,2025-10-26,South,Retail,582
ORD-19560,2025-10-18,West,Retail,377
ORD-19561,2025-10-27,South,Retail,346
ORD-19562,2025-10-01,North,Retail,624
ORD-19563,2025-10-02,North,Retail,494
ORD-19564,2025-10-17,South,Partner,533
ORD-19565,2025-10-05,West,Retail,366
ORD-19566,2025-10-13,North,Web,533
ORD-19567,2025-10-13,North,Web,491
ORD-19568,2025-10-22,North,Web,441
ORD-19569,2025-10-06,North,Web,350
ORD-19570,2025-10-28,North,Web,426
ORD-19571,2025-10-08,North,Retail,427
ORD-19572,2025-10-05,South,Retail,445
ORD-19573,2025-10-09,North,Partner,493
ORD-19574,2025-10-19,South,Retail,583
ORD-19575,2025-10-05,South,Retail,370
ORD-19576,2025-10-11,West,Retail,379
ORD-19577,2025-10-04,East,Retail,474
ORD-19578,2025-10-28,North,Partner,358
ORD-19579,2025-10-19,East,Retail,473
ORD-19580,2025-10-19,East,Web,616
ORD-19581,2025-10-26,North,Web,291
ORD-19582,2025-10-17,South,Retail,608
ORD-19583,2025-10-22,South,Retail,589
ORD-19584,2025-10-24,East,Partner,479
ORD-19585,2025-10-22,South,Web,593
ORD-19586,2025-10-27,East,Web,402
ORD-19587,2025-10-27,South,Web,380
ORD-19588,2025-10-20,West,Retail,359
ORD-19589,2025-10-16,South,Partner,436
ORD-19590,2025-10-16,North,Retail,587
ORD-19591,2025-10-28,West,Partner,99
ORD-19592,2025-10-17,South,Partner,601
ORD-19593,2025-10-28,South,Retail,495
ORD-19594,2025-10-02,West,Retail,410
ORD-19595,2025-10-18,North,Web,606
ORD-19596,2025-10-10,North,Retail,674
ORD-19597,2025-10-21,North,Retail,394
ORD-19598,2025-10-18,South,Retail,358
ORD-19599,2025-10-01,West,Partner,58
ORD-19600,2025-10-23,North,Retail,565
ORD-19601,2025-10-20,East,Partner,481
ORD-19602,2025-10-14,East,Web,646
ORD-19603,2025-10-22,South,Web,439
ORD-19604,2025-10-20,East,Web,452
ORD-19605,2025-10-23,North,Web,544
ORD-19606,2025-10-01,South,Web,553
ORD-19607,2025-10-10,South,Partner,584
ORD-19608,2025-10-17,North,Partner,694
ORD-19609,2025-10-28,East,Retail,426
ORD-19610,2025-10-17,East,Web,641
ORD-19611,2025-10-25,South,Web,589
ORD-19612,2025-10-06,East,Web,419
ORD-19613,2025-10-19,South,Partner,571
ORD-19614,2025-10-18,South,Web,443
ORD-19615,2025-10-03,North,Web,374
ORD-19616,2025-10-10,North,Web,385
ORD-19617,2025-10-13,North,Partner,488
ORD-19618,2025-10-22,East,Web,404
ORD-19619,2025-10-19,West,Web,492
ORD-19620,2025-10-25,South,Partner,461
ORD-19621,2025-10-22,South,Retail,420
ORD-19622,2025-10-21,West,Web,547
ORD-19623,2025-10-07,South,Web,483
ORD-19624,2025-10-19,South,Retail,398
ORD-19625,2025-10-17,East,Retail,588
ORD-19626,2025-10-19,North,Retail,448
ORD-19627,2025-10-27,South,Partner,609
ORD-19628,2025-10-13,West,Retail,345
ORD-19629,2025-10-09,West,Partner,34
ORD-19630,2025-10-16,South,Partner,554
ORD-19631,2025-10-03,East,Partner,539
ORD-19632,2025-10-22,North,Retail,466
ORD-19633,2025-10-13,South,Retail,572
ORD-19634,2025-10-24,North,Retail,474
ORD-19635,2025-10-19,East,Partner,554
ORD-19636,2025-10-17,South,Retail,571
ORD-19637,2025-10-10,West,Partner,93
ORD-19638,2025-10-20,West,Partner,73
ORD-19639,2025-10-19,North,Retail,519
ORD-19640,2025-10-03,East,Partner,423
ORD-19641,2025-10-26,North,Retail,622
ORD-19642,2025-10-01,West,Web,502
ORD-19643,2025-10-26,East,Web,646
ORD-19644,2025-10-08,North,Retail,515
ORD-19645,2025-10-21,South,Partner,546
ORD-19646,2025-10-03,West,Retail,435
ORD-19647,2025-10-19,East,Partner,703
ORD-19648,2025-10-03,West,Partner,80
ORD-19649,2025-10-06,East,Retail,627
ORD-19650,2025-10-08,East,Partner,304
ORD-19651,2025-10-15,West,Retail,295
ORD-19652,2025-10-19,North,Retail,546
ORD-19653,2025-10-04,North,Web,460
ORD-19654,2025-10-13,West,Web,512
ORD-19655,2025-10-09,East,Partner,518
ORD-19656,2025-10-18,North,Partner,586
ORD-19657,2025-10-09,South,Web,506
ORD-19658,2025-10-03,West,Partner,96
ORD-19659,2025-10-16,East,Partner,485
ORD-19660,2025-10-09,West,Partner,73
ORD-19661,2025-10-28,West,Retail,333
ORD-19662,2025-10-06,West,Retail,627
ORD-19663,2025-10-17,West,Retail,462
ORD-19664,2025-10-18,South,Retail,449
ORD-19665,2025-10-28,North,Retail,642
ORD-19666,2025-10-02,South,Retail,431
ORD-19667,2025-10-18,North,Partner,628
ORD-19668,2025-10-13,South,Partner,624
ORD-19669,2025-10-22,East,Retail,374
ORD-19670,2025-10-24,East,Partner,446
ORD-19671,2025-10-12,North,Web,519
ORD-19672,2025-10-21,East,Retail,256
ORD-19673,2025-10-19,North,Web,498
ORD-19674,2025-10-28,North,Partner,532
ORD-19675,2025-10-16,South,Retail,356
ORD-19676,2025-10-07,North,Partner,579
ORD-19677,2025-10-05,South,Web,450
ORD-19678,2025-10-07,South,Partner,522
ORD-19679,2025-10-06,North,Partner,555
ORD-19680,2025-10-16,North,Web,468
ORD-19681,2025-10-18,West,Web,547
ORD-19682,2025-10-17,West,Retail,415
ORD-19683,2025-10-04,West,Partner,62
ORD-19684,2025-10-14,North,Partner,366
ORD-19685,2025-10-07,North,Web,417
ORD-19686,2025-10-23,South,Web,459
ORD-19687,2025-10-27,West,Web,405
ORD-19688,2025-10-05,North,Partner,369
ORD-19689,2025-10-14,North,Web,544
ORD-19690,2025-10-12,East,Partner,513
ORD-19691,2025-10-02,North,Web,434
ORD-19692,2025-10-12,South,Retail,485
ORD-19693,2025-10-09,South,Retail,553
ORD-19694,2025-10-06,South,Web,463
ORD-19695,2025-10-24,West,Retail,437
ORD-19696,2025-10-26,East,Web,610
ORD-19697,2025-10-14,South,Web,524
ORD-19698,2025-10-06,North,Partner,451
ORD-19699,2025-10-14,South,Partner,709
ORD-19700,2025-10-16,North,Retail,558
ORD-19701,2025-10-08,West,Partner,89
ORD-19702,2025-10-06,West,Retail,381
ORD-19703,2025-10-14,North,Partner,540
ORD-19704,2025-10-20,East,Retail,491
ORD-19705,2025-10-01,West,Web,530
ORD-19706,2025-10-15,East,Retail,608
ORD-19707,2025-10-02,South,Retail,547
ORD-19708,2025-10-24,West,Partner,81
ORD-19709,2025-10-04,North,Web,465
ORD-19710,2025-10-08,North,Partner,577
ORD-19711,2025-10-13,South,Retail,391
ORD-19712,2025-10-22,North,Web,573
ORD-19713,2025-10-23,South,Retail,344
ORD-19714,2025-10-10,East,Partner,360
ORD-19715,2025-10-10,South,Partner,411
ORD-19716,2025-10-23,North,Partner,340
ORD-19717,2025-10-22,North,Partner,448
ORD-19718,2025-10-28,East,Partner,430
ORD-19719,2025-10-23,North,Partner,625
ORD-19720,2025-10-21,West,Web,389
ORD-19721,2025-10-02,East,Web,587
ORD-19722,2025-10-24,South,Partner,402
ORD-19723,2025-10-20,West,Web,358
ORD-19724,2025-10-11,East,Retail,452
ORD-19725,2025-10-08,West,Retail,294
ORD-19726,2025-10-13,East,Partner,483
ORD-19727,2025-10-10,South,Partner,479
ORD-19728,2025-10-14,West,Partner,70
ORD-19729,2025-10-06,West,Web,429
ORD-19730,2025-10-24,South,Partner,540
ORD-19731,2025-10-20,West,Web,391
ORD-19732,2025-10-18,South,Web,417
ORD-19733,2025-10-11,North,Web,571
ORD-19734,2025-10-08,North,Retail,503
ORD-19735,2025-10-06,South,Partner,478
ORD-19736,2025-10-16,South,Web,532
ORD-19737,2025-10-28,East,Web,474
ORD-19738,2025-10-19,North,Partner,571
ORD-19739,2025-10-23,West,Retail,550
ORD-19740,2025-10-24,West,Partner,70
ORD-19741,2025-10-24,East,Web,523
ORD-19742,2025-10-16,East,Partner,398
ORD-19743,2025-10-27,South,Web,498
ORD-19744,2025-10-22,South,Partner,491
ORD-19745,2025-10-14,West,Web,393
ORD-19746,2025-10-24,South,Partner,524
ORD-19747,2025-10-20,South,Retail,557
ORD-19748,2025-10-22,West,Web,437
ORD-19749,2025-10-27,North,Web,529
ORD-19750,2025-10-01,South,Web,335
ORD-19751,2025-10-03,South,Web,431
ORD-19752,2025-10-13,East,Web,519
ORD-19753,2025-10-12,South,Retail,394
ORD-19754,2025-10-07,East,Retail,440
ORD-19755,2025-10-26,North,Partner,405
ORD-19756,2025-10-22,North,Retail,558
ORD-19757,2025-10-18,East,Web,513
ORD-19758,2025-10-15,South,Web,506
ORD-19759,2025-10-03,North,Retail,393
ORD-19760,2025-10-04,North,Partner,601
ORD-19761,2025-10-20,East,Web,374
ORD-19762,2025-10-06,East,Retail,462
ORD-19763,2025-10-04,East,Retail,459
ORD-19764,2025-10-25,South,Retail,467
ORD-19765,2025-10-23,South,Retail,590
ORD-19766,2025-10-16,South,Web,469
ORD-19767,2025-10-19,West,Partner,68
ORD-19768,2025-10-23,South,Retail,593
ORD-19769,2025-10-03,West,Retail,369
ORD-19770,2025-10-09,East,Retail,523
ORD-19771,2025-10-03,West,Web,454
ORD-19772,2025-10-07,North,Retail,461
ORD-19773,2025-10-08,North,Partner,597
ORD-19774,2025-10-10,North,Retail,690
ORD-19775,2025-10-23,West,Partner,83
ORD-19776,2025-10-15,West,Retail,373
ORD-19777,2025-10-17,West,Retail,430
ORD-19778,2025-10-10,South,Partner,278
ORD-19779,2025-10-24,West,Retail,264
ORD-19780,2025-10-05,South,Partner,502
ORD-19781,2025-10-01,North,Partner,467
ORD-19782,2025-10-04,North,Web,341
ORD-19783,2025-10-01,West,Partner,65
ORD-19784,2025-10-27,East,Retail,494
ORD-19785,2025-10-23,West,Web,339
ORD-19786,2025-10-02,North,Partner,576
ORD-19787,2025-10-19,West,Partner,73
ORD-19788,2025-10-12,East,Partner,581
ORD-19789,2025-10-08,East,Web,447
ORD-19790,2025-10-16,North,Retail,412
ORD-19791,2025-10-01,North,Web,536
ORD-19792,2025-10-19,East,Partner,553
ORD-19793,2025-10-06,West,Retail,380
ORD-19794,2025-10-20,South,Retail,413
ORD-19795,2025-10-22,East,Web,605
ORD-19796,2025-10-04,South,Retail,471
ORD-19797,2025-10-02,North,Partner,423
ORD-19798,2025-10-03,South,Partner,480
ORD-19799,2025-10-27,South,Retail,758