order_id,order_date,region,channel,segment,revenue,units
ORD-0-0,2023-01-01,North,Partner,Enterprise,386,8
ORD-0-1,2023-01-16,West,Web,SMB,413,4
ORD-0-2,2023-01-09,East,Web,Enterprise,644,11
ORD-0-3,2023-01-05,South,Retail,Enterprise,734,6
ORD-0-4,2023-01-20,Central,Retail,Enterprise,571,5
ORD-0-5,2023-01-12,North,Web,Enterprise,348,11
ORD-0-6,2023-01-20,West,Web,Mid,660,7
ORD-0-7,2023-01-06,West,Retail,SMB,592,10
ORD-0-8,2023-01-19,Central,Web,Mid,586,8
ORD-0-9,2023-01-17,Central,Partner,Mid,576,6
ORD-0-10,2023-01-21,East,Partner,Enterprise,558,6
ORD-0-11,2023-01-21,East,Web,SMB,863,9
ORD-0-12,2023-01-18,North,Retail,Mid,598,13
ORD-0-13,2023-01-19,Central,Retail,Enterprise,738,5
ORD-0-14,2023-01-05,South,Web,Enterprise,494,11
ORD-0-15,2023-01-18,West,Partner,Mid,322,9
ORD-0-16,2023-01-06,East,Retail,Mid,499,4
ORD-0-17,2023-01-05,North,Web,SMB,681,9
ORD-0-18,2023-01-05,East,Retail,Enterprise,392,7
ORD-0-19,2023-01-23,East,Partner,Mid,466,9
ORD-0-20,2023-01-03,South,Partner,Enterprise,422,12
ORD-0-21,2023-01-08,South,Retail,Enterprise,659,5
ORD-0-22,2023-01-10,East,Web,Enterprise,626,6
ORD-0-23,2023-01-13,West,Partner,Mid,557,6
ORD-0-24,2023-01-18,Central,Retail,SMB,393,10
ORD-0-25,2023-01-09,South,Web,Enterprise,510,10
ORD-0-26,2023-01-07,Central,Web,Mid,463,6
ORD-0-27,2023-01-21,West,Retail,SMB,428,7
ORD-0-28,2023-01-13,East,Retail,Enterprise,521,7
ORD-0-29,2023-01-15,South,Partner,Enterprise,613,3
ORD-0-30,2023-01-26,West,Partner,Mid,551,10
ORD-0-31,2023-01-05,West,Web,SMB,493,8
ORD-0-32,2023-01-23,West,Web,Mid,521,3
ORD-0-33,2023-01-23,West,Web,Mid,247,4
ORD-0-34,2023-01-05,West,Web,Enterprise,571,7
ORD-0-35,2023-01-26,South,Partner,Mid,649,14
ORD-0-36,2023-01-20,South,Retail,SMB,376,9
ORD-0-37,2023-01-21,North,Web,SMB,559,15
ORD-0-38,2023-01-26,East,Retail,Enterprise,276,2
ORD-0-39,2023-01-21,Central,Web,Mid,659,8
ORD-0-40,2023-01-05,South,Retail,Enterprise,550,7
ORD-0-41,2023-01-25,West,Partner,Enterprise,349,7
ORD-0-42,2023-01-07,East,Retail,Enterprise,462,8
ORD-0-43,2023-01-15,East,Retail,Enterprise,269,6
ORD-0-44,2023-01-18,North,Retail,Enterprise,401,7
ORD-0-45,2023-01-28,North,Partner,Mid,293,11
ORD-0-46,2023-01-28,East,Partner,SMB,567,6
ORD-0-47,2023-01-22,South,Web,Mid,459,11
ORD-0-48,2023-01-09,East,Partner,SMB,331,2
ORD-0-49,2023-01-13,West,Partner,Enterprise,521,8
ORD-0-50,2023-01-18,West,Retail,Enterprise,485,9
ORD-0-51,2023-01-19,West,Web,SMB,504,9
ORD-0-52,2023-01-21,East,Partner,SMB,397,6
ORD-0-53,2023-01-10,North,Web,Enterprise,652,7
ORD-0-54,2023-01-01,West,Web,Enterprise,637,6
ORD-0-55,2023-01-22,South,Retail,Mid,415,6
ORD-0-56,2023-01-18,South,Web,Mid,516,5
ORD-0-57,2023-01-03,South,Partner,Enterprise,484,10
ORD-0-58,2023-01-06,South,Retail,Mid,276,12
ORD-0-59,2023-01-01,West,Retail,SMB,221,9
ORD-0-60,2023-01-16,West,Partner,Enterprise,618,9
ORD-0-61,2023-01-27,West,Partner,SMB,552,8
ORD-0-62,2023-01-02,East,Retail,SMB,422,8
ORD-0-63,2023-01-01,East,Retail,SMB,260,6
ORD-0-64,2023-01-21,West,Partner,Enterprise,627,7
ORD-0-65,2023-01-27,Central,Retail,Enterprise,419,7
ORD-0-66,2023-01-14,Central,Partner,Mid,500,7
ORD-0-67,2023-01-18,Central,Web,Enterprise,521,8
ORD-0-68,2023-01-22,East,Retail,Enterprise,510,8
ORD-0-69,2023-01-16,East,Retail,Mid,417,9
ORD-0-70,2023-01-06,Central,Web,Enterprise,386,10
ORD-0-71,2023-01-07,North,Retail,Mid,752,3
ORD-0-72,2023-01-15,North,Partner,Enterprise,605,3
ORD-0-73,2023-01-07,South,Retail,SMB,247,10
ORD-0-74,2023-01-19,West,Retail,Mid,383,6
ORD-0-75,2023-01-26,North,Web,SMB,465,9
ORD-0-76,2023-01-22,Central,Retail,Enterprise,430,8
ORD-0-77,2023-01-23,North,Retail,Enterprise,410,9
ORD-0-78,2023-01-20,West,Web,SMB,518,4
ORD-0-79,2023-01-18,Central,Web,SMB,650,10
ORD-0-80,2023-01-23,East,Web,Mid,241,12
ORD-0-81,2023-01-10,East,Web,Mid,540,14
ORD-0-82,2023-01-24,West,Partner,Mid,572,7
ORD-0-83,2023-01-04,East,Web,SMB,573,3
ORD-0-84,2023-01-07,Central,Partner,Mid,490,4
ORD-0-85,2023-01-15,Central,Partner,SMB,561,10
ORD-0-86,2023-01-13,South,Retail,SMB,616,12
ORD-0-87,2023-01-16,Central,Retail,Enterprise,473,18
ORD-0-88,2023-01-13,Central,Partner,Mid,466,6
ORD-0-89,2023-01-03,West,Web,SMB,367,8
ORD-0-90,2023-01-28,East,Partner,Enterprise,405,6
ORD-0-91,2023-01-22,South,Web,Enterprise,663,9
ORD-0-92,2023-01-23,North,Retail,Mid,599,14
ORD-0-93,2023-01-21,South,Web,Mid,479,5
ORD-0-94,2023-01-05,Central,Web,Enterprise,422,9
ORD-0-95,2023-01-09,West,Retail,Mid,503,6
ORD-0-96,2023-01-01,Central,Partner,Enterprise,338,8
ORD-0-97,2023-01-11,East,Partner,Enterprise,498,4
ORD-0-98,2023-01-03,North,Partner,Mid,480,7
ORD-0-99,2023-01-01,Central,Retail,Mid,497,6
ORD-0-100,2023-01-13,North,Retail,Mid,580,7
ORD-0-101,2023-01-10,North,Partner,Enterprise,285,8
ORD-0-102,2023-01-05,Central,Retail,Enterprise,374,3
ORD-0-103,2023-01-18,East,Partner,SMB,350,13
ORD-0-104,2023-01-11,North,Retail,Enterprise,619,4
ORD-0-105,2023-01-09,Central,Partner,SMB,727,8
ORD-0-106,2023-01-23,East,Partner,Mid,372,7
ORD-0-107,2023-01-04,Central,Partner,Enterprise,427,7
ORD-0-108,2023-01-14,East,Retail,Mid,327,9
ORD-0-109,2023-01-16,North,Retail,Mid,630,8
ORD-0-110,2023-01-20,East,Partner,Enterprise,578,11
ORD-0-111,2023-01-16,West,Partner,Mid,332,11
ORD-0-112,2023-01-14,West,Web,SMB,610,5
ORD-0-113,2023-01-04,North,Retail,Enterprise,328,10
ORD-0-114,2023-01-11,South,Partner,Enterprise,366,3
ORD-0-115,2023-01-23,South,Partner,Mid,314,9
ORD-0-116,2023-01-28,West,Web,Mid,526,13
ORD-0-117,2023-01-23,South,Web,Mid,647,4
ORD-0-118,2023-01-23,West,Partner,SMB,572,8
ORD-0-119,2023-01-10,West,Web,Mid,475,8
ORD-0-120,2023-01-22,South,Web,SMB,430,5
ORD-0-121,2023-01-07,West,Partner,Mid,391,7
ORD-0-122,2023-01-04,East,Partner,Mid,614,10
ORD-0-123,2023-01-22,North,Web,Enterprise,471,8
ORD-0-124,2023-01-28,Central,Partner,SMB,259,6
ORD-0-125,2023-01-16,East,Retail,Mid,497,6
ORD-0-126,2023-01-12,South,Partner,Mid,649,8
ORD-0-127,2023-01-11,North,Retail,Mid,362,12
ORD-0-128,2023-01-13,West,Partner,SMB,454,14
ORD-0-129,2023-01-03,West,Web,Mid,770,9
ORD-0-130,2023-01-09,East,Web,SMB,740,9
ORD-0-131,2023-01-10,Central,Partner,Enterprise,369,15
ORD-0-132,2023-01-15,South,Web,SMB,513,9
ORD-0-133,2023-01-17,South,Partner,Mid,515,4
ORD-0-134,2023-01-06,Central,Retail,Enterprise,630,8
ORD-0-135,2023-01-09,West,Partner,SMB,580,11
ORD-0-136,2023-01-25,South,Retail,Mid,407,10
ORD-0-137,2023-01-17,Central,Partner,Mid,582,9
ORD-0-138,2023-01-27,West,Partner,Mid,728,5
ORD-0-139,2023-01-21,North,Web,Mid,337,7
ORD-0-140,2023-01-19,East,Retail,SMB,611,13
ORD-0-141,2023-01-16,South,Web,Mid,376,7
ORD-0-142,2023-01-06,West,Web,Mid,236,11
ORD-0-143,2023-01-25,Central,Retail,Mid,542,4
ORD-0-144,2023-01-17,North,Partner,Mid,525,9
ORD-0-145,2023-01-14,North,Partner,Mid,678,11
ORD-0-146,2023-01-04,West,Partner,Enterprise,670,12
ORD-0-147,2023-01-22,East,Retail,Enterprise,322,8
ORD-0-148,2023-01-22,East,Partner,Mid,649,7
ORD-0-149,2023-01-14,East,Partner,Enterprise,298,9
ORD-0-150,2023-01-19,North,Retail,Enterprise,548,7
ORD-0-151,2023-01-21,West,Retail,Mid,249,10
ORD-0-152,2023-01-16,North,Web,Enterprise,525,8
ORD-0-153,2023-01-05,South,Retail,SMB,549,1
ORD-0-154,2023-01-11,South,Partner,SMB,635,14
ORD-0-155,2023-01-16,South,Web,Enterprise,506,9
ORD-0-156,2023-01-11,South,Web,Enterprise,667,9
ORD-0-157,2023-01-13,South,Retail,SMB,638,2
ORD-0-158,2023-01-25,North,Retail,SMB,288,6
ORD-0-159,2023-01-19,Central,Retail,SMB,405,10
ORD-0-160,2023-01-09,Central,Retail,Enterprise,494,5
ORD-0-161,2023-01-22,South,Partner,SMB,790,7
ORD-0-162,2023-01-10,East,Web,Enterprise,560,8
ORD-0-163,2023-01-13,West,Web,Enterprise,560,8
ORD-0-164,2023-01-01,Central,Partner,Mid,570,9
ORD-0-165,2023-01-15,East,Retail,Mid,319,10
ORD-0-166,2023-01-08,West,Partner,SMB,618,7
ORD-0-167,2023-01-01,South,Partner,Mid,530,5
ORD-0-168,2023-01-21,Central,Retail,Enterprise,577,4
ORD-0-169,2023-01-15,East,Retail,Mid,604,8
ORD-0-170,2023-01-01,Central,Retail,SMB,583,6
ORD-0-171,2023-01-21,North,Partner,SMB,639,11
ORD-0-172,2023-01-19,North,Web,SMB,373,11
ORD-0-173,2023-01-08,North,Partner,SMB,303,9
ORD-0-174,2023-01-17,East,Partner,Mid,619,8
ORD-0-175,2023-01-05,North,Retail,Enterprise,390,3
ORD-0-176,2023-01-02,North,Partner,Enterprise,319,7
ORD-0-177,2023-01-17,West,Web,Mid,358,5
ORD-0-178,2023-01-01,East,Web,Mid,409,8
ORD-0-179,2023-01-20,South,Web,Mid,538,11
ORD-0-180,2023-01-02,West,Web,Enterprise,622,8
ORD-0-181,2023-01-09,West,Web,Enterprise,531,6
ORD-0-182,2023-01-21,West,Retail,Mid,493,6
ORD-0-183,2023-01-17,Central,Retail,SMB,408,7
ORD-0-184,2023-01-19,East,Retail,Mid,260,7
ORD-0-185,2023-01-19,South,Partner,Mid,456,8
ORD-0-186,2023-01-05,Central,Partner,Enterprise,632,15
ORD-0-187,2023-01-13,North,Retail,SMB,622,5
ORD-0-188,2023-01-05,East,Retail,Mid,492,7
ORD-0-189,2023-01-12,South,Partner,SMB,539,5
ORD-0-190,2023-01-03,South,Retail,Mid,435,7
ORD-0-191,2023-01-11,West,Partner,Mid,596,8
ORD-0-192,2023-01-11,South,Web,SMB,414,6
ORD-0-193,2023-01-23,North,Retail,Enterprise,454,9
ORD-0-194,2023-01-08,Central,Retail,Enterprise,680,12
ORD-0-195,2023-01-18,North,Web,Enterprise,630,6
ORD-0-196,2023-01-03,North,Web,Mid,563,7
ORD-0-197,2023-01-02,West,Partner,Mid,336,7
ORD-0-198,2023-01-28,North,Partner,Mid,513,6
ORD-0-199,2023-01-04,Central,Retail,Enterprise,267,7
ORD-0-200,2023-01-11,North,Retail,SMB,348,7
ORD-0-201,2023-01-20,South,Web,SMB,439,10
ORD-0-202,2023-01-02,East,Retail,SMB,487,9
ORD-0-203,2023-01-02,East,Web,SMB,557,12
ORD-0-204,2023-01-24,Central,Web,Enterprise,418,5
ORD-0-205,2023-01-04,West,Retail,SMB,608,11
ORD-0-206,2023-01-10,North,Web,Mid,365,8
ORD-0-207,2023-01-20,West,Retail,SMB,351,12
ORD-0-208,2023-01-22,East,Retail,Enterprise,708,7
ORD-0-209,2023-01-03,Central,Partner,Enterprise,663,14
ORD-0-210,2023-01-25,Central,Retail,SMB,480,9
ORD-0-211,2023-01-03,Central,Web,Enterprise,634,6
ORD-0-212,2023-01-27,Central,Web,Enterprise,433,7
ORD-0-213,2023-01-15,East,Partner,Mid,444,5
ORD-0-214,2023-01-01,North,Web,Enterprise,556,11
ORD-0-215,2023-01-19,North,Partner,SMB,604,12
ORD-0-216,2023-01-24,North,Retail,Enterprise,459,8
ORD-0-217,2023-01-23,West,Web,Enterprise,476,7
ORD-0-218,2023-01-17,North,Retail,Mid,344,4
ORD-0-219,2023-01-12,East,Retail,SMB,790,13
ORD-0-220,2023-01-26,South,Web,Enterprise,346,8
ORD-0-221,2023-01-18,East,Web,Enterprise,533,10
ORD-0-222,2023-01-07,East,Web,Mid,726,8
ORD-0-223,2023-01-19,North,Retail,Mid,689,8
ORD-0-224,2023-01-08,Central,Web,Mid,639,8
ORD-0-225,2023-01-12,West,Web,Mid,556,8
ORD-0-226,2023-01-04,South,Retail,Enterprise,681,9
ORD-0-227,2023-01-27,North,Retail,SMB,584,5
ORD-0-228,2023-01-02,Central,Retail,Enterprise,712,12
ORD-0-229,2023-01-18,North,Retail,Enterprise,858,4
ORD-0-230,2023-01-12,South,Partner,Enterprise,607,7
ORD-0-231,2023-01-19,South,Retail,SMB,639,2
ORD-0-232,2023-01-24,North,Retail,SMB,511,3
ORD-0-233,2023-01-21,East,Partner,SMB,263,5
ORD-0-234,2023-01-10,Central,Retail,SMB,285,12
ORD-0-235,2023-01-10,West,Retail,Mid,664,4
ORD-0-236,2023-01-25,South,Partner,Mid,582,5
ORD-0-237,2023-01-04,Central,Web,Enterprise,360,8
ORD-0-238,2023-01-26,Central,Retail,Mid,613,11
ORD-0-239,2023-01-16,South,Retail,Mid,530,11
ORD-0-240,2023-01-02,West,Web,Enterprise,652,7
ORD-0-241,2023-01-04,Central,Partner,Mid,475,9
ORD-0-242,2023-01-18,East,Retail,Enterprise,353,9
ORD-0-243,2023-01-09,North,Retail,SMB,343,8
ORD-0-244,2023-01-12,Central,Partner,Enterprise,698,3
ORD-0-245,2023-01-10,Central,Web,Mid,542,8
ORD-0-246,2023-01-06,West,Partner,SMB,616,3
ORD-0-247,2023-01-03,South,Partner,SMB,474,6
ORD-0-248,2023-01-12,West,Retail,SMB,596,7
ORD-0-249,2023-01-06,West,Web,SMB,568,5
ORD-0-250,2023-01-25,North,Partner,Enterprise,480,7
ORD-0-251,2023-01-13,West,Partner,SMB,565,11
ORD-0-252,2023-01-28,Central,Web,Mid,384,9
ORD-0-253,2023-01-14,West,Partner,SMB,353,7
ORD-0-254,2023-01-22,Central,Retail,Mid,481,5
ORD-0-255,2023-01-23,Central,Web,Mid,545,10
ORD-0-256,2023-01-22,East,Web,Mid,465,6
ORD-0-257,2023-01-07,South,Web,Enterprise,264,6
ORD-0-258,2023-01-10,North,Web,Mid,301,4
ORD-0-259,2023-01-24,Central,Web,SMB,634,4
ORD-0-260,2023-01-26,South,Web,SMB,339,11
ORD-0-261,2023-01-13,East,Partner,Mid,594,7
ORD-0-262,2023-01-12,West,Retail,Enterprise,767,6
ORD-0-263,2023-01-09,East,Web,Mid,486,6
ORD-0-264,2023-01-07,South,Retail,Mid,641,11
ORD-0-265,2023-01-05,West,Partner,Enterprise,592,11
ORD-0-266,2023-01-06,Central,Partner,SMB,557,15
ORD-0-267,2023-01-22,Central,Partner,Enterprise,605,10
ORD-0-268,2023-01-19,West,Partner,Enterprise,449,7
ORD-0-269,2023-01-03,South,Partner,SMB,698,8
ORD-0-270,2023-01-21,West,Partner,Enterprise,595,2
ORD-0-271,2023-01-12,Central,Web,Mid,490,11
ORD-0-272,2023-01-27,South,Retail,Enterprise,714,10
ORD-0-273,2023-01-04,East,Web,Enterprise,729,7
ORD-0-274,2023-01-02,Central,Partner,Enterprise,485,4
ORD-0-275,2023-01-18,Central,Partner,Mid,485,15
ORD-0-276,2023-01-26,South,Partner,SMB,844,7
ORD-0-277,2023-01-13,West,Retail,Mid,470,12
ORD-0-278,2023-01-07,West,Partner,Mid,671,7
ORD-0-279,2023-01-26,South,Web,SMB,372,12
ORD-0-280,2023-01-05,West,Web,Mid,614,5
ORD-0-281,2023-01-21,South,Web,SMB,306,4
ORD-0-282,2023-01-24,East,Web,Mid,429,5
ORD-0-283,2023-01-25,South,Retail,Mid,611,10
ORD-0-284,2023-01-01,Central,Web,Mid,477,4
ORD-0-285,2023-01-17,South,Web,Enterprise,541,9
ORD-0-286,2023-01-15,South,Web,Mid,566,6
ORD-0-287,2023-01-07,South,Partner,SMB,403,8
ORD-0-288,2023-01-13,East,Retail,Mid,383,9
ORD-0-289,2023-01-02,South,Partner,Mid,574,6
ORD-0-290,2023-01-01,North,Retail,Mid,371,4
ORD-0-291,2023-01-26,North,Retail,Enterprise,565,14
ORD-0-292,2023-01-23,South,Web,Mid,510,13
ORD-0-293,2023-01-08,East,Retail,Mid,649,6
ORD-0-294,2023-01-28,South,Partner,SMB,684,10
ORD-0-295,2023-01-03,West,Web,Mid,280,8
ORD-0-296,2023-01-02,East,Retail,Enterprise,413,8
ORD-0-297,2023-01-19,West,Web,SMB,586,1
ORD-0-298,2023-01-06,North,Partner,Mid,544,5
ORD-0-299,2023-01-02,North,Partner,SMB,409,14
ORD-1-0,2023-02-08,Central,Retail,Enterprise,558,7
ORD-1-1,2023-02-21,East,Partner,Mid,342,14
ORD-1-2,2023-02-21,North,Web,Mid,400,5
ORD-1-3,2023-02-24,South,Partner,Mid,639,15
ORD-1-4,2023-02-08,South,Retail,Enterprise,240,6
ORD-1-5,2023-02-17,South,Retail,Mid,516,8
ORD-1-6,2023-02-22,West,Web,Enterprise,462,10
ORD-1-7,2023-02-19,Central,Retail,Enterprise,706,4
ORD-1-8,2023-02-19,East,Retail,Enterprise,642,11
ORD-1-9,2023-02-06,East,Retail,SMB,647,5
ORD-1-10,2023-02-17,South,Retail,Enterprise,635,6
ORD-1-11,2023-02-05,Central,Web,Mid,324,5
ORD-1-12,2023-02-09,West,Partner,SMB,430,10
ORD-1-13,2023-02-14,East,Retail,SMB,617,7
ORD-1-14,2023-02-19,Central,Web,Mid,448,7
ORD-1-15,2023-02-11,East,Web,Mid,599,11
ORD-1-16,2023-02-09,South,Web,Enterprise,662,4
ORD-1-17,2023-02-07,North,Web,Enterprise,402,9
ORD-1-18,2023-02-07,Central,Partner,Mid,559,5
ORD-1-19,2023-02-12,North,Partner,Enterprise,467,4
ORD-1-20,2023-02-09,East,Retail,Enterprise,564,8
ORD-1-21,2023-02-23,South,Web,Enterprise,473,7
ORD-1-22,2023-02-01,Central,Web,Enterprise,483,9
ORD-1-23,2023-02-22,West,Retail,SMB,408,9
ORD-1-24,2023-02-14,East,Partner,SMB,533,9
ORD-1-25,2023-02-27,South,Web,Mid,512,7
ORD-1-26,2023-02-17,North,Web,SMB,379,11
ORD-1-27,2023-02-17,South,Web,SMB,498,8
ORD-1-28,2023-02-05,Central,Web,Mid,475,9
ORD-1-29,2023-02-08,East,Partner,Enterprise,502,8
ORD-1-30,2023-02-23,South,Partner,Enterprise,703,11
ORD-1-31,2023-02-01,North,Web,Enterprise,614,5
ORD-1-32,2023-02-28,North,Web,SMB,474,6
ORD-1-33,2023-02-25,West,Partner,SMB,305,6
ORD-1-34,2023-02-18,West,Partner,Mid,567,5
ORD-1-35,2023-02-13,Central,Retail,SMB,643,7
ORD-1-36,2023-02-28,North,Partner,Mid,356,8
ORD-1-37,2023-02-11,West,Web,Enterprise,427,11
ORD-1-38,2023-02-24,Central,Web,SMB,397,8
ORD-1-39,2023-02-17,West,Web,Enterprise,444,11
ORD-1-40,2023-02-12,North,Web,Mid,446,6
ORD-1-41,2023-02-26,North,Retail,Mid,605,9
ORD-1-42,2023-02-02,West,Retail,Mid,501,5
ORD-1-43,2023-02-11,East,Web,SMB,522,10
ORD-1-44,2023-02-23,East,Retail,Mid,498,8
ORD-1-45,2023-02-22,West,Partner,Enterprise,684,9
ORD-1-46,2023-02-10,East,Retail,Mid,471,4
ORD-1-47,2023-02-12,East,Web,SMB,289,9
ORD-1-48,2023-02-07,South,Web,Enterprise,524,4
ORD-1-49,2023-02-02,North,Retail,Mid,508,11
ORD-1-50,2023-02-26,North,Retail,Mid,559,6
ORD-1-51,2023-02-07,North,Retail,Enterprise,348,10
ORD-1-52,2023-02-18,East,Partner,Enterprise,432,8
ORD-1-53,2023-02-02,West,Partner,Enterprise,645,6
ORD-1-54,2023-02-19,Central,Web,SMB,456,11
ORD-1-55,2023-02-07,West,Retail,SMB,500,4
ORD-1-56,2023-02-15,Central,Retail,SMB,106,9
ORD-1-57,2023-02-27,North,Web,Mid,513,5
ORD-1-58,2023-02-17,North,Retail,Enterprise,396,8
ORD-1-59,2023-02-11,South,Web,SMB,592,6
ORD-1-60,2023-02-08,South,Partner,SMB,905,5
ORD-1-61,2023-02-25,East,Retail,Mid,601,4
ORD-1-62,2023-02-20,East,Web,Mid,583,10
ORD-1-63,2023-02-17,North,Partner,SMB,387,11
ORD-1-64,2023-02-03,North,Web,SMB,539,2
ORD-1-65,2023-02-24,West,Web,SMB,440,7
ORD-1-66,2023-02-17,Central,Partner,Mid,625,10
ORD-1-67,2023-02-09,West,Web,Enterprise,587,7
ORD-1-68,2023-02-11,East,Web,Enterprise,598,7
ORD-1-69,2023-02-19,East,Partner,SMB,678,12
ORD-1-70,2023-02-20,West,Web,Enterprise,582,12
ORD-1-71,2023-02-02,West,Web,SMB,535,9
ORD-1-72,2023-02-20,West,Retail,Mid,658,8
ORD-1-73,2023-02-16,North,Web,Enterprise,541,4
ORD-1-74,2023-02-21,South,Partner,Enterprise,531,6
ORD-1-75,2023-02-27,West,Partner,Mid,599,6
ORD-1-76,2023-02-07,North,Partner,Enterprise,505,10
ORD-1-77,2023-02-01,North,Web,Enterprise,449,10
ORD-1-78,2023-02-04,East,Web,SMB,486,10
ORD-1-79,2023-02-26,East,Retail,Enterprise,621,9
ORD-1-80,2023-02-23,Central,Retail,Mid,741,11
ORD-1-81,2023-02-07,South,Partner,Mid,326,12
ORD-1-82,2023-02-01,East,Retail,SMB,318,13
ORD-1-83,2023-02-05,South,Retail,Enterprise,279,7
ORD-1-84,2023-02-03,West,Retail,Mid,364,5
ORD-1-85,2023-02-09,West,Partner,Enterprise,455,3
ORD-1-86,2023-02-04,North,Web,Enterprise,433,16
ORD-1-87,2023-02-16,North,Web,SMB,545,5
ORD-1-88,2023-02-19,South,Partner,Enterprise,613,14
ORD-1-89,2023-02-03,Central,Partner,Enterprise,576,7
ORD-1-90,2023-02-26,South,Web,SMB,494,14
ORD-1-91,2023-02-28,North,Web,Mid,565,10
ORD-1-92,2023-02-13,West,Partner,Mid,603,12
ORD-1-93,2023-02-20,West,Partner,SMB,526,12
ORD-1-94,2023-02-05,West,Retail,Mid,569,2
ORD-1-95,2023-02-22,North,Web,Mid,727,8
ORD-1-96,2023-02-18,South,Partner,SMB,390,7
ORD-1-97,2023-02-14,West,Partner,SMB,701,7
ORD-1-98,2023-02-02,South,Retail,Mid,429,8
ORD-1-99,2023-02-05,Central,Retail,Enterprise,591,1
ORD-1-100,2023-02-15,West,Partner,Enterprise,608,8
ORD-1-101,2023-02-08,Central,Retail,Mid,389,11
ORD-1-102,2023-02-11,North,Web,Enterprise,391,9
ORD-1-103,2023-02-19,South,Web,Mid,563,3
ORD-1-104,2023-02-24,South,Retail,SMB,518,7
ORD-1-105,2023-02-23,Central,Web,Mid,669,4
ORD-1-106,2023-02-23,South,Retail,Mid,492,10
ORD-1-107,2023-02-23,Central,Retail,Mid,594,11
ORD-1-108,2023-02-01,East,Web,SMB,225,12
ORD-1-109,2023-02-28,North,Retail,Enterprise,557,6
ORD-1-110,2023-02-14,West,Partner,Enterprise,361,6
ORD-1-111,2023-02-08,East,Retail,Mid,422,12
ORD-1-112,2023-02-18,North,Web,Mid,514,13
ORD-1-113,2023-02-02,South,Web,SMB,413,7
ORD-1-114,2023-02-03,South,Partner,SMB,566,14
ORD-1-115,2023-02-05,West,Partner,SMB,534,7
ORD-1-116,2023-02-28,South,Web,SMB,563,7
ORD-1-117,2023-02-12,South,Partner,Enterprise,422,6
ORD-1-118,2023-02-28,Central,Retail,Enterprise,370,10
ORD-1-119,2023-02-17,West,Partner,Mid,496,3
ORD-1-120,2023-02-19,Central,Partner,Enterprise,589,11
ORD-1-121,2023-02-12,South,Web,Mid,569,9
ORD-1-122,2023-02-05,West,Partner,SMB,537,10
ORD-1-123,2023-02-21,Central,Web,SMB,479,9
ORD-1-124,2023-02-26,East,Partner,Mid,188,9
ORD-1-125,2023-02-26,East,Retail,SMB,544,2
ORD-1-126,2023-02-14,North,Retail,SMB,433,7
ORD-1-127,2023-02-14,South,Web,Enterprise,515,8
ORD-1-128,2023-02-26,West,Retail,SMB,346,12
ORD-1-129,2023-02-19,Central,Web,Enterprise,664,10
ORD-1-130,2023-02-10,West,Web,Enterprise,375,5
ORD-1-131,2023-02-06,East,Partner,SMB,390,9
ORD-1-132,2023-02-18,Central,Retail,Mid,402,7
ORD-1-133,2023-02-22,South,Retail,SMB,552,8
ORD-1-134,2023-02-02,North,Retail,Mid,457,11
ORD-1-135,2023-02-18,West,Retail,Enterprise,139,11
ORD-1-136,2023-02-04,North,Web,Enterprise,460,7
ORD-1-137,2023-02-11,East,Partner,SMB,377,7
ORD-1-138,2023-02-28,East,Partner,SMB,494,5
ORD-1-139,2023-02-13,East,Partner,Enterprise,653,8
ORD-1-140,2023-02-27,South,Web,Mid,465,7
ORD-1-141,2023-02-21,West,Retail,Enterprise,405,7
ORD-1-142,2023-02-13,West,Web,Enterprise,456,10
ORD-1-143,2023-02-17,North,Retail,Enterprise,327,7
ORD-1-144,2023-02-18,West,Retail,SMB,156,8
ORD-1-145,2023-02-22,North,Web,Mid,275,10
ORD-1-146,2023-02-04,West,Partner,SMB,717,13
ORD-1-147,2023-02-20,South,Retail,Enterprise,419,1
ORD-1-148,2023-02-28,East,Partner,Mid,413,12
ORD-1-149,2023-02-28,South,Web,Mid,451,10
ORD-1-150,2023-02-06,North,Partner,Enterprise,481,6
ORD-1-151,2023-02-28,North,Web,SMB,351,9
ORD-1-152,2023-02-27,West,Web,Mid,386,15
ORD-1-153,2023-02-19,East,Web,SMB,658,5
ORD-1-154,2023-02-03,East,Retail,Mid,645,6
ORD-1-155,2023-02-17,East,Partner,SMB,555,6
ORD-1-156,2023-02-19,North,Web,SMB,535,7
ORD-1-157,2023-02-11,South,Retail,Mid,717,5
ORD-1-158,2023-02-04,Central,Web,Mid,311,7
ORD-1-159,2023-02-19,North,Partner,SMB,282,9
ORD-1-160,2023-02-22,Central,Partner,Enterprise,402,5
ORD-1-161,2023-02-19,South,Web,Mid,552,2
ORD-1-162,2023-02-21,East,Partner,SMB,465,9
ORD-1-163,2023-02-06,North,Retail,Mid,480,7
ORD-1-164,2023-02-04,North,Web,SMB,127,6
ORD-1-165,2023-02-28,West,Web,Mid,541,10
ORD-1-166,2023-02-08,Central,Partner,SMB,419,1
ORD-1-167,2023-02-01,South,Partner,SMB,666,4
ORD-1-168,2023-02-08,North,Retail,Mid,525,9
ORD-1-169,2023-02-04,South,Retail,Enterprise,464,6
ORD-1-170,2023-02-15,East,Retail,SMB,488,13
ORD-1-171,2023-02-06,South,Partner,Enterprise,390,7
ORD-1-172,2023-02-02,North,Partner,Mid,355,9
ORD-1-173,2023-02-22,North,Partner,Mid,701,14
ORD-1-174,2023-02-06,Central,Partner,Mid,525,7
ORD-1-175,2023-02-16,West,Partner,Enterprise,386,4
ORD-1-176,2023-02-14,East,Web,Mid,662,11
ORD-1-177,2023-02-07,Central,Partner,SMB,536,7
ORD-1-178,2023-02-19,Central,Web,Enterprise,469,5
ORD-1-179,2023-02-01,South,Web,SMB,490,6
ORD-1-180,2023-02-24,North,Web,SMB,576,11
ORD-1-181,2023-02-17,South,Partner,Mid,329,8
ORD-1-182,2023-02-15,East,Partner,Mid,404,5
ORD-1-183,2023-02-19,East,Web,SMB,583,6
ORD-1-184,2023-02-14,West,Retail,Enterprise,410,5
ORD-1-185,2023-02-26,South,Partner,Mid,467,7
ORD-1-186,2023-02-14,South,Partner,Enterprise,476,8
ORD-1-187,2023-02-24,South,Retail,Mid,467,5
ORD-1-188,2023-02-07,North,Partner,Mid,570,7
ORD-1-189,2023-02-05,East,Retail,Enterprise,449,10
ORD-1-190,2023-02-02,North,Retail,Enterprise,720,10
ORD-1-191,2023-02-04,South,Web,Mid,396,8
ORD-1-192,2023-02-04,North,Partner,SMB,370,13
ORD-1-193,2023-02-12,West,Retail,SMB,414,10
ORD-1-194,2023-02-04,North,Web,SMB,655,12
ORD-1-195,2023-02-15,North,Retail,SMB,606,11
ORD-1-196,2023-02-06,North,Retail,SMB,202,10
ORD-1-197,2023-02-03,North,Retail,Mid,519,10
ORD-1-198,2023-02-23,North,Web,Mid,476,9
ORD-1-199,2023-02-25,North,Partner,SMB,436,7
ORD-1-200,2023-02-13,South,Web,Mid,421,5
ORD-1-201,2023-02-24,West,Web,Enterprise,730,9
ORD-1-202,2023-02-08,South,Partner,SMB,413,6
ORD-1-203,2023-02-22,East,Partner,SMB,348,4
ORD-1-204,2023-02-15,Central,Partner,Enterprise,389,8
ORD-1-205,2023-02-04,North,Retail,Enterprise,531,11
ORD-1-206,2023-02-06,North,Web,Enterprise,315,2
ORD-1-207,2023-02-28,South,Partner,Enterprise,585,6
ORD-1-208,2023-02-20,West,Web,Mid,483,12
ORD-1-209,2023-02-18,Central,Retail,Mid,483,12
ORD-1-210,2023-02-24,West,Retail,SMB,410,9
ORD-1-211,2023-02-15,South,Partner,Enterprise,468,10
ORD-1-212,2023-02-07,West,Partner,SMB,529,10
ORD-1-213,2023-02-03,West,Web,SMB,633,5
ORD-1-214,2023-02-09,South,Web,SMB,550,8
ORD-1-215,2023-02-13,South,Retail,Mid,506,13
ORD-1-216,2023-02-25,East,Partner,Mid,465,13
ORD-1-217,2023-02-24,South,Retail,Mid,316,1
ORD-1-218,2023-02-27,North,Web,SMB,602,4
ORD-1-219,2023-02-12,North,Partner,Mid,466,9
ORD-1-220,2023-02-21,East,Retail,Enterprise,436,2
ORD-1-221,2023-02-18,East,Web,Mid,247,9
ORD-1-222,2023-02-06,East,Partner,SMB,553,9
ORD-1-223,2023-02-04,Central,Retail,Mid,426,12
ORD-1-224,2023-02-22,West,Partner,SMB,429,10
ORD-1-225,2023-02-20,North,Partner,Enterprise,507,16
ORD-1-226,2023-02-04,West,Partner,SMB,584,8
ORD-1-227,2023-02-02,North,Partner,Enterprise,396,2
ORD-1-228,2023-02-24,East,Retail,Enterprise,688,3
ORD-1-229,2023-02-27,Central,Partner,Mid,621,9
ORD-1-230,2023-02-07,East,Retail,Mid,522,6
ORD-1-231,2023-02-12,West,Partner,Enterprise,705,6
ORD-1-232,2023-02-13,East,Retail,Mid,513,11
ORD-1-233,2023-02-15,East,Partner,Mid,713,14
ORD-1-234,2023-02-19,East,Partner,Enterprise,476,13
ORD-1-235,2023-02-10,North,Retail,SMB,655,10
ORD-1-236,2023-02-08,East,Retail,Mid,440,11
ORD-1-237,2023-02-26,South,Retail,Enterprise,426,5
ORD-1-238,2023-02-05,West,Web,SMB,601,6
ORD-1-239,2023-02-01,Central,Retail,Mid,603,7
ORD-1-240,2023-02-06,South,Retail,Mid,614,2
ORD-1-241,2023-02-28,East,Web,Enterprise,331,10
ORD-1-242,2023-02-08,West,Retail,Mid,481,12
ORD-1-243,2023-02-09,Central,Web,SMB,399,8
ORD-1-244,2023-02-16,North,Web,SMB,572,8
ORD-1-245,2023-02-25,West,Partner,Mid,520,7
ORD-1-246,2023-02-13,South,Partner,Mid,615,11
ORD-1-247,2023-02-23,South,Partner,Mid,519,9
ORD-1-248,2023-02-04,North,Web,SMB,570,9
ORD-1-249,2023-02-16,East,Partner,Mid,565,4
ORD-1-250,2023-02-10,South,Web,Mid,313,11
ORD-1-251,2023-02-10,Central,Partner,Mid,660,6
ORD-1-252,2023-02-06,North,Partner,Enterprise,766,6
ORD-1-253,2023-02-23,West,Web,Enterprise,369,6
ORD-1-254,2023-02-23,East,Web,Mid,474,10
ORD-1-255,2023-02-08,Central,Partner,Enterprise,565,10
ORD-1-256,2023-02-15,North,Retail,Mid,524,5
ORD-1-257,2023-02-11,West,Retail,SMB,335,7
ORD-1-258,2023-02-06,South,Retail,Enterprise,698,10
ORD-1-259,2023-02-06,East,Retail,SMB,549,8
ORD-1-260,2023-02-12,Central,Partner,SMB,660,2
ORD-1-261,2023-02-15,South,Partner,SMB,380,8
ORD-1-262,2023-02-28,South,Retail,Mid,582,8
ORD-1-263,2023-02-13,West,Partner,Mid,689,9
ORD-1-264,2023-02-26,West,Web,SMB,589,8
ORD-1-265,2023-02-23,South,Web,SMB,793,10
ORD-1-266,2023-02-14,South,Web,SMB,557,8
ORD-1-267,2023-02-07,West,Partner,SMB,376,5
ORD-1-268,2023-02-11,North,Retail,SMB,580,3
ORD-1-269,2023-02-28,East,Retail,SMB,643,4
ORD-1-270,2023-02-14,East,Web,Enterprise,415,2
ORD-1-271,2023-02-14,South,Web,SMB,456,5
ORD-1-272,2023-02-12,Central,Web,SMB,427,9
ORD-1-273,2023-02-03,South,Partner,SMB,570,12
ORD-1-274,2023-02-24,West,Web,Mid,713,12
ORD-1-275,2023-02-12,North,Partner,Enterprise,640,9
ORD-1-276,2023-02-10,Central,Web,SMB,406,8
ORD-1-277,2023-02-07,West,Retail,Enterprise,516,10
ORD-1-278,2023-02-15,Central,Web,Enterprise,633,14
ORD-1-279,2023-02-24,South,Retail,SMB,364,6
ORD-1-280,2023-02-26,South,Partner,Mid,429,12
ORD-1-281,2023-02-28,South,Retail,Enterprise,299,8
ORD-1-282,2023-02-27,East,Partner,Mid,299,3
ORD-1-283,2023-02-16,Central,Retail,SMB,556,11
ORD-1-284,2023-02-11,Central,Retail,Enterprise,412,6
ORD-1-285,2023-02-27,South,Partner,Enterprise,578,4
ORD-1-286,2023-02-12,Central,Retail,SMB,559,7
ORD-1-287,2023-02-10,Central,Web,Mid,496,9
ORD-1-288,2023-02-09,East,Partner,Mid,491,10
ORD-1-289,2023-02-27,South,Partner,SMB,449,5
ORD-1-290,2023-02-08,North,Retail,Enterprise,408,8
ORD-1-291,2023-02-11,South,Retail,SMB,567,15
ORD-1-292,2023-02-10,Central,Retail,Mid,766,5
ORD-1-293,2023-02-08,West,Web,SMB,270,9
ORD-1-294,2023-02-06,Central,Partner,Enterprise,516,5
ORD-1-295,2023-02-08,East,Partner,SMB,843,7
ORD-1-296,2023-02-18,West,Web,SMB,422,10
ORD-1-297,2023-02-14,South,Partner,Enterprise,410,9
ORD-1-298,2023-02-15,North,Partner,Mid,263,1
ORD-1-299,2023-02-26,West,Retail,Mid,491,9
ORD-2-0,2023-03-28,Central,Retail,Mid,587,10
ORD-2-1,2023-03-15,West,Web,SMB,508,5
ORD-2-2,2023-03-21,North,Web,Enterprise,616,5
ORD-2-3,2023-03-17,East,Web,SMB,359,10
ORD-2-4,2023-03-06,West,Retail,Mid,659,7
ORD-2-5,2023-03-10,Central,Retail,Mid,612,8
ORD-2-6,2023-03-21,East,Partner,Enterprise,490,3
ORD-2-7,2023-03-15,South,Partner,Mid,318,6
ORD-2-8,2023-03-15,West,Web,Mid,450,9
ORD-2-9,2023-03-17,Central,Partner,Mid,523,7
ORD-2-10,2023-03-03,North,Retail,SMB,542,7
ORD-2-11,2023-03-26,Central,Retail,Mid,407,9
ORD-2-12,2023-03-13,West,Web,SMB,286,10
ORD-2-13,2023-03-22,North,Web,SMB,438,10
ORD-2-14,2023-03-22,East,Web,SMB,472,10
ORD-2-15,2023-03-26,North,Web,Enterprise,455,6
ORD-2-16,2023-03-08,South,Web,Enterprise,466,10
ORD-2-17,2023-03-27,West,Web,SMB,521,6
ORD-2-18,2023-03-27,East,Retail,Enterprise,435,7
ORD-2-19,2023-03-09,North,Partner,Mid,487,11
ORD-2-20,2023-03-16,East,Retail,SMB,593,6
ORD-2-21,2023-03-02,West,Partner,Enterprise,387,9
ORD-2-22,2023-03-11,East,Partner,Enterprise,652,6
ORD-2-23,2023-03-21,East,Retail,Enterprise,589,7
ORD-2-24,2023-03-21,South,Web,Mid,411,6
ORD-2-25,2023-03-07,North,Partner,Mid,490,3
ORD-2-26,2023-03-04,South,Partner,Mid,495,9
ORD-2-27,2023-03-24,East,Retail,Enterprise,506,10
ORD-2-28,2023-03-16,East,Retail,Mid,144,6
ORD-2-29,2023-03-17,Central,Partner,Mid,443,5
ORD-2-30,2023-03-25,North,Web,Mid,492,5
ORD-2-31,2023-03-26,South,Partner,Mid,600,7
ORD-2-32,2023-03-26,North,Web,Enterprise,376,7
ORD-2-33,2023-03-07,East,Retail,Mid,577,5
ORD-2-34,2023-03-27,South,Retail,Enterprise,335,13
ORD-2-35,2023-03-04,West,Retail,Mid,145,6
ORD-2-36,2023-03-06,North,Partner,Enterprise,559,14
ORD-2-37,2023-03-09,North,Partner,Enterprise,458,10
ORD-2-38,2023-03-14,North,Web,Mid,463,16
ORD-2-39,2023-03-04,South,Retail,SMB,573,7
ORD-2-40,2023-03-05,West,Partner,SMB,687,11
ORD-2-41,2023-03-25,West,Partner,Enterprise,621,8
ORD-2-42,2023-03-05,East,Web,SMB,445,10
ORD-2-43,2023-03-05,South,Web,SMB,604,3
ORD-2-44,2023-03-01,South,Partner,SMB,507,10
ORD-2-45,2023-03-09,East,Partner,SMB,482,6
ORD-2-46,2023-03-14,West,Retail,Enterprise,435,5
ORD-2-47,2023-03-19,North,Retail,Enterprise,580,6
ORD-2-48,2023-03-14,East,Web,Mid,551,14
ORD-2-49,2023-03-19,Central,Partner,Mid,589,13
ORD-2-50,2023-03-12,Central,Retail,Mid,512,8
ORD-2-51,2023-03-21,South,Retail,SMB,256,4
ORD-2-52,2023-03-16,West,Partner,SMB,286,7
ORD-2-53,2023-03-18,West,Partner,SMB,408,12
ORD-2-54,2023-03-17,North,Retail,Mid,378,9
ORD-2-55,2023-03-22,West,Retail,Enterprise,472,10
ORD-2-56,2023-03-01,West,Web,Enterprise,625,11
ORD-2-57,2023-03-10,East,Web,Mid,511,6
ORD-2-58,2023-03-05,South,Retail,Mid,247,11
ORD-2-59,2023-03-06,East,Retail,Mid,354,3
ORD-2-60,2023-03-16,Central,Partner,Mid,307,8
ORD-2-61,2023-03-20,South,Retail,Enterprise,494,6
ORD-2-62,2023-03-22,South,Partner,Mid,420,6
ORD-2-63,2023-03-22,West,Retail,SMB,427,8
ORD-2-64,2023-03-14,East,Retail,Mid,620,7
ORD-2-65,2023-03-14,South,Web,Enterprise,383,11
ORD-2-66,2023-03-13,Central,Partner,SMB,489,4
ORD-2-67,2023-03-23,West,Retail,Enterprise,399,3
ORD-2-68,2023-03-07,South,Retail,Mid,446,13
ORD-2-69,2023-03-13,North,Partner,Enterprise,390,8
ORD-2-70,2023-03-21,East,Partner,SMB,401,12
ORD-2-71,2023-03-08,West,Web,SMB,373,16
ORD-2-72,2023-03-26,East,Retail,Enterprise,518,5
ORD-2-73,2023-03-27,South,Retail,Enterprise,603,6
ORD-2-74,2023-03-01,Central,Partner,Mid,495,9
ORD-2-75,2023-03-13,South,Web,SMB,498,4
ORD-2-76,2023-03-24,West,Retail,Enterprise,449,5
ORD-2-77,2023-03-05,Central,Retail,Mid,625,6
ORD-2-78,2023-03-21,North,Web,Mid,475,9
ORD-2-79,2023-03-10,North,Web,Enterprise,420,6
ORD-2-80,2023-03-13,North,Partner,Enterprise,505,10
ORD-2-81,2023-03-28,North,Retail,Mid,387,6
ORD-2-82,2023-03-24,West,Partner,SMB,664,3
ORD-2-83,2023-03-13,Central,Web,Mid,547,8
ORD-2-84,2023-03-18,Central,Partner,Enterprise,567,8
ORD-2-85,2023-03-06,Central,Partner,Mid,463,14
ORD-2-86,2023-03-07,West,Web,Enterprise,406,7
ORD-2-87,2023-03-09,South,Web,Mid,492,1
ORD-2-88,2023-03-25,East,Retail,Enterprise,347,3
ORD-2-89,2023-03-14,West,Retail,SMB,576,7
ORD-2-90,2023-03-18,South,Partner,Enterprise,673,9
ORD-2-91,2023-03-09,West,Partner,Mid,631,10
ORD-2-92,2023-03-03,East,Web,SMB,423,10
ORD-2-93,2023-03-11,South,Partner,Mid,480,5
ORD-2-94,2023-03-27,West,Web,Enterprise,535,4
ORD-2-95,2023-03-22,South,Web,Enterprise,553,7
ORD-2-96,2023-03-11,South,Partner,Mid,474,12
ORD-2-97,2023-03-27,South,Retail,SMB,472,3
ORD-2-98,2023-03-05,Central,Partner,Mid,532,9
ORD-2-99,2023-03-20,West,Partner,SMB,581,7
ORD-2-100,2023-03-20,East,Web,Enterprise,369,6
ORD-2-101,2023-03-12,Central,Retail,Mid,464,6
ORD-2-102,2023-03-03,East,Partner,Mid,497,11
ORD-2-103,2023-03-20,South,Retail,Mid,658,9
ORD-2-104,2023-03-13,South,Web,Mid,431,4
ORD-2-105,2023-03-16,Central,Web,SMB,401,8
ORD-2-106,2023-03-14,North,Web,SMB,472,7
ORD-2-107,2023-03-23,East,Partner,SMB,514,12
ORD-2-108,2023-03-10,West,Partner,Mid,297,6
ORD-2-109,2023-03-03,South,Partner,Enterprise,471,2
ORD-2-110,2023-03-28,Central,Web,SMB,517,12
ORD-2-111,2023-03-26,East,Web,Mid,363,11
ORD-2-112,2023-03-02,East,Retail,Mid,496,8
ORD-2-113,2023-03-28,East,Retail,Enterprise,636,9
ORD-2-114,2023-03-16,South,Web,Mid,620,12
ORD-2-115,2023-03-01,North,Web,Enterprise,664,6
ORD-2-116,2023-03-08,West,Retail,Mid,679,2
ORD-2-117,2023-03-19,North,Partner,Mid,432,7
ORD-2-118,2023-03-16,South,Web,Mid,591,7
ORD-2-119,2023-03-16,North,Partner,Enterprise,437,3
ORD-2-120,2023-03-16,West,Retail,SMB,685,6
ORD-2-121,2023-03-09,Central,Retail,SMB,521,10
ORD-2-122,2023-03-14,South,Web,SMB,423,1
ORD-2-123,2023-03-11,West,Web,Enterprise,454,10
ORD-2-124,2023-03-09,East,Web,Mid,742,9
ORD-2-125,2023-03-08,South,Retail,Enterprise,490,3
ORD-2-126,2023-03-18,North,Web,SMB,564,10
ORD-2-127,2023-03-23,East,Web,SMB,574,7
ORD-2-128,2023-03-13,North,Retail,SMB,563,9
ORD-2-129,2023-03-10,North,Retail,SMB,351,12
ORD-2-130,2023-03-26,East,Partner,Mid,471,7
ORD-2-131,2023-03-06,North,Partner,SMB,528,9
ORD-2-132,2023-03-16,North,Partner,Mid,515,9
ORD-2-133,2023-03-18,East,Retail,SMB,647,3
ORD-2-134,2023-03-10,South,Retail,Enterprise,411,8
ORD-2-135,2023-03-15,Central,Retail,Enterprise,456,5
ORD-2-136,2023-03-27,North,Partner,Mid,580,15
ORD-2-137,2023-03-15,Central,Web,SMB,542,12
ORD-2-138,2023-03-08,Central,Partner,Enterprise,296,5
ORD-2-139,2023-03-06,Central,Retail,SMB,642,5
ORD-2-140,2023-03-21,West,Web,Mid,427,9
ORD-2-141,2023-03-10,South,Partner,SMB,530,8
ORD-2-142,2023-03-01,West,Web,Mid,253,3
ORD-2-143,2023-03-14,North,Web,SMB,771,4
ORD-2-144,2023-03-03,East,Web,Mid,418,4
ORD-2-145,2023-03-01,East,Web,Enterprise,789,9
ORD-2-146,2023-03-25,Central,Web,Mid,458,4
ORD-2-147,2023-03-14,West,Web,SMB,369,10
ORD-2-148,2023-03-16,Central,Retail,SMB,473,6
ORD-2-149,2023-03-19,North,Partner,Enterprise,406,9
ORD-2-150,2023-03-26,North,Retail,Mid,482,7
ORD-2-151,2023-03-21,Central,Partner,Mid,622,5
ORD-2-152,2023-03-16,Central,Web,Enterprise,385,10
ORD-2-153,2023-03-10,North,Web,SMB,369,11
ORD-2-154,2023-03-28,North,Web,Enterprise,506,4
ORD-2-155,2023-03-05,West,Web,Mid,516,5
ORD-2-156,2023-03-05,West,Partner,Mid,487,8
ORD-2-157,2023-03-07,West,Partner,SMB,312,7
ORD-2-158,2023-03-19,South,Partner,SMB,469,10
ORD-2-159,2023-03-03,South,Web,SMB,465,14
ORD-2-160,2023-03-06,South,Partner,SMB,512,3
ORD-2-161,2023-03-09,Central,Partner,SMB,428,12
ORD-2-162,2023-03-13,South,Partner,Mid,351,8
ORD-2-163,2023-03-05,West,Retail,Mid,607,9
ORD-2-164,2023-03-25,East,Partner,Enterprise,500,8
ORD-2-165,2023-03-28,South,Partner,SMB,459,2
ORD-2-166,2023-03-12,East,Web,Enterprise,199,6
ORD-2-167,2023-03-11,West,Retail,SMB,665,11
ORD-2-168,2023-03-14,West,Partner,SMB,621,7
ORD-2-169,2023-03-28,South,Partner,SMB,556,10
ORD-2-170,2023-03-06,Central,Partner,Mid,336,10
ORD-2-171,2023-03-08,Central,Partner,Mid,453,9
ORD-2-172,2023-03-01,South,Retail,SMB,655,7
ORD-2-173,2023-03-08,South,Partner,SMB,427,7
ORD-2-174,2023-03-20,West,Partner,Enterprise,467,12
ORD-2-175,2023-03-18,Central,Retail,Enterprise,432,8
ORD-2-176,2023-03-11,West,Partner,SMB,662,10
ORD-2-177,2023-03-13,North,Partner,SMB,363,8
ORD-2-178,2023-03-26,Central,Retail,SMB,548,5
ORD-2-179,2023-03-21,North,Retail,Mid,493,8
ORD-2-180,2023-03-08,North,Retail,Enterprise,689,6
ORD-2-181,2023-03-21,Central,Web,Mid,594,7
ORD-2-182,2023-03-23,North,Retail,Mid,361,5
ORD-2-183,2023-03-22,South,Partner,SMB,811,8
ORD-2-184,2023-03-07,West,Partner,Enterprise,618,7
ORD-2-185,2023-03-03,Central,Retail,Enterprise,298,5
ORD-2-186,2023-03-21,North,Retail,Enterprise,446,13
ORD-2-187,2023-03-10,Central,Partner,SMB,703,6
ORD-2-188,2023-03-25,Central,Web,SMB,483,5
ORD-2-189,2023-03-20,East,Web,Mid,514,5
ORD-2-190,2023-03-03,West,Partner,SMB,492,5
ORD-2-191,2023-03-03,East,Partner,SMB,726,1
ORD-2-192,2023-03-23,Central,Partner,SMB,538,3
ORD-2-193,2023-03-11,West,Web,Enterprise,307,2
ORD-2-194,2023-03-26,Central,Retail,Enterprise,577,9
ORD-2-195,2023-03-23,East,Web,Enterprise,538,9
ORD-2-196,2023-03-03,South,Retail,Mid,420,10
ORD-2-197,2023-03-24,Central,Partner,SMB,402,9
ORD-2-198,2023-03-05,West,Retail,SMB,595,10
ORD-2-199,2023-03-22,South,Partner,SMB,519,4
ORD-2-200,2023-03-04,North,Partner,Mid,598,11
ORD-2-201,2023-03-21,Central,Partner,Enterprise,357,10
ORD-2-202,2023-03-20,West,Retail,Enterprise,593,1
ORD-2-203,2023-03-16,West,Web,Mid,463,12
ORD-2-204,2023-03-20,South,Retail,SMB,593,12
ORD-2-205,2023-03-23,Central,Retail,Enterprise,321,5
ORD-2-206,2023-03-02,Central,Retail,SMB,491,9
ORD-2-207,2023-03-06,West,Retail,Enterprise,703,11
ORD-2-208,2023-03-17,East,Web,SMB,453,5
ORD-2-209,2023-03-02,East,Retail,Enterprise,425,9
ORD-2-210,2023-03-24,North,Web,Enterprise,502,10
ORD-2-211,2023-03-24,North,Partner,Mid,580,4
ORD-2-212,2023-03-13,West,Partner,Mid,443,4
ORD-2-213,2023-03-27,West,Web,SMB,365,6
ORD-2-214,2023-03-25,Central,Web,SMB,591,6
ORD-2-215,2023-03-08,South,Retail,SMB,536,9
ORD-2-216,2023-03-24,Central,Partner,Mid,432,10
ORD-2-217,2023-03-11,South,Web,Enterprise,248,7
ORD-2-218,2023-03-12,West,Partner,Mid,444,7
ORD-2-219,2023-03-08,Central,Retail,Enterprise,577,13
ORD-2-220,2023-03-03,Central,Retail,Mid,671,6
ORD-2-221,2023-03-03,Central,Partner,SMB,414,5
ORD-2-222,2023-03-20,Central,Web,Mid,583,9
ORD-2-223,2023-03-14,North,Web,SMB,524,7
ORD-2-224,2023-03-08,Central,Partner,Mid,457,8
ORD-2-225,2023-03-08,East,Partner,Enterprise,363,12
ORD-2-226,2023-03-26,West,Web,SMB,366,4
ORD-2-227,2023-03-14,East,Web,SMB,464,5
ORD-2-228,2023-03-27,Central,Retail,SMB,463,11
ORD-2-229,2023-03-10,Central,Partner,Mid,540,2
ORD-2-230,2023-03-17,Central,Retail,SMB,614,8
ORD-2-231,2023-03-22,East,Web,Enterprise,314,4
ORD-2-232,2023-03-06,Central,Retail,Enterprise,360,9
ORD-2-233,2023-03-04,East,Retail,Mid,457,12
ORD-2-234,2023-03-02,West,Retail,SMB,407,4
ORD-2-235,2023-03-09,West,Partner,Enterprise,563,13
ORD-2-236,2023-03-19,Central,Web,SMB,410,13
ORD-2-237,2023-03-24,East,Partner,Enterprise,441,6
ORD-2-238,2023-03-24,North,Web,Enterprise,292,10
ORD-2-239,2023-03-10,West,Partner,Mid,583,5
ORD-2-240,2023-03-18,East,Partner,Enterprise,540,9
ORD-2-241,2023-03-21,Central,Web,SMB,663,9
ORD-2-242,2023-03-10,West,Partner,Enterprise,442,13
ORD-2-243,2023-03-09,West,Retail,SMB,616,10
ORD-2-244,2023-03-27,North,Partner,Enterprise,552,4
ORD-2-245,2023-03-16,North,Web,Enterprise,683,8
ORD-2-246,2023-03-27,Central,Partner,Mid,679,12
ORD-2-247,2023-03-01,North,Partner,Enterprise,528,6
ORD-2-248,2023-03-03,South,Partner,SMB,702,11
ORD-2-249,2023-03-18,West,Retail,Enterprise,637,6
ORD-2-250,2023-03-04,West,Web,Mid,522,5
ORD-2-251,2023-03-13,Central,Partner,Enterprise,651,7
ORD-2-252,2023-03-18,West,Partner,SMB,605,9
ORD-2-253,2023-03-17,East,Retail,Mid,367,8
ORD-2-254,2023-03-24,East,Web,Enterprise,515,7
ORD-2-255,2023-03-12,East,Web,Mid,546,15
ORD-2-256,2023-03-11,North,Partner,Mid,316,11
ORD-2-257,2023-03-19,Central,Web,Enterprise,555,10
ORD-2-258,2023-03-17,South,Partner,SMB,481,3
ORD-2-259,2023-03-21,West,Retail,SMB,525,10
ORD-2-260,2023-03-26,West,Web,SMB,660,10
ORD-2-261,2023-03-18,West,Partner,Enterprise,445,15
ORD-2-262,2023-03-03,North,Partner,SMB,523,6
ORD-2-263,2023-03-20,West,Web,Enterprise,498,8
ORD-2-264,2023-03-07,Central,Web,Enterprise,510,8
ORD-2-265,2023-03-21,West,Partner,Mid,428,12
ORD-2-266,2023-03-25,East,Partner,SMB,559,8
ORD-2-267,2023-03-06,South,Partner,SMB,704,13
ORD-2-268,2023-03-15,West,Web,Mid,490,9
ORD-2-269,2023-03-28,North,Partner,Mid,508,6
ORD-2-270,2023-03-06,West,Partner,Enterprise,369,10
ORD-2-271,2023-03-22,East,Partner,SMB,299,9
ORD-2-272,2023-03-26,South,Web,Enterprise,136,9
ORD-2-273,2023-03-12,South,Retail,Mid,453,7
ORD-2-274,2023-03-17,Central,Web,Mid,524,3
ORD-2-275,2023-03-02,North,Web,Mid,536,6
ORD-2-276,2023-03-28,Central,Web,Enterprise,524,10
ORD-2-277,2023-03-15,Central,Partner,Mid,457,8
ORD-2-278,2023-03-15,West,Partner,SMB,562,10
ORD-2-279,2023-03-20,Central,Partner,Enterprise,493,8
ORD-2-280,2023-03-13,Central,Web,SMB,555,8
ORD-2-281,2023-03-17,East,Web,Enterprise,490,6
ORD-2-282,2023-03-14,Central,Web,Mid,547,11
ORD-2-283,2023-03-03,East,Web,Mid,482,7
ORD-2-284,2023-03-07,South,Web,Mid,455,6
ORD-2-285,2023-03-15,East,Partner,SMB,527,7
ORD-2-286,2023-03-07,East,Web,Mid,561,5
ORD-2-287,2023-03-19,South,Web,Enterprise,813,4
ORD-2-288,2023-03-25,Central,Partner,SMB,517,7
ORD-2-289,2023-03-24,South,Retail,SMB,524,5
ORD-2-290,2023-03-21,South,Partner,SMB,653,12
ORD-2-291,2023-03-04,North,Web,SMB,491,6
ORD-2-292,2023-03-08,West,Web,Mid,429,5
ORD-2-293,2023-03-17,South,Partner,Mid,422,1
ORD-2-294,2023-03-08,North,Partner,Mid,566,4
ORD-2-295,2023-03-13,West,Web,Mid,550,9
ORD-2-296,2023-03-17,East,Web,Mid,573,10
ORD-2-297,2023-03-07,Central,Partner,SMB,286,7
ORD-2-298,2023-03-25,North,Web,Enterprise,440,4
ORD-2-299,2023-03-26,North,Partner,Mid,503,10
ORD-3-0,2023-04-18,Central,Retail,Enterprise,407,7
ORD-3-1,2023-04-24,South,Web,Mid,599,9
ORD-3-2,2023-04-09,South,Retail,Mid,513,7
ORD-3-3,2023-04-19,South,Web,SMB,408,11
ORD-3-4,2023-04-06,West,Retail,Mid,367,9
ORD-3-5,2023-04-22,West,Retail,Mid,740,7
ORD-3-6,2023-04-19,West,Retail,Enterprise,662,9
ORD-3-7,2023-04-22,North,Retail,SMB,454,10
ORD-3-8,2023-04-08,East,Web,Mid,583,10
ORD-3-9,2023-04-23,North,Partner,Mid,566,5
ORD-3-10,2023-04-15,West,Partner,SMB,527,7
ORD-3-11,2023-04-11,East,Web,SMB,304,8
ORD-3-12,2023-04-26,East,Web,SMB,620,9
ORD-3-13,2023-04-03,North,Retail,SMB,518,6
ORD-3-14,2023-04-11,West,Partner,Enterprise,425,6
ORD-3-15,2023-04-23,North,Web,SMB,536,8
ORD-3-16,2023-04-13,East,Web,Enterprise,551,10
ORD-3-17,2023-04-07,South,Retail,SMB,656,5
ORD-3-18,2023-04-26,North,Web,Mid,493,14
ORD-3-19,2023-04-04,East,Retail,Enterprise,496,12
ORD-3-20,2023-04-15,Central,Web,Enterprise,582,9
ORD-3-21,2023-04-04,East,Web,Mid,404,5
ORD-3-22,2023-04-14,North,Web,Mid,332,7
ORD-3-23,2023-04-03,North,Retail,SMB,327,6
ORD-3-24,2023-04-27,South,Partner,Mid,311,8
ORD-3-25,2023-04-21,North,Retail,SMB,549,20
ORD-3-26,2023-04-28,West,Partner,Mid,353,2
ORD-3-27,2023-04-11,Central,Web,SMB,512,11
ORD-3-28,2023-04-16,Central,Retail,SMB,277,7
ORD-3-29,2023-04-10,East,Web,SMB,394,3
ORD-3-30,2023-04-23,West,Partner,Enterprise,547,7
ORD-3-31,2023-04-04,Central,Partner,Mid,648,6
ORD-3-32,2023-04-12,North,Web,Enterprise,460,3
ORD-3-33,2023-04-18,West,Retail,SMB,561,9
ORD-3-34,2023-04-23,East,Partner,SMB,671,10
ORD-3-35,2023-04-11,West,Retail,Enterprise,699,5
ORD-3-36,2023-04-21,East,Partner,Mid,458,10
ORD-3-37,2023-04-04,Central,Partner,Mid,721,7
ORD-3-38,2023-04-08,South,Retail,Mid,447,13
ORD-3-39,2023-04-13,North,Web,Enterprise,809,16
ORD-3-40,2023-04-16,West,Partner,Enterprise,453,9
ORD-3-41,2023-04-23,North,Partner,Enterprise,301,7
ORD-3-42,2023-04-12,South,Web,Enterprise,400,5
ORD-3-43,2023-04-08,East,Web,SMB,453,7
ORD-3-44,2023-04-12,North,Retail,Mid,404,9
ORD-3-45,2023-04-07,South,Partner,Enterprise,453,3
ORD-3-46,2023-04-21,Central,Partner,SMB,442,6
ORD-3-47,2023-04-06,North,Retail,Enterprise,503,9
ORD-3-48,2023-04-26,South,Web,Enterprise,667,11
ORD-3-49,2023-04-05,East,Retail,Mid,411,8
ORD-3-50,2023-04-14,West,Partner,Mid,458,8
ORD-3-51,2023-04-10,East,Partner,Mid,661,8
ORD-3-52,2023-04-11,Central,Retail,Enterprise,449,4
ORD-3-53,2023-04-06,West,Retail,SMB,455,8
ORD-3-54,2023-04-27,East,Partner,Mid,312,7
ORD-3-55,2023-04-02,South,Partner,Mid,490,6
ORD-3-56,2023-04-13,North,Partner,Enterprise,495,11
ORD-3-57,2023-04-06,Central,Web,SMB,542,6
ORD-3-58,2023-04-25,East,Partner,Enterprise,670,7
ORD-3-59,2023-04-25,South,Partner,SMB,341,2
ORD-3-60,2023-04-25,South,Web,Enterprise,567,10
ORD-3-61,2023-04-16,North,Web,Mid,518,6
ORD-3-62,2023-04-02,Central,Partner,SMB,557,5
ORD-3-63,2023-04-14,West,Retail,Enterprise,501,11
ORD-3-64,2023-04-02,East,Web,SMB,319,7
ORD-3-65,2023-04-03,North,Web,Mid,669,11
ORD-3-66,2023-04-06,Central,Retail,SMB,396,15
ORD-3-67,2023-04-08,North,Web,SMB,381,8
ORD-3-68,2023-04-13,East,Retail,Mid,461,5
ORD-3-69,2023-04-06,West,Partner,Mid,496,10
ORD-3-70,2023-04-04,East,Partner,Enterprise,469,6
ORD-3-71,2023-04-10,West,Web,SMB,408,13
ORD-3-72,2023-04-12,West,Retail,Enterprise,611,9
ORD-3-73,2023-04-17,East,Web,Enterprise,399,9
ORD-3-74,2023-04-17,South,Partner,Mid,447,10
ORD-3-75,2023-04-07,North,Retail,SMB,465,6
ORD-3-76,2023-04-04,East,Retail,Enterprise,412,6
ORD-3-77,2023-04-08,East,Partner,SMB,466,6
ORD-3-78,2023-04-08,North,Partner,Enterprise,420,11
ORD-3-79,2023-04-23,East,Web,Enterprise,548,10
ORD-3-80,2023-04-19,West,Web,SMB,354,6
ORD-3-81,2023-04-05,South,Retail,Mid,486,8
ORD-3-82,2023-04-16,West,Partner,SMB,463,10
ORD-3-83,2023-04-15,Central,Web,SMB,349,4
ORD-3-84,2023-04-24,South,Retail,SMB,419,7
ORD-3-85,2023-04-10,East,Partner,SMB,257,10
ORD-3-86,2023-04-22,East,Retail,SMB,619,7
ORD-3-87,2023-04-22,North,Partner,Mid,324,10
ORD-3-88,2023-04-02,Central,Retail,SMB,526,9
ORD-3-89,2023-04-11,West,Retail,Enterprise,507,8
ORD-3-90,2023-04-09,North,Partner,Enterprise,516,8
ORD-3-91,2023-04-14,Central,Retail,Enterprise,381,9
ORD-3-92,2023-04-11,South,Partner,Mid,551,5
ORD-3-93,2023-04-10,East,Web,Mid,661,9
ORD-3-94,2023-04-11,North,Retail,Mid,436,11
ORD-3-95,2023-04-26,South,Web,Enterprise,409,4
ORD-3-96,2023-04-24,Central,Retail,SMB,770,9
ORD-3-97,2023-04-05,South,Partner,Enterprise,614,8
ORD-3-98,2023-04-24,South,Partner,Mid,428,4
ORD-3-99,2023-04-04,South,Web,Enterprise,509,5
ORD-3-100,2023-04-10,North,Retail,Enterprise,540,6
ORD-3-101,2023-04-07,East,Web,Enterprise,493,6
ORD-3-102,2023-04-15,East,Partner,Mid,448,11
ORD-3-103,2023-04-11,East,Retail,SMB,589,8
ORD-3-104,2023-04-04,South,Partner,SMB,216,14
ORD-3-105,2023-04-20,Central,Web,Mid,521,9
ORD-3-106,2023-04-18,South,Retail,Mid,326,9
ORD-3-107,2023-04-22,East,Web,SMB,491,7
ORD-3-108,2023-04-17,South,Retail,Enterprise,414,12
ORD-3-109,2023-04-11,West,Retail,SMB,560,6
ORD-3-110,2023-04-23,West,Web,Mid,507,9
ORD-3-111,2023-04-09,North,Retail,Enterprise,643,11
ORD-3-112,2023-04-23,North,Partner,SMB,315,9
ORD-3-113,2023-04-26,West,Retail,Enterprise,391,11
ORD-3-114,2023-04-09,South,Retail,SMB,579,7
ORD-3-115,2023-04-22,North,Web,Mid,417,7
ORD-3-116,2023-04-25,North,Web,SMB,454,8
ORD-3-117,2023-04-14,South,Retail,Enterprise,475,9
ORD-3-118,2023-04-28,North,Web,Mid,504,4
ORD-3-119,2023-04-14,East,Web,Enterprise,395,5
ORD-3-120,2023-04-09,North,Partner,Enterprise,544,10
ORD-3-121,2023-04-03,West,Retail,Enterprise,418,14
ORD-3-122,2023-04-19,South,Web,Enterprise,636,8
ORD-3-123,2023-04-08,Central,Partner,Enterprise,597,9
ORD-3-124,2023-04-24,North,Partner,SMB,414,13
ORD-3-125,2023-04-13,East,Retail,Enterprise,499,5
ORD-3-126,2023-04-11,North,Partner,Mid,412,1
ORD-3-127,2023-04-09,East,Retail,Mid,673,9
ORD-3-128,2023-04-11,West,Retail,Enterprise,772,6
ORD-3-129,2023-04-14,South,Partner,SMB,404,8
ORD-3-130,2023-04-10,Central,Retail,Mid,546,8
ORD-3-131,2023-04-16,West,Retail,Mid,511,12
ORD-3-132,2023-04-20,South,Partner,Enterprise,523,4
ORD-3-133,2023-04-26,South,Retail,Enterprise,401,7
ORD-3-134,2023-04-17,North,Partner,SMB,580,9
ORD-3-135,2023-04-13,East,Retail,Mid,444,11
ORD-3-136,2023-04-21,North,Partner,Enterprise,491,9
ORD-3-137,2023-04-10,South,Retail,SMB,516,3
ORD-3-138,2023-04-23,Central,Web,SMB,585,10
ORD-3-139,2023-04-07,Central,Retail,Mid,486,9
ORD-3-140,2023-04-23,North,Web,SMB,378,8
ORD-3-141,2023-04-03,Central,Partner,Mid,663,8
ORD-3-142,2023-04-11,South,Retail,SMB,671,4
ORD-3-143,2023-04-21,Central,Web,SMB,493,7
ORD-3-144,2023-04-13,East,Retail,Mid,435,10
ORD-3-145,2023-04-04,Central,Retail,Mid,577,6
ORD-3-146,2023-04-02,Central,Web,Enterprise,551,11
ORD-3-147,2023-04-24,Central,Web,SMB,427,5
ORD-3-148,2023-04-07,South,Partner,SMB,748,14
ORD-3-149,2023-04-25,West,Partner,SMB,341,6
ORD-3-150,2023-04-19,South,Web,Mid,417,2
ORD-3-151,2023-04-13,East,Web,Mid,514,7
ORD-3-152,2023-04-18,North,Partner,Mid,510,10
ORD-3-153,2023-04-13,South,Retail,SMB,670,7
ORD-3-154,2023-04-17,East,Web,Enterprise,231,12
ORD-3-155,2023-04-10,South,Partner,SMB,503,3
ORD-3-156,2023-04-22,North,Partner,Mid,508,6
ORD-3-157,2023-04-07,Central,Web,Mid,401,9
ORD-3-158,2023-04-11,Central,Web,SMB,517,13
ORD-3-159,2023-04-06,Central,Retail,Mid,351,5
ORD-3-160,2023-04-17,South,Web,SMB,383,8
ORD-3-161,2023-04-14,Central,Retail,SMB,456,8
ORD-3-162,2023-04-02,West,Retail,Mid,652,9
ORD-3-163,2023-04-16,South,Retail,SMB,339,5
ORD-3-164,2023-04-16,South,Retail,Enterprise,638,13
ORD-3-165,2023-04-03,North,Retail,SMB,400,9
ORD-3-166,2023-04-16,Central,Partner,Enterprise,559,10
ORD-3-167,2023-04-22,Central,Partner,Enterprise,468,8
ORD-3-168,2023-04-25,West,Partner,SMB,389,4
ORD-3-169,2023-04-15,Central,Retail,Mid,196,11
ORD-3-170,2023-04-25,South,Web,Enterprise,496,1
ORD-3-171,2023-04-04,East,Web,Enterprise,634,11
ORD-3-172,2023-04-20,West,Retail,SMB,602,10
ORD-3-173,2023-04-20,South,Web,SMB,275,9
ORD-3-174,2023-04-14,East,Partner,Mid,452,4
ORD-3-175,2023-04-26,North,Web,Enterprise,345,7
ORD-3-176,2023-04-07,North,Retail,Mid,656,8
ORD-3-177,2023-04-21,North,Web,Mid,493,10
ORD-3-178,2023-04-14,East,Web,Mid,572,6
ORD-3-179,2023-04-05,North,Retail,Mid,398,4
ORD-3-180,2023-04-27,Central,Retail,Enterprise,334,5
ORD-3-181,2023-04-23,East,Web,Enterprise,467,6
ORD-3-182,2023-04-19,West,Retail,Mid,490,7
ORD-3-183,2023-04-23,East,Retail,Mid,486,3
ORD-3-184,2023-04-18,North,Retail,SMB,618,7
ORD-3-185,2023-04-11,West,Web,Mid,391,8
ORD-3-186,2023-04-23,North,Retail,Mid,487,8
ORD-3-187,2023-04-20,East,Partner,Mid,463,4
ORD-3-188,2023-04-10,North,Web,Mid,513,7
ORD-3-189,2023-04-10,South,Partner,Enterprise,464,12
ORD-3-190,2023-04-04,West,Partner,Mid,688,8
ORD-3-191,2023-04-21,West,Web,SMB,509,7
ORD-3-192,2023-04-28,South,Partner,Enterprise,650,10
ORD-3-193,2023-04-07,North,Web,SMB,605,7
ORD-3-194,2023-04-05,South,Retail,Mid,422,7
ORD-3-195,2023-04-14,South,Retail,Mid,317,8
ORD-3-196,2023-04-25,West,Retail,SMB,619,9
ORD-3-197,2023-04-08,North,Partner,Enterprise,493,8
ORD-3-198,2023-04-09,North,Retail,SMB,567,5
ORD-3-199,2023-04-19,East,Web,SMB,534,9
ORD-3-200,2023-04-03,Central,Partner,Mid,644,10
ORD-3-201,2023-04-07,South,Partner,Enterprise,635,7
ORD-3-202,2023-04-13,North,Partner,Enterprise,519,11
ORD-3-203,2023-04-01,North,Web,Mid,530,7
ORD-3-204,2023-04-06,East,Partner,Mid,440,8
ORD-3-205,2023-04-04,North,Web,Enterprise,616,8
ORD-3-206,2023-04-25,Central,Retail,Enterprise,368,8
ORD-3-207,2023-04-23,West,Partner,Enterprise,434,12
ORD-3-208,2023-04-12,North,Partner,SMB,376,10
ORD-3-209,2023-04-12,West,Web,SMB,217,3
ORD-3-210,2023-04-01,East,Web,Enterprise,768,8
ORD-3-211,2023-04-17,West,Partner,Mid,507,4
ORD-3-212,2023-04-28,North,Partner,Enterprise,532,9
ORD-3-213,2023-04-09,Central,Web,SMB,580,13
ORD-3-214,2023-04-07,East,Partner,Enterprise,657,11
ORD-3-215,2023-04-08,South,Partner,Enterprise,366,11
ORD-3-216,2023-04-20,Central,Retail,SMB,569,9
ORD-3-217,2023-04-28,North,Retail,Enterprise,587,5
ORD-3-218,2023-04-28,Central,Web,Enterprise,518,5
ORD-3-219,2023-04-27,South,Web,Enterprise,561,8
ORD-3-220,2023-04-25,South,Retail,Enterprise,365,11
ORD-3-221,2023-04-14,Central,Web,Mid,634,4
ORD-3-222,2023-04-02,Central,Retail,SMB,665,4
ORD-3-223,2023-04-25,West,Retail,SMB,664,15
ORD-3-224,2023-04-10,Central,Partner,Enterprise,474,9
ORD-3-225,2023-04-03,South,Retail,Mid,633,6
ORD-3-226,2023-04-07,Central,Partner,Enterprise,419,8
ORD-3-227,2023-04-06,East,Retail,Mid,459,8
ORD-3-228,2023-04-20,Central,Web,Mid,507,10
ORD-3-229,2023-04-01,North,Web,Enterprise,547,7
ORD-3-230,2023-04-11,South,Web,Mid,308,7
ORD-3-231,2023-04-24,South,Web,Mid,481,4
ORD-3-232,2023-04-03,South,Partner,Enterprise,503,4
ORD-3-233,2023-04-24,North,Retail,Mid,480,4
ORD-3-234,2023-04-13,North,Web,SMB,572,8
ORD-3-235,2023-04-27,East,Partner,Mid,436,3
ORD-3-236,2023-04-08,North,Retail,Enterprise,561,6
ORD-3-237,2023-04-27,North,Partner,Mid,449,9
ORD-3-238,2023-04-06,North,Web,Mid,609,6
ORD-3-239,2023-04-25,Central,Web,SMB,487,8
ORD-3-240,2023-04-24,Central,Web,Mid,441,6
ORD-3-241,2023-04-09,West,Web,Mid,257,7
ORD-3-242,2023-04-02,East,Partner,Mid,677,7
ORD-3-243,2023-04-08,Central,Retail,Mid,364,7
ORD-3-244,2023-04-27,East,Web,Enterprise,577,7
ORD-3-245,2023-04-08,West,Partner,SMB,575,10
ORD-3-246,2023-04-06,East,Partner,SMB,483,8
ORD-3-247,2023-04-22,South,Partner,Mid,381,9
ORD-3-248,2023-04-20,North,Retail,Enterprise,471,10
ORD-3-249,2023-04-10,Central,Partner,Mid,560,9
ORD-3-250,2023-04-01,South,Retail,SMB,513,6
ORD-3-251,2023-04-24,North,Partner,Enterprise,497,12
ORD-3-252,2023-04-16,East,Web,SMB,317,2
ORD-3-253,2023-04-08,North,Retail,Enterprise,499,5
ORD-3-254,2023-04-28,North,Retail,Mid,446,8
ORD-3-255,2023-04-22,East,Web,Mid,426,6
ORD-3-256,2023-04-08,West,Partner,Mid,443,9
ORD-3-257,2023-04-18,Central,Partner,Enterprise,658,11
ORD-3-258,2023-04-04,South,Partner,Mid,527,10
ORD-3-259,2023-04-27,South,Web,Enterprise,367,4
ORD-3-260,2023-04-08,East,Retail,Mid,716,7
ORD-3-261,2023-04-15,North,Retail,Enterprise,639,6
ORD-3-262,2023-04-07,East,Retail,SMB,399,9
ORD-3-263,2023-04-21,North,Partner,SMB,455,8
ORD-3-264,2023-04-17,West,Web,Enterprise,457,10
ORD-3-265,2023-04-06,Central,Partner,SMB,516,5
ORD-3-266,2023-04-27,West,Partner,Enterprise,372,7
ORD-3-267,2023-04-25,North,Web,SMB,497,5
ORD-3-268,2023-04-10,South,Partner,Mid,536,6
ORD-3-269,2023-04-19,Central,Partner,Enterprise,614,11
ORD-3-270,2023-04-19,Central,Web,Enterprise,470,6
ORD-3-271,2023-04-09,South,Web,SMB,516,8
ORD-3-272,2023-04-22,West,Web,Mid,465,10
ORD-3-273,2023-04-05,East,Partner,Enterprise,449,9
ORD-3-274,2023-04-03,East,Retail,SMB,403,6
ORD-3-275,2023-04-19,East,Web,Mid,622,9
ORD-3-276,2023-04-20,Central,Web,SMB,579,10
ORD-3-277,2023-04-05,Central,Partner,Enterprise,711,4
ORD-3-278,2023-04-21,West,Web,SMB,551,11
ORD-3-279,2023-04-11,Central,Partner,SMB,597,6
ORD-3-280,2023-04-18,West,Web,SMB,594,9
ORD-3-281,2023-04-01,East,Web,SMB,493,8
ORD-3-282,2023-04-05,North,Partner,SMB,416,3
ORD-3-283,2023-04-19,North,Partner,Mid,804,8
ORD-3-284,2023-04-10,North,Retail,Mid,496,11
ORD-3-285,2023-04-27,Central,Retail,Enterprise,350,7
ORD-3-286,2023-04-07,South,Web,Enterprise,389,6
ORD-3-287,2023-04-23,East,Retail,Enterprise,634,4
ORD-3-288,2023-04-15,East,Web,Enterprise,616,8
ORD-3-289,2023-04-05,North,Partner,Mid,339,8
ORD-3-290,2023-04-19,Central,Partner,SMB,541,6
ORD-3-291,2023-04-09,East,Partner,Mid,514,10
ORD-3-292,2023-04-06,North,Partner,SMB,545,8
ORD-3-293,2023-04-16,South,Partner,Mid,319,2
ORD-3-294,2023-04-17,Central,Web,Mid,447,8
ORD-3-295,2023-04-01,South,Retail,Enterprise,592,4
ORD-3-296,2023-04-14,West,Partner,Enterprise,409,6
ORD-3-297,2023-04-15,Central,Web,SMB,483,4
ORD-3-298,2023-04-12,East,Retail,SMB,677,7
ORD-3-299,2023-04-02,West,Partner,SMB,702,8
ORD-4-0,2023-05-09,Central,Web,SMB,212,5
ORD-4-1,2023-05-06,North,Retail,Mid,464,5
ORD-4-2,2023-05-23,Central,Web,Mid,718,3
ORD-4-3,2023-05-18,East,Retail,Enterprise,424,9
ORD-4-4,2023-05-07,East,Retail,SMB,633,1
ORD-4-5,2023-05-16,Central,Web,SMB,485,11
ORD-4-6,2023-05-18,West,Web,Mid,363,12
ORD-4-7,2023-05-28,West,Retail,Enterprise,429,9
ORD-4-8,2023-05-23,North,Retail,Enterprise,629,7
ORD-4-9,2023-05-16,West,Partner,Mid,548,9
ORD-4-10,2023-05-10,West,Retail,Enterprise,525,5
ORD-4-11,2023-05-09,Central,Retail,Enterprise,661,7
ORD-4-12,2023-05-19,East,Web,Mid,532,5
ORD-4-13,2023-05-08,South,Retail,Mid,792,8
ORD-4-14,2023-05-11,North,Web,Mid,448,6
ORD-4-15,2023-05-27,South,Retail,Mid,497,14
ORD-4-16,2023-05-27,South,Retail,Enterprise,521,8
ORD-4-17,2023-05-20,North,Retail,Enterprise,524,1
ORD-4-18,2023-05-15,East,Partner,SMB,524,11
ORD-4-19,2023-05-14,Central,Partner,SMB,634,7
ORD-4-20,2023-05-03,South,Web,Mid,419,9
ORD-4-21,2023-05-02,West,Web,SMB,454,8
ORD-4-22,2023-05-28,West,Retail,Mid,524,11
ORD-4-23,2023-05-26,East,Web,Enterprise,526,8
ORD-4-24,2023-05-24,West,Retail,Enterprise,395,7
ORD-4-25,2023-05-06,Central,Web,SMB,627,7
ORD-4-26,2023-05-10,Central,Web,Mid,549,3
ORD-4-27,2023-05-22,South,Retail,Mid,424,7
ORD-4-28,2023-05-14,West,Retail,Mid,755,6
ORD-4-29,2023-05-22,East,Web,SMB,471,8
ORD-4-30,2023-05-19,East,Partner,Mid,392,7
ORD-4-31,2023-05-21,North,Retail,Enterprise,330,6
ORD-4-32,2023-05-04,East,Web,SMB,427,10
ORD-4-33,2023-05-08,South,Web,Enterprise,458,4
ORD-4-34,2023-05-14,East,Partner,SMB,603,9
ORD-4-35,2023-05-12,Central,Retail,Enterprise,391,5
ORD-4-36,2023-05-12,West,Web,SMB,317,4
ORD-4-37,2023-05-04,Central,Web,SMB,452,9
ORD-4-38,2023-05-05,Central,Web,Enterprise,415,6
ORD-4-39,2023-05-26,East,Web,SMB,542,7
ORD-4-40,2023-05-09,Central,Web,Enterprise,243,11
ORD-4-41,2023-05-03,Central,Partner,Mid,222,4
ORD-4-42,2023-05-27,South,Web,Enterprise,590,9
ORD-4-43,2023-05-04,Central,Retail,Mid,687,8
ORD-4-44,2023-05-17,West,Partner,SMB,431,12
ORD-4-45,2023-05-15,Central,Web,Mid,422,8
ORD-4-46,2023-05-25,West,Retail,SMB,650,9
ORD-4-47,2023-05-28,South,Web,Enterprise,579,7
ORD-4-48,2023-05-13,South,Retail,SMB,443,13
ORD-4-49,2023-05-10,Central,Partner,SMB,394,7
ORD-4-50,2023-05-14,East,Partner,Enterprise,479,6
ORD-4-51,2023-05-14,East,Retail,SMB,595,3
ORD-4-52,2023-05-21,East,Web,Mid,599,2
ORD-4-53,2023-05-21,West,Retail,Mid,569,10
ORD-4-54,2023-05-17,West,Partner,Mid,604,6
ORD-4-55,2023-05-13,West,Retail,SMB,510,5
ORD-4-56,2023-05-08,North,Partner,SMB,448,11
ORD-4-57,2023-05-11,North,Partner,Enterprise,435,8
ORD-4-58,2023-05-14,East,Partner,Mid,718,6
ORD-4-59,2023-05-07,Central,Retail,SMB,384,9
ORD-4-60,2023-05-08,Central,Retail,Mid,392,9
ORD-4-61,2023-05-24,East,Partner,SMB,515,9
ORD-4-62,2023-05-26,South,Partner,Enterprise,419,7
ORD-4-63,2023-05-21,East,Retail,SMB,442,11
ORD-4-64,2023-05-22,West,Partner,Mid,517,4
ORD-4-65,2023-05-04,East,Retail,Mid,531,3
ORD-4-66,2023-05-20,Central,Partner,SMB,255,6
ORD-4-67,2023-05-07,East,Partner,Mid,492,10
ORD-4-68,2023-05-22,East,Retail,SMB,415,13
ORD-4-69,2023-05-17,North,Web,Mid,553,9
ORD-4-70,2023-05-14,North,Retail,SMB,520,8
ORD-4-71,2023-05-19,West,Web,Mid,353,5
ORD-4-72,2023-05-23,Central,Retail,Enterprise,434,5
ORD-4-73,2023-05-04,South,Retail,Enterprise,502,11
ORD-4-74,2023-05-27,Central,Partner,Mid,622,9
ORD-4-75,2023-05-19,East,Partner,Mid,483,4
ORD-4-76,2023-05-16,Central,Retail,Enterprise,454,13
ORD-4-77,2023-05-13,North,Retail,SMB,568,4
ORD-4-78,2023-05-27,South,Retail,Enterprise,618,10
ORD-4-79,2023-05-12,Central,Retail,Enterprise,695,12
ORD-4-80,2023-05-09,East,Partner,Mid,690,14
ORD-4-81,2023-05-10,East,Web,SMB,568,5
ORD-4-82,2023-05-10,West,Web,Mid,748,7
ORD-4-83,2023-05-22,Central,Partner,Mid,589,7
ORD-4-84,2023-05-28,East,Retail,Enterprise,442,7
ORD-4-85,2023-05-20,West,Retail,Mid,461,8
ORD-4-86,2023-05-08,East,Retail,Mid,642,11
ORD-4-87,2023-05-14,West,Web,Mid,338,10
ORD-4-88,2023-05-08,South,Partner,SMB,605,8
ORD-4-89,2023-05-10,South,Partner,Mid,552,11
ORD-4-90,2023-05-16,Central,Retail,SMB,595,9
ORD-4-91,2023-05-17,South,Web,SMB,415,10
ORD-4-92,2023-05-20,East,Retail,Mid,538,14
ORD-4-93,2023-05-19,East,Web,Enterprise,512,9
ORD-4-94,2023-05-03,East,Partner,SMB,406,12
ORD-4-95,2023-05-10,North,Partner,Mid,611,8
ORD-4-96,2023-05-06,East,Web,Mid,434,11
ORD-4-97,2023-05-04,Central,Partner,Mid,432,6
ORD-4-98,2023-05-14,Central,Retail,Enterprise,497,10
ORD-4-99,2023-05-17,South,Retail,Enterprise,477,5
ORD-4-100,2023-05-16,West,Partner,SMB,652,11
ORD-4-101,2023-05-22,North,Retail,Mid,492,6
ORD-4-102,2023-05-19,North,Retail,Mid,554,10
ORD-4-103,2023-05-06,Central,Web,SMB,346,2
ORD-4-104,2023-05-05,North,Web,SMB,572,6
ORD-4-105,2023-05-05,South,Partner,SMB,603,7
ORD-4-106,2023-05-25,Central,Retail,Enterprise,488,3
ORD-4-107,2023-05-17,Central,Partner,SMB,580,1
ORD-4-108,2023-05-07,East,Retail,SMB,512,9
ORD-4-109,2023-05-21,West,Web,Mid,520,8
ORD-4-110,2023-05-17,South,Web,SMB,689,7
ORD-4-111,2023-05-14,Central,Web,Enterprise,661,6
ORD-4-112,2023-05-04,North,Partner,Mid,564,6
ORD-4-113,2023-05-01,North,Web,Enterprise,308,11
ORD-4-114,2023-05-07,East,Partner,Enterprise,344,8
ORD-4-115,2023-05-14,Central,Web,SMB,463,8
ORD-4-116,2023-05-25,West,Web,SMB,433,10
ORD-4-117,2023-05-27,North,Web,SMB,408,11
ORD-4-118,2023-05-19,Central,Retail,SMB,450,12
ORD-4-119,2023-05-11,South,Retail,Mid,639,6
ORD-4-120,2023-05-22,Central,Partner,SMB,397,9
ORD-4-121,2023-05-05,Central,Retail,Mid,444,9
ORD-4-122,2023-05-01,East,Web,Mid,468,2
ORD-4-123,2023-05-04,Central,Web,Enterprise,474,5
ORD-4-124,2023-05-06,West,Web,SMB,336,7
ORD-4-125,2023-05-08,East,Partner,SMB,401,8
ORD-4-126,2023-05-04,West,Web,Mid,660,4
ORD-4-127,2023-05-25,Central,Web,Enterprise,572,7
ORD-4-128,2023-05-25,East,Web,Mid,514,8
ORD-4-129,2023-05-03,North,Retail,Enterprise,328,10
ORD-4-130,2023-05-05,Central,Retail,Mid,583,11
ORD-4-131,2023-05-12,East,Web,SMB,665,6
ORD-4-132,2023-05-27,Central,Web,Mid,667,6
ORD-4-133,2023-05-25,Central,Retail,Mid,427,4
ORD-4-134,2023-05-14,South,Retail,SMB,524,9
ORD-4-135,2023-05-18,Central,Web,SMB,512,10
ORD-4-136,2023-05-16,East,Partner,SMB,402,7
ORD-4-137,2023-05-07,West,Partner,SMB,606,10
ORD-4-138,2023-05-08,South,Retail,Mid,196,9
ORD-4-139,2023-05-15,East,Retail,Mid,685,7
ORD-4-140,2023-05-11,West,Web,SMB,602,9
ORD-4-141,2023-05-03,East,Partner,Enterprise,479,8
ORD-4-142,2023-05-23,West,Web,SMB,310,7
ORD-4-143,2023-05-03,North,Partner,Enterprise,380,10
ORD-4-144,2023-05-20,South,Partner,SMB,482,5
ORD-4-145,2023-05-02,South,Web,Enterprise,522,3
ORD-4-146,2023-05-26,South,Web,SMB,540,11
ORD-4-147,2023-05-05,East,Retail,Mid,494,4
ORD-4-148,2023-05-19,South,Partner,Mid,480,9
ORD-4-149,2023-05-17,Central,Web,Enterprise,512,10
ORD-4-150,2023-05-13,West,Web,SMB,590,8
ORD-4-151,2023-05-12,Central,Web,Mid,588,12
ORD-4-152,2023-05-25,Central,Partner,Mid,706,7
ORD-4-153,2023-05-27,South,Partner,Enterprise,324,5
ORD-4-154,2023-05-06,North,Retail,Mid,406,13
ORD-4-155,2023-05-01,North,Web,Enterprise,620,10
ORD-4-156,2023-05-25,East,Partner,Mid,304,15
ORD-4-157,2023-05-05,South,Web,SMB,474,7
ORD-4-158,2023-05-20,North,Web,Mid,621,13
ORD-4-159,2023-05-26,West,Web,Mid,341,7
ORD-4-160,2023-05-21,South,Partner,Enterprise,607,2
ORD-4-161,2023-05-13,South,Retail,Mid,531,11
ORD-4-162,2023-05-15,Central,Retail,Mid,382,4
ORD-4-163,2023-05-08,Central,Web,Mid,462,4
ORD-4-164,2023-05-06,North,Partner,Enterprise,448,5
ORD-4-165,2023-05-05,East,Partner,Mid,235,8
ORD-4-166,2023-05-15,East,Retail,SMB,630,9
ORD-4-167,2023-05-23,West,Partner,SMB,556,10
ORD-4-168,2023-05-12,West,Retail,SMB,472,2
ORD-4-169,2023-05-25,South,Retail,SMB,431,10
ORD-4-170,2023-05-12,South,Partner,SMB,617,4
ORD-4-171,2023-05-01,West,Retail,Mid,596,6
ORD-4-172,2023-05-14,Central,Web,SMB,585,7
ORD-4-173,2023-05-02,West,Partner,SMB,520,5
ORD-4-174,2023-05-28,South,Web,Enterprise,129,5
ORD-4-175,2023-05-22,East,Partner,Mid,416,7
ORD-4-176,2023-05-20,West,Partner,Enterprise,710,6
ORD-4-177,2023-05-10,East,Partner,Mid,480,15
ORD-4-178,2023-05-16,East,Retail,SMB,665,8
ORD-4-179,2023-05-19,West,Retail,SMB,510,9
ORD-4-180,2023-05-20,West,Partner,SMB,430,5
ORD-4-181,2023-05-23,Central,Retail,Mid,640,9
ORD-4-182,2023-05-17,South,Web,Mid,559,5
ORD-4-183,2023-05-25,South,Web,Mid,624,9
ORD-4-184,2023-05-24,South,Partner,Mid,644,3
ORD-4-185,2023-05-14,Central,Web,Enterprise,479,6
ORD-4-186,2023-05-07,East,Web,Mid,508,8
ORD-4-187,2023-05-09,North,Partner,Enterprise,615,5
ORD-4-188,2023-05-05,South,Web,Enterprise,405,10
ORD-4-189,2023-05-25,Central,Web,SMB,616,5
ORD-4-190,2023-05-20,Central,Web,Enterprise,382,9
ORD-4-191,2023-05-19,West,Web,SMB,615,4
ORD-4-192,2023-05-16,South,Web,Mid,534,11
ORD-4-193,2023-05-07,North,Web,Enterprise,454,8
ORD-4-194,2023-05-25,South,Partner,Mid,459,8
ORD-4-195,2023-05-12,Central,Web,Mid,511,12
ORD-4-196,2023-05-03,Central,Web,Enterprise,504,11
ORD-4-197,2023-05-20,South,Retail,Enterprise,256,7
ORD-4-198,2023-05-12,North,Web,SMB,552,6
ORD-4-199,2023-05-22,South,Web,Enterprise,701,8
ORD-4-200,2023-05-21,North,Web,Enterprise,608,9
ORD-4-201,2023-05-14,East,Partner,Enterprise,520,4
ORD-4-202,2023-05-12,Central,Partner,SMB,581,9
ORD-4-203,2023-05-27,Central,Retail,SMB,563,13
ORD-4-204,2023-05-25,South,Partner,SMB,569,8
ORD-4-205,2023-05-10,West,Partner,Enterprise,467,6
ORD-4-206,2023-05-12,East,Partner,Mid,634,5
ORD-4-207,2023-05-12,East,Retail,Enterprise,516,13
ORD-4-208,2023-05-12,Central,Partner,Enterprise,575,5
ORD-4-209,2023-05-13,East,Web,Enterprise,644,5
ORD-4-210,2023-05-10,South,Web,SMB,431,8
ORD-4-211,2023-05-21,East,Retail,Mid,636,11
ORD-4-212,2023-05-18,North,Partner,SMB,555,5
ORD-4-213,2023-05-20,South,Web,Mid,489,7
ORD-4-214,2023-05-25,West,Web,SMB,495,9
ORD-4-215,2023-05-20,South,Web,SMB,678,5
ORD-4-216,2023-05-27,South,Partner,SMB,611,9
ORD-4-217,2023-05-18,East,Web,Enterprise,215,4
ORD-4-218,2023-05-05,East,Web,Enterprise,553,11
ORD-4-219,2023-05-21,Central,Retail,Mid,412,18
ORD-4-220,2023-05-09,Central,Retail,Mid,534,9
ORD-4-221,2023-05-11,South,Web,Enterprise,606,9
ORD-4-222,2023-05-15,East,Web,Mid,461,2
ORD-4-223,2023-05-07,Central,Web,SMB,621,2
ORD-4-224,2023-05-08,North,Retail,Enterprise,364,5
ORD-4-225,2023-05-11,East,Web,Mid,505,5
ORD-4-226,2023-05-03,South,Retail,SMB,414,12
ORD-4-227,2023-05-05,South,Partner,Enterprise,338,6
ORD-4-228,2023-05-22,South,Web,Mid,426,11
ORD-4-229,2023-05-15,North,Retail,SMB,534,6
ORD-4-230,2023-05-26,Central,Retail,Mid,563,9
ORD-4-231,2023-05-01,South,Retail,Mid,385,14
ORD-4-232,2023-05-17,South,Retail,Enterprise,374,6
ORD-4-233,2023-05-02,East,Partner,Enterprise,444,12
ORD-4-234,2023-05-25,North,Retail,Mid,368,9
ORD-4-235,2023-05-28,East,Retail,SMB,701,7
ORD-4-236,2023-05-08,East,Partner,Enterprise,698,12
ORD-4-237,2023-05-06,South,Web,Enterprise,902,12
ORD-4-238,2023-05-15,Central,Web,Enterprise,529,4
ORD-4-239,2023-05-11,West,Partner,SMB,652,11
ORD-4-240,2023-05-02,South,Partner,Enterprise,539,11
ORD-4-241,2023-05-19,Central,Retail,Mid,461,14
ORD-4-242,2023-05-21,North,Web,Enterprise,465,10
ORD-4-243,2023-05-27,North,Partner,SMB,431,8
ORD-4-244,2023-05-04,East,Partner,Enterprise,416,5
ORD-4-245,2023-05-07,South,Partner,Enterprise,542,7
ORD-4-246,2023-05-12,North,Partner,SMB,380,8
ORD-4-247,2023-05-06,South,Retail,Enterprise,455,7
ORD-4-248,2023-05-03,South,Partner,Mid,474,9
ORD-4-249,2023-05-08,Central,Retail,Mid,566,9
ORD-4-250,2023-05-20,Central,Retail,Enterprise,429,4
ORD-4-251,2023-05-04,North,Partner,Mid,467,7
ORD-4-252,2023-05-15,East,Partner,Enterprise,605,11
ORD-4-253,2023-05-15,North,Partner,Mid,435,8
ORD-4-254,2023-05-22,Central,Retail,SMB,468,7
ORD-4-255,2023-05-13,South,Web,Mid,322,7
ORD-4-256,2023-05-28,South,Web,Mid,540,8
ORD-4-257,2023-05-14,East,Retail,Enterprise,575,10
ORD-4-258,2023-05-20,East,Web,Enterprise,589,10
ORD-4-259,2023-05-13,East,Retail,SMB,607,7
ORD-4-260,2023-05-08,West,Retail,Mid,464,12
ORD-4-261,2023-05-11,West,Partner,SMB,425,9
ORD-4-262,2023-05-10,West,Retail,Enterprise,509,3
ORD-4-263,2023-05-24,North,Partner,Mid,534,7
ORD-4-264,2023-05-02,West,Retail,SMB,608,12
ORD-4-265,2023-05-21,Central,Web,SMB,482,10
ORD-4-266,2023-05-02,East,Partner,Mid,1,5
ORD-4-267,2023-05-12,North,Retail,SMB,373,8
ORD-4-268,2023-05-16,South,Web,SMB,409,10
ORD-4-269,2023-05-01,West,Retail,SMB,735,5
ORD-4-270,2023-05-15,Central,Retail,Mid,424,11
ORD-4-271,2023-05-15,South,Web,Enterprise,282,7
ORD-4-272,2023-05-25,West,Partner,Enterprise,521,10
ORD-4-273,2023-05-28,East,Retail,Mid,600,7
ORD-4-274,2023-05-22,East,Web,Enterprise,402,11
ORD-4-275,2023-05-14,North,Retail,SMB,613,14
ORD-4-276,2023-05-10,North,Web,SMB,619,13
ORD-4-277,2023-05-05,West,Retail,SMB,533,10
ORD-4-278,2023-05-20,East,Retail,SMB,418,12
ORD-4-279,2023-05-27,Central,Partner,Enterprise,444,8
ORD-4-280,2023-05-06,West,Partner,SMB,543,8
ORD-4-281,2023-05-08,South,Partner,Mid,635,9
ORD-4-282,2023-05-16,East,Partner,SMB,554,10
ORD-4-283,2023-05-17,South,Retail,Enterprise,480,6
ORD-4-284,2023-05-13,South,Partner,Enterprise,381,5
ORD-4-285,2023-05-11,West,Retail,SMB,655,7
ORD-4-286,2023-05-28,West,Partner,Mid,480,12
ORD-4-287,2023-05-11,East,Partner,SMB,563,8
ORD-4-288,2023-05-08,West,Retail,Enterprise,560,9
ORD-4-289,2023-05-12,North,Web,SMB,614,4
ORD-4-290,2023-05-19,East,Retail,SMB,377,11
ORD-4-291,2023-05-07,East,Retail,Mid,475,7
ORD-4-292,2023-05-09,North,Web,Enterprise,594,6
ORD-4-293,2023-05-21,West,Retail,SMB,653,8
ORD-4-294,2023-05-23,North,Web,Mid,557,11
ORD-4-295,2023-05-12,North,Retail,Mid,563,6
ORD-4-296,2023-05-23,East,Web,SMB,401,8
ORD-4-297,2023-05-12,East,Retail,Enterprise,538,14
ORD-4-298,2023-05-14,South,Partner,Enterprise,503,9
ORD-4-299,2023-05-26,East,Partner,SMB,427,7
ORD-5-0,2023-06-24,North,Retail,SMB,523,10
ORD-5-1,2023-06-27,East,Partner,SMB,378,9
ORD-5-2,2023-06-16,North,Web,SMB,525,10
ORD-5-3,2023-06-01,North,Web,Mid,546,9
ORD-5-4,2023-06-12,North,Retail,Mid,636,7
ORD-5-5,2023-06-25,Central,Retail,Mid,447,11
ORD-5-6,2023-06-21,West,Partner,Mid,670,8
ORD-5-7,2023-06-24,South,Partner,SMB,567,1
ORD-5-8,2023-06-02,West,Partner,Enterprise,443,3
ORD-5-9,2023-06-27,North,Web,Enterprise,802,5
ORD-5-10,2023-06-18,West,Retail,Enterprise,565,9
ORD-5-11,2023-06-10,North,Web,SMB,501,8
ORD-5-12,2023-06-11,North,Retail,Mid,742,12
ORD-5-13,2023-06-18,Central,Retail,Enterprise,377,12
ORD-5-14,2023-06-24,South,Web,Enterprise,441,6
ORD-5-15,2023-06-04,South,Web,Enterprise,536,9
ORD-5-16,2023-06-05,West,Retail,Mid,373,15
ORD-5-17,2023-06-18,North,Web,SMB,506,10
ORD-5-18,2023-06-14,North,Retail,Mid,239,6
ORD-5-19,2023-06-11,East,Partner,Enterprise,513,11
ORD-5-20,2023-06-21,East,Retail,SMB,331,8
ORD-5-21,2023-06-19,South,Partner,Mid,309,10
ORD-5-22,2023-06-09,Central,Partner,Mid,505,8
ORD-5-23,2023-06-24,West,Web,Mid,594,10
ORD-5-24,2023-06-24,West,Retail,SMB,579,8
ORD-5-25,2023-06-04,South,Retail,Mid,177,13
ORD-5-26,2023-06-19,West,Partner,Enterprise,620,6
ORD-5-27,2023-06-15,North,Web,Enterprise,399,10
ORD-5-28,2023-06-22,West,Web,Mid,746,10
ORD-5-29,2023-06-11,West,Web,Enterprise,583,5
ORD-5-30,2023-06-07,Central,Retail,SMB,619,8
ORD-5-31,2023-06-24,West,Web,Enterprise,590,11
ORD-5-32,2023-06-13,East,Web,Mid,444,7
ORD-5-33,2023-06-21,North,Retail,Enterprise,410,7
ORD-5-34,2023-06-13,North,Web,Mid,528,11
ORD-5-35,2023-06-22,West,Web,Mid,476,2
ORD-5-36,2023-06-28,East,Retail,Enterprise,476,6
ORD-5-37,2023-06-08,West,Web,SMB,558,10
ORD-5-38,2023-06-18,North,Retail,Enterprise,586,8
ORD-5-39,2023-06-10,Central,Web,SMB,587,5
ORD-5-40,2023-06-03,Central,Retail,Enterprise,521,10
ORD-5-41,2023-06-17,Central,Retail,SMB,542,4
ORD-5-42,2023-06-20,South,Web,Enterprise,445,8
ORD-5-43,2023-06-26,Central,Partner,Enterprise,544,11
ORD-5-44,2023-06-03,South,Retail,SMB,578,11
ORD-5-45,2023-06-02,East,Retail,Mid,211,6
ORD-5-46,2023-06-19,East,Web,Enterprise,492,8
ORD-5-47,2023-06-08,North,Partner,SMB,536,9
ORD-5-48,2023-06-28,North,Partner,SMB,547,10
ORD-5-49,2023-06-21,South,Web,Mid,567,6
ORD-5-50,2023-06-18,South,Partner,SMB,353,5
ORD-5-51,2023-06-20,West,Web,Mid,486,7
ORD-5-52,2023-06-16,West,Partner,Enterprise,670,12
ORD-5-53,2023-06-14,South,Web,SMB,398,7
ORD-5-54,2023-06-14,South,Partner,SMB,408,9
ORD-5-55,2023-06-09,South,Retail,Mid,692,11
ORD-5-56,2023-06-25,Central,Partner,SMB,574,3
ORD-5-57,2023-06-22,North,Retail,Enterprise,579,15
ORD-5-58,2023-06-13,North,Partner,Enterprise,623,13
ORD-5-59,2023-06-16,North,Web,Mid,598,8
ORD-5-60,2023-06-05,South,Partner,SMB,574,9
ORD-5-61,2023-06-28,South,Partner,Enterprise,457,7
ORD-5-62,2023-06-01,East,Retail,SMB,768,6
ORD-5-63,2023-06-20,East,Web,Enterprise,503,4
ORD-5-64,2023-06-04,North,Retail,Mid,617,6
ORD-5-65,2023-06-02,East,Web,Enterprise,471,5
ORD-5-66,2023-06-18,South,Retail,SMB,568,13
ORD-5-67,2023-06-21,East,Retail,SMB,665,10
ORD-5-68,2023-06-03,East,Web,SMB,563,9
ORD-5-69,2023-06-03,North,Web,Enterprise,599,9
ORD-5-70,2023-06-04,West,Partner,Enterprise,478,8
ORD-5-71,2023-06-21,West,Web,Mid,558,11
ORD-5-72,2023-06-23,West,Retail,Mid,380,7
ORD-5-73,2023-06-28,North,Partner,Enterprise,494,8
ORD-5-74,2023-06-21,East,Web,Enterprise,461,13
ORD-5-75,2023-06-07,South,Web,Enterprise,387,9
ORD-5-76,2023-06-05,West,Web,Enterprise,593,10
ORD-5-77,2023-06-21,West,Retail,Mid,511,8
ORD-5-78,2023-06-20,North,Retail,Mid,494,12
ORD-5-79,2023-06-21,North,Partner,Enterprise,793,7
ORD-5-80,2023-06-08,South,Partner,SMB,536,7
ORD-5-81,2023-06-10,South,Retail,SMB,556,3
ORD-5-82,2023-06-25,South,Partner,SMB,438,4
ORD-5-83,2023-06-24,North,Web,Mid,582,3
ORD-5-84,2023-06-20,East,Retail,Mid,445,9
ORD-5-85,2023-06-15,South,Partner,Mid,300,11
ORD-5-86,2023-06-22,West,Retail,Mid,500,4
ORD-5-87,2023-06-04,North,Partner,SMB,227,9
ORD-5-88,2023-06-06,East,Retail,Enterprise,109,9
ORD-5-89,2023-06-11,West,Web,SMB,563,13
ORD-5-90,2023-06-02,East,Retail,SMB,615,5
ORD-5-91,2023-06-04,South,Partner,Enterprise,526,7
ORD-5-92,2023-06-03,West,Partner,Mid,434,4
ORD-5-93,2023-06-22,West,Web,SMB,358,6
ORD-5-94,2023-06-11,Central,Web,Enterprise,330,11
ORD-5-95,2023-06-14,East,Web,SMB,567,7
ORD-5-96,2023-06-07,South,Web,Mid,512,4
ORD-5-97,2023-06-17,Central,Web,Mid,281,8
ORD-5-98,2023-06-11,Central,Partner,SMB,563,12
ORD-5-99,2023-06-17,Central,Partner,Mid,537,5
ORD-5-100,2023-06-23,East,Partner,Enterprise,428,5
ORD-5-101,2023-06-20,West,Web,SMB,658,12
ORD-5-102,2023-06-04,West,Retail,SMB,390,5
ORD-5-103,2023-06-18,North,Retail,SMB,620,7
ORD-5-104,2023-06-25,West,Web,Mid,467,12
ORD-5-105,2023-06-18,West,Web,Enterprise,593,6
ORD-5-106,2023-06-09,East,Web,Enterprise,433,7
ORD-5-107,2023-06-21,South,Partner,Enterprise,436,14
ORD-5-108,2023-06-27,South,Partner,Mid,484,11
ORD-5-109,2023-06-02,West,Partner,Enterprise,543,6
ORD-5-110,2023-06-01,East,Retail,Mid,676,7
ORD-5-111,2023-06-01,Central,Web,Enterprise,551,7
ORD-5-112,2023-06-09,East,Partner,Mid,610,11
ORD-5-113,2023-06-04,West,Partner,Mid,576,7
ORD-5-114,2023-06-08,West,Retail,Mid,537,10
ORD-5-115,2023-06-18,West,Web,Enterprise,408,8
ORD-5-116,2023-06-13,East,Web,Mid,588,9
ORD-5-117,2023-06-03,West,Partner,SMB,696,12
ORD-5-118,2023-06-03,South,Web,Enterprise,428,4
ORD-5-119,2023-06-20,East,Web,Mid,554,5
ORD-5-120,2023-06-27,Central,Partner,Enterprise,465,6
ORD-5-121,2023-06-06,East,Partner,SMB,610,1
ORD-5-122,2023-06-15,East,Retail,SMB,469,11
ORD-5-123,2023-06-10,West,Web,Mid,713,10
ORD-5-124,2023-06-26,East,Partner,Enterprise,254,7
ORD-5-125,2023-06-19,West,Partner,Mid,446,8
ORD-5-126,2023-06-24,West,Web,Mid,465,14
ORD-5-127,2023-06-20,North,Web,Mid,411,6
ORD-5-128,2023-06-09,North,Retail,Enterprise,322,8
ORD-5-129,2023-06-16,Central,Retail,Enterprise,560,11
ORD-5-130,2023-06-17,North,Retail,Mid,633,6
ORD-5-131,2023-06-20,East,Retail,Enterprise,513,13
ORD-5-132,2023-06-06,West,Web,SMB,517,11
ORD-5-133,2023-06-04,East,Web,Enterprise,664,8
ORD-5-134,2023-06-24,South,Retail,Enterprise,426,4
ORD-5-135,2023-06-04,South,Web,Mid,512,8
ORD-5-136,2023-06-15,West,Partner,SMB,362,7
ORD-5-137,2023-06-11,East,Partner,Enterprise,615,2
ORD-5-138,2023-06-20,East,Retail,Enterprise,580,12
ORD-5-139,2023-06-15,Central,Retail,Mid,530,5
ORD-5-140,2023-06-09,South,Partner,Enterprise,433,10
ORD-5-141,2023-06-16,North,Retail,Mid,369,5
ORD-5-142,2023-06-07,West,Retail,SMB,439,7
ORD-5-143,2023-06-13,South,Partner,SMB,322,8
ORD-5-144,2023-06-06,South,Partner,SMB,399,12
ORD-5-145,2023-06-25,Central,Web,SMB,442,11
ORD-5-146,2023-06-14,Central,Retail,SMB,584,7
ORD-5-147,2023-06-22,East,Partner,Mid,371,11
ORD-5-148,2023-06-24,North,Partner,Enterprise,421,14
ORD-5-149,2023-06-17,North,Retail,SMB,565,8
ORD-5-150,2023-06-18,Central,Retail,Enterprise,495,3
ORD-5-151,2023-06-01,North,Partner,Enterprise,401,6
ORD-5-152,2023-06-03,East,Web,Enterprise,145,7
ORD-5-153,2023-06-01,South,Partner,Mid,531,5
ORD-5-154,2023-06-10,East,Retail,SMB,290,4
ORD-5-155,2023-06-05,Central,Partner,SMB,569,9
ORD-5-156,2023-06-10,South,Web,Enterprise,543,5
ORD-5-157,2023-06-23,South,Web,SMB,341,5
ORD-5-158,2023-06-23,West,Web,SMB,599,9
ORD-5-159,2023-06-17,East,Retail,SMB,394,9
ORD-5-160,2023-06-16,Central,Partner,Enterprise,645,7
ORD-5-161,2023-06-03,West,Retail,SMB,621,15
ORD-5-162,2023-06-22,South,Web,SMB,462,5
ORD-5-163,2023-06-08,South,Web,Enterprise,370,8
ORD-5-164,2023-06-21,North,Web,SMB,425,10
ORD-5-165,2023-06-20,East,Partner,SMB,483,9
ORD-5-166,2023-06-11,West,Web,SMB,682,10
ORD-5-167,2023-06-17,South,Partner,Enterprise,350,8
ORD-5-168,2023-06-06,West,Web,Mid,639,9
ORD-5-169,2023-06-20,Central,Web,Mid,599,11
ORD-5-170,2023-06-10,West,Web,SMB,587,7
ORD-5-171,2023-06-16,North,Partner,SMB,635,13
ORD-5-172,2023-06-04,East,Retail,SMB,490,11
ORD-5-173,2023-06-25,West,Partner,Mid,612,9
ORD-5-174,2023-06-07,South,Web,Enterprise,382,9
ORD-5-175,2023-06-13,Central,Web,Mid,392,10
ORD-5-176,2023-06-23,East,Web,SMB,321,9
ORD-5-177,2023-06-23,Central,Partner,SMB,554,14
ORD-5-178,2023-06-14,South,Web,Mid,557,9
ORD-5-179,2023-06-26,West,Retail,Mid,411,7
ORD-5-180,2023-06-02,East,Partner,Enterprise,466,9
ORD-5-181,2023-06-16,North,Partner,Mid,391,4
ORD-5-182,2023-06-07,North,Web,Mid,393,5
ORD-5-183,2023-06-14,South,Web,Enterprise,458,8
ORD-5-184,2023-06-04,Central,Partner,SMB,612,8
ORD-5-185,2023-06-13,East,Web,SMB,396,14
ORD-5-186,2023-06-21,Central,Retail,Mid,459,6
ORD-5-187,2023-06-22,Central,Partner,SMB,390,13
ORD-5-188,2023-06-24,Central,Partner,Mid,464,8
ORD-5-189,2023-06-04,East,Retail,Mid,779,8
ORD-5-190,2023-06-03,South,Retail,Mid,539,7
ORD-5-191,2023-06-14,South,Partner,Enterprise,591,6
ORD-5-192,2023-06-17,West,Retail,Mid,504,9
ORD-5-193,2023-06-19,East,Retail,Mid,615,4
ORD-5-194,2023-06-14,North,Retail,Mid,502,4
ORD-5-195,2023-06-20,South,Retail,Enterprise,512,12
ORD-5-196,2023-06-24,Central,Web,SMB,435,9
ORD-5-197,2023-06-01,Central,Web,SMB,385,12
ORD-5-198,2023-06-17,North,Partner,Enterprise,512,5
ORD-5-199,2023-06-07,East,Retail,SMB,414,10
ORD-5-200,2023-06-04,Central,Partner,Enterprise,423,9
ORD-5-201,2023-06-18,South,Web,Enterprise,453,12
ORD-5-202,2023-06-03,West,Retail,Enterprise,604,11
ORD-5-203,2023-06-19,North,Web,SMB,784,9
ORD-5-204,2023-06-22,South,Retail,Enterprise,497,8
ORD-5-205,2023-06-10,East,Retail,Enterprise,716,11
ORD-5-206,2023-06-07,Central,Partner,Enterprise,491,6
ORD-5-207,2023-06-04,South,Web,Enterprise,644,7
ORD-5-208,2023-06-26,East,Retail,Mid,521,10
ORD-5-209,2023-06-22,West,Web,SMB,490,7
ORD-5-210,2023-06-23,West,Partner,Mid,422,6
ORD-5-211,2023-06-05,East,Retail,SMB,546,9
ORD-5-212,2023-06-25,West,Web,Mid,423,1
ORD-5-213,2023-06-11,North,Retail,Enterprise,492,9
ORD-5-214,2023-06-05,West,Partner,SMB,569,3
ORD-5-215,2023-06-25,Central,Partner,Mid,391,10
ORD-5-216,2023-06-11,Central,Web,Enterprise,454,6
ORD-5-217,2023-06-17,East,Partner,Enterprise,611,8
ORD-5-218,2023-06-09,East,Web,Mid,526,6
ORD-5-219,2023-06-02,East,Partner,Enterprise,524,7
ORD-5-220,2023-06-16,North,Retail,SMB,530,6
ORD-5-221,2023-06-12,West,Web,Mid,413,5
ORD-5-222,2023-06-21,North,Web,Mid,445,10
ORD-5-223,2023-06-14,North,Partner,SMB,432,6
ORD-5-224,2023-06-18,East,Retail,Enterprise,751,2
ORD-5-225,2023-06-22,East,Web,SMB,573,10
ORD-5-226,2023-06-02,South,Web,Mid,569,8
ORD-5-227,2023-06-11,West,Web,Enterprise,550,8
ORD-5-228,2023-06-07,North,Retail,SMB,441,8
ORD-5-229,2023-06-14,West,Web,Mid,533,8
ORD-5-230,2023-06-18,South,Web,Enterprise,482,13
ORD-5-231,2023-06-26,South,Partner,Enterprise,445,1
ORD-5-232,2023-06-27,West,Web,SMB,397,11
ORD-5-233,2023-06-11,Central,Web,Enterprise,392,3
ORD-5-234,2023-06-22,North,Partner,Enterprise,490,12
ORD-5-235,2023-06-07,Central,Web,SMB,232,10
ORD-5-236,2023-06-19,West,Web,Mid,401,8
ORD-5-237,2023-06-11,West,Web,Enterprise,366,11
ORD-5-238,2023-06-03,East,Retail,Mid,588,4
ORD-5-239,2023-06-14,Central,Partner,SMB,529,4
ORD-5-240,2023-06-16,South,Web,Enterprise,391,7
ORD-5-241,2023-06-11,South,Web,Enterprise,441,4
ORD-5-242,2023-06-25,Central,Web,Mid,506,6
ORD-5-243,2023-06-28,North,Partner,Enterprise,418,8
ORD-5-244,2023-06-28,West,Web,SMB,511,10
ORD-5-245,2023-06-22,West,Web,Enterprise,503,4
ORD-5-246,2023-06-12,West,Retail,Enterprise,310,10
ORD-5-247,2023-06-04,West,Partner,Mid,633,5
ORD-5-248,2023-06-03,East,Web,Mid,451,3
ORD-5-249,2023-06-25,West,Retail,Mid,684,7
ORD-5-250,2023-06-12,South,Partner,Mid,526,5
ORD-5-251,2023-06-07,West,Partner,Mid,576,5
ORD-5-252,2023-06-16,South,Web,Enterprise,680,9
ORD-5-253,2023-06-12,East,Partner,SMB,482,5
ORD-5-254,2023-06-09,North,Retail,SMB,460,13
ORD-5-255,2023-06-02,East,Partner,Mid,441,6
ORD-5-256,2023-06-17,South,Partner,SMB,251,6
ORD-5-257,2023-06-09,South,Retail,SMB,691,9
ORD-5-258,2023-06-13,West,Retail,SMB,634,8
ORD-5-259,2023-06-04,Central,Partner,Enterprise,488,5
ORD-5-260,2023-06-28,North,Web,SMB,541,6
ORD-5-261,2023-06-07,North,Partner,Enterprise,440,5
ORD-5-262,2023-06-04,Central,Partner,SMB,499,6
ORD-5-263,2023-06-23,East,Retail,Enterprise,484,11
ORD-5-264,2023-06-18,Central,Web,Mid,352,7
ORD-5-265,2023-06-24,West,Web,Mid,424,7
ORD-5-266,2023-06-18,North,Partner,SMB,396,12
ORD-5-267,2023-06-24,East,Web,Enterprise,455,6
ORD-5-268,2023-06-13,East,Partner,Mid,430,10
ORD-5-269,2023-06-14,West,Web,Enterprise,734,8
ORD-5-270,2023-06-16,West,Web,Enterprise,342,9
ORD-5-271,2023-06-12,South,Web,SMB,512,12
ORD-5-272,2023-06-02,East,Retail,Enterprise,616,9
ORD-5-273,2023-06-12,Central,Partner,Mid,584,5
ORD-5-274,2023-06-08,Central,Retail,SMB,477,12
ORD-5-275,2023-06-09,Central,Partner,SMB,445,11
ORD-5-276,2023-06-26,East,Retail,Mid,373,5
ORD-5-277,2023-06-05,Central,Partner,SMB,692,9
ORD-5-278,2023-06-05,East,Web,Enterprise,598,2
ORD-5-279,2023-06-22,East,Retail,Enterprise,767,2
ORD-5-280,2023-06-11,East,Web,Mid,488,6
ORD-5-281,2023-06-17,West,Partner,Enterprise,530,7
ORD-5-282,2023-06-17,Central,Partner,Enterprise,325,5
ORD-5-283,2023-06-28,North,Partner,Mid,463,8
ORD-5-284,2023-06-10,Central,Retail,Mid,447,9
ORD-5-285,2023-06-28,East,Partner,Enterprise,356,4
ORD-5-286,2023-06-17,East,Partner,Mid,511,9
ORD-5-287,2023-06-17,West,Web,SMB,363,18
ORD-5-288,2023-06-01,East,Web,Mid,448,12
ORD-5-289,2023-06-12,South,Retail,Enterprise,547,7
ORD-5-290,2023-06-22,Central,Web,SMB,443,9
ORD-5-291,2023-06-27,North,Retail,Mid,469,7
ORD-5-292,2023-06-16,East,Web,Enterprise,546,8
ORD-5-293,2023-06-04,Central,Retail,SMB,664,5
ORD-5-294,2023-06-15,Central,Retail,Enterprise,542,8
ORD-5-295,2023-06-22,West,Retail,Mid,408,7
ORD-5-296,2023-06-24,West,Web,Mid,614,1
ORD-5-297,2023-06-12,East,Partner,Mid,504,12
ORD-5-298,2023-06-15,East,Retail,Mid,598,15
ORD-5-299,2023-06-16,Central,Retail,Enterprise,661,7
ORD-6-0,2023-07-02,South,Retail,Mid,678,5
ORD-6-1,2023-07-08,South,Retail,Enterprise,603,8
ORD-6-2,2023-07-05,West,Retail,Enterprise,439,1
ORD-6-3,2023-07-07,North,Retail,SMB,232,10
ORD-6-4,2023-07-14,South,Retail,SMB,554,6
ORD-6-5,2023-07-23,East,Retail,Enterprise,448,5
ORD-6-6,2023-07-02,North,Retail,SMB,559,5
ORD-6-7,2023-07-06,West,Partner,Mid,621,13
ORD-6-8,2023-07-26,Central,Partner,Enterprise,639,9
ORD-6-9,2023-07-11,East,Partner,SMB,495,8
ORD-6-10,2023-07-21,North,Partner,SMB,295,4
ORD-6-11,2023-07-22,North,Retail,Mid,648,10
ORD-6-12,2023-07-19,West,Web,SMB,330,5
ORD-6-13,2023-07-13,North,Web,Mid,467,11
ORD-6-14,2023-07-14,Central,Partner,Mid,516,7
ORD-6-15,2023-07-08,East,Retail,Enterprise,654,11
ORD-6-16,2023-07-05,Central,Retail,Mid,567,9
ORD-6-17,2023-07-01,Central,Retail,SMB,529,6
ORD-6-18,2023-07-18,South,Retail,Enterprise,336,4
ORD-6-19,2023-07-04,South,Retail,SMB,581,9
ORD-6-20,2023-07-14,South,Retail,Mid,661,6
ORD-6-21,2023-07-03,North,Retail,Mid,476,13
ORD-6-22,2023-07-21,West,Web,Mid,651,10
ORD-6-23,2023-07-01,Central,Web,Enterprise,591,5
ORD-6-24,2023-07-17,Central,Partner,Mid,461,4
ORD-6-25,2023-07-07,East,Partner,Enterprise,476,11
ORD-6-26,2023-07-17,Central,Retail,Enterprise,586,11
ORD-6-27,2023-07-01,North,Retail,Mid,470,5
ORD-6-28,2023-07-05,East,Partner,Mid,462,7
ORD-6-29,2023-07-01,North,Partner,Enterprise,485,12
ORD-6-30,2023-07-10,East,Partner,SMB,509,7
ORD-6-31,2023-07-06,West,Web,Enterprise,415,10
ORD-6-32,2023-07-24,East,Retail,Mid,585,7
ORD-6-33,2023-07-17,North,Web,SMB,596,13
ORD-6-34,2023-07-02,East,Partner,Mid,686,12
ORD-6-35,2023-07-11,Central,Web,SMB,418,6
ORD-6-36,2023-07-24,North,Retail,Mid,532,2
ORD-6-37,2023-07-26,West,Retail,SMB,466,6
ORD-6-38,2023-07-13,East,Web,Mid,419,3
ORD-6-39,2023-07-06,South,Web,Mid,634,6
ORD-6-40,2023-07-13,East,Web,Mid,461,7
ORD-6-41,2023-07-12,East,Web,Mid,458,7
ORD-6-42,2023-07-21,East,Web,Mid,391,9
ORD-6-43,2023-07-20,West,Web,Mid,373,13
ORD-6-44,2023-07-11,South,Web,Enterprise,564,4
ORD-6-45,2023-07-13,East,Partner,Mid,572,5
ORD-6-46,2023-07-04,East,Partner,Mid,398,9
ORD-6-47,2023-07-23,Central,Retail,Mid,521,8
ORD-6-48,2023-07-01,North,Retail,SMB,374,10
ORD-6-49,2023-07-25,South,Partner,SMB,435,6
ORD-6-50,2023-07-18,Central,Partner,SMB,291,10
ORD-6-51,2023-07-14,South,Retail,Enterprise,381,6
ORD-6-52,2023-07-10,West,Partner,Enterprise,596,7
ORD-6-53,2023-07-22,Central,Partner,Enterprise,468,3
ORD-6-54,2023-07-06,North,Retail,SMB,700,5
ORD-6-55,2023-07-06,West,Web,Mid,288,12
ORD-6-56,2023-07-08,East,Retail,Mid,382,7
ORD-6-57,2023-07-27,West,Retail,Mid,609,12
ORD-6-58,2023-07-06,West,Web,Enterprise,611,9
ORD-6-59,2023-07-24,Central,Web,SMB,424,8
ORD-6-60,2023-07-06,East,Partner,Mid,593,10
ORD-6-61,2023-07-28,East,Partner,Enterprise,306,5
ORD-6-62,2023-07-28,East,Web,Enterprise,535,13
ORD-6-63,2023-07-07,North,Partner,SMB,433,6
ORD-6-64,2023-07-13,West,Web,SMB,244,6
ORD-6-65,2023-07-15,East,Retail,Enterprise,377,7
ORD-6-66,2023-07-23,North,Web,SMB,450,11
ORD-6-67,2023-07-14,Central,Retail,Enterprise,461,5
ORD-6-68,2023-07-12,West,Partner,Enterprise,374,10
ORD-6-69,2023-07-07,South,Web,Mid,649,3
ORD-6-70,2023-07-04,West,Retail,Mid,546,6
ORD-6-71,2023-07-23,Central,Partner,Enterprise,573,10
ORD-6-72,2023-07-13,East,Retail,Mid,388,7
ORD-6-73,2023-07-28,North,Retail,Mid,365,4
ORD-6-74,2023-07-25,North,Retail,Mid,600,13
ORD-6-75,2023-07-01,West,Partner,Mid,442,10
ORD-6-76,2023-07-22,South,Web,SMB,532,12
ORD-6-77,2023-07-26,Central,Retail,SMB,574,8
ORD-6-78,2023-07-23,East,Retail,Mid,427,10
ORD-6-79,2023-07-01,South,Retail,Mid,581,10
ORD-6-80,2023-07-25,South,Retail,Enterprise,420,14
ORD-6-81,2023-07-21,North,Partner,SMB,502,7
ORD-6-82,2023-07-25,East,Partner,Enterprise,512,5
ORD-6-83,2023-07-13,East,Partner,Enterprise,395,14
ORD-6-84,2023-07-13,West,Web,SMB,386,8
ORD-6-85,2023-07-27,Central,Partner,Mid,129,7
ORD-6-86,2023-07-08,Central,Retail,Enterprise,554,5
ORD-6-87,2023-07-02,East,Partner,Enterprise,414,3
ORD-6-88,2023-07-04,East,Web,Enterprise,617,7
ORD-6-89,2023-07-03,South,Retail,SMB,440,7
ORD-6-90,2023-07-03,South,Partner,Mid,519,9
ORD-6-91,2023-07-08,Central,Retail,Enterprise,351,10
ORD-6-92,2023-07-18,East,Web,Enterprise,419,9
ORD-6-93,2023-07-05,North,Web,Mid,693,9
ORD-6-94,2023-07-12,East,Retail,Mid,594,12
ORD-6-95,2023-07-11,Central,Retail,Enterprise,398,4
ORD-6-96,2023-07-14,North,Web,Mid,399,9
ORD-6-97,2023-07-05,South,Partner,Enterprise,367,8
ORD-6-98,2023-07-03,South,Partner,SMB,505,5
ORD-6-99,2023-07-14,East,Partner,SMB,560,9
ORD-6-100,2023-07-11,West,Web,Mid,502,5
ORD-6-101,2023-07-26,East,Partner,Enterprise,321,6
ORD-6-102,2023-07-04,East,Retail,SMB,631,5
ORD-6-103,2023-07-07,East,Retail,Enterprise,680,5
ORD-6-104,2023-07-27,South,Retail,Enterprise,560,9
ORD-6-105,2023-07-23,South,Partner,Mid,404,1
ORD-6-106,2023-07-09,West,Retail,Mid,383,8
ORD-6-107,2023-07-06,East,Retail,SMB,477,14
ORD-6-108,2023-07-28,Central,Web,Mid,453,7
ORD-6-109,2023-07-07,South,Retail,SMB,586,6
ORD-6-110,2023-07-01,West,Partner,SMB,469,10
ORD-6-111,2023-07-05,East,Partner,Enterprise,528,2
ORD-6-112,2023-07-01,West,Web,SMB,542,8
ORD-6-113,2023-07-07,West,Retail,Mid,565,3
ORD-6-114,2023-07-14,North,Retail,Enterprise,406,13
ORD-6-115,2023-07-15,North,Web,Enterprise,206,10
ORD-6-116,2023-07-26,North,Web,Mid,444,6
ORD-6-117,2023-07-08,East,Web,Mid,374,10
ORD-6-118,2023-07-14,South,Web,SMB,725,7
ORD-6-119,2023-07-09,West,Retail,Mid,646,7
ORD-6-120,2023-07-09,West,Web,Mid,290,5
ORD-6-121,2023-07-17,West,Partner,SMB,435,5
ORD-6-122,2023-07-01,North,Retail,Mid,473,8
ORD-6-123,2023-07-15,Central,Retail,Enterprise,505,12
ORD-6-124,2023-07-20,North,Retail,SMB,556,4
ORD-6-125,2023-07-20,South,Retail,SMB,388,14
ORD-6-126,2023-07-20,West,Retail,Mid,486,8
ORD-6-127,2023-07-12,South,Partner,Mid,483,5
ORD-6-128,2023-07-10,West,Partner,Mid,458,11
ORD-6-129,2023-07-07,East,Web,Enterprise,466,8
ORD-6-130,2023-07-10,South,Web,SMB,609,6
ORD-6-131,2023-07-15,East,Web,Mid,199,8
ORD-6-132,2023-07-25,North,Partner,Mid,408,11
ORD-6-133,2023-07-21,North,Web,Mid,780,4
ORD-6-134,2023-07-01,West,Partner,SMB,456,13
ORD-6-135,2023-07-03,Central,Web,Mid,461,1
ORD-6-136,2023-07-06,West,Retail,Mid,634,11
ORD-6-137,2023-07-12,North,Web,Mid,539,7
ORD-6-138,2023-07-02,West,Web,SMB,500,8
ORD-6-139,2023-07-16,South,Web,Enterprise,500,10
ORD-6-140,2023-07-03,East,Partner,Enterprise,508,13
ORD-6-141,2023-07-05,South,Retail,Mid,533,10
ORD-6-142,2023-07-09,West,Web,Mid,140,9
ORD-6-143,2023-07-23,North,Retail,Enterprise,352,4
ORD-6-144,2023-07-02,South,Partner,Enterprise,547,13
ORD-6-145,2023-07-12,Central,Partner,SMB,568,10
ORD-6-146,2023-07-20,South,Web,Enterprise,443,8
ORD-6-147,2023-07-05,North,Retail,Mid,681,5
ORD-6-148,2023-07-08,Central,Web,SMB,489,4
ORD-6-149,2023-07-16,East,Partner,Mid,380,11
ORD-6-150,2023-07-13,Central,Retail,Enterprise,679,9
ORD-6-151,2023-07-04,West,Retail,Enterprise,760,5
ORD-6-152,2023-07-25,West,Web,Enterprise,409,8
ORD-6-153,2023-07-07,West,Partner,SMB,498,10
ORD-6-154,2023-07-05,South,Web,SMB,466,11
ORD-6-155,2023-07-09,Central,Retail,SMB,542,6
ORD-6-156,2023-07-20,East,Partner,Enterprise,545,8
ORD-6-157,2023-07-05,West,Partner,Enterprise,372,13
ORD-6-158,2023-07-05,North,Web,Mid,668,6
ORD-6-159,2023-07-21,South,Retail,Enterprise,543,3
ORD-6-160,2023-07-02,East,Partner,Mid,385,6
ORD-6-161,2023-07-06,North,Partner,Enterprise,406,9
ORD-6-162,2023-07-12,East,Web,SMB,511,2
ORD-6-163,2023-07-28,West,Web,SMB,422,7
ORD-6-164,2023-07-22,North,Retail,SMB,643,6
ORD-6-165,2023-07-12,North,Partner,Mid,685,2
ORD-6-166,2023-07-10,East,Partner,SMB,382,9
ORD-6-167,2023-07-25,North,Web,SMB,409,9
ORD-6-168,2023-07-16,Central,Web,Mid,401,10
ORD-6-169,2023-07-02,East,Retail,Mid,446,9
ORD-6-170,2023-07-07,South,Retail,SMB,354,9
ORD-6-171,2023-07-14,South,Partner,Enterprise,284,6
ORD-6-172,2023-07-06,North,Retail,SMB,744,3
ORD-6-173,2023-07-11,North,Web,Mid,562,3
ORD-6-174,2023-07-18,West,Partner,Enterprise,413,8
ORD-6-175,2023-07-14,West,Web,Enterprise,622,10
ORD-6-176,2023-07-08,North,Web,Enterprise,297,8
ORD-6-177,2023-07-04,West,Retail,Mid,476,10
ORD-6-178,2023-07-05,East,Partner,SMB,503,8
ORD-6-179,2023-07-04,South,Partner,Enterprise,459,8
ORD-6-180,2023-07-17,Central,Web,Enterprise,265,3
ORD-6-181,2023-07-01,Central,Partner,Enterprise,670,6
ORD-6-182,2023-07-15,Central,Web,Enterprise,553,7
ORD-6-183,2023-07-25,West,Partner,SMB,355,12
ORD-6-184,2023-07-19,West,Retail,SMB,494,13
ORD-6-185,2023-07-06,East,Partner,Enterprise,461,6
ORD-6-186,2023-07-04,South,Web,Mid,504,10
ORD-6-187,2023-07-06,Central,Partner,SMB,581,9
ORD-6-188,2023-07-13,South,Partner,Enterprise,682,7
ORD-6-189,2023-07-10,South,Partner,Enterprise,536,13
ORD-6-190,2023-07-15,South,Retail,SMB,637,7
ORD-6-191,2023-07-03,North,Web,Mid,663,5
ORD-6-192,2023-07-23,Central,Retail,Enterprise,345,11
ORD-6-193,2023-07-04,Central,Retail,SMB,365,14
ORD-6-194,2023-07-01,North,Partner,Mid,672,10
ORD-6-195,2023-07-18,East,Web,Mid,610,10
ORD-6-196,2023-07-15,East,Partner,Mid,497,10
ORD-6-197,2023-07-10,South,Retail,SMB,558,7
ORD-6-198,2023-07-19,Central,Partner,SMB,487,7
ORD-6-199,2023-07-02,Central,Web,Enterprise,444,9
ORD-6-200,2023-07-24,South,Retail,Enterprise,556,11
ORD-6-201,2023-07-20,South,Web,Enterprise,494,7
ORD-6-202,2023-07-17,North,Retail,Mid,388,5
ORD-6-203,2023-07-22,West,Partner,SMB,505,13
ORD-6-204,2023-07-03,East,Web,SMB,440,4
ORD-6-205,2023-07-15,East,Partner,SMB,671,5
ORD-6-206,2023-07-24,South,Partner,Mid,503,5
ORD-6-207,2023-07-02,South,Web,Enterprise,640,8
ORD-6-208,2023-07-18,Central,Partner,Enterprise,493,7
ORD-6-209,2023-07-07,North,Web,Enterprise,440,6
ORD-6-210,2023-07-25,Central,Web,Enterprise,597,8
ORD-6-211,2023-07-11,North,Web,Mid,422,7
ORD-6-212,2023-07-21,Central,Web,Enterprise,519,11
ORD-6-213,2023-07-03,West,Web,Enterprise,587,8
ORD-6-214,2023-07-18,South,Web,Enterprise,580,6
ORD-6-215,2023-07-07,East,Partner,Mid,652,3
ORD-6-216,2023-07-05,North,Retail,SMB,378,15
ORD-6-217,2023-07-21,South,Partner,Mid,554,8
ORD-6-218,2023-07-26,Central,Partner,SMB,355,5
ORD-6-219,2023-07-07,South,Partner,Enterprise,549,12
ORD-6-220,2023-07-12,North,Retail,Mid,621,11
ORD-6-221,2023-07-10,West,Web,SMB,430,7
ORD-6-222,2023-07-17,North,Retail,SMB,261,6
ORD-6-223,2023-07-03,North,Retail,SMB,502,6
ORD-6-224,2023-07-19,Central,Partner,Mid,595,9
ORD-6-225,2023-07-27,South,Retail,Mid,585,13
ORD-6-226,2023-07-15,West,Web,Enterprise,226,7
ORD-6-227,2023-07-06,North,Web,Mid,680,8
ORD-6-228,2023-07-07,South,Partner,Mid,601,9
ORD-6-229,2023-07-26,East,Web,Enterprise,726,7
ORD-6-230,2023-07-23,East,Web,Enterprise,552,4
ORD-6-231,2023-07-28,North,Partner,SMB,537,6
ORD-6-232,2023-07-18,South,Web,Mid,345,10
ORD-6-233,2023-07-24,South,Retail,Enterprise,319,18
ORD-6-234,2023-07-13,Central,Retail,SMB,382,7
ORD-6-235,2023-07-13,West,Web,Enterprise,589,11
ORD-6-236,2023-07-12,North,Retail,Enterprise,342,9
ORD-6-237,2023-07-01,East,Retail,Enterprise,340,5
ORD-6-238,2023-07-24,West,Partner,SMB,500,2
ORD-6-239,2023-07-28,South,Web,SMB,584,7
ORD-6-240,2023-07-03,East,Retail,Mid,637,2
ORD-6-241,2023-07-28,West,Partner,Mid,451,8
ORD-6-242,2023-07-12,North,Web,SMB,617,7
ORD-6-243,2023-07-05,South,Retail,Mid,529,10
ORD-6-244,2023-07-24,West,Retail,SMB,688,13
ORD-6-245,2023-07-27,East,Retail,Enterprise,576,5
ORD-6-246,2023-07-13,South,Partner,Enterprise,413,9
ORD-6-247,2023-07-17,North,Web,SMB,516,6
ORD-6-248,2023-07-13,Central,Partner,Enterprise,424,7
ORD-6-249,2023-07-18,South,Partner,Mid,545,17
ORD-6-250,2023-07-22,East,Partner,Enterprise,723,8
ORD-6-251,2023-07-14,Central,Web,Enterprise,502,3
ORD-6-252,2023-07-10,South,Web,SMB,382,4
ORD-6-253,2023-07-26,Central,Retail,Enterprise,353,5
ORD-6-254,2023-07-24,North,Partner,SMB,224,14
ORD-6-255,2023-07-01,North,Retail,Enterprise,468,12
ORD-6-256,2023-07-04,Central,Web,Enterprise,343,10
ORD-6-257,2023-07-04,East,Partner,Mid,609,3
ORD-6-258,2023-07-06,West,Partner,Enterprise,511,6
ORD-6-259,2023-07-07,South,Web,Mid,319,12
ORD-6-260,2023-07-19,East,Partner,Enterprise,605,9
ORD-6-261,2023-07-23,West,Retail,SMB,597,4
ORD-6-262,2023-07-23,North,Web,Mid,468,12
ORD-6-263,2023-07-23,South,Partner,Enterprise,454,11
ORD-6-264,2023-07-08,West,Retail,Enterprise,548,7
ORD-6-265,2023-07-07,West,Partner,Mid,629,14
ORD-6-266,2023-07-21,North,Retail,Enterprise,268,8
ORD-6-267,2023-07-15,South,Web,Enterprise,450,8
ORD-6-268,2023-07-25,South,Retail,Mid,548,7
ORD-6-269,2023-07-07,West,Partner,Enterprise,312,6
ORD-6-270,2023-07-18,West,Web,Mid,633,4
ORD-6-271,2023-07-24,South,Partner,Mid,429,6
ORD-6-272,2023-07-07,South,Web,Mid,346,5
ORD-6-273,2023-07-25,Central,Partner,SMB,425,8
ORD-6-274,2023-07-11,East,Partner,Enterprise,273,5
ORD-6-275,2023-07-08,East,Partner,Mid,471,12
ORD-6-276,2023-07-23,West,Web,Enterprise,401,9
ORD-6-277,2023-07-28,North,Retail,SMB,648,10
ORD-6-278,2023-07-01,North,Web,Mid,485,8
ORD-6-279,2023-07-07,South,Partner,Mid,426,11
ORD-6-280,2023-07-27,Central,Partner,SMB,594,8
ORD-6-281,2023-07-27,East,Partner,Mid,561,8
ORD-6-282,2023-07-25,North,Web,Mid,616,7
ORD-6-283,2023-07-10,Central,Web,Enterprise,458,12
ORD-6-284,2023-07-07,Central,Web,Enterprise,391,8
ORD-6-285,2023-07-12,East,Retail,Mid,455,8
ORD-6-286,2023-07-05,East,Partner,Mid,317,7
ORD-6-287,2023-07-17,North,Partner,Enterprise,521,11
ORD-6-288,2023-07-23,North,Web,SMB,569,8
ORD-6-289,2023-07-16,South,Partner,Enterprise,292,7
ORD-6-290,2023-07-15,Central,Web,Mid,539,7
ORD-6-291,2023-07-08,East,Web,Enterprise,339,9
ORD-6-292,2023-07-24,West,Retail,Enterprise,418,5
ORD-6-293,2023-07-05,South,Web,Mid,331,7
ORD-6-294,2023-07-10,East,Web,Enterprise,217,8
ORD-6-295,2023-07-11,South,Partner,Mid,490,9
ORD-6-296,2023-07-19,West,Web,Enterprise,552,10
ORD-6-297,2023-07-01,North,Retail,Mid,499,12
ORD-6-298,2023-07-27,East,Retail,Mid,646,6
ORD-6-299,2023-07-03,North,Retail,SMB,472,5
ORD-7-0,2023-08-13,North,Partner,SMB,448,10
ORD-7-1,2023-08-06,North,Retail,SMB,464,4
ORD-7-2,2023-08-01,Central,Retail,Enterprise,526,5
ORD-7-3,2023-08-03,East,Partner,Enterprise,431,8
ORD-7-4,2023-08-18,North,Web,SMB,648,4
ORD-7-5,2023-08-25,West,Retail,Mid,447,13
ORD-7-6,2023-08-07,Central,Web,Mid,409,11
ORD-7-7,2023-08-20,East,Web,Mid,745,5
ORD-7-8,2023-08-08,East,Partner,Enterprise,489,11
ORD-7-9,2023-08-09,South,Partner,Enterprise,263,7
ORD-7-10,2023-08-17,South,Partner,Mid,378,13
ORD-7-11,2023-08-15,East,Retail,Mid,608,5
ORD-7-12,2023-08-10,East,Partner,Mid,409,5
ORD-7-13,2023-08-20,West,Retail,Enterprise,431,4
ORD-7-14,2023-08-04,West,Partner,Enterprise,733,6
ORD-7-15,2023-08-28,Central,Web,Mid,652,4
ORD-7-16,2023-08-14,Central,Web,SMB,377,7
ORD-7-17,2023-08-02,East,Web,Mid,571,9
ORD-7-18,2023-08-23,North,Retail,SMB,492,5
ORD-7-19,2023-08-05,East,Partner,Mid,677,10
ORD-7-20,2023-08-07,East,Web,Mid,494,7
ORD-7-21,2023-08-12,West,Partner,Mid,664,8
ORD-7-22,2023-08-21,Central,Retail,SMB,330,6
ORD-7-23,2023-08-18,North,Retail,SMB,557,8
ORD-7-24,2023-08-09,West,Web,Enterprise,529,1
ORD-7-25,2023-08-12,Central,Web,SMB,541,3
ORD-7-26,2023-08-18,East,Web,Enterprise,550,7
ORD-7-27,2023-08-05,East,Retail,Enterprise,441,9
ORD-7-28,2023-08-21,North,Partner,Mid,489,2
ORD-7-29,2023-08-05,West,Retail,Mid,386,9
ORD-7-30,2023-08-27,Central,Partner,Enterprise,512,9
ORD-7-31,2023-08-07,East,Partner,Enterprise,753,10
ORD-7-32,2023-08-23,West,Retail,Enterprise,381,14
ORD-7-33,2023-08-05,South,Retail,Enterprise,422,8
ORD-7-34,2023-08-13,South,Retail,Mid,547,7
ORD-7-35,2023-08-20,West,Retail,Enterprise,576,6
ORD-7-36,2023-08-09,North,Web,SMB,643,6
ORD-7-37,2023-08-20,Central,Partner,SMB,448,6
ORD-7-38,2023-08-25,Central,Retail,Mid,463,4
ORD-7-39,2023-08-17,North,Partner,Mid,391,10
ORD-7-40,2023-08-06,Central,Retail,Mid,315,8
ORD-7-41,2023-08-10,East,Partner,Enterprise,744,8
ORD-7-42,2023-08-19,West,Retail,Enterprise,443,11
ORD-7-43,2023-08-05,West,Retail,Mid,422,11
ORD-7-44,2023-08-14,West,Partner,SMB,400,4
ORD-7-45,2023-08-16,Central,Retail,SMB,549,2
ORD-7-46,2023-08-04,West,Web,Enterprise,417,10
ORD-7-47,2023-08-19,East,Web,SMB,524,6
ORD-7-48,2023-08-15,West,Web,Mid,433,11
ORD-7-49,2023-08-01,South,Web,Mid,342,6
ORD-7-50,2023-08-09,West,Retail,Mid,751,5
ORD-7-51,2023-08-15,West,Web,SMB,586,8
ORD-7-52,2023-08-18,East,Web,Mid,459,9
ORD-7-53,2023-08-24,Central,Web,Enterprise,438,11
ORD-7-54,2023-08-25,North,Web,SMB,524,10
ORD-7-55,2023-08-01,East,Retail,Enterprise,618,2
ORD-7-56,2023-08-22,West,Web,SMB,541,9
ORD-7-57,2023-08-04,West,Web,Enterprise,433,10
ORD-7-58,2023-08-17,Central,Partner,Enterprise,439,14
ORD-7-59,2023-08-17,West,Partner,Enterprise,572,10
ORD-7-60,2023-08-24,South,Web,Enterprise,509,9
ORD-7-61,2023-08-21,West,Web,Enterprise,551,3
ORD-7-62,2023-08-23,West,Retail,SMB,572,8
ORD-7-63,2023-08-10,East,Web,SMB,705,9
ORD-7-64,2023-08-28,East,Partner,SMB,319,7
ORD-7-65,2023-08-21,East,Retail,Mid,541,9
ORD-7-66,2023-08-25,South,Web,SMB,483,1
ORD-7-67,2023-08-24,North,Partner,Mid,686,4
ORD-7-68,2023-08-16,South,Partner,Enterprise,548,11
ORD-7-69,2023-08-17,West,Web,Enterprise,400,11
ORD-7-70,2023-08-24,South,Partner,Enterprise,598,5
ORD-7-71,2023-08-11,East,Web,Enterprise,536,10
ORD-7-72,2023-08-23,North,Retail,SMB,531,5
ORD-7-73,2023-08-06,West,Retail,Enterprise,693,5
ORD-7-74,2023-08-07,Central,Partner,SMB,488,8
ORD-7-75,2023-08-27,North,Retail,Enterprise,610,8
ORD-7-76,2023-08-12,North,Retail,SMB,544,6
ORD-7-77,2023-08-26,Central,Web,Enterprise,560,8
ORD-7-78,2023-08-15,East,Retail,SMB,370,11
ORD-7-79,2023-08-01,East,Web,SMB,387,10
ORD-7-80,2023-08-06,Central,Web,Mid,522,17
ORD-7-81,2023-08-27,South,Retail,Mid,495,5
ORD-7-82,2023-08-28,East,Web,SMB,604,2
ORD-7-83,2023-08-17,West,Partner,SMB,894,9
ORD-7-84,2023-08-07,Central,Partner,Mid,516,8
ORD-7-85,2023-08-01,East,Retail,Mid,409,10
ORD-7-86,2023-08-05,South,Partner,Mid,527,1
ORD-7-87,2023-08-18,West,Web,Mid,515,5
ORD-7-88,2023-08-07,North,Web,SMB,632,6
ORD-7-89,2023-08-17,West,Partner,Mid,348,8
ORD-7-90,2023-08-21,East,Web,SMB,528,7
ORD-7-91,2023-08-23,North,Partner,Mid,521,9
ORD-7-92,2023-08-24,North,Web,SMB,300,2
ORD-7-93,2023-08-02,Central,Web,Mid,623,9
ORD-7-94,2023-08-28,North,Partner,Enterprise,758,7
ORD-7-95,2023-08-12,North,Retail,Mid,596,7
ORD-7-96,2023-08-20,West,Partner,Mid,478,5
ORD-7-97,2023-08-01,West,Web,Enterprise,546,6
ORD-7-98,2023-08-14,East,Retail,Enterprise,587,6
ORD-7-99,2023-08-10,Central,Partner,SMB,478,6
ORD-7-100,2023-08-06,South,Web,Enterprise,359,9
ORD-7-101,2023-08-10,West,Partner,SMB,542,12
ORD-7-102,2023-08-09,West,Web,Mid,573,9
ORD-7-103,2023-08-25,Central,Partner,Enterprise,581,6
ORD-7-104,2023-08-01,North,Retail,Mid,272,10
ORD-7-105,2023-08-01,West,Web,Mid,436,7
ORD-7-106,2023-08-07,West,Partner,SMB,576,5
ORD-7-107,2023-08-14,West,Retail,SMB,570,10
ORD-7-108,2023-08-18,West,Partner,Mid,281,6
ORD-7-109,2023-08-03,West,Retail,SMB,358,9
ORD-7-110,2023-08-22,West,Web,SMB,369,7
ORD-7-111,2023-08-27,South,Partner,Enterprise,512,7
ORD-7-112,2023-08-15,Central,Retail,SMB,557,8
ORD-7-113,2023-08-09,South,Retail,Enterprise,627,7
ORD-7-114,2023-08-24,Central,Partner,SMB,588,8
ORD-7-115,2023-08-23,East,Partner,SMB,717,6
ORD-7-116,2023-08-05,Central,Partner,Enterprise,537,7
ORD-7-117,2023-08-05,West,Web,Mid,571,9
ORD-7-118,2023-08-20,Central,Retail,SMB,295,6
ORD-7-119,2023-08-03,East,Web,Mid,400,6
ORD-7-120,2023-08-12,Central,Partner,Enterprise,425,9
ORD-7-121,2023-08-24,East,Retail,Mid,435,1
ORD-7-122,2023-08-12,East,Partner,Enterprise,564,6
ORD-7-123,2023-08-12,East,Retail,SMB,396,10
ORD-7-124,2023-08-04,North,Web,Enterprise,660,9
ORD-7-125,2023-08-23,North,Partner,SMB,696,11
ORD-7-126,2023-08-28,West,Web,Mid,432,8
ORD-7-127,2023-08-13,South,Retail,SMB,359,3
ORD-7-128,2023-08-06,South,Retail,SMB,599,2
ORD-7-129,2023-08-03,West,Retail,Enterprise,562,6
ORD-7-130,2023-08-18,Central,Partner,Mid,644,4
ORD-7-131,2023-08-28,West,Partner,Mid,496,10
ORD-7-132,2023-08-16,West,Web,SMB,654,7
ORD-7-133,2023-08-20,South,Retail,SMB,700,7
ORD-7-134,2023-08-11,East,Partner,Mid,123,4
ORD-7-135,2023-08-23,South,Retail,SMB,659,11
ORD-7-136,2023-08-27,Central,Web,SMB,307,13
ORD-7-137,2023-08-17,North,Partner,Mid,456,9
ORD-7-138,2023-08-22,South,Retail,SMB,584,8
ORD-7-139,2023-08-07,North,Web,Mid,579,1
ORD-7-140,2023-08-27,East,Retail,Enterprise,376,7
ORD-7-141,2023-08-02,North,Retail,Enterprise,619,10
ORD-7-142,2023-08-15,East,Retail,Enterprise,426,4
ORD-7-143,2023-08-12,East,Web,SMB,455,8
ORD-7-144,2023-08-12,South,Partner,Enterprise,468,13
ORD-7-145,2023-08-26,North,Web,SMB,331,7
ORD-7-146,2023-08-17,West,Web,Enterprise,517,7
ORD-7-147,2023-08-07,Central,Retail,Enterprise,542,4
ORD-7-148,2023-08-03,Central,Partner,Mid,463,8
ORD-7-149,2023-08-18,South,Partner,SMB,682,10
ORD-7-150,2023-08-05,West,Partner,SMB,452,3
ORD-7-151,2023-08-23,Central,Web,Mid,579,7
ORD-7-152,2023-08-02,Central,Web,Enterprise,560,12
ORD-7-153,2023-08-05,Central,Retail,Enterprise,500,12
ORD-7-154,2023-08-01,East,Web,Enterprise,635,14
ORD-7-155,2023-08-23,South,Retail,SMB,779,9
ORD-7-156,2023-08-06,South,Retail,Enterprise,594,11
ORD-7-157,2023-08-20,Central,Retail,Mid,551,8
ORD-7-158,2023-08-18,South,Partner,Mid,499,9
ORD-7-159,2023-08-21,Central,Partner,SMB,750,7
ORD-7-160,2023-08-26,East,Retail,Enterprise,747,9
ORD-7-161,2023-08-03,East,Retail,Enterprise,285,8
ORD-7-162,2023-08-24,North,Web,Mid,546,8
ORD-7-163,2023-08-16,East,Retail,SMB,456,7
ORD-7-164,2023-08-26,North,Web,Enterprise,513,11
ORD-7-165,2023-08-23,East,Retail,Enterprise,526,7
ORD-7-166,2023-08-07,North,Web,Mid,422,6
ORD-7-167,2023-08-22,Central,Web,Enterprise,575,6
ORD-7-168,2023-08-28,East,Web,SMB,402,6
ORD-7-169,2023-08-12,West,Web,SMB,447,10
ORD-7-170,2023-08-28,East,Web,Enterprise,625,8
ORD-7-171,2023-08-15,North,Retail,Enterprise,590,7
ORD-7-172,2023-08-08,South,Partner,Mid,635,11
ORD-7-173,2023-08-20,East,Web,Mid,553,13
ORD-7-174,2023-08-02,North,Retail,SMB,489,7
ORD-7-175,2023-08-06,Central,Partner,Enterprise,658,11
ORD-7-176,2023-08-05,South,Partner,Enterprise,555,13
ORD-7-177,2023-08-28,East,Web,Enterprise,466,10
ORD-7-178,2023-08-22,West,Retail,SMB,584,7
ORD-7-179,2023-08-08,East,Web,Enterprise,616,10
ORD-7-180,2023-08-05,North,Web,SMB,570,9
ORD-7-181,2023-08-14,East,Partner,SMB,658,12
ORD-7-182,2023-08-19,South,Web,SMB,645,12
ORD-7-183,2023-08-01,East,Retail,SMB,651,7
ORD-7-184,2023-08-14,Central,Retail,Enterprise,311,11
ORD-7-185,2023-08-08,North,Partner,Enterprise,484,9
ORD-7-186,2023-08-04,East,Partner,Enterprise,582,5
ORD-7-187,2023-08-01,East,Retail,SMB,539,5
ORD-7-188,2023-08-23,North,Web,SMB,276,9
ORD-7-189,2023-08-03,Central,Web,SMB,609,14
ORD-7-190,2023-08-21,South,Partner,Enterprise,408,4
ORD-7-191,2023-08-10,East,Web,Mid,663,8
ORD-7-192,2023-08-20,North,Retail,SMB,611,8
ORD-7-193,2023-08-20,North,Web,Mid,727,10
ORD-7-194,2023-08-16,West,Partner,SMB,420,11
ORD-7-195,2023-08-16,South,Retail,Mid,417,8
ORD-7-196,2023-08-27,Central,Retail,Enterprise,675,10
ORD-7-197,2023-08-11,West,Retail,Mid,621,5
ORD-7-198,2023-08-16,East,Retail,Enterprise,679,5
ORD-7-199,2023-08-11,Central,Retail,Enterprise,576,10
ORD-7-200,2023-08-21,West,Web,Mid,530,6
ORD-7-201,2023-08-15,South,Retail,Enterprise,330,6
ORD-7-202,2023-08-17,East,Retail,Mid,786,9
ORD-7-203,2023-08-02,Central,Partner,Mid,559,5
ORD-7-204,2023-08-03,South,Partner,SMB,457,4
ORD-7-205,2023-08-19,Central,Web,Enterprise,502,8
ORD-7-206,2023-08-11,South,Retail,Enterprise,347,10
ORD-7-207,2023-08-07,West,Web,Mid,457,4
ORD-7-208,2023-08-21,South,Web,SMB,575,7
ORD-7-209,2023-08-28,Central,Retail,Enterprise,517,5
ORD-7-210,2023-08-13,East,Partner,Mid,505,12
ORD-7-211,2023-08-11,West,Web,Mid,593,7
ORD-7-212,2023-08-28,Central,Retail,Mid,454,12
ORD-7-213,2023-08-20,West,Web,Mid,431,12
ORD-7-214,2023-08-23,North,Partner,SMB,747,2
ORD-7-215,2023-08-14,West,Retail,Mid,516,14
ORD-7-216,2023-08-07,West,Partner,Enterprise,488,13
ORD-7-217,2023-08-06,East,Retail,SMB,412,11
ORD-7-218,2023-08-04,North,Web,Mid,320,9
ORD-7-219,2023-08-02,South,Web,Mid,481,6
ORD-7-220,2023-08-26,West,Web,Mid,456,9
ORD-7-221,2023-08-21,North,Web,SMB,501,10
ORD-7-222,2023-08-05,East,Partner,Enterprise,725,9
ORD-7-223,2023-08-21,South,Partner,SMB,503,7
ORD-7-224,2023-08-18,South,Retail,Mid,512,8
ORD-7-225,2023-08-11,South,Retail,Mid,639,7
ORD-7-226,2023-08-10,East,Web,Mid,493,8
ORD-7-227,2023-08-04,West,Retail,Mid,478,3
ORD-7-228,2023-08-11,North,Retail,Enterprise,562,9
ORD-7-229,2023-08-14,North,Retail,Enterprise,594,14
ORD-7-230,2023-08-22,East,Partner,Enterprise,552,7
ORD-7-231,2023-08-07,East,Web,Enterprise,519,10
ORD-7-232,2023-08-05,North,Retail,Enterprise,343,3
ORD-7-233,2023-08-25,North,Web,Enterprise,492,15
ORD-7-234,2023-08-20,West,Retail,SMB,458,6
ORD-7-235,2023-08-23,South,Partner,Mid,488,11
ORD-7-236,2023-08-24,Central,Retail,Mid,515,5
ORD-7-237,2023-08-11,South,Retail,SMB,380,10
ORD-7-238,2023-08-18,South,Retail,SMB,483,7
ORD-7-239,2023-08-28,Central,Retail,Enterprise,304,8
ORD-7-240,2023-08-24,North,Partner,SMB,410,13
ORD-7-241,2023-08-24,South,Partner,SMB,543,9
ORD-7-242,2023-08-11,South,Partner,Mid,595,7
ORD-7-243,2023-08-15,Central,Retail,Enterprise,396,7
ORD-7-244,2023-08-21,Central,Web,Enterprise,448,11
ORD-7-245,2023-08-14,North,Web,Mid,685,4
ORD-7-246,2023-08-07,Central,Partner,Enterprise,532,12
ORD-7-247,2023-08-16,West,Partner,SMB,506,15
ORD-7-248,2023-08-12,Central,Web,Enterprise,639,12
ORD-7-249,2023-08-07,East,Partner,Mid,458,5
ORD-7-250,2023-08-23,East,Partner,Enterprise,553,9
ORD-7-251,2023-08-07,East,Retail,Enterprise,482,5
ORD-7-252,2023-08-04,South,Retail,Enterprise,738,6
ORD-7-253,2023-08-03,East,Retail,Mid,479,6
ORD-7-254,2023-08-13,South,Retail,Mid,356,9
ORD-7-255,2023-08-01,South,Retail,SMB,456,6
ORD-7-256,2023-08-12,North,Retail,Enterprise,421,5
ORD-7-257,2023-08-06,East,Retail,SMB,532,7
ORD-7-258,2023-08-14,East,Partner,Enterprise,544,7
ORD-7-259,2023-08-23,West,Retail,SMB,499,7
ORD-7-260,2023-08-01,South,Partner,SMB,530,9
ORD-7-261,2023-08-04,South,Retail,SMB,720,11
ORD-7-262,2023-08-20,East,Retail,SMB,523,8
ORD-7-263,2023-08-01,South,Partner,Mid,658,9
ORD-7-264,2023-08-22,South,Retail,Enterprise,381,4
ORD-7-265,2023-08-26,Central,Partner,Mid,533,8
ORD-7-266,2023-08-18,North,Web,Enterprise,383,9
ORD-7-267,2023-08-18,North,Web,Mid,508,7
ORD-7-268,2023-08-07,South,Retail,Enterprise,564,10
ORD-7-269,2023-08-01,West,Web,Mid,537,11
ORD-7-270,2023-08-25,Central,Web,Mid,502,9
ORD-7-271,2023-08-07,East,Partner,SMB,554,8
ORD-7-272,2023-08-14,North,Retail,Mid,604,9
ORD-7-273,2023-08-17,North,Web,SMB,367,7
ORD-7-274,2023-08-20,South,Web,Enterprise,386,9
ORD-7-275,2023-08-05,East,Partner,Mid,474,10
ORD-7-276,2023-08-18,Central,Retail,Enterprise,472,7
ORD-7-277,2023-08-10,South,Retail,Enterprise,700,14
ORD-7-278,2023-08-24,North,Web,Enterprise,656,6
ORD-7-279,2023-08-26,Central,Partner,SMB,608,8
ORD-7-280,2023-08-12,North,Retail,Mid,594,9
ORD-7-281,2023-08-01,South,Partner,Mid,551,7
ORD-7-282,2023-08-24,Central,Partner,Mid,348,11
ORD-7-283,2023-08-13,South,Retail,SMB,477,7
ORD-7-284,2023-08-02,North,Retail,Enterprise,342,7
ORD-7-285,2023-08-08,Central,Partner,Mid,123,10
ORD-7-286,2023-08-27,West,Web,Enterprise,568,6
ORD-7-287,2023-08-08,West,Retail,Enterprise,781,9
ORD-7-288,2023-08-15,Central,Retail,SMB,265,9
ORD-7-289,2023-08-04,East,Retail,Enterprise,472,12
ORD-7-290,2023-08-07,East,Partner,Enterprise,486,7
ORD-7-291,2023-08-16,East,Retail,Enterprise,381,11
ORD-7-292,2023-08-02,West,Web,Enterprise,496,7
ORD-7-293,2023-08-24,West,Web,SMB,344,10
ORD-7-294,2023-08-11,East,Web,SMB,503,6
ORD-7-295,2023-08-08,South,Partner,Mid,339,9
ORD-7-296,2023-08-25,South,Web,Mid,536,11
ORD-7-297,2023-08-23,South,Retail,SMB,555,11
ORD-7-298,2023-08-19,South,Partner,Enterprise,703,10
ORD-7-299,2023-08-19,South,Web,Enterprise,403,9
ORD-8-0,2023-09-04,West,Web,Mid,380,9
ORD-8-1,2023-09-20,South,Web,Enterprise,653,10
ORD-8-2,2023-09-27,South,Web,SMB,517,11
ORD-8-3,2023-09-28,North,Web,Enterprise,313,8
ORD-8-4,2023-09-01,Central,Partner,SMB,525,8
ORD-8-5,2023-09-16,Central,Retail,Mid,442,6
ORD-8-6,2023-09-20,South,Partner,Enterprise,267,12
ORD-8-7,2023-09-27,West,Web,SMB,276,2
ORD-8-8,2023-09-03,East,Partner,SMB,487,9
ORD-8-9,2023-09-20,South,Partner,SMB,465,3
ORD-8-10,2023-09-01,Central,Retail,SMB,440,11
ORD-8-11,2023-09-09,West,Web,Enterprise,468,7
ORD-8-12,2023-09-15,Central,Retail,Enterprise,783,11
ORD-8-13,2023-09-15,East,Retail,Enterprise,459,10
ORD-8-14,2023-09-01,West,Web,Mid,469,12
ORD-8-15,2023-09-13,West,Web,Mid,682,6
ORD-8-16,2023-09-09,South,Retail,SMB,513,1
ORD-8-17,2023-09-16,Central,Web,Enterprise,612,8
ORD-8-18,2023-09-10,East,Partner,Enterprise,472,11
ORD-8-19,2023-09-17,Central,Partner,Enterprise,460,10
ORD-8-20,2023-09-17,Central,Web,SMB,483,8
ORD-8-21,2023-09-24,East,Partner,Mid,459,10
ORD-8-22,2023-09-11,Central,Retail,SMB,430,12
ORD-8-23,2023-09-18,Central,Retail,Mid,594,11
ORD-8-24,2023-09-08,East,Partner,Mid,383,7
ORD-8-25,2023-09-06,South,Retail,SMB,644,18
ORD-8-26,2023-09-14,South,Partner,Enterprise,590,4
ORD-8-27,2023-09-10,North,Retail,SMB,532,6
ORD-8-28,2023-09-07,South,Web,Mid,542,11
ORD-8-29,2023-09-10,North,Partner,Mid,425,8
ORD-8-30,2023-09-04,South,Partner,Mid,585,7
ORD-8-31,2023-09-01,North,Partner,SMB,468,8
ORD-8-32,2023-09-14,Central,Partner,Enterprise,368,9
ORD-8-33,2023-09-24,North,Web,Mid,506,3
ORD-8-34,2023-09-20,South,Retail,Mid,487,11
ORD-8-35,2023-09-28,South,Web,Enterprise,491,10
ORD-8-36,2023-09-04,West,Web,SMB,621,1
ORD-8-37,2023-09-26,South,Partner,SMB,428,6
ORD-8-38,2023-09-28,West,Partner,Mid,653,6
ORD-8-39,2023-09-26,East,Partner,SMB,454,5
ORD-8-40,2023-09-10,West,Retail,Mid,476,9
ORD-8-41,2023-09-28,South,Partner,Mid,530,8
ORD-8-42,2023-09-20,North,Web,Mid,698,6
ORD-8-43,2023-09-10,South,Web,Mid,645,8
ORD-8-44,2023-09-02,Central,Partner,SMB,572,13
ORD-8-45,2023-09-21,North,Web,SMB,392,6
ORD-8-46,2023-09-25,South,Retail,SMB,372,10
ORD-8-47,2023-09-28,South,Web,SMB,574,9
ORD-8-48,2023-09-25,North,Web,Enterprise,508,6
ORD-8-49,2023-09-19,North,Web,Mid,512,9
ORD-8-50,2023-09-10,North,Retail,Mid,463,12
ORD-8-51,2023-09-23,South,Partner,Mid,721,4
ORD-8-52,2023-09-23,East,Retail,SMB,440,9
ORD-8-53,2023-09-14,East,Retail,SMB,389,12
ORD-8-54,2023-09-24,North,Retail,Mid,369,10
ORD-8-55,2023-09-02,West,Partner,Enterprise,595,10
ORD-8-56,2023-09-06,North,Web,Mid,537,9
ORD-8-57,2023-09-28,East,Retail,SMB,638,12
ORD-8-58,2023-09-16,Central,Web,SMB,536,7
ORD-8-59,2023-09-20,East,Web,Mid,277,11
ORD-8-60,2023-09-09,South,Retail,Mid,605,13
ORD-8-61,2023-09-10,South,Partner,SMB,369,5
ORD-8-62,2023-09-16,Central,Web,SMB,549,3
ORD-8-63,2023-09-04,Central,Retail,Mid,581,8
ORD-8-64,2023-09-02,East,Retail,SMB,818,8
ORD-8-65,2023-09-03,East,Retail,SMB,570,5
ORD-8-66,2023-09-14,South,Partner,Enterprise,649,7
ORD-8-67,2023-09-27,North,Retail,Enterprise,542,3
ORD-8-68,2023-09-07,South,Partner,Mid,459,8
ORD-8-69,2023-09-13,East,Web,SMB,570,9
ORD-8-70,2023-09-17,South,Retail,Enterprise,586,11
ORD-8-71,2023-09-18,South,Partner,Enterprise,549,9
ORD-8-72,2023-09-12,Central,Web,SMB,397,10
ORD-8-73,2023-09-13,East,Partner,SMB,633,3
ORD-8-74,2023-09-25,South,Partner,Enterprise,593,9
ORD-8-75,2023-09-20,Central,Web,Enterprise,535,7
ORD-8-76,2023-09-11,East,Partner,Mid,500,10
ORD-8-77,2023-09-28,Central,Partner,SMB,556,1
ORD-8-78,2023-09-07,Central,Web,Mid,717,5
ORD-8-79,2023-09-26,West,Web,Mid,569,8
ORD-8-80,2023-09-26,East,Retail,SMB,392,10
ORD-8-81,2023-09-04,North,Retail,Enterprise,323,6
ORD-8-82,2023-09-22,West,Partner,Mid,466,5
ORD-8-83,2023-09-09,South,Partner,Enterprise,530,4
ORD-8-84,2023-09-10,Central,Retail,Enterprise,547,7
ORD-8-85,2023-09-26,West,Web,Mid,742,7
ORD-8-86,2023-09-15,South,Partner,Enterprise,500,13
ORD-8-87,2023-09-23,Central,Retail,Mid,378,8
ORD-8-88,2023-09-22,South,Retail,Mid,580,10
ORD-8-89,2023-09-13,North,Partner,Enterprise,457,13
ORD-8-90,2023-09-20,East,Web,SMB,419,7
ORD-8-91,2023-09-14,East,Partner,SMB,482,6
ORD-8-92,2023-09-09,West,Retail,Enterprise,379,8
ORD-8-93,2023-09-05,East,Retail,Mid,466,6
ORD-8-94,2023-09-19,South,Web,Mid,630,10
ORD-8-95,2023-09-09,South,Web,Mid,586,5
ORD-8-96,2023-09-15,North,Web,SMB,367,8
ORD-8-97,2023-09-10,East,Partner,SMB,355,8
ORD-8-98,2023-09-14,Central,Partner,Mid,654,6
ORD-8-99,2023-09-02,South,Retail,Enterprise,417,4
ORD-8-100,2023-09-04,East,Retail,Mid,505,4
ORD-8-101,2023-09-17,East,Partner,Enterprise,275,12
ORD-8-102,2023-09-04,North,Retail,Enterprise,437,6
ORD-8-103,2023-09-09,North,Web,Enterprise,462,10
ORD-8-104,2023-09-21,South,Retail,SMB,474,12
ORD-8-105,2023-09-07,West,Web,Mid,255,11
ORD-8-106,2023-09-15,North,Retail,Mid,414,8
ORD-8-107,2023-09-01,North,Retail,Enterprise,575,7
ORD-8-108,2023-09-14,North,Partner,SMB,599,5
ORD-8-109,2023-09-02,East,Partner,Mid,522,9
ORD-8-110,2023-09-23,East,Web,Mid,261,13
ORD-8-111,2023-09-07,West,Partner,Enterprise,495,8
ORD-8-112,2023-09-21,West,Partner,Mid,657,8
ORD-8-113,2023-09-02,South,Retail,SMB,676,8
ORD-8-114,2023-09-28,Central,Web,Mid,526,8
ORD-8-115,2023-09-13,South,Web,SMB,580,12
ORD-8-116,2023-09-17,Central,Partner,SMB,485,9
ORD-8-117,2023-09-20,East,Web,Enterprise,475,2
ORD-8-118,2023-09-24,North,Web,SMB,573,1
ORD-8-119,2023-09-28,South,Partner,Enterprise,411,11
ORD-8-120,2023-09-19,East,Partner,Mid,647,3
ORD-8-121,2023-09-05,South,Web,SMB,697,6
ORD-8-122,2023-09-21,West,Partner,Enterprise,417,7
ORD-8-123,2023-09-21,South,Retail,Mid,456,7
ORD-8-124,2023-09-13,East,Partner,Mid,443,5
ORD-8-125,2023-09-28,South,Retail,Mid,366,7
ORD-8-126,2023-09-27,East,Retail,Enterprise,466,10
ORD-8-127,2023-09-21,North,Partner,SMB,222,12
ORD-8-128,2023-09-02,Central,Retail,Enterprise,379,9
ORD-8-129,2023-09-26,West,Web,SMB,516,8
ORD-8-130,2023-09-01,North,Web,Mid,367,7
ORD-8-131,2023-09-19,East,Retail,Enterprise,477,8
ORD-8-132,2023-09-15,West,Retail,SMB,410,3
ORD-8-133,2023-09-16,North,Partner,Enterprise,504,7
ORD-8-134,2023-09-13,North,Partner,SMB,331,5
ORD-8-135,2023-09-26,East,Web,SMB,549,6
ORD-8-136,2023-09-09,East,Retail,SMB,350,6
ORD-8-137,2023-09-06,West,Retail,Mid,486,9
ORD-8-138,2023-09-11,South,Web,SMB,322,7
ORD-8-139,2023-09-23,North,Web,Mid,328,9
ORD-8-140,2023-09-27,North,Web,Mid,425,7
ORD-8-141,2023-09-15,West,Partner,Enterprise,407,7
ORD-8-142,2023-09-03,Central,Web,SMB,728,8
ORD-8-143,2023-09-26,North,Retail,SMB,675,7
ORD-8-144,2023-09-15,West,Retail,Enterprise,532,8
ORD-8-145,2023-09-08,North,Retail,SMB,311,7
ORD-8-146,2023-09-04,Central,Partner,Mid,401,10
ORD-8-147,2023-09-19,North,Retail,Mid,377,10
ORD-8-148,2023-09-10,West,Web,Mid,620,7
ORD-8-149,2023-09-12,Central,Retail,Enterprise,640,8
ORD-8-150,2023-09-12,East,Retail,Mid,467,11
ORD-8-151,2023-09-13,North,Partner,SMB,464,7
ORD-8-152,2023-09-26,South,Retail,SMB,633,9
ORD-8-153,2023-09-22,South,Partner,Mid,403,5
ORD-8-154,2023-09-06,South,Partner,SMB,569,8
ORD-8-155,2023-09-03,South,Retail,Enterprise,489,6
ORD-8-156,2023-09-16,West,Retail,Mid,244,8
ORD-8-157,2023-09-04,East,Retail,Enterprise,422,9
ORD-8-158,2023-09-19,East,Retail,SMB,343,6
ORD-8-159,2023-09-25,South,Web,SMB,658,2
ORD-8-160,2023-09-08,South,Retail,SMB,370,6
ORD-8-161,2023-09-11,South,Partner,SMB,786,11
ORD-8-162,2023-09-05,North,Retail,Mid,390,8
ORD-8-163,2023-09-12,East,Partner,Enterprise,634,9
ORD-8-164,2023-09-04,West,Retail,Mid,579,11
ORD-8-165,2023-09-25,West,Web,SMB,305,7
ORD-8-166,2023-09-27,East,Web,Mid,646,6
ORD-8-167,2023-09-20,South,Partner,Mid,166,8
ORD-8-168,2023-09-10,West,Web,Enterprise,698,11
ORD-8-169,2023-09-26,North,Partner,Enterprise,488,11
ORD-8-170,2023-09-06,South,Partner,Enterprise,235,6
ORD-8-171,2023-09-28,West,Partner,Mid,474,10
ORD-8-172,2023-09-08,Central,Partner,Enterprise,434,8
ORD-8-173,2023-09-24,East,Partner,SMB,502,14
ORD-8-174,2023-09-03,Central,Retail,Enterprise,286,13
ORD-8-175,2023-09-09,Central,Web,SMB,647,9
ORD-8-176,2023-09-03,East,Partner,Enterprise,582,6
ORD-8-177,2023-09-10,North,Retail,SMB,607,2
ORD-8-178,2023-09-03,North,Web,Mid,479,5
ORD-8-179,2023-09-07,West,Partner,SMB,449,7
ORD-8-180,2023-09-25,Central,Retail,Enterprise,385,5
ORD-8-181,2023-09-25,Central,Web,Enterprise,429,8
ORD-8-182,2023-09-11,East,Retail,Mid,721,9
ORD-8-183,2023-09-17,South,Partner,Mid,557,9
ORD-8-184,2023-09-16,Central,Web,Enterprise,427,9
ORD-8-185,2023-09-08,South,Partner,Enterprise,224,10
ORD-8-186,2023-09-05,Central,Retail,SMB,449,13
ORD-8-187,2023-09-06,West,Web,SMB,396,6
ORD-8-188,2023-09-26,North,Web,Enterprise,369,5
ORD-8-189,2023-09-13,West,Partner,SMB,688,7
ORD-8-190,2023-09-26,East,Retail,Mid,240,7
ORD-8-191,2023-09-15,Central,Web,SMB,508,9
ORD-8-192,2023-09-09,East,Partner,SMB,452,10
ORD-8-193,2023-09-01,West,Retail,Mid,662,10
ORD-8-194,2023-09-04,South,Web,Mid,448,7
ORD-8-195,2023-09-08,Central,Retail,SMB,595,11
ORD-8-196,2023-09-12,Central,Partner,SMB,688,11
ORD-8-197,2023-09-04,East,Partner,SMB,378,7
ORD-8-198,2023-09-22,Central,Web,Enterprise,455,10
ORD-8-199,2023-09-08,East,Retail,SMB,570,9
ORD-8-200,2023-09-11,East,Partner,Enterprise,499,11
ORD-8-201,2023-09-07,North,Web,Enterprise,351,8
ORD-8-202,2023-09-12,East,Partner,Enterprise,414,14
ORD-8-203,2023-09-23,West,Web,Mid,558,6
ORD-8-204,2023-09-07,East,Retail,SMB,640,6
ORD-8-205,2023-09-19,South,Retail,Mid,451,13
ORD-8-206,2023-09-03,North,Partner,SMB,231,12
ORD-8-207,2023-09-02,East,Partner,Enterprise,573,14
ORD-8-208,2023-09-07,Central,Partner,SMB,650,7
ORD-8-209,2023-09-27,North,Partner,Mid,476,10
ORD-8-210,2023-09-25,West,Retail,Enterprise,534,4
ORD-8-211,2023-09-15,Central,Web,Enterprise,581,5
ORD-8-212,2023-09-16,West,Partner,SMB,535,9
ORD-8-213,2023-09-16,East,Web,Enterprise,448,4
ORD-8-214,2023-09-05,South,Web,SMB,550,8
ORD-8-215,2023-09-20,East,Retail,Enterprise,565,2
ORD-8-216,2023-09-23,East,Partner,Enterprise,395,4
ORD-8-217,2023-09-10,East,Web,Mid,751,8
ORD-8-218,2023-09-27,Central,Web,Enterprise,548,12
ORD-8-219,2023-09-04,Central,Partner,Mid,403,8
ORD-8-220,2023-09-16,West,Retail,SMB,338,3
ORD-8-221,2023-09-20,South,Retail,SMB,702,8
ORD-8-222,2023-09-26,East,Web,Mid,548,9
ORD-8-223,2023-09-25,North,Web,Mid,537,12
ORD-8-224,2023-09-13,North,Partner,Enterprise,494,7
ORD-8-225,2023-09-19,East,Retail,Mid,571,4
ORD-8-226,2023-09-21,South,Partner,Mid,405,3
ORD-8-227,2023-09-07,Central,Web,SMB,503,8
ORD-8-228,2023-09-19,East,Web,Enterprise,482,8
ORD-8-229,2023-09-10,North,Retail,Enterprise,556,5
ORD-8-230,2023-09-26,North,Partner,SMB,570,11
ORD-8-231,2023-09-10,Central,Retail,SMB,366,10
ORD-8-232,2023-09-07,Central,Partner,SMB,427,8
ORD-8-233,2023-09-24,South,Retail,Enterprise,442,10
ORD-8-234,2023-09-01,South,Retail,Mid,515,8
ORD-8-235,2023-09-08,East,Partner,SMB,537,7
ORD-8-236,2023-09-05,Central,Web,Mid,727,2
ORD-8-237,2023-09-16,Central,Web,Mid,374,12
ORD-8-238,2023-09-05,Central,Retail,Mid,511,12
ORD-8-239,2023-09-06,East,Retail,SMB,749,6
ORD-8-240,2023-09-17,West,Partner,Mid,554,12
ORD-8-241,2023-09-04,North,Partner,Enterprise,465,9
ORD-8-242,2023-09-10,East,Retail,Enterprise,641,8
ORD-8-243,2023-09-28,North,Partner,Enterprise,457,8
ORD-8-244,2023-09-21,South,Web,Enterprise,618,9
ORD-8-245,2023-09-10,Central,Partner,SMB,330,8
ORD-8-246,2023-09-11,North,Partner,SMB,731,10
ORD-8-247,2023-09-04,Central,Web,Enterprise,806,3
ORD-8-248,2023-09-06,North,Web,Enterprise,687,6
ORD-8-249,2023-09-12,North,Web,Enterprise,327,10
ORD-8-250,2023-09-03,South,Partner,Mid,552,5
ORD-8-251,2023-09-27,West,Partner,SMB,355,9
ORD-8-252,2023-09-07,South,Partner,SMB,573,7
ORD-8-253,2023-09-10,South,Web,Enterprise,447,7
ORD-8-254,2023-09-10,North,Web,Enterprise,414,4
ORD-8-255,2023-09-18,Central,Retail,Mid,634,11
ORD-8-256,2023-09-24,West,Web,Mid,452,3
ORD-8-257,2023-09-02,West,Web,Enterprise,537,6
ORD-8-258,2023-09-23,South,Web,Mid,388,8
ORD-8-259,2023-09-26,North,Partner,SMB,567,10
ORD-8-260,2023-09-12,South,Web,SMB,527,8
ORD-8-261,2023-09-15,North,Partner,Mid,397,9
ORD-8-262,2023-09-10,Central,Retail,SMB,486,10
ORD-8-263,2023-09-18,North,Retail,Enterprise,533,5
ORD-8-264,2023-09-21,North,Web,Enterprise,528,9
ORD-8-265,2023-09-07,West,Partner,Enterprise,599,7
ORD-8-266,2023-09-07,South,Web,SMB,248,10
ORD-8-267,2023-09-16,South,Web,SMB,331,6
ORD-8-268,2023-09-17,East,Web,Mid,430,10
ORD-8-269,2023-09-24,South,Retail,Enterprise,523,8
ORD-8-270,2023-09-11,North,Retail,Enterprise,738,17
ORD-8-271,2023-09-11,South,Partner,Enterprise,258,8
ORD-8-272,2023-09-18,East,Web,SMB,427,12
ORD-8-273,2023-09-04,South,Partner,Enterprise,480,10
ORD-8-274,2023-09-08,North,Retail,Enterprise,428,9
ORD-8-275,2023-09-17,West,Partner,Mid,542,10
ORD-8-276,2023-09-09,East,Web,Mid,510,4
ORD-8-277,2023-09-25,East,Retail,SMB,416,7
ORD-8-278,2023-09-14,East,Partner,Enterprise,653,8
ORD-8-279,2023-09-03,North,Retail,SMB,353,6
ORD-8-280,2023-09-28,East,Retail,SMB,511,5
ORD-8-281,2023-09-16,North,Retail,Mid,337,5
ORD-8-282,2023-09-17,West,Retail,SMB,400,6
ORD-8-283,2023-09-07,East,Retail,Mid,296,9
ORD-8-284,2023-09-11,West,Partner,Enterprise,531,6
ORD-8-285,2023-09-21,South,Partner,Enterprise,432,7
ORD-8-286,2023-09-04,East,Retail,Mid,431,8
ORD-8-287,2023-09-12,West,Web,Mid,384,12
ORD-8-288,2023-09-14,East,Web,Mid,480,7
ORD-8-289,2023-09-12,North,Retail,SMB,493,9
ORD-8-290,2023-09-19,East,Retail,Mid,524,4
ORD-8-291,2023-09-03,Central,Web,SMB,589,14
ORD-8-292,2023-09-06,North,Web,Enterprise,508,7
ORD-8-293,2023-09-21,North,Retail,SMB,273,10
ORD-8-294,2023-09-20,Central,Web,Enterprise,689,9
ORD-8-295,2023-09-02,West,Web,Enterprise,495,11
ORD-8-296,2023-09-13,West,Retail,Mid,438,4
ORD-8-297,2023-09-16,West,Retail,Enterprise,593,9
ORD-8-298,2023-09-13,East,Retail,Enterprise,353,7
ORD-8-299,2023-09-13,East,Retail,Enterprise,425,6
ORD-9-0,2023-10-06,West,Partner,Mid,854,3
ORD-9-1,2023-10-04,East,Web,Enterprise,487,5
ORD-9-2,2023-10-19,Central,Web,SMB,334,14
ORD-9-3,2023-10-01,North,Retail,Mid,600,11
ORD-9-4,2023-10-06,North,Retail,Enterprise,587,6
ORD-9-5,2023-10-26,Central,Web,Mid,606,10
ORD-9-6,2023-10-17,East,Web,SMB,566,10
ORD-9-7,2023-10-22,West,Partner,SMB,187,5
ORD-9-8,2023-10-07,Central,Retail,Enterprise,715,10
ORD-9-9,2023-10-19,Central,Partner,Mid,518,5
ORD-9-10,2023-10-04,East,Web,SMB,511,8
ORD-9-11,2023-10-13,South,Web,SMB,605,5
ORD-9-12,2023-10-06,Central,Web,Enterprise,540,10
ORD-9-13,2023-10-16,North,Web,SMB,651,3
ORD-9-14,2023-10-16,North,Web,SMB,529,5
ORD-9-15,2023-10-06,Central,Retail,SMB,654,7
ORD-9-16,2023-10-19,Central,Web,Enterprise,384,11
ORD-9-17,2023-10-02,Central,Web,Enterprise,703,5
ORD-9-18,2023-10-19,North,Web,Enterprise,320,13
ORD-9-19,2023-10-23,East,Web,Enterprise,586,9
ORD-9-20,2023-10-21,West,Web,Mid,553,6
ORD-9-21,2023-10-17,East,Retail,Enterprise,533,9
ORD-9-22,2023-10-24,Central,Web,Mid,526,8
ORD-9-23,2023-10-10,Central,Retail,SMB,492,6
ORD-9-24,2023-10-04,South,Retail,Enterprise,422,8
ORD-9-25,2023-10-02,Central,Retail,Mid,482,8
ORD-9-26,2023-10-28,Central,Retail,Mid,617,5
ORD-9-27,2023-10-12,North,Retail,Enterprise,556,7
ORD-9-28,2023-10-05,Central,Retail,Enterprise,456,13
ORD-9-29,2023-10-08,West,Web,Enterprise,538,9
ORD-9-30,2023-10-15,East,Web,Enterprise,361,6
ORD-9-31,2023-10-20,Central,Partner,Enterprise,732,13
ORD-9-32,2023-10-19,Central,Partner,SMB,619,7
ORD-9-33,2023-10-24,West,Web,Mid,473,11
ORD-9-34,2023-10-09,North,Retail,SMB,392,3
ORD-9-35,2023-10-26,North,Retail,Enterprise,488,10
ORD-9-36,2023-10-03,North,Web,SMB,571,7
ORD-9-37,2023-10-24,Central,Partner,Mid,588,8
ORD-9-38,2023-10-14,West,Web,Enterprise,463,4
ORD-9-39,2023-10-24,North,Web,Mid,655,9
ORD-9-40,2023-10-15,South,Retail,Enterprise,480,5
ORD-9-41,2023-10-02,East,Web,Enterprise,465,11
ORD-9-42,2023-10-12,West,Partner,Enterprise,486,11
ORD-9-43,2023-10-07,Central,Partner,Enterprise,423,1
ORD-9-44,2023-10-23,East,Web,Mid,622,14
ORD-9-45,2023-10-22,North,Partner,Mid,476,7
ORD-9-46,2023-10-16,East,Partner,Mid,379,5
ORD-9-47,2023-10-12,East,Partner,Enterprise,545,11
ORD-9-48,2023-10-09,East,Partner,Mid,563,3
ORD-9-49,2023-10-16,Central,Retail,SMB,481,4
ORD-9-50,2023-10-08,South,Retail,Enterprise,616,4
ORD-9-51,2023-10-08,North,Partner,SMB,655,4
ORD-9-52,2023-10-02,West,Retail,Enterprise,548,9
ORD-9-53,2023-10-12,Central,Retail,Enterprise,305,3
ORD-9-54,2023-10-18,Central,Web,SMB,490,8
ORD-9-55,2023-10-22,West,Partner,Enterprise,425,11
ORD-9-56,2023-10-28,North,Retail,Enterprise,512,10
ORD-9-57,2023-10-04,North,Retail,Mid,571,8
ORD-9-58,2023-10-23,North,Retail,Enterprise,531,15
ORD-9-59,2023-10-02,West,Web,Enterprise,549,1
ORD-9-60,2023-10-12,South,Partner,SMB,555,4
ORD-9-61,2023-10-21,North,Retail,SMB,524,8
ORD-9-62,2023-10-14,North,Retail,SMB,332,9
ORD-9-63,2023-10-23,West,Partner,Mid,547,11
ORD-9-64,2023-10-04,West,Web,Mid,488,12
ORD-9-65,2023-10-10,Central,Web,Mid,662,6
ORD-9-66,2023-10-25,South,Partner,Enterprise,378,3
ORD-9-67,2023-10-17,Central,Partner,Mid,527,12
ORD-9-68,2023-10-16,East,Retail,SMB,556,10
ORD-9-69,2023-10-21,North,Partner,SMB,556,11
ORD-9-70,2023-10-20,West,Retail,SMB,419,9
ORD-9-71,2023-10-17,Central,Partner,Enterprise,391,7
ORD-9-72,2023-10-11,West,Retail,Mid,272,6
ORD-9-73,2023-10-08,South,Web,Enterprise,602,11
ORD-9-74,2023-10-11,East,Partner,Mid,616,10
ORD-9-75,2023-10-19,South,Partner,SMB,553,7
ORD-9-76,2023-10-13,Central,Partner,Mid,486,6
ORD-9-77,2023-10-11,West,Web,SMB,634,7
ORD-9-78,2023-10-05,South,Web,SMB,522,11
ORD-9-79,2023-10-16,East,Partner,Enterprise,592,11
ORD-9-80,2023-10-15,North,Retail,Mid,613,3
ORD-9-81,2023-10-21,West,Web,Enterprise,446,2
ORD-9-82,2023-10-06,North,Partner,Enterprise,410,8
ORD-9-83,2023-10-12,East,Retail,Mid,590,7
ORD-9-84,2023-10-27,East,Retail,SMB,729,10
ORD-9-85,2023-10-25,Central,Partner,Mid,360,6
ORD-9-86,2023-10-22,South,Retail,Enterprise,231,7
ORD-9-87,2023-10-22,West,Retail,Mid,687,9
ORD-9-88,2023-10-07,North,Retail,Enterprise,541,4
ORD-9-89,2023-10-05,East,Retail,Mid,574,10
ORD-9-90,2023-10-14,North,Web,Enterprise,415,8
ORD-9-91,2023-10-13,South,Partner,SMB,399,2
ORD-9-92,2023-10-20,South,Partner,Enterprise,361,8
ORD-9-93,2023-10-01,West,Retail,SMB,598,7
ORD-9-94,2023-10-09,West,Partner,Enterprise,642,5
ORD-9-95,2023-10-25,East,Web,SMB,386,8
ORD-9-96,2023-10-01,South,Retail,SMB,710,9
ORD-9-97,2023-10-05,South,Retail,Mid,491,10
ORD-9-98,2023-10-27,East,Web,Enterprise,299,8
ORD-9-99,2023-10-08,South,Web,SMB,348,8
ORD-9-100,2023-10-14,West,Partner,Mid,234,9
ORD-9-101,2023-10-24,North,Partner,Mid,426,5
ORD-9-102,2023-10-25,South,Web,SMB,276,9
ORD-9-103,2023-10-04,West,Partner,SMB,600,8
ORD-9-104,2023-10-12,Central,Web,Mid,485,4
ORD-9-105,2023-10-23,North,Web,Mid,534,11
ORD-9-106,2023-10-27,North,Web,Mid,424,10
ORD-9-107,2023-10-07,East,Retail,Enterprise,608,9
ORD-9-108,2023-10-13,Central,Partner,Mid,502,1
ORD-9-109,2023-10-18,South,Web,Enterprise,360,5
ORD-9-110,2023-10-14,South,Web,Mid,311,5
ORD-9-111,2023-10-09,West,Retail,Enterprise,406,11
ORD-9-112,2023-10-17,West,Web,SMB,538,8
ORD-9-113,2023-10-04,Central,Retail,Enterprise,379,5
ORD-9-114,2023-10-03,East,Partner,Mid,456,7
ORD-9-115,2023-10-14,South,Web,SMB,544,14
ORD-9-116,2023-10-08,East,Web,SMB,530,8
ORD-9-117,2023-10-06,South,Retail,SMB,502,10
ORD-9-118,2023-10-02,West,Partner,Enterprise,541,9
ORD-9-119,2023-10-11,Central,Retail,SMB,652,4
ORD-9-120,2023-10-15,South,Web,Mid,408,13
ORD-9-121,2023-10-15,Central,Partner,Mid,370,9
ORD-9-122,2023-10-21,South,Web,Enterprise,507,8
ORD-9-123,2023-10-01,North,Retail,Mid,589,8
ORD-9-124,2023-10-27,Central,Partner,Mid,615,3
ORD-9-125,2023-10-02,Central,Retail,Enterprise,748,7
ORD-9-126,2023-10-02,North,Partner,Mid,413,13
ORD-9-127,2023-10-27,North,Partner,Enterprise,408,11
ORD-9-128,2023-10-13,North,Retail,Enterprise,389,8
ORD-9-129,2023-10-07,South,Partner,Enterprise,757,4
ORD-9-130,2023-10-11,Central,Retail,Enterprise,442,8
ORD-9-131,2023-10-18,Central,Retail,SMB,470,9
ORD-9-132,2023-10-13,West,Partner,Enterprise,536,7
ORD-9-133,2023-10-16,West,Retail,Mid,487,7
ORD-9-134,2023-10-11,Central,Partner,Mid,484,10
ORD-9-135,2023-10-12,South,Retail,Mid,550,8
ORD-9-136,2023-10-11,West,Web,Enterprise,656,7
ORD-9-137,2023-10-27,North,Web,Mid,456,10
ORD-9-138,2023-10-09,South,Partner,Mid,581,7
ORD-9-139,2023-10-17,South,Web,Enterprise,531,7
ORD-9-140,2023-10-07,East,Partner,Enterprise,350,8
ORD-9-141,2023-10-26,West,Web,Mid,407,9
ORD-9-142,2023-10-18,North,Web,Mid,575,19
ORD-9-143,2023-10-11,East,Retail,Mid,547,9
ORD-9-144,2023-10-05,South,Retail,Mid,521,7
ORD-9-145,2023-10-09,South,Partner,Enterprise,502,11
ORD-9-146,2023-10-24,South,Retail,Enterprise,521,11
ORD-9-147,2023-10-20,Central,Web,Mid,306,3
ORD-9-148,2023-10-09,South,Partner,SMB,518,7
ORD-9-149,2023-10-22,South,Retail,SMB,641,14
ORD-9-150,2023-10-24,North,Retail,Mid,650,8
ORD-9-151,2023-10-08,North,Partner,Enterprise,440,6
ORD-9-152,2023-10-10,West,Retail,Mid,425,4
ORD-9-153,2023-10-28,South,Web,Mid,438,5
ORD-9-154,2023-10-15,North,Web,SMB,499,6
ORD-9-155,2023-10-13,West,Web,Enterprise,618,9
ORD-9-156,2023-10-03,South,Web,Enterprise,220,8
ORD-9-157,2023-10-18,West,Partner,Mid,392,7
ORD-9-158,2023-10-11,North,Retail,SMB,271,9
ORD-9-159,2023-10-13,South,Partner,Enterprise,261,9
ORD-9-160,2023-10-23,Central,Web,Mid,410,7
ORD-9-161,2023-10-28,South,Retail,Enterprise,753,7
ORD-9-162,2023-10-12,Central,Partner,Enterprise,551,7
ORD-9-163,2023-10-15,East,Retail,SMB,690,8
ORD-9-164,2023-10-22,East,Web,Enterprise,540,9
ORD-9-165,2023-10-03,South,Retail,SMB,537,1
ORD-9-166,2023-10-11,Central,Retail,Mid,317,4
ORD-9-167,2023-10-10,West,Retail,SMB,583,10
ORD-9-168,2023-10-16,West,Retail,Enterprise,639,4
ORD-9-169,2023-10-07,West,Retail,Mid,508,12
ORD-9-170,2023-10-13,West,Partner,Enterprise,546,6
ORD-9-171,2023-10-05,Central,Web,Mid,541,3
ORD-9-172,2023-10-23,West,Partner,SMB,407,11
ORD-9-173,2023-10-04,Central,Partner,SMB,258,6
ORD-9-174,2023-10-26,West,Retail,SMB,185,4
ORD-9-175,2023-10-09,East,Web,Enterprise,451,11
ORD-9-176,2023-10-23,Central,Web,SMB,638,17
ORD-9-177,2023-10-25,East,Web,SMB,564,7
ORD-9-178,2023-10-01,North,Partner,Mid,181,10
ORD-9-179,2023-10-04,South,Retail,Mid,560,8
ORD-9-180,2023-10-03,North,Partner,Enterprise,462,14
ORD-9-181,2023-10-13,South,Web,Enterprise,279,7
ORD-9-182,2023-10-19,South,Partner,Mid,657,4
ORD-9-183,2023-10-19,West,Partner,SMB,600,10
ORD-9-184,2023-10-13,South,Partner,SMB,453,10
ORD-9-185,2023-10-05,Central,Partner,Mid,359,7
ORD-9-186,2023-10-07,West,Partner,Mid,542,5
ORD-9-187,2023-10-18,South,Retail,Enterprise,322,4
ORD-9-188,2023-10-13,Central,Partner,Enterprise,208,9
ORD-9-189,2023-10-14,East,Web,Enterprise,493,11
ORD-9-190,2023-10-24,North,Web,Mid,548,5
ORD-9-191,2023-10-11,West,Partner,SMB,527,8
ORD-9-192,2023-10-22,West,Retail,Mid,422,9
ORD-9-193,2023-10-12,West,Web,Mid,342,12
ORD-9-194,2023-10-06,South,Partner,SMB,467,10
ORD-9-195,2023-10-05,Central,Retail,Enterprise,503,1
ORD-9-196,2023-10-18,South,Partner,Enterprise,602,7
ORD-9-197,2023-10-27,North,Partner,SMB,553,3
ORD-9-198,2023-10-16,Central,Web,Enterprise,380,5
ORD-9-199,2023-10-28,North,Web,Mid,419,3
ORD-9-200,2023-10-04,Central,Web,Mid,639,1
ORD-9-201,2023-10-27,East,Partner,Mid,605,9
ORD-9-202,2023-10-15,North,Partner,Mid,571,12
ORD-9-203,2023-10-27,Central,Web,Mid,523,10
ORD-9-204,2023-10-28,West,Retail,SMB,471,12
ORD-9-205,2023-10-26,West,Web,Mid,624,8
ORD-9-206,2023-10-20,Central,Web,Enterprise,672,10
ORD-9-207,2023-10-23,South,Web,SMB,505,11
ORD-9-208,2023-10-13,West,Partner,Enterprise,641,8
ORD-9-209,2023-10-05,South,Web,Enterprise,700,5
ORD-9-210,2023-10-06,West,Web,Enterprise,549,9
ORD-9-211,2023-10-09,South,Retail,Mid,576,8
ORD-9-212,2023-10-23,South,Partner,Mid,409,4
ORD-9-213,2023-10-02,South,Partner,Mid,579,1
ORD-9-214,2023-10-12,North,Partner,SMB,552,3
ORD-9-215,2023-10-08,Central,Partner,SMB,587,10
ORD-9-216,2023-10-07,East,Partner,SMB,450,7
ORD-9-217,2023-10-02,East,Partner,Mid,518,10
ORD-9-218,2023-10-16,Central,Partner,Mid,534,3
ORD-9-219,2023-10-19,West,Web,Mid,482,10
ORD-9-220,2023-10-13,South,Web,SMB,370,7
ORD-9-221,2023-10-27,Central,Partner,Mid,525,11
ORD-9-222,2023-10-25,South,Partner,SMB,414,3
ORD-9-223,2023-10-10,East,Web,Mid,556,12
ORD-9-224,2023-10-15,South,Retail,SMB,659,6
ORD-9-225,2023-10-08,South,Retail,Enterprise,378,1
ORD-9-226,2023-10-20,West,Web,SMB,456,14
ORD-9-227,2023-10-27,South,Web,Enterprise,580,8
ORD-9-228,2023-10-07,South,Retail,Enterprise,573,7
ORD-9-229,2023-10-17,South,Partner,Mid,467,10
ORD-9-230,2023-10-22,Central,Partner,SMB,437,8
ORD-9-231,2023-10-06,South,Web,SMB,488,9
ORD-9-232,2023-10-17,South,Web,Mid,441,5
ORD-9-233,2023-10-12,South,Web,Enterprise,616,6
ORD-9-234,2023-10-03,East,Partner,SMB,395,9
ORD-9-235,2023-10-07,West,Retail,SMB,603,8
ORD-9-236,2023-10-08,South,Partner,SMB,519,8
ORD-9-237,2023-10-04,Central,Partner,Enterprise,389,11
ORD-9-238,2023-10-03,North,Web,Mid,557,12
ORD-9-239,2023-10-06,South,Web,SMB,596,4
ORD-9-240,2023-10-24,East,Partner,SMB,807,11
ORD-9-241,2023-10-18,West,Partner,Mid,396,9
ORD-9-242,2023-10-10,Central,Web,SMB,567,6
ORD-9-243,2023-10-22,Central,Web,Mid,592,2
ORD-9-244,2023-10-18,Central,Retail,SMB,496,8
ORD-9-245,2023-10-18,South,Web,Mid,456,7
ORD-9-246,2023-10-21,Central,Web,SMB,492,4
ORD-9-247,2023-10-26,West,Retail,SMB,771,9
ORD-9-248,2023-10-27,West,Retail,Mid,250,11
ORD-9-249,2023-10-02,West,Retail,SMB,570,5
ORD-9-250,2023-10-26,East,Partner,SMB,450,5
ORD-9-251,2023-10-06,North,Retail,SMB,778,10
ORD-9-252,2023-10-04,Central,Partner,Enterprise,339,7
ORD-9-253,2023-10-16,North,Web,SMB,345,11
ORD-9-254,2023-10-23,East,Partner,Enterprise,714,11
ORD-9-255,2023-10-18,West,Retail,Enterprise,495,7
ORD-9-256,2023-10-12,North,Web,SMB,493,6
ORD-9-257,2023-10-04,South,Partner,SMB,668,8
ORD-9-258,2023-10-24,East,Retail,Mid,644,7
ORD-9-259,2023-10-03,North,Retail,Enterprise,667,11
ORD-9-260,2023-10-18,South,Web,Enterprise,484,6
ORD-9-261,2023-10-14,Central,Web,Enterprise,450,10
ORD-9-262,2023-10-06,East,Web,Enterprise,456,8
ORD-9-263,2023-10-22,South,Web,SMB,510,7
ORD-9-264,2023-10-01,East,Partner,Enterprise,453,2
ORD-9-265,2023-10-21,Central,Retail,Mid,465,7
ORD-9-266,2023-10-16,Central,Web,Mid,463,4
ORD-9-267,2023-10-21,East,Retail,Mid,623,11
ORD-9-268,2023-10-16,West,Retail,SMB,414,8
ORD-9-269,2023-10-14,East,Retail,SMB,389,9
ORD-9-270,2023-10-28,Central,Partner,Enterprise,527,11
ORD-9-271,2023-10-26,North,Partner,Mid,470,12
ORD-9-272,2023-10-27,North,Partner,SMB,573,16
ORD-9-273,2023-10-16,East,Partner,Mid,366,11
ORD-9-274,2023-10-18,West,Web,SMB,424,6
ORD-9-275,2023-10-08,West,Partner,SMB,442,14
ORD-9-276,2023-10-10,North,Retail,Enterprise,550,12
ORD-9-277,2023-10-25,West,Web,SMB,566,8
ORD-9-278,2023-10-16,West,Retail,SMB,489,8
ORD-9-279,2023-10-14,Central,Partner,SMB,636,8
ORD-9-280,2023-10-01,West,Retail,Mid,668,10
ORD-9-281,2023-10-20,East,Retail,SMB,484,3
ORD-9-282,2023-10-22,East,Web,Enterprise,266,14
ORD-9-283,2023-10-24,South,Partner,Mid,373,2
ORD-9-284,2023-10-13,West,Retail,Mid,286,8
ORD-9-285,2023-10-05,North,Partner,SMB,399,12
ORD-9-286,2023-10-21,Central,Web,SMB,531,7
ORD-9-287,2023-10-26,South,Partner,SMB,401,7
ORD-9-288,2023-10-16,South,Web,SMB,666,4
ORD-9-289,2023-10-02,West,Web,Enterprise,698,10
ORD-9-290,2023-10-23,South,Partner,Mid,363,10
ORD-9-291,2023-10-14,South,Retail,SMB,552,10
ORD-9-292,2023-10-22,East,Partner,SMB,797,3
ORD-9-293,2023-10-07,South,Retail,Enterprise,399,6
ORD-9-294,2023-10-23,North,Partner,SMB,385,3
ORD-9-295,2023-10-24,East,Retail,Mid,338,7
ORD-9-296,2023-10-27,Central,Partner,SMB,378,8
ORD-9-297,2023-10-20,West,Web,SMB,344,8
ORD-9-298,2023-10-26,Central,Web,Mid,745,2
ORD-9-299,2023-10-05,North,Partner,Mid,573,7
ORD-10-0,2023-11-25,East,Partner,Mid,510,6
ORD-10-1,2023-11-24,South,Partner,SMB,438,12
ORD-10-2,2023-11-12,North,Partner,Enterprise,326,8
ORD-10-3,2023-11-16,East,Web,SMB,456,6
ORD-10-4,2023-11-27,West,Web,Mid,574,6
ORD-10-5,2023-11-04,Central,Partner,Enterprise,426,7
ORD-10-6,2023-11-02,North,Retail,Mid,385,9
ORD-10-7,2023-11-19,South,Retail,Enterprise,677,6
ORD-10-8,2023-11-05,North,Partner,Enterprise,535,5
ORD-10-9,2023-11-21,West,Partner,SMB,382,9
ORD-10-10,2023-11-15,South,Partner,SMB,536,6
ORD-10-11,2023-11-06,Central,Web,Enterprise,396,8
ORD-10-12,2023-11-15,South,Web,Enterprise,645,1
ORD-10-13,2023-11-24,North,Web,Mid,482,6
ORD-10-14,2023-11-21,Central,Partner,Mid,686,1
ORD-10-15,2023-11-11,South,Web,Enterprise,527,8
ORD-10-16,2023-11-27,Central,Partner,Enterprise,537,6
ORD-10-17,2023-11-25,North,Partner,SMB,371,9
ORD-10-18,2023-11-21,Central,Partner,Mid,718,6
ORD-10-19,2023-11-18,South,Web,SMB,423,9
ORD-10-20,2023-11-06,North,Partner,Mid,301,4
ORD-10-21,2023-11-24,West,Retail,SMB,567,9
ORD-10-22,2023-11-16,South,Partner,SMB,674,3
ORD-10-23,2023-11-22,East,Web,Mid,354,8
ORD-10-24,2023-11-14,Central,Partner,Enterprise,627,7
ORD-10-25,2023-11-01,North,Retail,Mid,391,8
ORD-10-26,2023-11-19,East,Web,SMB,504,10
ORD-10-27,2023-11-25,South,Web,Enterprise,731,8
ORD-10-28,2023-11-27,West,Web,Enterprise,578,8
ORD-10-29,2023-11-21,Central,Partner,Mid,557,8
ORD-10-30,2023-11-26,Central,Web,SMB,445,7
ORD-10-31,2023-11-27,East,Retail,Enterprise,565,7
ORD-10-32,2023-11-18,South,Partner,Mid,427,9
ORD-10-33,2023-11-19,West,Partner,Mid,627,5
ORD-10-34,2023-11-18,South,Partner,SMB,621,7
ORD-10-35,2023-11-22,West,Partner,Mid,565,5
ORD-10-36,2023-11-23,North,Partner,Enterprise,330,14
ORD-10-37,2023-11-06,West,Partner,SMB,520,5
ORD-10-38,2023-11-16,Central,Partner,Mid,665,8
ORD-10-39,2023-11-26,East,Web,Enterprise,488,10
ORD-10-40,2023-11-05,Central,Web,Mid,521,10
ORD-10-41,2023-11-04,South,Web,Enterprise,512,2
ORD-10-42,2023-11-17,North,Retail,Enterprise,512,8
ORD-10-43,2023-11-05,East,Retail,Mid,474,9
ORD-10-44,2023-11-17,Central,Web,Mid,678,8
ORD-10-45,2023-11-13,North,Web,Mid,492,6
ORD-10-46,2023-11-05,South,Partner,Enterprise,407,7
ORD-10-47,2023-11-12,South,Retail,Enterprise,540,4
ORD-10-48,2023-11-21,South,Web,SMB,699,9
ORD-10-49,2023-11-17,West,Web,Enterprise,505,9
ORD-10-50,2023-11-05,North,Partner,SMB,513,7
ORD-10-51,2023-11-26,East,Retail,Mid,699,13
ORD-10-52,2023-11-09,Central,Web,Mid,735,4
ORD-10-53,2023-11-08,East,Web,Mid,411,7
ORD-10-54,2023-11-12,Central,Web,SMB,547,10
ORD-10-55,2023-11-14,South,Retail,SMB,563,9
ORD-10-56,2023-11-06,East,Partner,Enterprise,212,15
ORD-10-57,2023-11-14,North,Web,SMB,418,10
ORD-10-58,2023-11-12,West,Web,Enterprise,641,8
ORD-10-59,2023-11-14,East,Partner,Mid,440,12
ORD-10-60,2023-11-04,West,Retail,SMB,601,9
ORD-10-61,2023-11-12,North,Retail,SMB,488,4
ORD-10-62,2023-11-24,North,Partner,SMB,679,10
ORD-10-63,2023-11-18,East,Retail,Mid,313,2
ORD-10-64,2023-11-08,East,Web,Mid,653,10
ORD-10-65,2023-11-16,Central,Web,Enterprise,562,10
ORD-10-66,2023-11-25,South,Partner,Enterprise,417,5
ORD-10-67,2023-11-15,South,Web,SMB,563,12
ORD-10-68,2023-11-18,East,Web,Mid,417,8
ORD-10-69,2023-11-27,South,Partner,Enterprise,484,9
ORD-10-70,2023-11-14,South,Web,SMB,586,8
ORD-10-71,2023-11-07,Central,Partner,Mid,437,20
ORD-10-72,2023-11-16,West,Retail,Enterprise,578,11
ORD-10-73,2023-11-11,South,Partner,Enterprise,414,12
ORD-10-74,2023-11-03,West,Retail,Mid,559,11
ORD-10-75,2023-11-18,Central,Retail,Mid,415,7
ORD-10-76,2023-11-07,West,Retail,Enterprise,268,5
ORD-10-77,2023-11-17,West,Partner,Enterprise,413,8
ORD-10-78,2023-11-28,Central,Web,Mid,378,6
ORD-10-79,2023-11-28,East,Web,Mid,478,7
ORD-10-80,2023-11-16,Central,Retail,Mid,524,11
ORD-10-81,2023-11-05,North,Web,Enterprise,419,3
ORD-10-82,2023-11-19,North,Web,Enterprise,524,8
ORD-10-83,2023-11-17,East,Web,SMB,537,9
ORD-10-84,2023-11-28,North,Partner,SMB,465,10
ORD-10-85,2023-11-02,Central,Partner,Enterprise,360,1
ORD-10-86,2023-11-14,South,Retail,Enterprise,584,6
ORD-10-87,2023-11-15,North,Partner,Mid,720,15
ORD-10-88,2023-11-01,Central,Partner,Mid,622,7
ORD-10-89,2023-11-09,Central,Web,Enterprise,536,1
ORD-10-90,2023-11-27,South,Retail,Enterprise,535,2
ORD-10-91,2023-11-03,East,Web,Enterprise,402,6
ORD-10-92,2023-11-13,South,Web,SMB,250,8
ORD-10-93,2023-11-22,East,Web,Enterprise,406,8
ORD-10-94,2023-11-04,West,Partner,SMB,695,10
ORD-10-95,2023-11-09,North,Retail,Mid,452,6
ORD-10-96,2023-11-26,South,Web,Mid,415,9
ORD-10-97,2023-11-04,West,Retail,Mid,497,6
ORD-10-98,2023-11-22,South,Partner,Enterprise,256,10
ORD-10-99,2023-11-18,West,Retail,Mid,304,13
ORD-10-100,2023-11-09,West,Web,Mid,350,8
ORD-10-101,2023-11-15,West,Partner,Mid,801,12
ORD-10-102,2023-11-16,West,Web,SMB,464,5
ORD-10-103,2023-11-07,Central,Web,Mid,625,13
ORD-10-104,2023-11-08,Central,Retail,SMB,481,10
ORD-10-105,2023-11-22,West,Retail,Mid,563,11
ORD-10-106,2023-11-27,West,Web,Mid,348,11
ORD-10-107,2023-11-28,West,Retail,Enterprise,424,8
ORD-10-108,2023-11-14,East,Retail,Mid,381,2
ORD-10-109,2023-11-18,West,Web,Enterprise,260,16
ORD-10-110,2023-11-17,Central,Retail,Mid,656,11
ORD-10-111,2023-11-22,West,Web,Enterprise,448,10
ORD-10-112,2023-11-02,East,Partner,Enterprise,447,6
ORD-10-113,2023-11-13,East,Partner,SMB,485,6
ORD-10-114,2023-11-01,North,Partner,Enterprise,553,10
ORD-10-115,2023-11-12,East,Web,SMB,565,8
ORD-10-116,2023-11-03,Central,Partner,Enterprise,538,3
ORD-10-117,2023-11-22,East,Partner,Mid,674,7
ORD-10-118,2023-11-07,Central,Web,Mid,556,9
ORD-10-119,2023-11-19,East,Web,SMB,637,2
ORD-10-120,2023-11-02,East,Partner,Enterprise,543,17
ORD-10-121,2023-11-14,West,Partner,SMB,498,10
ORD-10-122,2023-11-04,Central,Web,Mid,418,8
ORD-10-123,2023-11-01,Central,Retail,Mid,466,4
ORD-10-124,2023-11-02,North,Retail,Enterprise,674,3
ORD-10-125,2023-11-01,North,Retail,Enterprise,458,8
ORD-10-126,2023-11-24,South,Retail,Enterprise,445,9
ORD-10-127,2023-11-25,West,Web,SMB,599,7
ORD-10-128,2023-11-21,Central,Partner,Enterprise,446,6
ORD-10-129,2023-11-10,East,Web,Enterprise,312,8
ORD-10-130,2023-11-24,North,Partner,Mid,620,4
ORD-10-131,2023-11-27,South,Partner,SMB,709,6
ORD-10-132,2023-11-09,West,Web,SMB,400,7
ORD-10-133,2023-11-18,South,Web,SMB,579,12
ORD-10-134,2023-11-27,North,Web,Mid,331,7
ORD-10-135,2023-11-05,East,Retail,Mid,501,7
ORD-10-136,2023-11-27,South,Retail,Enterprise,365,4
ORD-10-137,2023-11-11,West,Web,Enterprise,456,9
ORD-10-138,2023-11-28,Central,Retail,SMB,511,14
ORD-10-139,2023-11-13,North,Retail,Enterprise,511,13
ORD-10-140,2023-11-03,Central,Retail,Mid,710,12
ORD-10-141,2023-11-20,South,Partner,Mid,502,9
ORD-10-142,2023-11-18,Central,Web,Mid,537,8
ORD-10-143,2023-11-22,South,Partner,SMB,527,5
ORD-10-144,2023-11-10,East,Retail,Enterprise,352,3
ORD-10-145,2023-11-18,North,Web,Mid,364,10
ORD-10-146,2023-11-06,South,Web,Enterprise,624,7
ORD-10-147,2023-11-08,Central,Partner,Enterprise,539,13
ORD-10-148,2023-11-20,South,Web,Enterprise,580,6
ORD-10-149,2023-11-25,North,Partner,SMB,372,10
ORD-10-150,2023-11-05,Central,Partner,Enterprise,195,11
ORD-10-151,2023-11-03,East,Web,SMB,521,4
ORD-10-152,2023-11-10,Central,Retail,SMB,442,9
ORD-10-153,2023-11-05,West,Partner,SMB,563,8
ORD-10-154,2023-11-06,South,Web,SMB,574,10
ORD-10-155,2023-11-15,Central,Retail,Enterprise,571,9
ORD-10-156,2023-11-22,East,Retail,Mid,697,9
ORD-10-157,2023-11-01,West,Partner,Enterprise,443,6
ORD-10-158,2023-11-11,South,Retail,Enterprise,520,8
ORD-10-159,2023-11-24,North,Web,Mid,698,13
ORD-10-160,2023-11-21,South,Retail,Mid,603,9
ORD-10-161,2023-11-11,South,Web,Enterprise,467,11
ORD-10-162,2023-11-11,East,Partner,Enterprise,341,7
ORD-10-163,2023-11-15,West,Retail,SMB,738,12
ORD-10-164,2023-11-19,Central,Partner,Mid,462,11
ORD-10-165,2023-11-17,South,Retail,Enterprise,431,12
ORD-10-166,2023-11-17,East,Partner,Enterprise,507,8
ORD-10-167,2023-11-07,East,Partner,Mid,586,9
ORD-10-168,2023-11-08,North,Web,Mid,375,5
ORD-10-169,2023-11-16,Central,Retail,Mid,333,6
ORD-10-170,2023-11-11,West,Web,Enterprise,597,9
ORD-10-171,2023-11-16,East,Web,Mid,276,8
ORD-10-172,2023-11-17,South,Partner,SMB,352,5
ORD-10-173,2023-11-22,West,Retail,SMB,444,1
ORD-10-174,2023-11-18,South,Retail,Enterprise,453,8
ORD-10-175,2023-11-23,South,Retail,Mid,580,12
ORD-10-176,2023-11-15,South,Partner,SMB,638,9
ORD-10-177,2023-11-25,Central,Partner,SMB,593,11
ORD-10-178,2023-11-01,East,Retail,SMB,229,4
ORD-10-179,2023-11-13,North,Partner,SMB,517,4
ORD-10-180,2023-11-05,East,Retail,Mid,582,5
ORD-10-181,2023-11-22,Central,Retail,SMB,473,9
ORD-10-182,2023-11-17,South,Web,Enterprise,367,11
ORD-10-183,2023-11-24,South,Partner,Mid,506,12
ORD-10-184,2023-11-23,East,Partner,SMB,561,7
ORD-10-185,2023-11-26,Central,Web,Enterprise,496,9
ORD-10-186,2023-11-24,West,Partner,Mid,471,8
ORD-10-187,2023-11-18,Central,Partner,Enterprise,728,5
ORD-10-188,2023-11-27,South,Retail,Enterprise,514,10
ORD-10-189,2023-11-25,South,Web,Enterprise,438,5
ORD-10-190,2023-11-08,East,Web,Mid,388,8
ORD-10-191,2023-11-16,Central,Retail,Mid,383,9
ORD-10-192,2023-11-15,West,Retail,Mid,443,4
ORD-10-193,2023-11-16,South,Partner,Mid,598,4
ORD-10-194,2023-11-06,North,Retail,Mid,482,8
ORD-10-195,2023-11-08,South,Retail,Enterprise,482,9
ORD-10-196,2023-11-04,South,Web,Mid,379,9
ORD-10-197,2023-11-05,West,Retail,Mid,476,5
ORD-10-198,2023-11-04,West,Partner,Mid,611,7
ORD-10-199,2023-11-10,North,Retail,Mid,557,6
ORD-10-200,2023-11-23,Central,Retail,SMB,366,9
ORD-10-201,2023-11-19,East,Retail,SMB,507,10
ORD-10-202,2023-11-11,South,Partner,Enterprise,637,6
ORD-10-203,2023-11-27,Central,Web,Mid,528,4
ORD-10-204,2023-11-14,Central,Web,SMB,483,8
ORD-10-205,2023-11-25,Central,Web,SMB,560,9
ORD-10-206,2023-11-10,North,Partner,Enterprise,253,8
ORD-10-207,2023-11-10,North,Web,SMB,429,3
ORD-10-208,2023-11-14,East,Partner,Enterprise,320,12
ORD-10-209,2023-11-01,West,Partner,Mid,823,5
ORD-10-210,2023-11-02,Central,Retail,Mid,512,12
ORD-10-211,2023-11-26,South,Web,Enterprise,432,3
ORD-10-212,2023-11-21,North,Web,SMB,351,9
ORD-10-213,2023-11-17,South,Web,SMB,299,14
ORD-10-214,2023-11-03,East,Partner,SMB,386,10
ORD-10-215,2023-11-11,East,Retail,Enterprise,630,8
ORD-10-216,2023-11-24,North,Retail,Enterprise,464,7
ORD-10-217,2023-11-18,Central,Web,Enterprise,558,11
ORD-10-218,2023-11-24,West,Web,Mid,309,9
ORD-10-219,2023-11-18,North,Partner,SMB,431,7
ORD-10-220,2023-11-10,East,Web,SMB,521,8
ORD-10-221,2023-11-12,Central,Retail,SMB,728,8
ORD-10-222,2023-11-12,North,Partner,Enterprise,495,12
ORD-10-223,2023-11-03,South,Partner,SMB,556,6
ORD-10-224,2023-11-04,Central,Retail,Mid,535,5
ORD-10-225,2023-11-28,Central,Retail,Mid,740,9
ORD-10-226,2023-11-24,Central,Web,Mid,479,10
ORD-10-227,2023-11-05,Central,Web,SMB,372,4
ORD-10-228,2023-11-06,East,Web,Mid,660,11
ORD-10-229,2023-11-07,North,Retail,Enterprise,487,11
ORD-10-230,2023-11-07,West,Retail,Enterprise,641,6
ORD-10-231,2023-11-27,Central,Web,Enterprise,392,7
ORD-10-232,2023-11-24,South,Partner,Mid,625,10
ORD-10-233,2023-11-10,East,Retail,Mid,494,8
ORD-10-234,2023-11-23,South,Partner,Enterprise,537,7
ORD-10-235,2023-11-03,West,Retail,Enterprise,520,9
ORD-10-236,2023-11-02,Central,Web,SMB,620,7
ORD-10-237,2023-11-08,East,Web,SMB,665,7
ORD-10-238,2023-11-26,South,Retail,Mid,501,10
ORD-10-239,2023-11-10,West,Web,Mid,472,11
ORD-10-240,2023-11-07,West,Partner,SMB,653,7
ORD-10-241,2023-11-04,Central,Partner,SMB,407,1
ORD-10-242,2023-11-21,East,Retail,SMB,599,7
ORD-10-243,2023-11-23,East,Partner,Mid,442,11
ORD-10-244,2023-11-10,North,Partner,SMB,485,10
ORD-10-245,2023-11-13,West,Web,Enterprise,409,8
ORD-10-246,2023-11-05,East,Web,Mid,429,7
ORD-10-247,2023-11-04,East,Web,SMB,661,5
ORD-10-248,2023-11-07,East,Retail,SMB,684,7
ORD-10-249,2023-11-05,Central,Retail,Enterprise,516,10
ORD-10-250,2023-11-13,East,Partner,Mid,352,7
ORD-10-251,2023-11-24,West,Web,Mid,490,13
ORD-10-252,2023-11-14,North,Web,Mid,361,9
ORD-10-253,2023-11-05,East,Partner,Mid,567,4
ORD-10-254,2023-11-28,South,Retail,SMB,532,8
ORD-10-255,2023-11-09,Central,Web,Enterprise,471,7
ORD-10-256,2023-11-07,West,Web,Mid,441,9
ORD-10-257,2023-11-07,West,Partner,Enterprise,391,10
ORD-10-258,2023-11-15,West,Web,Enterprise,568,8
ORD-10-259,2023-11-28,East,Retail,Mid,602,5
ORD-10-260,2023-11-02,East,Retail,SMB,645,7
ORD-10-261,2023-11-16,North,Retail,Enterprise,230,9
ORD-10-262,2023-11-10,North,Web,SMB,649,7
ORD-10-263,2023-11-14,South,Web,SMB,558,7
ORD-10-264,2023-11-27,West,Retail,SMB,466,12
ORD-10-265,2023-11-04,Central,Partner,SMB,581,4
ORD-10-266,2023-11-01,North,Web,SMB,546,8
ORD-10-267,2023-11-27,West,Web,Mid,555,4
ORD-10-268,2023-11-10,East,Retail,SMB,513,6
ORD-10-269,2023-11-03,Central,Web,SMB,407,8
ORD-10-270,2023-11-18,Central,Retail,Enterprise,622,11
ORD-10-271,2023-11-26,South,Retail,SMB,762,1
ORD-10-272,2023-11-21,South,Web,Mid,421,10
ORD-10-273,2023-11-16,East,Partner,Mid,664,7
ORD-10-274,2023-11-28,North,Web,SMB,594,13
ORD-10-275,2023-11-10,South,Partner,SMB,637,7
ORD-10-276,2023-11-22,Central,Retail,SMB,544,6
ORD-10-277,2023-11-22,South,Web,SMB,407,10
ORD-10-278,2023-11-28,West,Retail,SMB,277,14
ORD-10-279,2023-11-21,West,Web,SMB,389,8
ORD-10-280,2023-11-23,West,Web,Mid,671,6
ORD-10-281,2023-11-22,East,Retail,SMB,397,8
ORD-10-282,2023-11-16,Central,Web,Enterprise,512,10
ORD-10-283,2023-11-28,North,Partner,SMB,643,3
ORD-10-284,2023-11-20,West,Retail,Enterprise,558,11
ORD-10-285,2023-11-14,North,Retail,Mid,251,9
ORD-10-286,2023-11-14,South,Web,Mid,494,8
ORD-10-287,2023-11-20,South,Web,Enterprise,538,9
ORD-10-288,2023-11-07,East,Partner,Enterprise,339,7
ORD-10-289,2023-11-28,Central,Retail,Mid,326,3
ORD-10-290,2023-11-03,North,Partner,Mid,518,9
ORD-10-291,2023-11-08,West,Web,Mid,384,10
ORD-10-292,2023-11-18,North,Web,Mid,581,6
ORD-10-293,2023-11-14,North,Partner,SMB,482,13
ORD-10-294,2023-11-27,South,Partner,Mid,540,7
ORD-10-295,2023-11-15,West,Web,Enterprise,536,8
ORD-10-296,2023-11-08,East,Partner,Enterprise,527,10
ORD-10-297,2023-11-11,North,Web,SMB,475,5
ORD-10-298,2023-11-17,West,Retail,Mid,261,5
ORD-10-299,2023-11-26,Central,Retail,Mid,408,6
ORD-11-0,2023-12-01,Central,Retail,SMB,666,5
ORD-11-1,2023-12-15,South,Partner,SMB,465,10
ORD-11-2,2023-12-20,East,Partner,SMB,400,8
ORD-11-3,2023-12-24,West,Retail,Enterprise,556,12
ORD-11-4,2023-12-24,Central,Retail,Enterprise,685,7
ORD-11-5,2023-12-15,South,Retail,SMB,542,9
ORD-11-6,2023-12-05,South,Partner,Enterprise,568,6
ORD-11-7,2023-12-04,East,Retail,SMB,676,10
ORD-11-8,2023-12-23,West,Web,SMB,448,5
ORD-11-9,2023-12-08,North,Retail,Mid,388,7
ORD-11-10,2023-12-15,Central,Partner,SMB,657,11
ORD-11-11,2023-12-07,East,Partner,Mid,423,7
ORD-11-12,2023-12-15,Central,Web,Mid,552,8
ORD-11-13,2023-12-18,South,Partner,SMB,643,8
ORD-11-14,2023-12-16,South,Partner,SMB,589,5
ORD-11-15,2023-12-02,Central,Partner,Mid,511,6
ORD-11-16,2023-12-16,North,Partner,Mid,531,12
ORD-11-17,2023-12-15,East,Retail,Mid,510,7
ORD-11-18,2023-12-28,West,Retail,SMB,405,7
ORD-11-19,2023-12-27,Central,Partner,Mid,542,6
ORD-11-20,2023-12-01,Central,Partner,Mid,567,10
ORD-11-21,2023-12-19,North,Web,SMB,568,9
ORD-11-22,2023-12-09,North,Web,SMB,582,7
ORD-11-23,2023-12-14,West,Web,Enterprise,448,11
ORD-11-24,2023-12-22,East,Partner,Mid,539,8
ORD-11-25,2023-12-05,East,Partner,Mid,468,12
ORD-11-26,2023-12-06,Central,Retail,Mid,560,12
ORD-11-27,2023-12-16,East,Web,SMB,575,6
ORD-11-28,2023-12-16,South,Web,Enterprise,266,8
ORD-11-29,2023-12-25,East,Partner,Mid,585,7
ORD-11-30,2023-12-27,North,Retail,Enterprise,352,6
ORD-11-31,2023-12-19,East,Partner,Enterprise,357,12
ORD-11-32,2023-12-18,Central,Retail,SMB,761,8
ORD-11-33,2023-12-21,East,Retail,Enterprise,389,6
ORD-11-34,2023-12-27,Central,Partner,Mid,330,11
ORD-11-35,2023-12-17,West,Retail,Enterprise,452,6
ORD-11-36,2023-12-26,South,Partner,SMB,509,11
ORD-11-37,2023-12-23,West,Partner,Enterprise,404,8
ORD-11-38,2023-12-10,Central,Retail,Enterprise,446,7
ORD-11-39,2023-12-28,Central,Retail,SMB,357,11
ORD-11-40,2023-12-15,West,Retail,SMB,538,6
ORD-11-41,2023-12-19,East,Retail,Enterprise,536,5
ORD-11-42,2023-12-03,East,Partner,SMB,597,6
ORD-11-43,2023-12-07,East,Web,Enterprise,570,5
ORD-11-44,2023-12-15,West,Retail,Mid,609,1
ORD-11-45,2023-12-08,East,Web,SMB,521,12
ORD-11-46,2023-12-02,West,Retail,SMB,478,10
ORD-11-47,2023-12-09,Central,Retail,Enterprise,471,7
ORD-11-48,2023-12-09,West,Web,SMB,260,5
ORD-11-49,2023-12-05,Central,Retail,Mid,349,8
ORD-11-50,2023-12-23,South,Partner,Mid,213,10
ORD-11-51,2023-12-09,North,Partner,Enterprise,385,11
ORD-11-52,2023-12-05,East,Retail,Mid,516,7
ORD-11-53,2023-12-19,Central,Retail,Mid,266,14
ORD-11-54,2023-12-15,West,Partner,Mid,620,7
ORD-11-55,2023-12-24,Central,Retail,Mid,413,5
ORD-11-56,2023-12-14,North,Retail,Enterprise,609,11
ORD-11-57,2023-12-01,Central,Retail,Enterprise,470,12
ORD-11-58,2023-12-04,East,Partner,Mid,408,9
ORD-11-59,2023-12-20,South,Partner,Mid,601,10
ORD-11-60,2023-12-03,Central,Web,Enterprise,454,9
ORD-11-61,2023-12-01,South,Partner,Enterprise,781,11
ORD-11-62,2023-12-22,East,Web,SMB,521,9
ORD-11-63,2023-12-16,Central,Partner,Mid,637,8
ORD-11-64,2023-12-03,West,Retail,Mid,588,6
ORD-11-65,2023-12-04,West,Web,Enterprise,400,10
ORD-11-66,2023-12-09,East,Web,Mid,442,10
ORD-11-67,2023-12-09,East,Partner,Enterprise,551,6
ORD-11-68,2023-12-20,South,Partner,Mid,457,1
ORD-11-69,2023-12-19,East,Partner,Enterprise,577,9
ORD-11-70,2023-12-10,Central,Web,SMB,423,8
ORD-11-71,2023-12-27,North,Web,SMB,481,5
ORD-11-72,2023-12-18,North,Partner,Enterprise,554,15
ORD-11-73,2023-12-11,West,Retail,SMB,623,9
ORD-11-74,2023-12-06,North,Partner,Enterprise,645,7
ORD-11-75,2023-12-24,Central,Partner,Mid,512,7
ORD-11-76,2023-12-27,North,Partner,Mid,387,7
ORD-11-77,2023-12-28,Central,Partner,Enterprise,520,6
ORD-11-78,2023-12-08,North,Retail,SMB,401,8
ORD-11-79,2023-12-16,South,Retail,Mid,641,9
ORD-11-80,2023-12-24,West,Web,Mid,460,12
ORD-11-81,2023-12-13,North,Partner,Mid,478,7
ORD-11-82,2023-12-01,South,Partner,Mid,564,9
ORD-11-83,2023-12-24,South,Partner,SMB,574,6
ORD-11-84,2023-12-27,North,Retail,SMB,567,8
ORD-11-85,2023-12-02,West,Partner,SMB,710,5
ORD-11-86,2023-12-07,Central,Web,Mid,541,11
ORD-11-87,2023-12-25,North,Web,Enterprise,413,9
ORD-11-88,2023-12-09,East,Web,Enterprise,483,7
ORD-11-89,2023-12-08,East,Partner,SMB,575,12
ORD-11-90,2023-12-01,North,Retail,SMB,651,6
ORD-11-91,2023-12-21,South,Retail,Mid,598,5
ORD-11-92,2023-12-01,North,Retail,SMB,367,1
ORD-11-93,2023-12-02,South,Web,Mid,479,9
ORD-11-94,2023-12-04,East,Web,SMB,382,6
ORD-11-95,2023-12-21,East,Web,SMB,599,8
ORD-11-96,2023-12-20,West,Web,Enterprise,403,11
ORD-11-97,2023-12-08,Central,Partner,SMB,443,6
ORD-11-98,2023-12-25,West,Retail,SMB,570,5
ORD-11-99,2023-12-25,Central,Partner,Enterprise,580,14
ORD-11-100,2023-12-09,East,Web,SMB,339,5
ORD-11-101,2023-12-17,South,Partner,Mid,490,13
ORD-11-102,2023-12-12,South,Partner,SMB,324,5
ORD-11-103,2023-12-20,North,Retail,Enterprise,398,8
ORD-11-104,2023-12-05,Central,Web,Enterprise,368,8
ORD-11-105,2023-12-09,Central,Retail,Enterprise,510,10
ORD-11-106,2023-12-23,Central,Web,Enterprise,577,3
ORD-11-107,2023-12-08,West,Web,Mid,447,8
ORD-11-108,2023-12-28,North,Partner,Mid,481,6
ORD-11-109,2023-12-25,West,Retail,SMB,466,9
ORD-11-110,2023-12-16,South,Partner,SMB,398,11
ORD-11-111,2023-12-06,South,Partner,Enterprise,449,4
ORD-11-112,2023-12-10,West,Web,SMB,346,15
ORD-11-113,2023-12-11,West,Web,Enterprise,535,5
ORD-11-114,2023-12-02,South,Retail,Enterprise,397,12
ORD-11-115,2023-12-14,North,Partner,Enterprise,567,12
ORD-11-116,2023-12-26,East,Retail,Mid,594,13
ORD-11-117,2023-12-10,North,Web,Enterprise,503,7
ORD-11-118,2023-12-12,West,Web,Mid,427,4
ORD-11-119,2023-12-16,East,Retail,Mid,601,6
ORD-11-120,2023-12-03,South,Web,Enterprise,555,11
ORD-11-121,2023-12-15,Central,Retail,Mid,358,7
ORD-11-122,2023-12-07,East,Partner,Mid,464,3
ORD-11-123,2023-12-04,Central,Partner,SMB,442,8
ORD-11-124,2023-12-26,East,Partner,SMB,495,8
ORD-11-125,2023-12-04,Central,Retail,Mid,546,5
ORD-11-126,2023-12-02,North,Web,Mid,447,6
ORD-11-127,2023-12-23,East,Partner,Mid,569,13
ORD-11-128,2023-12-24,Central,Partner,Enterprise,568,8
ORD-11-129,2023-12-06,North,Retail,Enterprise,497,5
ORD-11-130,2023-12-22,East,Web,Enterprise,563,14
ORD-11-131,2023-12-25,Central,Retail,Enterprise,716,6
ORD-11-132,2023-12-04,East,Retail,Mid,530,5
ORD-11-133,2023-12-06,West,Web,Mid,719,14
ORD-11-134,2023-12-28,Central,Retail,SMB,459,4
ORD-11-135,2023-12-21,East,Web,SMB,444,12
ORD-11-136,2023-12-07,East,Partner,SMB,343,11
ORD-11-137,2023-12-06,East,Partner,Mid,401,13
ORD-11-138,2023-12-13,East,Web,SMB,496,4
ORD-11-139,2023-12-17,North,Web,Enterprise,654,14
ORD-11-140,2023-12-10,West,Web,Enterprise,555,12
ORD-11-141,2023-12-08,East,Retail,Mid,422,4
ORD-11-142,2023-12-28,Central,Partner,SMB,382,6
ORD-11-143,2023-12-09,West,Retail,Mid,599,10
ORD-11-144,2023-12-13,South,Web,Mid,650,1
ORD-11-145,2023-12-03,West,Partner,Enterprise,531,7
ORD-11-146,2023-12-16,Central,Partner,Enterprise,606,7
ORD-11-147,2023-12-12,Central,Partner,SMB,528,5
ORD-11-148,2023-12-16,North,Web,Mid,763,6
ORD-11-149,2023-12-16,Central,Partner,Enterprise,545,14
ORD-11-150,2023-12-26,South,Retail,SMB,505,8
ORD-11-151,2023-12-20,West,Partner,SMB,582,12
ORD-11-152,2023-12-24,North,Web,Enterprise,478,8
ORD-11-153,2023-12-27,North,Partner,Mid,499,8
ORD-11-154,2023-12-12,North,Retail,Enterprise,622,6
ORD-11-155,2023-12-22,Central,Partner,SMB,584,11
ORD-11-156,2023-12-21,West,Retail,Enterprise,441,10
ORD-11-157,2023-12-16,North,Retail,SMB,479,4
ORD-11-158,2023-12-10,South,Web,Mid,318,10
ORD-11-159,2023-12-05,West,Partner,Enterprise,571,12
ORD-11-160,2023-12-14,North,Retail,Enterprise,588,11
ORD-11-161,2023-12-09,West,Web,Mid,660,10
ORD-11-162,2023-12-17,South,Web,Mid,428,5
ORD-11-163,2023-12-09,South,Retail,SMB,598,10
ORD-11-164,2023-12-08,North,Web,SMB,601,9
ORD-11-165,2023-12-28,Central,Retail,SMB,652,10
ORD-11-166,2023-12-11,Central,Partner,Enterprise,398,11
ORD-11-167,2023-12-08,North,Web,Mid,606,16
ORD-11-168,2023-12-28,South,Web,Mid,735,12
ORD-11-169,2023-12-09,East,Retail,Mid,463,4
ORD-11-170,2023-12-18,North,Partner,Mid,489,10
ORD-11-171,2023-12-04,South,Partner,Enterprise,477,8
ORD-11-172,2023-12-20,Central,Web,Mid,420,8
ORD-11-173,2023-12-16,North,Web,Enterprise,338,3
ORD-11-174,2023-12-01,North,Web,Enterprise,584,10
ORD-11-175,2023-12-26,West,Partner,Mid,751,11
ORD-11-176,2023-12-18,North,Web,Mid,626,10
ORD-11-177,2023-12-01,West,Web,SMB,522,8
ORD-11-178,2023-12-25,South,Web,Mid,511,1
ORD-11-179,2023-12-20,North,Web,Mid,458,10
ORD-11-180,2023-12-02,North,Web,Mid,362,9
ORD-11-181,2023-12-09,West,Retail,SMB,495,7
ORD-11-182,2023-12-10,West,Retail,SMB,586,5
ORD-11-183,2023-12-21,West,Partner,Mid,643,4
ORD-11-184,2023-12-18,North,Partner,SMB,660,4
ORD-11-185,2023-12-13,Central,Partner,SMB,517,7
ORD-11-186,2023-12-04,South,Partner,Mid,562,9
ORD-11-187,2023-12-11,North,Partner,Mid,492,6
ORD-11-188,2023-12-15,North,Partner,Mid,445,7
ORD-11-189,2023-12-03,Central,Retail,SMB,406,7
ORD-11-190,2023-12-08,North,Web,SMB,467,12
ORD-11-191,2023-12-24,North,Web,Mid,342,6
ORD-11-192,2023-12-09,East,Partner,Mid,370,7
ORD-11-193,2023-12-18,West,Web,Mid,473,14
ORD-11-194,2023-12-15,West,Retail,Enterprise,360,8
ORD-11-195,2023-12-23,East,Partner,Enterprise,411,7
ORD-11-196,2023-12-10,East,Partner,Enterprise,427,7
ORD-11-197,2023-12-14,East,Retail,Mid,354,8
ORD-11-198,2023-12-17,North,Partner,Enterprise,356,8
ORD-11-199,2023-12-26,East,Retail,Enterprise,585,9
ORD-11-200,2023-12-18,Central,Retail,SMB,477,4
ORD-11-201,2023-12-24,West,Web,Enterprise,616,7
ORD-11-202,2023-12-22,East,Web,Mid,678,3
ORD-11-203,2023-12-26,Central,Web,Mid,443,9
ORD-11-204,2023-12-15,East,Retail,Mid,501,11
ORD-11-205,2023-12-26,West,Retail,Enterprise,419,10
ORD-11-206,2023-12-05,South,Partner,Enterprise,338,3
ORD-11-207,2023-12-13,Central,Partner,SMB,601,13
ORD-11-208,2023-12-12,East,Web,Enterprise,428,6
ORD-11-209,2023-12-12,West,Partner,Mid,395,11
ORD-11-210,2023-12-20,South,Web,Mid,416,11
ORD-11-211,2023-12-01,East,Retail,SMB,569,11
ORD-11-212,2023-12-08,West,Partner,SMB,547,9
ORD-11-213,2023-12-02,Central,Retail,Mid,581,12
ORD-11-214,2023-12-10,East,Partner,SMB,445,5
ORD-11-215,2023-12-16,West,Retail,Enterprise,622,11
ORD-11-216,2023-12-08,East,Web,SMB,722,6
ORD-11-217,2023-12-23,South,Web,Enterprise,481,4
ORD-11-218,2023-12-15,North,Partner,Mid,551,5
ORD-11-219,2023-12-09,South,Partner,SMB,575,9
ORD-11-220,2023-12-18,West,Retail,Enterprise,465,4
ORD-11-221,2023-12-20,South,Web,Enterprise,718,10
ORD-11-222,2023-12-24,East,Partner,SMB,434,4
ORD-11-223,2023-12-05,South,Retail,Mid,334,11
ORD-11-224,2023-12-28,South,Web,Enterprise,582,6
ORD-11-225,2023-12-25,East,Retail,Enterprise,548,7
ORD-11-226,2023-12-05,North,Partner,Mid,494,3
ORD-11-227,2023-12-06,Central,Partner,Mid,300,6
ORD-11-228,2023-12-08,Central,Retail,SMB,371,2
ORD-11-229,2023-12-08,North,Retail,Enterprise,393,9
ORD-11-230,2023-12-07,East,Partner,Enterprise,423,9
ORD-11-231,2023-12-04,South,Retail,Mid,560,5
ORD-11-232,2023-12-17,South,Retail,Enterprise,463,8
ORD-11-233,2023-12-09,West,Web,SMB,533,7
ORD-11-234,2023-12-11,South,Web,SMB,527,4
ORD-11-235,2023-12-23,North,Web,Mid,643,6
ORD-11-236,2023-12-10,North,Web,SMB,729,1
ORD-11-237,2023-12-02,North,Retail,Mid,454,3
ORD-11-238,2023-12-27,West,Partner,Mid,468,8
ORD-11-239,2023-12-02,Central,Web,SMB,333,1
ORD-11-240,2023-12-20,West,Retail,Mid,521,1
ORD-11-241,2023-12-26,West,Web,Mid,189,8
ORD-11-242,2023-12-15,South,Web,Mid,548,6
ORD-11-243,2023-12-05,South,Web,Enterprise,361,16
ORD-11-244,2023-12-02,South,Retail,SMB,565,1
ORD-11-245,2023-12-23,Central,Web,SMB,294,3
ORD-11-246,2023-12-28,South,Web,Mid,575,10
ORD-11-247,2023-12-07,West,Web,SMB,343,9
ORD-11-248,2023-12-11,South,Retail,Mid,632,9
ORD-11-249,2023-12-09,West,Partner,Mid,441,6
ORD-11-250,2023-12-03,East,Partner,Enterprise,580,4
ORD-11-251,2023-12-03,North,Web,Enterprise,642,8
ORD-11-252,2023-12-22,North,Partner,Mid,543,10
ORD-11-253,2023-12-14,West,Partner,SMB,396,6
ORD-11-254,2023-12-16,South,Web,Mid,382,12
ORD-11-255,2023-12-18,South,Web,Mid,613,5
ORD-11-256,2023-12-01,East,Web,SMB,420,6
ORD-11-257,2023-12-21,Central,Partner,SMB,847,11
ORD-11-258,2023-12-19,East,Partner,Mid,362,11
ORD-11-259,2023-12-13,North,Partner,Mid,439,4
ORD-11-260,2023-12-11,West,Retail,Mid,746,12
ORD-11-261,2023-12-19,Central,Retail,SMB,680,6
ORD-11-262,2023-12-18,South,Web,Mid,753,6
ORD-11-263,2023-12-27,South,Partner,Mid,566,10
ORD-11-264,2023-12-27,West,Web,SMB,397,14
ORD-11-265,2023-12-05,Central,Partner,Enterprise,492,9
ORD-11-266,2023-12-18,South,Web,Enterprise,239,11
ORD-11-267,2023-12-26,South,Partner,SMB,381,10
ORD-11-268,2023-12-19,Central,Web,Enterprise,516,8
ORD-11-269,2023-12-23,West,Web,Mid,491,6
ORD-11-270,2023-12-13,South,Retail,Mid,692,4
ORD-11-271,2023-12-18,Central,Retail,Enterprise,644,12
ORD-11-272,2023-12-10,West,Partner,Mid,635,11
ORD-11-273,2023-12-13,Central,Partner,Enterprise,251,5
ORD-11-274,2023-12-19,East,Retail,Enterprise,414,8
ORD-11-275,2023-12-02,Central,Retail,SMB,730,11
ORD-11-276,2023-12-03,South,Retail,Mid,472,11
ORD-11-277,2023-12-08,Central,Partner,Enterprise,671,7
ORD-11-278,2023-12-07,Central,Retail,Enterprise,629,9
ORD-11-279,2023-12-14,North,Web,Enterprise,532,9
ORD-11-280,2023-12-09,South,Partner,SMB,502,4
ORD-11-281,2023-12-18,South,Retail,SMB,290,7
ORD-11-282,2023-12-17,South,Retail,Mid,333,7
ORD-11-283,2023-12-27,Central,Partner,SMB,527,12
ORD-11-284,2023-12-24,North,Retail,SMB,567,5
ORD-11-285,2023-12-20,East,Partner,SMB,462,8
ORD-11-286,2023-12-10,North,Retail,Enterprise,538,7
ORD-11-287,2023-12-04,North,Web,SMB,449,9
ORD-11-288,2023-12-24,Central,Web,Enterprise,454,9
ORD-11-289,2023-12-22,Central,Retail,Enterprise,485,12
ORD-11-290,2023-12-22,West,Partner,Mid,559,9
ORD-11-291,2023-12-06,Central,Partner,SMB,630,9
ORD-11-292,2023-12-26,West,Partner,SMB,463,5
ORD-11-293,2023-12-01,South,Retail,Mid,543,6
ORD-11-294,2023-12-23,West,Partner,SMB,457,7
ORD-11-295,2023-12-16,South,Partner,Enterprise,529,6
ORD-11-296,2023-12-22,East,Partner,Enterprise,533,11
ORD-11-297,2023-12-25,West,Retail,Enterprise,359,5
ORD-11-298,2023-12-15,Central,Web,SMB,319,5
ORD-11-299,2023-12-01,North,Retail,SMB,454,8
ORD-12-0,2024-01-02,Central,Web,Mid,640,6
ORD-12-1,2024-01-18,East,Partner,SMB,438,9
ORD-12-2,2024-01-10,North,Web,Enterprise,511,6
ORD-12-3,2024-01-20,North,Retail,SMB,437,7
ORD-12-4,2024-01-15,South,Retail,Enterprise,459,3
ORD-12-5,2024-01-23,South,Partner,Mid,382,7
ORD-12-6,2024-01-23,East,Web,SMB,518,11
ORD-12-7,2024-01-25,South,Partner,Mid,537,9
ORD-12-8,2024-01-15,West,Web,Enterprise,403,5
ORD-12-9,2024-01-26,South,Web,Enterprise,646,13
ORD-12-10,2024-01-17,Central,Partner,Mid,535,11
ORD-12-11,2024-01-17,North,Retail,Mid,523,8
ORD-12-12,2024-01-05,North,Web,SMB,172,8
ORD-12-13,2024-01-03,East,Web,Mid,595,6
ORD-12-14,2024-01-07,South,Partner,SMB,591,7
ORD-12-15,2024-01-15,South,Web,SMB,584,9
ORD-12-16,2024-01-20,Central,Retail,Mid,423,5
ORD-12-17,2024-01-09,Central,Partner,Mid,655,8
ORD-12-18,2024-01-23,South,Web,SMB,358,4
ORD-12-19,2024-01-22,East,Retail,SMB,338,4
ORD-12-20,2024-01-10,North,Retail,SMB,508,5
ORD-12-21,2024-01-11,Central,Retail,Mid,627,9
ORD-12-22,2024-01-12,Central,Partner,SMB,481,8
ORD-12-23,2024-01-10,South,Retail,SMB,285,11
ORD-12-24,2024-01-07,Central,Web,Mid,536,10
ORD-12-25,2024-01-12,East,Web,Enterprise,347,10
ORD-12-26,2024-01-13,East,Retail,SMB,573,7
ORD-12-27,2024-01-10,East,Web,Mid,716,7
ORD-12-28,2024-01-17,North,Partner,SMB,553,5
ORD-12-29,2024-01-02,North,Partner,Enterprise,527,12
ORD-12-30,2024-01-12,East,Partner,SMB,514,5
ORD-12-31,2024-01-15,Central,Partner,Mid,506,6
ORD-12-32,2024-01-28,West,Web,SMB,288,13
ORD-12-33,2024-01-25,West,Web,Mid,246,5
ORD-12-34,2024-01-15,South,Web,Mid,428,10
ORD-12-35,2024-01-08,East,Web,Mid,499,10
ORD-12-36,2024-01-03,East,Partner,Mid,605,8
ORD-12-37,2024-01-27,East,Retail,SMB,494,9
ORD-12-38,2024-01-01,Central,Web,Enterprise,634,10
ORD-12-39,2024-01-12,East,Retail,SMB,731,16
ORD-12-40,2024-01-14,West,Partner,Enterprise,441,7
ORD-12-41,2024-01-18,South,Retail,SMB,353,8
ORD-12-42,2024-01-07,West,Partner,Enterprise,299,5
ORD-12-43,2024-01-23,South,Retail,Mid,613,12
ORD-12-44,2024-01-04,South,Retail,Mid,457,10
ORD-12-45,2024-01-04,North,Partner,SMB,359,5
ORD-12-46,2024-01-23,East,Retail,Enterprise,442,11
ORD-12-47,2024-01-20,West,Retail,Mid,209,11
ORD-12-48,2024-01-11,West,Partner,Mid,675,10
ORD-12-49,2024-01-10,West,Web,Enterprise,435,9
ORD-12-50,2024-01-12,East,Partner,Enterprise,429,9
ORD-12-51,2024-01-01,North,Retail,SMB,444,8
ORD-12-52,2024-01-17,Central,Retail,Mid,698,3
ORD-12-53,2024-01-20,Central,Web,Mid,295,9
ORD-12-54,2024-01-27,East,Partner,Mid,549,10
ORD-12-55,2024-01-15,Central,Web,SMB,466,6
ORD-12-56,2024-01-12,East,Partner,Mid,701,9
ORD-12-57,2024-01-07,East,Web,Mid,415,9
ORD-12-58,2024-01-08,North,Retail,SMB,278,7
ORD-12-59,2024-01-01,West,Partner,Mid,664,10
ORD-12-60,2024-01-03,North,Partner,Mid,471,8
ORD-12-61,2024-01-18,North,Partner,Mid,453,5
ORD-12-62,2024-01-05,West,Web,SMB,604,6
ORD-12-63,2024-01-08,South,Retail,Enterprise,143,15
ORD-12-64,2024-01-01,South,Partner,SMB,380,2
ORD-12-65,2024-01-16,North,Partner,Enterprise,475,9
ORD-12-66,2024-01-13,North,Retail,Enterprise,594,7
ORD-12-67,2024-01-11,North,Web,Enterprise,492,8
ORD-12-68,2024-01-20,North,Web,Mid,433,9
ORD-12-69,2024-01-20,East,Web,Enterprise,437,4
ORD-12-70,2024-01-03,East,Web,SMB,468,11
ORD-12-71,2024-01-11,South,Partner,Enterprise,432,10
ORD-12-72,2024-01-15,North,Retail,SMB,490,8
ORD-12-73,2024-01-02,Central,Retail,Mid,542,3
ORD-12-74,2024-01-03,North,Retail,Mid,357,10
ORD-12-75,2024-01-05,Central,Partner,SMB,578,7
ORD-12-76,2024-01-17,West,Web,Enterprise,516,5
ORD-12-77,2024-01-05,East,Retail,SMB,499,7
ORD-12-78,2024-01-21,North,Web,Mid,427,5
ORD-12-79,2024-01-04,Central,Partner,Mid,386,9
ORD-12-80,2024-01-23,West,Retail,SMB,428,9
ORD-12-81,2024-01-05,North,Retail,Enterprise,585,12
ORD-12-82,2024-01-04,West,Web,Mid,465,6
ORD-12-83,2024-01-04,South,Partner,SMB,560,1
ORD-12-84,2024-01-17,West,Retail,SMB,428,7
ORD-12-85,2024-01-05,West,Web,Enterprise,491,6
ORD-12-86,2024-01-18,Central,Web,SMB,524,4
ORD-12-87,2024-01-08,West,Web,Enterprise,351,9
ORD-12-88,2024-01-25,West,Partner,Mid,307,8
ORD-12-89,2024-01-07,North,Partner,SMB,519,8
ORD-12-90,2024-01-21,North,Partner,Enterprise,304,1
ORD-12-91,2024-01-11,Central,Partner,SMB,578,9
ORD-12-92,2024-01-28,Central,Partner,Mid,632,7
ORD-12-93,2024-01-22,South,Retail,Enterprise,479,6
ORD-12-94,2024-01-08,West,Retail,SMB,510,2
ORD-12-95,2024-01-02,South,Retail,Mid,235,7
ORD-12-96,2024-01-08,West,Web,Mid,325,6
ORD-12-97,2024-01-12,East,Retail,Enterprise,465,17
ORD-12-98,2024-01-19,South,Web,Mid,441,5
ORD-12-99,2024-01-19,East,Web,Enterprise,445,5
ORD-12-100,2024-01-11,Central,Partner,Mid,455,14
ORD-12-101,2024-01-18,West,Partner,Enterprise,533,10
ORD-12-102,2024-01-03,Central,Retail,Mid,403,7
ORD-12-103,2024-01-28,South,Retail,Mid,457,10
ORD-12-104,2024-01-07,South,Retail,SMB,528,3
ORD-12-105,2024-01-18,Central,Web,Enterprise,502,14
ORD-12-106,2024-01-11,South,Retail,SMB,584,6
ORD-12-107,2024-01-21,West,Partner,Enterprise,405,7
ORD-12-108,2024-01-17,West,Partner,Mid,630,8
ORD-12-109,2024-01-13,North,Partner,Mid,452,3
ORD-12-110,2024-01-16,West,Web,SMB,428,7
ORD-12-111,2024-01-04,West,Partner,Mid,574,8
ORD-12-112,2024-01-22,West,Retail,Enterprise,155,7
ORD-12-113,2024-01-14,East,Partner,SMB,549,5
ORD-12-114,2024-01-16,East,Web,SMB,412,9
ORD-12-115,2024-01-07,West,Partner,Enterprise,494,1
ORD-12-116,2024-01-24,Central,Retail,SMB,383,11
ORD-12-117,2024-01-18,West,Partner,Enterprise,415,10
ORD-12-118,2024-01-17,Central,Retail,SMB,358,7
ORD-12-119,2024-01-17,North,Retail,Mid,473,7
ORD-12-120,2024-01-04,West,Partner,Enterprise,735,7
ORD-12-121,2024-01-13,East,Retail,Mid,680,9
ORD-12-122,2024-01-25,North,Partner,Mid,569,7
ORD-12-123,2024-01-20,South,Partner,Enterprise,362,10
ORD-12-124,2024-01-07,West,Web,SMB,305,11
ORD-12-125,2024-01-27,South,Retail,SMB,570,9
ORD-12-126,2024-01-28,East,Partner,SMB,642,9
ORD-12-127,2024-01-19,North,Web,Enterprise,441,7
ORD-12-128,2024-01-23,West,Retail,Enterprise,450,6
ORD-12-129,2024-01-15,West,Partner,Mid,341,8
ORD-12-130,2024-01-21,North,Partner,Mid,490,7
ORD-12-131,2024-01-22,Central,Retail,Enterprise,569,13
ORD-12-132,2024-01-26,North,Partner,Mid,334,11
ORD-12-133,2024-01-14,South,Partner,Enterprise,589,10
ORD-12-134,2024-01-01,East,Retail,Mid,324,8
ORD-12-135,2024-01-15,South,Web,Mid,286,7
ORD-12-136,2024-01-12,East,Retail,SMB,528,8
ORD-12-137,2024-01-28,East,Partner,SMB,389,13
ORD-12-138,2024-01-03,Central,Retail,Enterprise,503,10
ORD-12-139,2024-01-08,West,Web,SMB,542,15
ORD-12-140,2024-01-02,East,Partner,Enterprise,615,10
ORD-12-141,2024-01-27,South,Partner,Enterprise,455,8
ORD-12-142,2024-01-03,West,Retail,Mid,579,11
ORD-12-143,2024-01-20,East,Retail,Enterprise,493,7
ORD-12-144,2024-01-21,South,Partner,Enterprise,627,10
ORD-12-145,2024-01-09,South,Partner,Mid,452,9
ORD-12-146,2024-01-06,South,Partner,SMB,251,11
ORD-12-147,2024-01-14,West,Web,SMB,717,4
ORD-12-148,2024-01-19,East,Web,SMB,576,10
ORD-12-149,2024-01-17,North,Retail,Mid,462,7
ORD-12-150,2024-01-02,North,Retail,SMB,613,10
ORD-12-151,2024-01-11,North,Partner,Mid,609,8
ORD-12-152,2024-01-05,Central,Retail,Enterprise,523,4
ORD-12-153,2024-01-16,Central,Web,Mid,496,1
ORD-12-154,2024-01-04,Central,Partner,Enterprise,342,8
ORD-12-155,2024-01-21,West,Partner,Enterprise,443,12
ORD-12-156,2024-01-17,Central,Web,Mid,317,9
ORD-12-157,2024-01-21,West,Web,Mid,759,4
ORD-12-158,2024-01-02,West,Web,Mid,364,7
ORD-12-159,2024-01-28,South,Retail,SMB,476,4
ORD-12-160,2024-01-11,South,Retail,Enterprise,436,12
ORD-12-161,2024-01-27,East,Partner,SMB,615,4
ORD-12-162,2024-01-23,East,Partner,Mid,547,3
ORD-12-163,2024-01-13,East,Retail,Enterprise,613,8
ORD-12-164,2024-01-27,West,Retail,Enterprise,490,8
ORD-12-165,2024-01-01,South,Retail,Enterprise,626,8
ORD-12-166,2024-01-22,East,Partner,SMB,589,7
ORD-12-167,2024-01-19,South,Web,Enterprise,386,7
ORD-12-168,2024-01-05,North,Web,Enterprise,392,10
ORD-12-169,2024-01-01,East,Partner,Enterprise,411,8
ORD-12-170,2024-01-10,North,Retail,SMB,530,14
ORD-12-171,2024-01-13,North,Retail,Mid,405,5
ORD-12-172,2024-01-10,East,Retail,Enterprise,426,12
ORD-12-173,2024-01-27,South,Web,SMB,504,7
ORD-12-174,2024-01-02,West,Web,Enterprise,581,10
ORD-12-175,2024-01-01,North,Web,Enterprise,310,6
ORD-12-176,2024-01-16,Central,Web,Mid,460,7
ORD-12-177,2024-01-09,Central,Web,Enterprise,520,8
ORD-12-178,2024-01-09,South,Web,Mid,353,4
ORD-12-179,2024-01-14,West,Retail,Enterprise,479,9
ORD-12-180,2024-01-24,North,Web,Mid,602,6
ORD-12-181,2024-01-26,Central,Retail,Enterprise,545,7
ORD-12-182,2024-01-19,South,Web,Mid,517,2
ORD-12-183,2024-01-12,South,Retail,SMB,677,7
ORD-12-184,2024-01-04,West,Web,SMB,536,7
ORD-12-185,2024-01-15,East,Web,SMB,708,8
ORD-12-186,2024-01-04,West,Retail,Enterprise,382,12
ORD-12-187,2024-01-23,Central,Web,Enterprise,458,10
ORD-12-188,2024-01-18,North,Web,Enterprise,488,7
ORD-12-189,2024-01-21,West,Partner,Enterprise,452,3
ORD-12-190,2024-01-07,West,Partner,SMB,425,8
ORD-12-191,2024-01-01,Central,Web,SMB,613,13
ORD-12-192,2024-01-17,North,Web,SMB,387,9
ORD-12-193,2024-01-21,East,Web,Enterprise,37,8
ORD-12-194,2024-01-10,West,Partner,Mid,402,10
ORD-12-195,2024-01-02,West,Retail,Enterprise,445,8
ORD-12-196,2024-01-04,East,Web,SMB,350,6
ORD-12-197,2024-01-09,West,Partner,Mid,390,12
ORD-12-198,2024-01-20,South,Web,Enterprise,348,8
ORD-12-199,2024-01-26,Central,Retail,Mid,655,8
ORD-12-200,2024-01-12,North,Web,Enterprise,357,7
ORD-12-201,2024-01-24,South,Partner,Mid,436,10
ORD-12-202,2024-01-27,Central,Retail,Mid,523,11
ORD-12-203,2024-01-03,Central,Partner,Mid,417,12
ORD-12-204,2024-01-24,North,Web,Enterprise,467,6
ORD-12-205,2024-01-08,North,Retail,SMB,495,9
ORD-12-206,2024-01-15,South,Partner,Enterprise,446,8
ORD-12-207,2024-01-10,East,Partner,SMB,553,11
ORD-12-208,2024-01-27,South,Retail,Mid,561,9
ORD-12-209,2024-01-07,West,Partner,Mid,306,18
ORD-12-210,2024-01-21,South,Partner,Enterprise,396,11
ORD-12-211,2024-01-18,East,Partner,Mid,448,9
ORD-12-212,2024-01-02,Central,Partner,Enterprise,679,5
ORD-12-213,2024-01-22,South,Partner,Enterprise,639,3
ORD-12-214,2024-01-04,East,Web,SMB,596,4
ORD-12-215,2024-01-18,East,Retail,Mid,434,2
ORD-12-216,2024-01-07,East,Web,Mid,460,8
ORD-12-217,2024-01-01,East,Web,SMB,376,7
ORD-12-218,2024-01-28,West,Partner,SMB,605,12
ORD-12-219,2024-01-14,North,Web,Enterprise,498,9
ORD-12-220,2024-01-11,West,Retail,SMB,424,7
ORD-12-221,2024-01-17,North,Partner,Enterprise,418,6
ORD-12-222,2024-01-02,East,Retail,Enterprise,342,11
ORD-12-223,2024-01-24,West,Retail,SMB,597,9
ORD-12-224,2024-01-25,North,Web,SMB,279,11
ORD-12-225,2024-01-25,East,Retail,SMB,695,5
ORD-12-226,2024-01-09,Central,Partner,Enterprise,585,5
ORD-12-227,2024-01-05,East,Web,Enterprise,415,8
ORD-12-228,2024-01-20,East,Web,Enterprise,543,3
ORD-12-229,2024-01-02,West,Retail,Enterprise,524,10
ORD-12-230,2024-01-18,Central,Web,Mid,520,12
ORD-12-231,2024-01-02,West,Retail,Mid,370,8
ORD-12-232,2024-01-08,South,Retail,Mid,670,5
ORD-12-233,2024-01-23,Central,Retail,Enterprise,678,6
ORD-12-234,2024-01-07,West,Web,Mid,226,7
ORD-12-235,2024-01-24,West,Retail,Enterprise,477,7
ORD-12-236,2024-01-11,South,Web,Enterprise,462,15
ORD-12-237,2024-01-03,Central,Partner,Enterprise,342,9
ORD-12-238,2024-01-19,East,Web,SMB,401,10
ORD-12-239,2024-01-12,West,Partner,Enterprise,640,8
ORD-12-240,2024-01-26,North,Web,SMB,105,6
ORD-12-241,2024-01-01,West,Partner,Enterprise,318,5
ORD-12-242,2024-01-10,North,Partner,Mid,541,7
ORD-12-243,2024-01-19,East,Retail,Mid,744,10
ORD-12-244,2024-01-22,Central,Web,Mid,409,5
ORD-12-245,2024-01-18,East,Retail,SMB,454,7
ORD-12-246,2024-01-13,East,Retail,Enterprise,558,13
ORD-12-247,2024-01-12,North,Web,Enterprise,468,9
ORD-12-248,2024-01-05,East,Partner,Mid,585,9
ORD-12-249,2024-01-18,East,Web,Mid,612,5
ORD-12-250,2024-01-03,North,Partner,SMB,588,7
ORD-12-251,2024-01-13,West,Retail,Mid,609,4
ORD-12-252,2024-01-21,West,Retail,Enterprise,576,9
ORD-12-253,2024-01-01,West,Retail,Mid,763,4
ORD-12-254,2024-01-03,North,Web,Mid,423,4
ORD-12-255,2024-01-26,East,Web,Mid,369,5
ORD-12-256,2024-01-23,West,Retail,Mid,374,6
ORD-12-257,2024-01-13,South,Web,SMB,396,3
ORD-12-258,2024-01-03,North,Web,Enterprise,743,7
ORD-12-259,2024-01-08,Central,Web,Mid,562,11
ORD-12-260,2024-01-08,South,Partner,Enterprise,353,9
ORD-12-261,2024-01-08,South,Retail,SMB,277,8
ORD-12-262,2024-01-02,North,Partner,Enterprise,588,7
ORD-12-263,2024-01-28,Central,Retail,SMB,470,15
ORD-12-264,2024-01-19,West,Web,Enterprise,617,13
ORD-12-265,2024-01-24,West,Retail,SMB,620,9
ORD-12-266,2024-01-12,East,Web,SMB,422,9
ORD-12-267,2024-01-17,Central,Web,SMB,376,9
ORD-12-268,2024-01-05,Central,Partner,SMB,498,6
ORD-12-269,2024-01-24,East,Retail,Mid,655,7
ORD-12-270,2024-01-02,South,Web,Enterprise,448,4
ORD-12-271,2024-01-16,Central,Web,Enterprise,349,7
ORD-12-272,2024-01-03,West,Partner,SMB,389,9
ORD-12-273,2024-01-25,South,Web,Enterprise,560,9
ORD-12-274,2024-01-09,Central,Partner,Mid,741,7
ORD-12-275,2024-01-05,Central,Retail,Mid,509,12
ORD-12-276,2024-01-25,East,Web,SMB,476,10
ORD-12-277,2024-01-19,West,Partner,Enterprise,522,10
ORD-12-278,2024-01-06,West,Partner,SMB,521,6
ORD-12-279,2024-01-01,East,Web,SMB,500,6
ORD-12-280,2024-01-25,North,Retail,SMB,436,12
ORD-12-281,2024-01-06,West,Retail,Mid,433,11
ORD-12-282,2024-01-20,West,Web,Enterprise,253,4
ORD-12-283,2024-01-16,West,Web,Enterprise,541,6
ORD-12-284,2024-01-15,West,Retail,Mid,498,12
ORD-12-285,2024-01-15,North,Retail,Mid,451,10
ORD-12-286,2024-01-10,East,Retail,Mid,469,7
ORD-12-287,2024-01-07,West,Web,Mid,561,9
ORD-12-288,2024-01-20,South,Web,SMB,624,7
ORD-12-289,2024-01-25,North,Retail,Enterprise,398,7
ORD-12-290,2024-01-15,East,Partner,Enterprise,407,11
ORD-12-291,2024-01-20,East,Retail,Mid,496,10
ORD-12-292,2024-01-21,North,Web,SMB,576,13
ORD-12-293,2024-01-01,West,Web,Enterprise,590,6
ORD-12-294,2024-01-08,North,Partner,Mid,452,8
ORD-12-295,2024-01-10,South,Web,SMB,328,10
ORD-12-296,2024-01-01,South,Web,Mid,626,6
ORD-12-297,2024-01-25,East,Web,Mid,653,7
ORD-12-298,2024-01-28,Central,Partner,Enterprise,463,12
ORD-12-299,2024-01-14,Central,Partner,Enterprise,396,5
ORD-13-0,2024-02-11,North,Partner,Mid,710,9
ORD-13-1,2024-02-25,Central,Partner,Mid,533,7
ORD-13-2,2024-02-24,North,Partner,Mid,719,15
ORD-13-3,2024-02-21,South,Web,SMB,555,8
ORD-13-4,2024-02-13,Central,Retail,Mid,588,6
ORD-13-5,2024-02-12,West,Web,Mid,598,6
ORD-13-6,2024-02-06,South,Web,Mid,611,9
ORD-13-7,2024-02-12,North,Retail,Mid,639,7
ORD-13-8,2024-02-03,North,Web,SMB,683,12
ORD-13-9,2024-02-08,East,Retail,Enterprise,648,8
ORD-13-10,2024-02-26,East,Retail,SMB,444,7
ORD-13-11,2024-02-26,East,Web,Enterprise,401,3
ORD-13-12,2024-02-28,North,Partner,Enterprise,427,9
ORD-13-13,2024-02-09,Central,Partner,Enterprise,438,5
ORD-13-14,2024-02-08,East,Retail,SMB,320,8
ORD-13-15,2024-02-15,West,Retail,SMB,578,8
ORD-13-16,2024-02-11,South,Web,Mid,616,4
ORD-13-17,2024-02-21,South,Partner,SMB,376,8
ORD-13-18,2024-02-18,South,Retail,Enterprise,421,6
ORD-13-19,2024-02-17,South,Web,Enterprise,491,14
ORD-13-20,2024-02-11,West,Web,SMB,621,6
ORD-13-21,2024-02-17,East,Retail,Enterprise,620,2
ORD-13-22,2024-02-03,West,Web,SMB,633,4
ORD-13-23,2024-02-08,West,Web,Enterprise,748,10
ORD-13-24,2024-02-26,West,Retail,Enterprise,450,10
ORD-13-25,2024-02-15,East,Web,Enterprise,246,5
ORD-13-26,2024-02-27,Central,Partner,Enterprise,506,6
ORD-13-27,2024-02-15,West,Web,SMB,351,7
ORD-13-28,2024-02-22,North,Partner,Enterprise,418,4
ORD-13-29,2024-02-01,South,Web,Enterprise,400,10
ORD-13-30,2024-02-23,North,Retail,Enterprise,504,8
ORD-13-31,2024-02-24,Central,Web,SMB,522,6
ORD-13-32,2024-02-03,North,Partner,SMB,551,9
ORD-13-33,2024-02-18,West,Retail,SMB,369,12
ORD-13-34,2024-02-14,Central,Retail,Enterprise,375,7
ORD-13-35,2024-02-14,East,Retail,SMB,379,7
ORD-13-36,2024-02-01,West,Partner,Enterprise,553,6
ORD-13-37,2024-02-13,West,Retail,Enterprise,424,9
ORD-13-38,2024-02-09,East,Web,SMB,363,12
ORD-13-39,2024-02-03,Central,Retail,Mid,625,8
ORD-13-40,2024-02-12,East,Web,SMB,620,4
ORD-13-41,2024-02-06,Central,Retail,SMB,458,6
ORD-13-42,2024-02-17,North,Partner,Enterprise,891,8
ORD-13-43,2024-02-14,West,Retail,Mid,706,8
ORD-13-44,2024-02-01,North,Retail,Mid,513,6
ORD-13-45,2024-02-11,Central,Retail,Enterprise,819,6
ORD-13-46,2024-02-12,Central,Partner,Mid,455,12
ORD-13-47,2024-02-26,West,Partner,Mid,467,2
ORD-13-48,2024-02-02,Central,Web,SMB,302,10
ORD-13-49,2024-02-28,South,Retail,SMB,393,11
ORD-13-50,2024-02-21,East,Partner,Mid,393,10
ORD-13-51,2024-02-23,West,Web,Enterprise,547,5
ORD-13-52,2024-02-11,South,Web,SMB,390,4
ORD-13-53,2024-02-03,North,Retail,Mid,293,5
ORD-13-54,2024-02-17,North,Retail,Mid,623,11
ORD-13-55,2024-02-25,South,Partner,SMB,341,7
ORD-13-56,2024-02-21,North,Web,Enterprise,682,9
ORD-13-57,2024-02-02,South,Partner,SMB,372,10
ORD-13-58,2024-02-14,South,Partner,Mid,300,7
ORD-13-59,2024-02-03,Central,Retail,SMB,446,10
ORD-13-60,2024-02-20,Central,Web,SMB,370,11
ORD-13-61,2024-02-21,East,Retail,SMB,510,14
ORD-13-62,2024-02-11,Central,Retail,Enterprise,488,11
ORD-13-63,2024-02-05,West,Retail,Enterprise,539,10
ORD-13-64,2024-02-27,Central,Retail,SMB,350,9
ORD-13-65,2024-02-26,North,Retail,Mid,374,7
ORD-13-66,2024-02-13,South,Retail,Mid,462,7
ORD-13-67,2024-02-20,South,Retail,Enterprise,545,9
ORD-13-68,2024-02-26,East,Retail,Mid,439,7
ORD-13-69,2024-02-26,Central,Partner,Mid,658,6
ORD-13-70,2024-02-03,South,Web,Mid,438,12
ORD-13-71,2024-02-18,South,Partner,Mid,495,10
ORD-13-72,2024-02-01,North,Web,Enterprise,392,8
ORD-13-73,2024-02-08,West,Retail,SMB,516,6
ORD-13-74,2024-02-24,West,Web,SMB,484,12
ORD-13-75,2024-02-27,Central,Retail,SMB,596,10
ORD-13-76,2024-02-28,West,Web,SMB,413,10
ORD-13-77,2024-02-17,East,Web,SMB,331,11
ORD-13-78,2024-02-22,Central,Partner,SMB,491,10
ORD-13-79,2024-02-14,South,Web,SMB,520,10
ORD-13-80,2024-02-04,East,Web,SMB,524,12
ORD-13-81,2024-02-01,East,Retail,Enterprise,486,9
ORD-13-82,2024-02-27,Central,Web,Enterprise,552,7
ORD-13-83,2024-02-15,North,Partner,Enterprise,498,9
ORD-13-84,2024-02-05,South,Retail,Mid,445,2
ORD-13-85,2024-02-28,Central,Retail,SMB,373,6
ORD-13-86,2024-02-24,East,Web,SMB,550,8
ORD-13-87,2024-02-28,Central,Web,SMB,580,11
ORD-13-88,2024-02-02,Central,Partner,Mid,576,5
ORD-13-89,2024-02-09,North,Retail,Mid,550,6
ORD-13-90,2024-02-24,Central,Retail,SMB,513,12
ORD-13-91,2024-02-09,South,Retail,SMB,575,6
ORD-13-92,2024-02-15,Central,Partner,SMB,797,14
ORD-13-93,2024-02-19,South,Retail,Enterprise,529,8
ORD-13-94,2024-02-04,West,Partner,Enterprise,368,9
ORD-13-95,2024-02-23,North,Retail,Mid,456,8
ORD-13-96,2024-02-12,South,Web,SMB,726,7
ORD-13-97,2024-02-25,West,Retail,SMB,543,12
ORD-13-98,2024-02-18,West,Retail,SMB,543,9
ORD-13-99,2024-02-04,Central,Partner,Enterprise,569,5
ORD-13-100,2024-02-22,East,Partner,Enterprise,478,7
ORD-13-101,2024-02-24,East,Retail,Mid,632,5
ORD-13-102,2024-02-17,North,Partner,SMB,422,10
ORD-13-103,2024-02-17,East,Retail,Enterprise,549,13
ORD-13-104,2024-02-27,North,Partner,Mid,351,7
ORD-13-105,2024-02-10,North,Partner,SMB,409,10
ORD-13-106,2024-02-24,South,Web,Mid,517,7
ORD-13-107,2024-02-15,South,Web,Mid,443,3
ORD-13-108,2024-02-24,South,Retail,Mid,204,8
ORD-13-109,2024-02-21,South,Web,Enterprise,386,6
ORD-13-110,2024-02-17,North,Partner,Mid,428,9
ORD-13-111,2024-02-04,West,Web,Enterprise,423,12
ORD-13-112,2024-02-25,East,Partner,Enterprise,143,4
ORD-13-113,2024-02-04,East,Partner,Enterprise,580,11
ORD-13-114,2024-02-07,Central,Retail,SMB,862,7
ORD-13-115,2024-02-23,East,Retail,Mid,618,2
ORD-13-116,2024-02-09,South,Retail,SMB,329,9
ORD-13-117,2024-02-08,Central,Partner,Enterprise,242,8
ORD-13-118,2024-02-14,Central,Web,SMB,235,9
ORD-13-119,2024-02-12,East,Partner,SMB,393,4
ORD-13-120,2024-02-01,West,Partner,SMB,551,14
ORD-13-121,2024-02-21,West,Web,SMB,624,3
ORD-13-122,2024-02-22,East,Web,Mid,651,14
ORD-13-123,2024-02-06,East,Partner,Enterprise,597,7
ORD-13-124,2024-02-05,East,Web,SMB,547,7
ORD-13-125,2024-02-17,West,Retail,Mid,549,8
ORD-13-126,2024-02-09,East,Web,SMB,272,8
ORD-13-127,2024-02-27,East,Retail,SMB,486,6
ORD-13-128,2024-02-11,South,Retail,Enterprise,605,11
ORD-13-129,2024-02-05,Central,Retail,Enterprise,554,8
ORD-13-130,2024-02-02,West,Partner,Mid,458,8
ORD-13-131,2024-02-19,South,Web,SMB,563,4
ORD-13-132,2024-02-20,North,Partner,Mid,562,6
ORD-13-133,2024-02-15,East,Retail,SMB,512,8
ORD-13-134,2024-02-16,North,Web,SMB,697,6
ORD-13-135,2024-02-13,South,Web,SMB,630,10
ORD-13-136,2024-02-11,West,Partner,Mid,651,9
ORD-13-137,2024-02-01,South,Partner,Enterprise,282,10
ORD-13-138,2024-02-19,Central,Retail,Enterprise,441,8
ORD-13-139,2024-02-25,North,Retail,Enterprise,606,10
ORD-13-140,2024-02-17,East,Partner,Mid,484,7
ORD-13-141,2024-02-23,Central,Web,Enterprise,540,10
ORD-13-142,2024-02-05,South,Partner,Mid,436,7
ORD-13-143,2024-02-25,North,Retail,SMB,429,11
ORD-13-144,2024-02-19,North,Web,Mid,403,10
ORD-13-145,2024-02-07,East,Web,Mid,529,9
ORD-13-146,2024-02-22,South,Partner,Mid,672,7
ORD-13-147,2024-02-10,West,Partner,Enterprise,455,10
ORD-13-148,2024-02-25,South,Partner,Enterprise,640,5
ORD-13-149,2024-02-24,North,Web,Mid,378,9
ORD-13-150,2024-02-23,Central,Retail,Enterprise,778,6
ORD-13-151,2024-02-27,East,Retail,Mid,459,10
ORD-13-152,2024-02-17,South,Retail,SMB,612,3
ORD-13-153,2024-02-11,North,Partner,SMB,614,10
ORD-13-154,2024-02-15,Central,Web,Enterprise,553,2
ORD-13-155,2024-02-17,South,Partner,SMB,419,7
ORD-13-156,2024-02-23,Central,Partner,SMB,548,6
ORD-13-157,2024-02-21,East,Web,Mid,612,12
ORD-13-158,2024-02-28,East,Partner,SMB,259,7
ORD-13-159,2024-02-10,West,Retail,Enterprise,527,4
ORD-13-160,2024-02-07,East,Retail,Enterprise,422,4
ORD-13-161,2024-02-26,West,Retail,SMB,337,9
ORD-13-162,2024-02-06,Central,Web,Mid,432,12
ORD-13-163,2024-02-15,West,Partner,Mid,668,5
ORD-13-164,2024-02-09,North,Web,Enterprise,444,12
ORD-13-165,2024-02-08,West,Web,Mid,646,2
ORD-13-166,2024-02-26,North,Partner,SMB,578,5
ORD-13-167,2024-02-10,South,Retail,Enterprise,372,8
ORD-13-168,2024-02-11,East,Web,Enterprise,628,11
ORD-13-169,2024-02-12,Central,Partner,Mid,473,10
ORD-13-170,2024-02-07,East,Web,SMB,356,2
ORD-13-171,2024-02-26,North,Web,Mid,455,12
ORD-13-172,2024-02-27,Central,Partner,Enterprise,251,9
ORD-13-173,2024-02-02,Central,Web,Enterprise,369,11
ORD-13-174,2024-02-15,Central,Partner,SMB,615,8
ORD-13-175,2024-02-23,North,Retail,Mid,566,8
ORD-13-176,2024-02-17,South,Partner,SMB,743,5
ORD-13-177,2024-02-11,North,Retail,Mid,514,11
ORD-13-178,2024-02-27,South,Web,Mid,704,8
ORD-13-179,2024-02-14,South,Web,SMB,520,3
ORD-13-180,2024-02-12,West,Retail,SMB,636,6
ORD-13-181,2024-02-10,East,Web,Mid,713,7
ORD-13-182,2024-02-05,East,Web,SMB,612,7
ORD-13-183,2024-02-19,West,Web,Enterprise,582,6
ORD-13-184,2024-02-19,North,Web,Mid,416,1
ORD-13-185,2024-02-06,West,Web,SMB,556,8
ORD-13-186,2024-02-01,South,Retail,Enterprise,538,4
ORD-13-187,2024-02-27,West,Retail,Enterprise,511,1
ORD-13-188,2024-02-08,South,Web,Mid,262,12
ORD-13-189,2024-02-02,East,Web,SMB,528,8
ORD-13-190,2024-02-05,South,Retail,Mid,502,14
ORD-13-191,2024-02-06,North,Partner,SMB,645,8
ORD-13-192,2024-02-27,Central,Partner,Mid,690,5
ORD-13-193,2024-02-20,North,Partner,Mid,502,1
ORD-13-194,2024-02-12,North,Web,Mid,391,6
ORD-13-195,2024-02-03,West,Partner,Mid,270,9
ORD-13-196,2024-02-18,West,Partner,Enterprise,679,9
ORD-13-197,2024-02-14,East,Partner,SMB,484,9
ORD-13-198,2024-02-08,East,Web,SMB,624,3
ORD-13-199,2024-02-23,Central,Web,SMB,382,2
ORD-13-200,2024-02-01,Central,Retail,Enterprise,528,5
ORD-13-201,2024-02-10,Central,Retail,Enterprise,506,6
ORD-13-202,2024-02-19,East,Retail,SMB,345,3
ORD-13-203,2024-02-14,South,Partner,SMB,351,12
ORD-13-204,2024-02-22,South,Retail,Enterprise,461,12
ORD-13-205,2024-02-17,East,Retail,Enterprise,712,11
ORD-13-206,2024-02-05,Central,Partner,Enterprise,272,11
ORD-13-207,2024-02-14,Central,Web,Mid,501,10
ORD-13-208,2024-02-28,Central,Retail,Enterprise,556,11
ORD-13-209,2024-02-04,West,Partner,Mid,624,8
ORD-13-210,2024-02-02,South,Web,Enterprise,406,3
ORD-13-211,2024-02-10,West,Web,Enterprise,755,13
ORD-13-212,2024-02-03,East,Web,SMB,665,8
ORD-13-213,2024-02-16,East,Retail,Enterprise,393,8
ORD-13-214,2024-02-18,West,Partner,SMB,559,5
ORD-13-215,2024-02-18,West,Partner,SMB,372,10
ORD-13-216,2024-02-16,South,Partner,Enterprise,557,5
ORD-13-217,2024-02-06,East,Web,Enterprise,330,10
ORD-13-218,2024-02-09,West,Retail,Mid,533,12
ORD-13-219,2024-02-12,North,Partner,Enterprise,782,4
ORD-13-220,2024-02-10,Central,Retail,Mid,508,5
ORD-13-221,2024-02-23,South,Partner,Mid,632,5
ORD-13-222,2024-02-13,West,Partner,SMB,633,13
ORD-13-223,2024-02-06,East,Partner,Enterprise,459,11
ORD-13-224,2024-02-11,West,Retail,Enterprise,557,11
ORD-13-225,2024-02-11,North,Partner,SMB,412,8
ORD-13-226,2024-02-14,South,Partner,Mid,499,7
ORD-13-227,2024-02-24,East,Web,SMB,783,9
ORD-13-228,2024-02-08,East,Retail,Enterprise,396,10
ORD-13-229,2024-02-02,East,Retail,SMB,313,6
ORD-13-230,2024-02-21,Central,Retail,SMB,488,13
ORD-13-231,2024-02-18,Central,Partner,SMB,763,8
ORD-13-232,2024-02-10,South,Partner,Mid,449,2
ORD-13-233,2024-02-27,South,Web,Mid,460,3
ORD-13-234,2024-02-23,South,Partner,Mid,280,7
ORD-13-235,2024-02-14,South,Partner,Enterprise,387,6
ORD-13-236,2024-02-21,North,Web,Mid,428,15
ORD-13-237,2024-02-21,South,Web,Enterprise,371,7
ORD-13-238,2024-02-10,Central,Retail,Enterprise,456,6
ORD-13-239,2024-02-16,East,Web,SMB,539,10
ORD-13-240,2024-02-09,Central,Partner,SMB,505,6
ORD-13-241,2024-02-19,West,Retail,SMB,454,7
ORD-13-242,2024-02-22,South,Retail,SMB,487,9
ORD-13-243,2024-02-15,Central,Web,SMB,693,4
ORD-13-244,2024-02-26,Central,Web,SMB,541,8
ORD-13-245,2024-02-15,Central,Web,SMB,367,11
ORD-13-246,2024-02-23,South,Retail,Mid,517,12
ORD-13-247,2024-02-12,West,Partner,Enterprise,540,8
ORD-13-248,2024-02-16,East,Retail,Mid,510,10
ORD-13-249,2024-02-02,Central,Web,SMB,587,7
ORD-13-250,2024-02-02,South,Retail,SMB,643,7
ORD-13-251,2024-02-01,North,Partner,Enterprise,381,7
ORD-13-252,2024-02-28,East,Partner,Mid,398,11
ORD-13-253,2024-02-03,West,Retail,Mid,531,10
ORD-13-254,2024-02-22,East,Retail,Enterprise,433,3
ORD-13-255,2024-02-06,South,Partner,SMB,410,9
ORD-13-256,2024-02-05,South,Web,Mid,585,8
ORD-13-257,2024-02-06,North,Retail,SMB,404,10
ORD-13-258,2024-02-19,North,Partner,SMB,518,3
ORD-13-259,2024-02-09,West,Partner,SMB,262,10
ORD-13-260,2024-02-22,West,Web,SMB,402,10
ORD-13-261,2024-02-15,East,Retail,Enterprise,369,9
ORD-13-262,2024-02-19,North,Web,Mid,654,12
ORD-13-263,2024-02-27,East,Web,Mid,461,9
ORD-13-264,2024-02-21,South,Retail,Mid,508,11
ORD-13-265,2024-02-13,West,Web,SMB,594,9
ORD-13-266,2024-02-03,North,Retail,SMB,618,11
ORD-13-267,2024-02-12,North,Web,Mid,534,10
ORD-13-268,2024-02-01,West,Partner,Enterprise,473,8
ORD-13-269,2024-02-04,East,Retail,SMB,580,12
ORD-13-270,2024-02-17,West,Web,Mid,450,4
ORD-13-271,2024-02-04,North,Web,Enterprise,292,7
ORD-13-272,2024-02-09,West,Partner,Mid,681,5
ORD-13-273,2024-02-06,East,Web,SMB,637,6
ORD-13-274,2024-02-12,North,Partner,Mid,451,6
ORD-13-275,2024-02-18,North,Retail,Mid,586,7
ORD-13-276,2024-02-21,Central,Partner,SMB,527,3
ORD-13-277,2024-02-22,South,Partner,Enterprise,541,6
ORD-13-278,2024-02-28,South,Web,SMB,581,7
ORD-13-279,2024-02-10,North,Web,Mid,527,8
ORD-13-280,2024-02-09,East,Partner,Mid,531,5
ORD-13-281,2024-02-06,West,Retail,SMB,589,8
ORD-13-282,2024-02-17,West,Web,Enterprise,459,7
ORD-13-283,2024-02-14,South,Retail,Mid,285,9
ORD-13-284,2024-02-08,East,Partner,Enterprise,472,7
ORD-13-285,2024-02-08,East,Retail,Mid,667,7
ORD-13-286,2024-02-13,South,Partner,Mid,207,9
ORD-13-287,2024-02-26,East,Retail,Mid,477,7
ORD-13-288,2024-02-10,Central,Web,SMB,600,13
ORD-13-289,2024-02-14,South,Partner,Enterprise,578,4
ORD-13-290,2024-02-04,South,Partner,Mid,485,4
ORD-13-291,2024-02-23,North,Partner,SMB,442,7
ORD-13-292,2024-02-02,West,Retail,Mid,473,5
ORD-13-293,2024-02-10,North,Web,SMB,597,8
ORD-13-294,2024-02-06,East,Web,SMB,575,3
ORD-13-295,2024-02-25,South,Web,Enterprise,559,11
ORD-13-296,2024-02-09,East,Web,Mid,636,9
ORD-13-297,2024-02-11,North,Partner,Mid,401,9
ORD-13-298,2024-02-27,North,Retail,Mid,466,8
ORD-13-299,2024-02-28,North,Web,Enterprise,583,8
ORD-14-0,2024-03-12,Central,Partner,SMB,497,11
ORD-14-1,2024-03-03,North,Web,Mid,522,4
ORD-14-2,2024-03-17,East,Web,Mid,461,7
ORD-14-3,2024-03-15,North,Retail,Enterprise,683,6
ORD-14-4,2024-03-21,North,Web,Enterprise,659,9
ORD-14-5,2024-03-20,East,Web,SMB,457,7
ORD-14-6,2024-03-27,West,Retail,SMB,488,5
ORD-14-7,2024-03-13,East,Retail,Enterprise,655,8
ORD-14-8,2024-03-08,West,Retail,SMB,506,6
ORD-14-9,2024-03-16,South,Retail,Mid,529,12
ORD-14-10,2024-03-22,East,Retail,SMB,534,6
ORD-14-11,2024-03-09,South,Retail,Mid,324,5
ORD-14-12,2024-03-01,Central,Retail,Enterprise,588,11
ORD-14-13,2024-03-06,West,Partner,SMB,378,7
ORD-14-14,2024-03-03,Central,Retail,Mid,363,7
ORD-14-15,2024-03-14,South,Web,Enterprise,431,11
ORD-14-16,2024-03-19,West,Partner,Mid,480,8
ORD-14-17,2024-03-27,South,Web,SMB,521,8
ORD-14-18,2024-03-13,South,Web,SMB,621,5
ORD-14-19,2024-03-09,South,Partner,SMB,411,7
ORD-14-20,2024-03-18,West,Partner,Enterprise,622,9
ORD-14-21,2024-03-12,South,Web,Mid,429,12
ORD-14-22,2024-03-25,North,Web,Mid,557,4
ORD-14-23,2024-03-14,East,Retail,SMB,462,9
ORD-14-24,2024-03-01,Central,Partner,SMB,564,5
ORD-14-25,2024-03-05,South,Partner,SMB,614,6
ORD-14-26,2024-03-26,North,Web,SMB,604,4
ORD-14-27,2024-03-21,East,Partner,Mid,455,5
ORD-14-28,2024-03-24,South,Partner,SMB,399,8
ORD-14-29,2024-03-07,West,Web,Mid,546,3
ORD-14-30,2024-03-25,South,Web,Mid,114,9
ORD-14-31,2024-03-23,Central,Partner,Enterprise,500,8
ORD-14-32,2024-03-21,North,Web,SMB,638,13
ORD-14-33,2024-03-11,Central,Web,Mid,568,3
ORD-14-34,2024-03-11,Central,Partner,Enterprise,437,11
ORD-14-35,2024-03-17,East,Web,Mid,599,7
ORD-14-36,2024-03-26,East,Web,Mid,539,11
ORD-14-37,2024-03-09,East,Web,SMB,568,9
ORD-14-38,2024-03-18,South,Retail,SMB,746,7
ORD-14-39,2024-03-19,West,Partner,Mid,377,6
ORD-14-40,2024-03-05,North,Partner,Mid,567,12
ORD-14-41,2024-03-18,South,Web,Mid,469,6
ORD-14-42,2024-03-09,East,Web,SMB,518,7
ORD-14-43,2024-03-03,North,Partner,SMB,232,10
ORD-14-44,2024-03-01,South,Retail,Mid,433,10
ORD-14-45,2024-03-03,North,Partner,Enterprise,537,3
ORD-14-46,2024-03-03,West,Web,Mid,549,15
ORD-14-47,2024-03-14,North,Partner,Enterprise,362,7
ORD-14-48,2024-03-05,South,Web,Mid,537,8
ORD-14-49,2024-03-27,South,Retail,SMB,485,4
ORD-14-50,2024-03-16,Central,Partner,Enterprise,610,8
ORD-14-51,2024-03-28,South,Partner,SMB,514,11
ORD-14-52,2024-03-16,South,Partner,Enterprise,346,8
ORD-14-53,2024-03-06,South,Retail,SMB,657,7
ORD-14-54,2024-03-12,West,Partner,SMB,460,9
ORD-14-55,2024-03-23,West,Partner,SMB,354,11
ORD-14-56,2024-03-27,North,Retail,Mid,485,8
ORD-14-57,2024-03-22,West,Web,SMB,240,1
ORD-14-58,2024-03-20,North,Partner,Enterprise,535,3
ORD-14-59,2024-03-04,East,Web,Enterprise,485,6
ORD-14-60,2024-03-25,North,Retail,Mid,525,10
ORD-14-61,2024-03-26,North,Partner,Enterprise,466,6
ORD-14-62,2024-03-24,West,Retail,Enterprise,303,3
ORD-14-63,2024-03-01,North,Web,Enterprise,386,14
ORD-14-64,2024-03-15,West,Partner,Enterprise,294,10
ORD-14-65,2024-03-15,Central,Web,SMB,610,8
ORD-14-66,2024-03-04,North,Retail,SMB,494,10
ORD-14-67,2024-03-01,Central,Web,Mid,566,7
ORD-14-68,2024-03-25,North,Partner,SMB,272,4
ORD-14-69,2024-03-17,North,Retail,Mid,219,11
ORD-14-70,2024-03-06,Central,Retail,Mid,168,8
ORD-14-71,2024-03-05,East,Retail,SMB,592,10
ORD-14-72,2024-03-13,South,Partner,Enterprise,394,6
ORD-14-73,2024-03-19,North,Web,SMB,600,8
ORD-14-74,2024-03-19,Central,Retail,SMB,451,7
ORD-14-75,2024-03-11,Central,Partner,Enterprise,361,7
ORD-14-76,2024-03-12,North,Partner,SMB,588,12
ORD-14-77,2024-03-18,South,Web,Mid,618,4
ORD-14-78,2024-03-13,South,Web,SMB,519,7
ORD-14-79,2024-03-02,East,Partner,Enterprise,442,6
ORD-14-80,2024-03-05,South,Partner,Enterprise,547,11
ORD-14-81,2024-03-01,East,Partner,Mid,601,7
ORD-14-82,2024-03-19,West,Retail,SMB,469,13
ORD-14-83,2024-03-20,West,Partner,Enterprise,465,11
ORD-14-84,2024-03-12,South,Web,Mid,578,12
ORD-14-85,2024-03-02,Central,Web,Enterprise,545,6
ORD-14-86,2024-03-27,North,Retail,SMB,426,5
ORD-14-87,2024-03-08,East,Retail,Enterprise,548,10
ORD-14-88,2024-03-23,North,Retail,Mid,496,7
ORD-14-89,2024-03-12,North,Partner,Mid,261,6
ORD-14-90,2024-03-21,Central,Web,Mid,477,9
ORD-14-91,2024-03-13,East,Partner,SMB,608,8
ORD-14-92,2024-03-18,East,Partner,Mid,574,7
ORD-14-93,2024-03-15,South,Partner,SMB,258,9
ORD-14-94,2024-03-04,Central,Retail,SMB,512,9
ORD-14-95,2024-03-04,West,Retail,Enterprise,452,8
ORD-14-96,2024-03-04,Central,Web,Enterprise,613,10
ORD-14-97,2024-03-09,West,Partner,Enterprise,542,5
ORD-14-98,2024-03-24,East,Web,Enterprise,259,4
ORD-14-99,2024-03-23,Central,Partner,Mid,466,1
ORD-14-100,2024-03-14,West,Partner,Enterprise,441,10
ORD-14-101,2024-03-27,West,Partner,Enterprise,445,6
ORD-14-102,2024-03-21,North,Partner,Enterprise,468,13
ORD-14-103,2024-03-23,South,Web,SMB,533,9
ORD-14-104,2024-03-27,South,Web,Enterprise,445,12
ORD-14-105,2024-03-22,North,Partner,SMB,543,10
ORD-14-106,2024-03-07,East,Retail,SMB,412,12
ORD-14-107,2024-03-22,South,Partner,SMB,638,5
ORD-14-108,2024-03-28,South,Retail,Enterprise,515,6
ORD-14-109,2024-03-21,Central,Web,Enterprise,539,5
ORD-14-110,2024-03-27,South,Web,Mid,391,8
ORD-14-111,2024-03-28,West,Partner,Enterprise,416,11
ORD-14-112,2024-03-08,West,Web,Mid,564,9
ORD-14-113,2024-03-22,Central,Web,Mid,480,13
ORD-14-114,2024-03-05,Central,Partner,SMB,517,10
ORD-14-115,2024-03-26,West,Retail,SMB,257,9
ORD-14-116,2024-03-14,East,Retail,SMB,484,16
ORD-14-117,2024-03-10,North,Retail,SMB,500,2
ORD-14-118,2024-03-24,Central,Retail,Mid,739,5
ORD-14-119,2024-03-04,East,Partner,Enterprise,447,10
ORD-14-120,2024-03-21,West,Web,Mid,543,11
ORD-14-121,2024-03-20,West,Partner,SMB,505,14
ORD-14-122,2024-03-17,North,Partner,Enterprise,399,7
ORD-14-123,2024-03-20,Central,Retail,Mid,465,8
ORD-14-124,2024-03-28,West,Partner,Mid,482,10
ORD-14-125,2024-03-13,Central,Partner,SMB,640,6
ORD-14-126,2024-03-17,South,Partner,SMB,422,4
ORD-14-127,2024-03-09,West,Retail,SMB,538,9
ORD-14-128,2024-03-06,South,Web,SMB,539,9
ORD-14-129,2024-03-26,West,Retail,Enterprise,722,8
ORD-14-130,2024-03-02,East,Partner,Enterprise,677,8
ORD-14-131,2024-03-25,South,Web,Mid,207,8
ORD-14-132,2024-03-28,Central,Web,Mid,623,16
ORD-14-133,2024-03-09,Central,Retail,SMB,500,13
ORD-14-134,2024-03-16,South,Partner,SMB,473,9
ORD-14-135,2024-03-28,West,Web,Mid,391,1
ORD-14-136,2024-03-18,North,Web,Mid,306,8
ORD-14-137,2024-03-13,East,Partner,Mid,594,12
ORD-14-138,2024-03-01,South,Partner,SMB,248,10
ORD-14-139,2024-03-01,South,Retail,Enterprise,585,9
ORD-14-140,2024-03-12,North,Partner,Enterprise,414,10
ORD-14-141,2024-03-06,Central,Partner,Enterprise,747,11
ORD-14-142,2024-03-25,West,Partner,Mid,540,14
ORD-14-143,2024-03-11,East,Retail,SMB,592,3
ORD-14-144,2024-03-27,Central,Partner,Enterprise,492,5
ORD-14-145,2024-03-19,West,Partner,SMB,563,1
ORD-14-146,2024-03-13,East,Web,Enterprise,389,6
ORD-14-147,2024-03-27,North,Web,SMB,387,6
ORD-14-148,2024-03-21,Central,Partner,Mid,571,8
ORD-14-149,2024-03-01,East,Retail,SMB,541,9
ORD-14-150,2024-03-08,Central,Retail,Mid,367,3
ORD-14-151,2024-03-02,North,Partner,Enterprise,686,3
ORD-14-152,2024-03-15,West,Partner,Enterprise,569,9
ORD-14-153,2024-03-28,North,Retail,Enterprise,371,7
ORD-14-154,2024-03-07,East,Web,SMB,501,10
ORD-14-155,2024-03-19,West,Retail,Mid,647,7
ORD-14-156,2024-03-19,West,Web,Mid,494,6
ORD-14-157,2024-03-01,East,Web,Enterprise,689,13
ORD-14-158,2024-03-23,South,Web,SMB,169,5
ORD-14-159,2024-03-17,North,Retail,Enterprise,639,11
ORD-14-160,2024-03-25,South,Partner,Mid,361,4
ORD-14-161,2024-03-23,South,Retail,Mid,528,7
ORD-14-162,2024-03-08,West,Partner,SMB,570,11
ORD-14-163,2024-03-24,North,Partner,Enterprise,408,14
ORD-14-164,2024-03-07,Central,Retail,SMB,423,7
ORD-14-165,2024-03-20,Central,Partner,Mid,574,9
ORD-14-166,2024-03-20,South,Partner,Mid,415,7
ORD-14-167,2024-03-06,East,Web,Mid,599,13
ORD-14-168,2024-03-03,West,Partner,SMB,423,6
ORD-14-169,2024-03-26,East,Partner,SMB,692,8
ORD-14-170,2024-03-27,Central,Web,Mid,484,12
ORD-14-171,2024-03-16,Central,Retail,SMB,533,5
ORD-14-172,2024-03-13,West,Retail,Enterprise,615,9
ORD-14-173,2024-03-01,East,Retail,Enterprise,524,9
ORD-14-174,2024-03-12,South,Retail,SMB,493,8
ORD-14-175,2024-03-02,East,Partner,Mid,771,3
ORD-14-176,2024-03-14,East,Web,Enterprise,449,9
ORD-14-177,2024-03-15,West,Partner,Enterprise,486,9
ORD-14-178,2024-03-20,South,Retail,SMB,493,6
ORD-14-179,2024-03-22,East,Partner,Enterprise,426,8
ORD-14-180,2024-03-17,South,Partner,SMB,685,6
ORD-14-181,2024-03-26,West,Web,Mid,479,4
ORD-14-182,2024-03-19,North,Web,Enterprise,441,8
ORD-14-183,2024-03-28,North,Retail,Enterprise,298,10
ORD-14-184,2024-03-21,South,Web,Mid,642,10
ORD-14-185,2024-03-08,North,Web,Enterprise,541,9
ORD-14-186,2024-03-08,West,Retail,SMB,498,10
ORD-14-187,2024-03-01,West,Retail,Enterprise,466,6
ORD-14-188,2024-03-24,West,Retail,Enterprise,405,8
ORD-14-189,2024-03-02,East,Retail,SMB,474,8
ORD-14-190,2024-03-18,South,Web,Mid,563,9
ORD-14-191,2024-03-14,East,Web,SMB,590,4
ORD-14-192,2024-03-03,South,Retail,Enterprise,407,5
ORD-14-193,2024-03-14,West,Retail,Enterprise,414,6
ORD-14-194,2024-03-18,Central,Partner,Mid,367,11
ORD-14-195,2024-03-02,East,Retail,Mid,554,8
ORD-14-196,2024-03-26,West,Partner,SMB,431,4
ORD-14-197,2024-03-03,South,Retail,Mid,457,9
ORD-14-198,2024-03-16,East,Retail,Mid,610,7
ORD-14-199,2024-03-06,Central,Web,SMB,425,12
ORD-14-200,2024-03-11,North,Partner,SMB,287,9
ORD-14-201,2024-03-02,South,Web,SMB,414,5
ORD-14-202,2024-03-05,West,Retail,Mid,558,6
ORD-14-203,2024-03-26,East,Retail,SMB,560,7
ORD-14-204,2024-03-12,South,Partner,Enterprise,433,9
ORD-14-205,2024-03-28,Central,Retail,Enterprise,530,3
ORD-14-206,2024-03-28,North,Retail,SMB,534,1
ORD-14-207,2024-03-28,West,Web,Mid,427,9
ORD-14-208,2024-03-16,East,Retail,Mid,471,7
ORD-14-209,2024-03-20,Central,Web,Mid,418,13
ORD-14-210,2024-03-23,North,Retail,Enterprise,577,8
ORD-14-211,2024-03-13,Central,Partner,Mid,460,10
ORD-14-212,2024-03-27,Central,Retail,SMB,743,3
ORD-14-213,2024-03-09,Central,Partner,Mid,439,6
ORD-14-214,2024-03-20,West,Web,SMB,495,4
ORD-14-215,2024-03-21,Central,Partner,Mid,478,10
ORD-14-216,2024-03-19,East,Web,Enterprise,238,15
ORD-14-217,2024-03-12,Central,Partner,Enterprise,553,6
ORD-14-218,2024-03-25,North,Partner,Enterprise,623,5
ORD-14-219,2024-03-02,East,Web,SMB,277,7
ORD-14-220,2024-03-26,South,Retail,Enterprise,436,5
ORD-14-221,2024-03-26,North,Web,Mid,502,8
ORD-14-222,2024-03-20,East,Web,Mid,502,6
ORD-14-223,2024-03-10,West,Retail,Mid,569,12
ORD-14-224,2024-03-25,West,Web,Mid,471,7
ORD-14-225,2024-03-28,South,Retail,SMB,552,8
ORD-14-226,2024-03-06,South,Retail,Enterprise,554,14
ORD-14-227,2024-03-23,West,Partner,Enterprise,528,6
ORD-14-228,2024-03-08,East,Web,SMB,481,5
ORD-14-229,2024-03-04,East,Partner,Mid,408,2
ORD-14-230,2024-03-20,West,Web,Enterprise,390,5
ORD-14-231,2024-03-22,Central,Web,Mid,533,3
ORD-14-232,2024-03-11,South,Retail,Mid,623,5
ORD-14-233,2024-03-01,North,Retail,Enterprise,437,3
ORD-14-234,2024-03-13,East,Retail,Mid,630,7
ORD-14-235,2024-03-19,East,Web,Enterprise,555,8
ORD-14-236,2024-03-11,West,Web,SMB,413,4
ORD-14-237,2024-03-21,West,Web,Enterprise,517,11
ORD-14-238,2024-03-01,West,Retail,Mid,565,11
ORD-14-239,2024-03-19,Central,Web,Enterprise,543,1
ORD-14-240,2024-03-05,Central,Retail,SMB,332,10
ORD-14-241,2024-03-07,East,Partner,Enterprise,424,8
ORD-14-242,2024-03-16,West,Partner,Enterprise,377,3
ORD-14-243,2024-03-09,South,Web,Enterprise,424,7
ORD-14-244,2024-03-12,South,Retail,SMB,545,10
ORD-14-245,2024-03-25,North,Retail,SMB,565,4
ORD-14-246,2024-03-18,Central,Web,Enterprise,416,8
ORD-14-247,2024-03-01,North,Retail,SMB,332,8
ORD-14-248,2024-03-25,Central,Web,SMB,704,10
ORD-14-249,2024-03-08,North,Partner,SMB,287,11
ORD-14-250,2024-03-12,Central,Partner,SMB,569,7
ORD-14-251,2024-03-17,Central,Retail,Enterprise,385,9
ORD-14-252,2024-03-03,South,Web,SMB,498,11
ORD-14-253,2024-03-09,East,Web,Mid,472,7
ORD-14-254,2024-03-21,Central,Partner,Mid,499,9
ORD-14-255,2024-03-24,West,Retail,Enterprise,359,9
ORD-14-256,2024-03-07,East,Web,SMB,690,6
ORD-14-257,2024-03-27,South,Retail,SMB,542,10
ORD-14-258,2024-03-16,East,Web,SMB,601,5
ORD-14-259,2024-03-22,Central,Web,SMB,593,12
ORD-14-260,2024-03-09,South,Retail,Enterprise,301,7
ORD-14-261,2024-03-08,North,Partner,SMB,342,12
ORD-14-262,2024-03-23,South,Web,SMB,524,11
ORD-14-263,2024-03-11,North,Partner,SMB,448,8
ORD-14-264,2024-03-18,South,Web,Mid,412,7
ORD-14-265,2024-03-24,North,Retail,Enterprise,548,1
ORD-14-266,2024-03-11,West,Web,Enterprise,437,6
ORD-14-267,2024-03-21,East,Web,Enterprise,503,11
ORD-14-268,2024-03-10,Central,Web,Mid,392,8
ORD-14-269,2024-03-27,South,Web,Mid,445,6
ORD-14-270,2024-03-13,Central,Partner,Enterprise,667,11
ORD-14-271,2024-03-27,East,Retail,Enterprise,574,9
ORD-14-272,2024-03-08,West,Web,Enterprise,543,9
ORD-14-273,2024-03-07,East,Partner,SMB,680,7
ORD-14-274,2024-03-10,South,Retail,SMB,491,10
ORD-14-275,2024-03-27,East,Retail,SMB,598,5
ORD-14-276,2024-03-11,Central,Web,Mid,463,10
ORD-14-277,2024-03-06,North,Retail,Enterprise,612,4
ORD-14-278,2024-03-15,West,Retail,Mid,547,5
ORD-14-279,2024-03-05,East,Web,SMB,505,8
ORD-14-280,2024-03-12,North,Partner,Mid,402,9
ORD-14-281,2024-03-28,East,Partner,SMB,615,2
ORD-14-282,2024-03-18,North,Retail,Mid,454,6
ORD-14-283,2024-03-09,South,Web,Enterprise,682,9
ORD-14-284,2024-03-08,Central,Retail,SMB,561,13
ORD-14-285,2024-03-08,Central,Partner,SMB,324,7
ORD-14-286,2024-03-11,Central,Retail,Mid,505,6
ORD-14-287,2024-03-02,South,Web,SMB,284,13
ORD-14-288,2024-03-27,South,Partner,Enterprise,334,5
ORD-14-289,2024-03-16,East,Web,SMB,550,9
ORD-14-290,2024-03-26,Central,Retail,Enterprise,502,9
ORD-14-291,2024-03-01,North,Web,Enterprise,505,11
ORD-14-292,2024-03-01,North,Retail,Mid,693,12
ORD-14-293,2024-03-10,Central,Retail,Mid,437,9
ORD-14-294,2024-03-26,East,Partner,Enterprise,731,6
ORD-14-295,2024-03-19,North,Partner,Enterprise,324,4
ORD-14-296,2024-03-15,East,Partner,Mid,448,11
ORD-14-297,2024-03-15,North,Retail,SMB,435,8
ORD-14-298,2024-03-18,North,Partner,Mid,601,7
ORD-14-299,2024-03-12,South,Partner,SMB,475,11
ORD-15-0,2024-04-05,Central,Partner,Mid,633,13
ORD-15-1,2024-04-05,Central,Partner,Enterprise,481,8
ORD-15-2,2024-04-08,North,Web,SMB,425,8
ORD-15-3,2024-04-06,Central,Partner,Mid,313,8
ORD-15-4,2024-04-04,West,Partner,Mid,375,11
ORD-15-5,2024-04-05,Central,Partner,Mid,403,10
ORD-15-6,2024-04-24,North,Web,SMB,483,11
ORD-15-7,2024-04-08,North,Web,Enterprise,506,11
ORD-15-8,2024-04-27,South,Retail,Mid,489,10
ORD-15-9,2024-04-27,North,Retail,Mid,397,6
ORD-15-10,2024-04-16,North,Partner,Enterprise,629,13
ORD-15-11,2024-04-07,Central,Partner,SMB,493,8
ORD-15-12,2024-04-03,South,Web,Mid,301,11
ORD-15-13,2024-04-17,North,Partner,Enterprise,374,11
ORD-15-14,2024-04-15,North,Partner,Enterprise,543,7
ORD-15-15,2024-04-07,North,Retail,Mid,663,9
ORD-15-16,2024-04-20,South,Web,Enterprise,615,7
ORD-15-17,2024-04-08,West,Partner,SMB,572,12
ORD-15-18,2024-04-13,West,Retail,Mid,515,6
ORD-15-19,2024-04-19,West,Web,Enterprise,600,5
ORD-15-20,2024-04-09,Central,Web,Enterprise,381,12
ORD-15-21,2024-04-12,South,Retail,Enterprise,475,10
ORD-15-22,2024-04-02,South,Web,SMB,550,6
ORD-15-23,2024-04-10,Central,Partner,SMB,639,2
ORD-15-24,2024-04-06,East,Web,Mid,562,7
ORD-15-25,2024-04-17,South,Retail,SMB,662,5
ORD-15-26,2024-04-06,Central,Web,SMB,357,8
ORD-15-27,2024-04-06,East,Web,SMB,510,5
ORD-15-28,2024-04-21,South,Web,Mid,500,3
ORD-15-29,2024-04-22,Central,Web,SMB,729,6
ORD-15-30,2024-04-21,North,Retail,Mid,393,9
ORD-15-31,2024-04-20,Central,Retail,SMB,432,7
ORD-15-32,2024-04-21,West,Retail,Mid,388,10
ORD-15-33,2024-04-01,East,Web,Enterprise,409,7
ORD-15-34,2024-04-09,North,Retail,Mid,428,7
ORD-15-35,2024-04-25,North,Web,SMB,551,7
ORD-15-36,2024-04-14,East,Retail,Enterprise,733,12
ORD-15-37,2024-04-21,North,Partner,Enterprise,459,9
ORD-15-38,2024-04-23,Central,Partner,Enterprise,444,3
ORD-15-39,2024-04-24,West,Retail,Enterprise,266,8
ORD-15-40,2024-04-07,East,Partner,Enterprise,756,8
ORD-15-41,2024-04-07,West,Partner,Enterprise,816,11
ORD-15-42,2024-04-15,North,Retail,Enterprise,700,5
ORD-15-43,2024-04-23,East,Web,Mid,515,9
ORD-15-44,2024-04-07,North,Web,SMB,230,7
ORD-15-45,2024-04-26,West,Web,SMB,488,10
ORD-15-46,2024-04-19,West,Partner,Enterprise,485,7
ORD-15-47,2024-04-11,East,Web,SMB,374,6
ORD-15-48,2024-04-17,North,Retail,Enterprise,565,8
ORD-15-49,2024-04-11,West,Retail,Enterprise,261,9
ORD-15-50,2024-04-09,East,Partner,Mid,398,5
ORD-15-51,2024-04-05,West,Web,SMB,617,10
ORD-15-52,2024-04-21,West,Partner,SMB,602,5
ORD-15-53,2024-04-12,West,Web,Enterprise,356,8
ORD-15-54,2024-04-19,North,Retail,SMB,415,10
ORD-15-55,2024-04-18,East,Retail,SMB,275,9
ORD-15-56,2024-04-26,West,Retail,Enterprise,607,6
ORD-15-57,2024-04-04,Central,Web,Mid,586,9
ORD-15-58,2024-04-05,Central,Retail,Enterprise,487,5
ORD-15-59,2024-04-15,Central,Partner,SMB,493,5
ORD-15-60,2024-04-16,East,Retail,Mid,503,3
ORD-15-61,2024-04-24,West,Web,Mid,310,4
ORD-15-62,2024-04-07,South,Web,SMB,585,11
ORD-15-63,2024-04-27,West,Partner,Mid,388,11
ORD-15-64,2024-04-11,East,Partner,Enterprise,541,6
ORD-15-65,2024-04-14,Central,Web,Enterprise,581,9
ORD-15-66,2024-04-03,West,Web,Mid,369,4
ORD-15-67,2024-04-18,East,Retail,Mid,542,6
ORD-15-68,2024-04-14,East,Web,SMB,404,6
ORD-15-69,2024-04-22,South,Web,Mid,565,9
ORD-15-70,2024-04-02,Central,Retail,Mid,320,8
ORD-15-71,2024-04-13,South,Partner,Mid,576,12
ORD-15-72,2024-04-17,West,Web,Enterprise,646,7
ORD-15-73,2024-04-09,East,Partner,SMB,495,11
ORD-15-74,2024-04-07,Central,Partner,SMB,491,11
ORD-15-75,2024-04-19,Central,Partner,Enterprise,678,9
ORD-15-76,2024-04-14,North,Retail,SMB,526,9
ORD-15-77,2024-04-05,West,Web,SMB,503,8
ORD-15-78,2024-04-27,Central,Web,Mid,434,4
ORD-15-79,2024-04-23,Central,Retail,Enterprise,664,8
ORD-15-80,2024-04-08,West,Retail,SMB,589,7
ORD-15-81,2024-04-01,North,Retail,SMB,554,9
ORD-15-82,2024-04-17,South,Partner,Mid,358,6
ORD-15-83,2024-04-28,East,Partner,Enterprise,568,7
ORD-15-84,2024-04-22,East,Retail,Mid,506,11
ORD-15-85,2024-04-09,West,Retail,SMB,457,9
ORD-15-86,2024-04-10,North,Partner,SMB,641,12
ORD-15-87,2024-04-11,South,Partner,SMB,463,7
ORD-15-88,2024-04-16,North,Retail,SMB,563,5
ORD-15-89,2024-04-10,Central,Retail,Enterprise,486,11
ORD-15-90,2024-04-11,East,Web,SMB,302,11
ORD-15-91,2024-04-15,South,Partner,Mid,742,8
ORD-15-92,2024-04-28,East,Partner,SMB,458,6
ORD-15-93,2024-04-15,East,Retail,Enterprise,581,5
ORD-15-94,2024-04-27,East,Partner,SMB,373,10
ORD-15-95,2024-04-19,North,Partner,Mid,444,8
ORD-15-96,2024-04-06,North,Retail,SMB,433,8
ORD-15-97,2024-04-10,North,Partner,Mid,485,12
ORD-15-98,2024-04-13,North,Web,SMB,433,9
ORD-15-99,2024-04-13,Central,Partner,SMB,547,6
ORD-15-100,2024-04-04,Central,Partner,Enterprise,454,12
ORD-15-101,2024-04-09,East,Web,Enterprise,339,10
ORD-15-102,2024-04-22,East,Web,Enterprise,625,5
ORD-15-103,2024-04-14,West,Partner,SMB,487,8
ORD-15-104,2024-04-06,East,Retail,SMB,648,11
ORD-15-105,2024-04-14,South,Web,Mid,269,12
ORD-15-106,2024-04-22,East,Partner,Mid,724,7
ORD-15-107,2024-04-12,East,Partner,SMB,525,5
ORD-15-108,2024-04-17,Central,Web,SMB,382,8
ORD-15-109,2024-04-24,Central,Partner,SMB,386,9
ORD-15-110,2024-04-05,East,Retail,Mid,477,7
ORD-15-111,2024-04-28,Central,Partner,Mid,531,15
ORD-15-112,2024-04-14,Central,Web,SMB,475,3
ORD-15-113,2024-04-16,East,Web,SMB,713,7
ORD-15-114,2024-04-12,North,Web,Enterprise,283,8
ORD-15-115,2024-04-21,Central,Retail,Mid,632,5
ORD-15-116,2024-04-26,West,Partner,Mid,458,10
ORD-15-117,2024-04-09,East,Partner,SMB,513,10
ORD-15-118,2024-04-18,South,Retail,Mid,393,6
ORD-15-119,2024-04-10,East,Partner,Enterprise,596,2
ORD-15-120,2024-04-27,South,Web,SMB,560,6
ORD-15-121,2024-04-05,North,Partner,SMB,384,10
ORD-15-122,2024-04-14,West,Partner,Enterprise,467,1
ORD-15-123,2024-04-27,West,Retail,SMB,526,6
ORD-15-124,2024-04-24,West,Web,SMB,379,9
ORD-15-125,2024-04-10,East,Web,SMB,619,9
ORD-15-126,2024-04-05,North,Web,SMB,263,13
ORD-15-127,2024-04-17,West,Web,Enterprise,669,11
ORD-15-128,2024-04-09,West,Retail,Enterprise,513,12
ORD-15-129,2024-04-13,East,Web,Mid,414,13
ORD-15-130,2024-04-27,East,Web,Enterprise,597,10
ORD-15-131,2024-04-23,North,Retail,Enterprise,577,4
ORD-15-132,2024-04-25,Central,Retail,SMB,527,8
ORD-15-133,2024-04-18,Central,Web,SMB,403,8
ORD-15-134,2024-04-02,East,Partner,SMB,334,8
ORD-15-135,2024-04-20,South,Retail,Mid,544,5
ORD-15-136,2024-04-06,West,Retail,Enterprise,654,15
ORD-15-137,2024-04-06,North,Partner,SMB,690,5
ORD-15-138,2024-04-13,Central,Partner,Enterprise,563,6
ORD-15-139,2024-04-21,West,Retail,Enterprise,499,4
ORD-15-140,2024-04-27,West,Retail,SMB,669,11
ORD-15-141,2024-04-16,East,Web,Mid,439,11
ORD-15-142,2024-04-06,West,Partner,Enterprise,636,13
ORD-15-143,2024-04-15,West,Retail,Enterprise,349,12
ORD-15-144,2024-04-16,South,Partner,Mid,515,17
ORD-15-145,2024-04-17,Central,Partner,SMB,249,1
ORD-15-146,2024-04-12,Central,Web,Enterprise,667,8
ORD-15-147,2024-04-01,Central,Web,Mid,508,6
ORD-15-148,2024-04-02,West,Partner,Enterprise,546,6
ORD-15-149,2024-04-24,East,Partner,Enterprise,484,7
ORD-15-150,2024-04-24,West,Partner,Mid,689,13
ORD-15-151,2024-04-02,South,Web,Enterprise,563,6
ORD-15-152,2024-04-09,North,Retail,Enterprise,240,10
ORD-15-153,2024-04-20,North,Retail,SMB,456,2
ORD-15-154,2024-04-10,East,Partner,SMB,609,12
ORD-15-155,2024-04-19,East,Retail,Enterprise,530,5
ORD-15-156,2024-04-20,Central,Retail,Mid,542,6
ORD-15-157,2024-04-10,Central,Web,Enterprise,509,7
ORD-15-158,2024-04-03,North,Partner,Mid,505,6
ORD-15-159,2024-04-02,South,Retail,Mid,759,11
ORD-15-160,2024-04-25,East,Partner,Enterprise,473,11
ORD-15-161,2024-04-06,South,Retail,Mid,663,6
ORD-15-162,2024-04-19,Central,Web,Enterprise,320,10
ORD-15-163,2024-04-25,Central,Partner,Mid,295,11
ORD-15-164,2024-04-16,Central,Web,Mid,420,8
ORD-15-165,2024-04-20,Central,Partner,SMB,593,1
ORD-15-166,2024-04-26,East,Retail,Enterprise,432,11
ORD-15-167,2024-04-08,East,Retail,SMB,576,10
ORD-15-168,2024-04-24,North,Partner,SMB,268,6
ORD-15-169,2024-04-22,North,Web,Mid,393,10
ORD-15-170,2024-04-04,East,Retail,Enterprise,382,6
ORD-15-171,2024-04-05,West,Web,Mid,471,8
ORD-15-172,2024-04-11,Central,Partner,Mid,565,9
ORD-15-173,2024-04-07,West,Web,Mid,420,9
ORD-15-174,2024-04-09,Central,Web,Mid,603,11
ORD-15-175,2024-04-28,South,Retail,Mid,624,9
ORD-15-176,2024-04-05,North,Web,SMB,653,5
ORD-15-177,2024-04-06,South,Retail,Enterprise,443,9
ORD-15-178,2024-04-12,East,Retail,SMB,572,7
ORD-15-179,2024-04-13,West,Web,Mid,590,8
ORD-15-180,2024-04-10,West,Partner,Mid,474,3
ORD-15-181,2024-04-06,Central,Retail,Enterprise,601,10
ORD-15-182,2024-04-21,West,Partner,Mid,599,1
ORD-15-183,2024-04-28,South,Web,Mid,504,8
ORD-15-184,2024-04-14,West,Retail,Mid,283,10
ORD-15-185,2024-04-13,West,Partner,SMB,678,10
ORD-15-186,2024-04-27,West,Partner,Mid,377,5
ORD-15-187,2024-04-13,East,Web,Mid,461,11
ORD-15-188,2024-04-13,South,Retail,Enterprise,430,11
ORD-15-189,2024-04-18,South,Retail,Enterprise,499,10
ORD-15-190,2024-04-19,South,Web,Mid,487,6
ORD-15-191,2024-04-15,Central,Web,Enterprise,625,7
ORD-15-192,2024-04-17,East,Web,Enterprise,453,6
ORD-15-193,2024-04-17,East,Retail,Mid,651,8
ORD-15-194,2024-04-04,West,Web,Enterprise,490,12
ORD-15-195,2024-04-01,West,Retail,SMB,755,12
ORD-15-196,2024-04-22,North,Web,SMB,549,10
ORD-15-197,2024-04-03,North,Partner,SMB,540,9
ORD-15-198,2024-04-09,Central,Retail,SMB,458,7
ORD-15-199,2024-04-25,East,Web,SMB,569,4
ORD-15-200,2024-04-19,West,Retail,Enterprise,490,5
ORD-15-201,2024-04-28,Central,Web,Mid,921,10
ORD-15-202,2024-04-08,North,Web,SMB,676,8
ORD-15-203,2024-04-19,South,Web,Mid,493,4
ORD-15-204,2024-04-15,North,Partner,Mid,711,4
ORD-15-205,2024-04-20,South,Retail,SMB,379,4
ORD-15-206,2024-04-08,East,Partner,Enterprise,440,4
ORD-15-207,2024-04-11,East,Retail,Enterprise,654,10
ORD-15-208,2024-04-09,South,Partner,Enterprise,335,5
ORD-15-209,2024-04-16,Central,Web,SMB,510,11
ORD-15-210,2024-04-19,South,Partner,Mid,663,5
ORD-15-211,2024-04-16,East,Retail,Enterprise,499,11
ORD-15-212,2024-04-03,East,Web,SMB,541,11
ORD-15-213,2024-04-21,Central,Retail,Mid,500,6
ORD-15-214,2024-04-28,Central,Web,Enterprise,649,8
ORD-15-215,2024-04-18,South,Partner,Mid,616,9
ORD-15-216,2024-04-20,West,Web,Mid,523,9
ORD-15-217,2024-04-18,Central,Web,SMB,427,8
ORD-15-218,2024-04-17,South,Partner,SMB,468,13
ORD-15-219,2024-04-21,North,Partner,SMB,499,13
ORD-15-220,2024-04-13,Central,Web,SMB,668,8
ORD-15-221,2024-04-02,West,Partner,Enterprise,472,10
ORD-15-222,2024-04-15,South,Retail,SMB,541,12
ORD-15-223,2024-04-04,North,Partner,Enterprise,553,11
ORD-15-224,2024-04-19,South,Retail,SMB,437,7
ORD-15-225,2024-04-25,West,Partner,SMB,723,6
ORD-15-226,2024-04-17,East,Retail,Enterprise,509,13
ORD-15-227,2024-04-11,West,Web,Mid,295,8
ORD-15-228,2024-04-12,West,Retail,SMB,484,8
ORD-15-229,2024-04-01,West,Partner,Mid,411,6
ORD-15-230,2024-04-06,Central,Partner,Mid,490,14
ORD-15-231,2024-04-21,West,Web,Enterprise,349,8
ORD-15-232,2024-04-16,East,Partner,Mid,395,2
ORD-15-233,2024-04-19,Central,Partner,Enterprise,546,7
ORD-15-234,2024-04-09,Central,Web,SMB,628,10
ORD-15-235,2024-04-16,North,Web,Mid,645,6
ORD-15-236,2024-04-22,South,Retail,SMB,561,12
ORD-15-237,2024-04-10,South,Retail,Mid,585,9
ORD-15-238,2024-04-08,Central,Web,Mid,325,6
ORD-15-239,2024-04-11,North,Web,Mid,405,5
ORD-15-240,2024-04-25,North,Partner,SMB,457,8
ORD-15-241,2024-04-04,West,Retail,Enterprise,659,13
ORD-15-242,2024-04-28,West,Retail,Mid,591,14
ORD-15-243,2024-04-17,North,Web,Mid,352,9
ORD-15-244,2024-04-26,South,Web,SMB,474,6
ORD-15-245,2024-04-17,North,Web,Mid,699,9
ORD-15-246,2024-04-06,South,Web,SMB,625,10
ORD-15-247,2024-04-26,North,Retail,SMB,389,15
ORD-15-248,2024-04-22,East,Web,Enterprise,318,7
ORD-15-249,2024-04-05,South,Web,Enterprise,421,12
ORD-15-250,2024-04-13,South,Web,Enterprise,506,5
ORD-15-251,2024-04-10,Central,Web,SMB,411,10
ORD-15-252,2024-04-28,South,Web,Enterprise,631,12
ORD-15-253,2024-04-17,South,Retail,SMB,360,4
ORD-15-254,2024-04-06,South,Web,SMB,639,8
ORD-15-255,2024-04-17,Central,Partner,SMB,339,13
ORD-15-256,2024-04-24,North,Retail,Mid,577,8
ORD-15-257,2024-04-13,Central,Partner,Mid,449,6
ORD-15-258,2024-04-15,Central,Web,Mid,448,8
ORD-15-259,2024-04-13,North,Partner,Mid,607,10
ORD-15-260,2024-04-20,East,Retail,SMB,391,5
ORD-15-261,2024-04-23,West,Partner,Mid,738,15
ORD-15-262,2024-04-03,Central,Retail,SMB,523,9
ORD-15-263,2024-04-01,West,Retail,Enterprise,472,7
ORD-15-264,2024-04-02,East,Web,SMB,551,8
ORD-15-265,2024-04-03,North,Retail,Enterprise,300,5
ORD-15-266,2024-04-07,East,Partner,Mid,319,5
ORD-15-267,2024-04-19,South,Partner,Enterprise,384,9
ORD-15-268,2024-04-04,Central,Web,SMB,594,5
ORD-15-269,2024-04-07,South,Web,Mid,324,7
ORD-15-270,2024-04-23,Central,Retail,Enterprise,404,4
ORD-15-271,2024-04-25,North,Retail,Mid,651,6
ORD-15-272,2024-04-19,Central,Web,Mid,537,6
ORD-15-273,2024-04-11,East,Web,SMB,662,6
ORD-15-274,2024-04-12,East,Retail,Enterprise,518,8
ORD-15-275,2024-04-03,Central,Partner,Mid,496,10
ORD-15-276,2024-04-11,West,Web,Enterprise,365,8
ORD-15-277,2024-04-01,South,Partner,SMB,423,9
ORD-15-278,2024-04-19,West,Retail,Mid,396,7
ORD-15-279,2024-04-16,North,Partner,SMB,521,10
ORD-15-280,2024-04-28,East,Web,Enterprise,538,12
ORD-15-281,2024-04-25,West,Retail,Enterprise,438,2
ORD-15-282,2024-04-05,East,Retail,Mid,378,7
ORD-15-283,2024-04-13,East,Web,SMB,498,9
ORD-15-284,2024-04-07,West,Retail,Enterprise,454,9
ORD-15-285,2024-04-07,West,Retail,Enterprise,644,7
ORD-15-286,2024-04-16,Central,Retail,SMB,424,13
ORD-15-287,2024-04-03,West,Retail,SMB,513,10
ORD-15-288,2024-04-11,North,Partner,Mid,442,13
ORD-15-289,2024-04-10,West,Partner,Enterprise,286,6
ORD-15-290,2024-04-17,Central,Retail,Mid,405,12
ORD-15-291,2024-04-07,Central,Partner,SMB,407,9
ORD-15-292,2024-04-18,North,Web,Enterprise,432,11
ORD-15-293,2024-04-13,North,Retail,SMB,561,9
ORD-15-294,2024-04-10,North,Retail,Enterprise,521,12
ORD-15-295,2024-04-03,West,Partner,SMB,637,7
ORD-15-296,2024-04-18,Central,Web,Mid,390,12
ORD-15-297,2024-04-08,East,Retail,Mid,625,8
ORD-15-298,2024-04-17,East,Web,Enterprise,472,9
ORD-15-299,2024-04-23,West,Retail,SMB,456,9
ORD-16-0,2024-05-15,Central,Web,Mid,488,13
ORD-16-1,2024-05-17,East,Retail,Enterprise,411,8
ORD-16-2,2024-05-11,East,Web,SMB,704,6
ORD-16-3,2024-05-26,South,Partner,SMB,571,2
ORD-16-4,2024-05-27,Central,Retail,SMB,481,7
ORD-16-5,2024-05-08,South,Partner,SMB,315,8
ORD-16-6,2024-05-01,West,Web,SMB,380,9
ORD-16-7,2024-05-17,South,Web,SMB,284,3
ORD-16-8,2024-05-07,West,Partner,SMB,526,2
ORD-16-9,2024-05-19,North,Web,SMB,540,8
ORD-16-10,2024-05-14,North,Web,Enterprise,327,13
ORD-16-11,2024-05-26,West,Retail,Mid,548,8
ORD-16-12,2024-05-10,South,Retail,SMB,482,5
ORD-16-13,2024-05-15,North,Partner,Mid,458,2
ORD-16-14,2024-05-06,West,Web,Enterprise,324,9
ORD-16-15,2024-05-23,West,Retail,Mid,397,6
ORD-16-16,2024-05-01,East,Partner,SMB,728,7
ORD-16-17,2024-05-12,North,Web,SMB,361,6
ORD-16-18,2024-05-23,South,Partner,SMB,655,3
ORD-16-19,2024-05-22,Central,Partner,Enterprise,557,5
ORD-16-20,2024-05-20,East,Partner,Enterprise,739,2
ORD-16-21,2024-05-14,West,Web,Mid,761,9
ORD-16-22,2024-05-20,South,Partner,SMB,517,7
ORD-16-23,2024-05-20,East,Partner,Enterprise,506,8
ORD-16-24,2024-05-07,South,Retail,SMB,528,7
ORD-16-25,2024-05-12,West,Web,SMB,488,10
ORD-16-26,2024-05-03,Central,Retail,SMB,383,4
ORD-16-27,2024-05-20,North,Partner,Mid,569,7
ORD-16-28,2024-05-01,North,Retail,SMB,530,14
ORD-16-29,2024-05-20,West,Web,SMB,398,10
ORD-16-30,2024-05-11,West,Partner,Enterprise,364,8
ORD-16-31,2024-05-21,South,Web,SMB,583,10
ORD-16-32,2024-05-21,West,Partner,Enterprise,494,7
ORD-16-33,2024-05-11,East,Web,Mid,402,7
ORD-16-34,2024-05-15,East,Partner,Mid,321,9
ORD-16-35,2024-05-13,Central,Retail,Mid,266,7
ORD-16-36,2024-05-10,West,Retail,Mid,323,15
ORD-16-37,2024-05-16,East,Web,Mid,465,9
ORD-16-38,2024-05-03,Central,Web,Enterprise,525,8
ORD-16-39,2024-05-21,Central,Retail,Mid,527,4
ORD-16-40,2024-05-22,North,Retail,SMB,645,7
ORD-16-41,2024-05-05,Central,Partner,Mid,462,8
ORD-16-42,2024-05-28,North,Web,Enterprise,509,9
ORD-16-43,2024-05-16,South,Web,SMB,437,9
ORD-16-44,2024-05-05,West,Retail,Mid,350,8
ORD-16-45,2024-05-06,Central,Retail,SMB,494,3
ORD-16-46,2024-05-24,East,Web,SMB,674,8
ORD-16-47,2024-05-26,Central,Web,SMB,386,6
ORD-16-48,2024-05-03,North,Partner,Mid,593,8
ORD-16-49,2024-05-04,East,Partner,SMB,389,7
ORD-16-50,2024-05-18,West,Web,Enterprise,541,11
ORD-16-51,2024-05-10,West,Partner,Mid,417,5
ORD-16-52,2024-05-21,South,Partner,SMB,416,5
ORD-16-53,2024-05-20,North,Web,Mid,376,10
ORD-16-54,2024-05-05,West,Retail,Enterprise,502,9
ORD-16-55,2024-05-05,North,Retail,Mid,616,12
ORD-16-56,2024-05-10,North,Web,Mid,554,5
ORD-16-57,2024-05-24,West,Web,SMB,509,6
ORD-16-58,2024-05-01,East,Retail,Enterprise,573,8
ORD-16-59,2024-05-27,South,Retail,Mid,499,8
ORD-16-60,2024-05-26,Central,Retail,Enterprise,438,13
ORD-16-61,2024-05-20,North,Partner,Enterprise,513,8
ORD-16-62,2024-05-09,East,Web,SMB,559,4
ORD-16-63,2024-05-19,South,Web,SMB,574,11
ORD-16-64,2024-05-24,South,Partner,Enterprise,562,8
ORD-16-65,2024-05-12,North,Web,SMB,432,6
ORD-16-66,2024-05-06,East,Web,Enterprise,357,8
ORD-16-67,2024-05-02,South,Web,Mid,641,13
ORD-16-68,2024-05-18,North,Partner,Mid,447,4
ORD-16-69,2024-05-26,North,Web,Enterprise,522,6
ORD-16-70,2024-05-27,South,Partner,Enterprise,433,7
ORD-16-71,2024-05-05,West,Partner,Mid,330,12
ORD-16-72,2024-05-21,East,Partner,Enterprise,247,3
ORD-16-73,2024-05-03,South,Retail,Enterprise,601,5
ORD-16-74,2024-05-14,West,Retail,Enterprise,470,7
ORD-16-75,2024-05-02,North,Partner,SMB,497,11
ORD-16-76,2024-05-28,South,Partner,Mid,604,14
ORD-16-77,2024-05-10,North,Partner,SMB,516,6
ORD-16-78,2024-05-20,Central,Partner,Enterprise,707,7
ORD-16-79,2024-05-08,North,Partner,Mid,489,6
ORD-16-80,2024-05-09,South,Web,Enterprise,508,7
ORD-16-81,2024-05-26,North,Partner,Mid,692,7
ORD-16-82,2024-05-09,Central,Retail,SMB,569,8
ORD-16-83,2024-05-10,North,Partner,Enterprise,451,10
ORD-16-84,2024-05-12,North,Partner,Mid,636,4
ORD-16-85,2024-05-08,East,Web,Enterprise,497,10
ORD-16-86,2024-05-05,Central,Retail,Enterprise,685,5
ORD-16-87,2024-05-12,South,Retail,Enterprise,506,5
ORD-16-88,2024-05-17,Central,Retail,SMB,631,3
ORD-16-89,2024-05-16,South,Web,SMB,407,8
ORD-16-90,2024-05-24,Central,Partner,Enterprise,597,12
ORD-16-91,2024-05-06,East,Retail,SMB,696,12
ORD-16-92,2024-05-25,East,Retail,Mid,373,7
ORD-16-93,2024-05-27,North,Retail,SMB,396,10
ORD-16-94,2024-05-14,North,Web,Mid,366,11
ORD-16-95,2024-05-06,South,Partner,SMB,452,8
ORD-16-96,2024-05-22,East,Web,Mid,336,4
ORD-16-97,2024-05-15,Central,Web,Enterprise,654,8
ORD-16-98,2024-05-18,South,Web,SMB,314,5
ORD-16-99,2024-05-07,North,Retail,SMB,516,4
ORD-16-100,2024-05-08,North,Web,Mid,418,10
ORD-16-101,2024-05-02,West,Retail,SMB,558,4
ORD-16-102,2024-05-17,Central,Partner,Enterprise,438,3
ORD-16-103,2024-05-05,Central,Web,Mid,340,7
ORD-16-104,2024-05-16,South,Retail,Mid,518,8
ORD-16-105,2024-05-03,South,Retail,Enterprise,382,6
ORD-16-106,2024-05-18,East,Partner,SMB,547,9
ORD-16-107,2024-05-28,West,Partner,Mid,442,14
ORD-16-108,2024-05-05,West,Retail,SMB,456,3
ORD-16-109,2024-05-09,Central,Partner,Mid,358,6
ORD-16-110,2024-05-25,East,Partner,Enterprise,185,6
ORD-16-111,2024-05-16,South,Retail,Enterprise,563,5
ORD-16-112,2024-05-24,East,Retail,Mid,454,10
ORD-16-113,2024-05-18,South,Partner,SMB,431,9
ORD-16-114,2024-05-28,Central,Partner,SMB,413,12
ORD-16-115,2024-05-03,South,Partner,SMB,614,10
ORD-16-116,2024-05-01,South,Partner,Enterprise,277,5
ORD-16-117,2024-05-20,East,Retail,Enterprise,336,8
ORD-16-118,2024-05-12,South,Web,Mid,880,13
ORD-16-119,2024-05-04,North,Partner,Enterprise,535,12
ORD-16-120,2024-05-23,South,Web,Mid,533,7
ORD-16-121,2024-05-19,East,Retail,Mid,351,9
ORD-16-122,2024-05-26,Central,Retail,Mid,686,9
ORD-16-123,2024-05-05,East,Retail,Mid,622,5
ORD-16-124,2024-05-19,West,Web,Mid,556,8
ORD-16-125,2024-05-27,North,Partner,SMB,457,6
ORD-16-126,2024-05-25,East,Partner,Mid,654,11
ORD-16-127,2024-05-05,Central,Retail,Enterprise,326,14
ORD-16-128,2024-05-08,East,Web,Enterprise,695,5
ORD-16-129,2024-05-02,East,Web,SMB,412,9
ORD-16-130,2024-05-19,North,Retail,Enterprise,584,12
ORD-16-131,2024-05-08,East,Web,SMB,649,7
ORD-16-132,2024-05-16,East,Retail,SMB,379,8
ORD-16-133,2024-05-24,Central,Retail,Enterprise,393,3
ORD-16-134,2024-05-23,North,Retail,Enterprise,442,9
ORD-16-135,2024-05-08,North,Web,Enterprise,424,15
ORD-16-136,2024-05-12,North,Web,SMB,584,2
ORD-16-137,2024-05-23,East,Retail,SMB,574,8
ORD-16-138,2024-05-04,North,Partner,Enterprise,307,8
ORD-16-139,2024-05-02,North,Web,Enterprise,678,1
ORD-16-140,2024-05-18,West,Partner,Mid,438,10
ORD-16-141,2024-05-23,West,Web,SMB,666,9
ORD-16-142,2024-05-28,East,Partner,SMB,383,5
ORD-16-143,2024-05-14,North,Web,Mid,598,11
ORD-16-144,2024-05-06,Central,Web,Mid,655,3
ORD-16-145,2024-05-09,East,Partner,Enterprise,452,12
ORD-16-146,2024-05-03,East,Web,SMB,380,11
ORD-16-147,2024-05-13,North,Web,Enterprise,423,5
ORD-16-148,2024-05-16,South,Partner,Enterprise,376,12
ORD-16-149,2024-05-06,East,Partner,SMB,534,14
ORD-16-150,2024-05-19,West,Web,SMB,594,8
ORD-16-151,2024-05-11,North,Retail,Mid,480,4
ORD-16-152,2024-05-04,South,Retail,SMB,209,4
ORD-16-153,2024-05-18,South,Web,Enterprise,464,7
ORD-16-154,2024-05-13,West,Web,SMB,304,9
ORD-16-155,2024-05-07,East,Retail,Mid,539,8
ORD-16-156,2024-05-02,South,Partner,Mid,462,7
ORD-16-157,2024-05-13,South,Retail,Enterprise,558,7
ORD-16-158,2024-05-24,Central,Retail,Enterprise,361,12
ORD-16-159,2024-05-16,East,Partner,SMB,457,17
ORD-16-160,2024-05-11,East,Retail,SMB,400,10
ORD-16-161,2024-05-11,East,Partner,Enterprise,510,10
ORD-16-162,2024-05-20,North,Web,SMB,524,6
ORD-16-163,2024-05-10,East,Partner,Mid,462,8
ORD-16-164,2024-05-28,West,Web,Enterprise,555,6
ORD-16-165,2024-05-25,East,Web,Mid,665,11
ORD-16-166,2024-05-03,East,Partner,Enterprise,480,6
ORD-16-167,2024-05-15,North,Retail,Mid,484,9
ORD-16-168,2024-05-07,South,Partner,SMB,322,5
ORD-16-169,2024-05-08,Central,Retail,Enterprise,526,10
ORD-16-170,2024-05-24,North,Retail,SMB,366,4
ORD-16-171,2024-05-28,East,Retail,Enterprise,576,10
ORD-16-172,2024-05-21,Central,Retail,Mid,545,10
ORD-16-173,2024-05-27,South,Retail,SMB,569,9
ORD-16-174,2024-05-08,East,Web,Enterprise,119,10
ORD-16-175,2024-05-27,East,Retail,SMB,567,9
ORD-16-176,2024-05-05,North,Retail,Mid,532,9
ORD-16-177,2024-05-01,Central,Web,Enterprise,665,5
ORD-16-178,2024-05-23,Central,Partner,Enterprise,645,8
ORD-16-179,2024-05-24,East,Web,Mid,714,13
ORD-16-180,2024-05-24,North,Retail,SMB,232,11
ORD-16-181,2024-05-19,North,Partner,SMB,412,7
ORD-16-182,2024-05-23,Central,Partner,Mid,172,8
ORD-16-183,2024-05-05,South,Partner,SMB,331,6
ORD-16-184,2024-05-14,East,Web,SMB,379,3
ORD-16-185,2024-05-22,South,Partner,SMB,391,9
ORD-16-186,2024-05-15,Central,Partner,Mid,456,2
ORD-16-187,2024-05-25,East,Retail,Enterprise,394,7
ORD-16-188,2024-05-10,East,Partner,Mid,665,15
ORD-16-189,2024-05-06,West,Retail,SMB,476,12
ORD-16-190,2024-05-15,North,Retail,Enterprise,615,3
ORD-16-191,2024-05-10,West,Web,SMB,489,6
ORD-16-192,2024-05-20,South,Retail,Mid,612,8
ORD-16-193,2024-05-02,East,Web,Mid,594,11
ORD-16-194,2024-05-18,South,Retail,Mid,369,2
ORD-16-195,2024-05-23,East,Retail,SMB,481,6
ORD-16-196,2024-05-22,North,Partner,SMB,468,9
ORD-16-197,2024-05-17,North,Retail,Enterprise,534,10
ORD-16-198,2024-05-28,South,Retail,Enterprise,501,5
ORD-16-199,2024-05-18,East,Retail,SMB,267,6
ORD-16-200,2024-05-18,South,Web,SMB,563,4
ORD-16-201,2024-05-09,East,Partner,Mid,600,8
ORD-16-202,2024-05-06,East,Retail,Mid,522,4
ORD-16-203,2024-05-15,West,Retail,Mid,507,5
ORD-16-204,2024-05-10,Central,Web,SMB,583,3
ORD-16-205,2024-05-18,North,Web,Mid,214,13
ORD-16-206,2024-05-25,South,Partner,Enterprise,573,7
ORD-16-207,2024-05-16,West,Partner,SMB,528,10
ORD-16-208,2024-05-16,Central,Retail,Mid,809,10
ORD-16-209,2024-05-05,West,Web,SMB,476,6
ORD-16-210,2024-05-14,East,Retail,SMB,527,6
ORD-16-211,2024-05-25,West,Partner,Mid,561,5
ORD-16-212,2024-05-02,South,Partner,Mid,535,15
ORD-16-213,2024-05-02,West,Partner,Mid,378,14
ORD-16-214,2024-05-20,North,Retail,SMB,658,9
ORD-16-215,2024-05-01,South,Web,SMB,533,3
ORD-16-216,2024-05-26,West,Partner,Mid,450,8
ORD-16-217,2024-05-07,South,Partner,Enterprise,576,10
ORD-16-218,2024-05-08,North,Partner,Mid,653,7
ORD-16-219,2024-05-06,East,Retail,Enterprise,368,11
ORD-16-220,2024-05-02,East,Retail,Enterprise,484,6
ORD-16-221,2024-05-19,North,Web,Mid,480,13
ORD-16-222,2024-05-17,Central,Web,Enterprise,493,12
ORD-16-223,2024-05-10,West,Partner,SMB,361,9
ORD-16-224,2024-05-28,South,Partner,Enterprise,496,9
ORD-16-225,2024-05-05,Central,Retail,Mid,236,9
ORD-16-226,2024-05-28,South,Retail,Mid,334,9
ORD-16-227,2024-05-06,Central,Partner,Mid,469,5
ORD-16-228,2024-05-07,North,Web,SMB,317,7
ORD-16-229,2024-05-26,North,Partner,Mid,416,10
ORD-16-230,2024-05-28,East,Partner,Enterprise,430,5
ORD-16-231,2024-05-03,East,Web,Enterprise,464,12
ORD-16-232,2024-05-22,East,Partner,Enterprise,509,11
ORD-16-233,2024-05-02,North,Partner,Mid,490,3
ORD-16-234,2024-05-10,North,Retail,Mid,409,10
ORD-16-235,2024-05-05,East,Partner,SMB,444,9
ORD-16-236,2024-05-15,North,Partner,Mid,363,6
ORD-16-237,2024-05-22,Central,Web,Enterprise,432,8
ORD-16-238,2024-05-07,Central,Web,Enterprise,408,10
ORD-16-239,2024-05-18,Central,Partner,Mid,449,9
ORD-16-240,2024-05-09,Central,Web,SMB,605,7
ORD-16-241,2024-05-17,North,Partner,SMB,300,13
ORD-16-242,2024-05-10,East,Retail,Enterprise,383,15
ORD-16-243,2024-05-19,South,Web,SMB,429,6
ORD-16-244,2024-05-28,South,Web,Mid,264,4
ORD-16-245,2024-05-20,Central,Retail,Enterprise,402,8
ORD-16-246,2024-05-12,East,Web,Mid,772,11
ORD-16-247,2024-05-27,West,Partner,Mid,386,1
ORD-16-248,2024-05-24,East,Retail,Enterprise,614,12
ORD-16-249,2024-05-17,North,Partner,Mid,474,11
ORD-16-250,2024-05-19,South,Retail,Mid,497,9
ORD-16-251,2024-05-20,Central,Web,Enterprise,582,6
ORD-16-252,2024-05-06,West,Partner,Enterprise,491,8
ORD-16-253,2024-05-18,Central,Retail,Enterprise,478,7
ORD-16-254,2024-05-05,South,Partner,SMB,568,10
ORD-16-255,2024-05-18,Central,Retail,SMB,610,8
ORD-16-256,2024-05-11,West,Web,Mid,361,5
ORD-16-257,2024-05-13,West,Web,SMB,513,16
ORD-16-258,2024-05-01,South,Web,Mid,458,3
ORD-16-259,2024-05-05,Central,Partner,Enterprise,425,10
ORD-16-260,2024-05-25,South,Web,Enterprise,456,7
ORD-16-261,2024-05-21,West,Partner,Mid,544,6
ORD-16-262,2024-05-06,West,Web,Enterprise,587,9
ORD-16-263,2024-05-02,North,Partner,Mid,537,3
ORD-16-264,2024-05-12,East,Web,Enterprise,443,3
ORD-16-265,2024-05-26,East,Retail,Mid,564,12
ORD-16-266,2024-05-27,East,Partner,Mid,667,7
ORD-16-267,2024-05-17,South,Retail,Enterprise,485,6
ORD-16-268,2024-05-07,Central,Web,SMB,419,13
ORD-16-269,2024-05-15,East,Retail,SMB,544,7
ORD-16-270,2024-05-05,Central,Web,SMB,492,11
ORD-16-271,2024-05-06,Central,Web,Enterprise,512,12
ORD-16-272,2024-05-06,West,Web,Enterprise,705,10
ORD-16-273,2024-05-15,North,Partner,Enterprise,705,6
ORD-16-274,2024-05-20,North,Web,Mid,530,8
ORD-16-275,2024-05-22,South,Web,Enterprise,808,14
ORD-16-276,2024-05-02,North,Partner,Enterprise,283,7
ORD-16-277,2024-05-03,West,Web,Enterprise,456,7
ORD-16-278,2024-05-24,West,Retail,Enterprise,556,10
ORD-16-279,2024-05-17,East,Partner,SMB,607,14
ORD-16-280,2024-05-23,South,Retail,Mid,693,10
ORD-16-281,2024-05-18,South,Web,SMB,385,12
ORD-16-282,2024-05-01,West,Web,Mid,576,10
ORD-16-283,2024-05-22,West,Web,SMB,576,2
ORD-16-284,2024-05-26,South,Partner,Mid,510,10
ORD-16-285,2024-05-03,East,Retail,SMB,483,6
ORD-16-286,2024-05-08,North,Web,Mid,577,10
ORD-16-287,2024-05-02,West,Retail,SMB,541,8
ORD-16-288,2024-05-15,West,Partner,SMB,437,12
ORD-16-289,2024-05-27,Central,Retail,Enterprise,439,11
ORD-16-290,2024-05-02,Central,Web,SMB,414,11
ORD-16-291,2024-05-13,East,Partner,SMB,570,1
ORD-16-292,2024-05-05,East,Partner,Enterprise,462,10
ORD-16-293,2024-05-08,North,Retail,Mid,289,5
ORD-16-294,2024-05-17,North,Retail,Enterprise,563,6
ORD-16-295,2024-05-01,North,Retail,Mid,384,9
ORD-16-296,2024-05-05,West,Web,Mid,441,8
ORD-16-297,2024-05-03,South,Partner,Enterprise,578,9
ORD-16-298,2024-05-10,North,Web,Mid,681,8
ORD-16-299,2024-05-09,Central,Partner,Enterprise,595,9
ORD-17-0,2024-06-12,East,Retail,SMB,674,5
ORD-17-1,2024-06-21,North,Retail,Enterprise,625,8
ORD-17-2,2024-06-05,Central,Partner,Enterprise,552,11
ORD-17-3,2024-06-12,Central,Retail,Mid,389,12
ORD-17-4,2024-06-28,North,Web,Enterprise,479,10
ORD-17-5,2024-06-15,West,Web,SMB,675,6
ORD-17-6,2024-06-15,East,Retail,SMB,561,8
ORD-17-7,2024-06-26,Central,Web,SMB,545,9
ORD-17-8,2024-06-09,South,Web,Enterprise,491,5
ORD-17-9,2024-06-12,South,Web,Mid,391,12
ORD-17-10,2024-06-03,North,Web,Mid,443,9
ORD-17-11,2024-06-07,South,Partner,Enterprise,492,9
ORD-17-12,2024-06-03,West,Retail,Enterprise,442,10
ORD-17-13,2024-06-16,West,Retail,Mid,543,10
ORD-17-14,2024-06-09,North,Web,Enterprise,434,2
ORD-17-15,2024-06-10,South,Web,Mid,450,11
ORD-17-16,2024-06-08,East,Partner,Mid,520,8
ORD-17-17,2024-06-14,West,Web,Enterprise,185,2
ORD-17-18,2024-06-04,North,Web,Mid,641,10
ORD-17-19,2024-06-06,South,Retail,Mid,334,9
ORD-17-20,2024-06-03,East,Web,SMB,626,9
ORD-17-21,2024-06-18,Central,Partner,Mid,455,7
ORD-17-22,2024-06-09,East,Partner,SMB,524,9
ORD-17-23,2024-06-03,North,Retail,Enterprise,629,7
ORD-17-24,2024-06-14,South,Retail,Enterprise,448,12
ORD-17-25,2024-06-08,Central,Partner,Mid,592,4
ORD-17-26,2024-06-20,West,Partner,Enterprise,736,6
ORD-17-27,2024-06-09,South,Web,Enterprise,635,10
ORD-17-28,2024-06-11,West,Partner,SMB,310,12
ORD-17-29,2024-06-08,Central,Web,Enterprise,517,12
ORD-17-30,2024-06-20,Central,Retail,Enterprise,502,7
ORD-17-31,2024-06-15,Central,Web,SMB,733,4
ORD-17-32,2024-06-19,West,Partner,Enterprise,790,7
ORD-17-33,2024-06-16,West,Web,SMB,500,6
ORD-17-34,2024-06-26,East,Partner,Enterprise,536,8
ORD-17-35,2024-06-10,North,Partner,SMB,719,8
ORD-17-36,2024-06-09,North,Web,Mid,500,8
ORD-17-37,2024-06-22,Central,Retail,SMB,534,12
ORD-17-38,2024-06-10,South,Partner,Enterprise,370,5
ORD-17-39,2024-06-21,South,Retail,SMB,524,3
ORD-17-40,2024-06-15,West,Retail,Mid,394,9
ORD-17-41,2024-06-12,North,Web,Enterprise,488,8
ORD-17-42,2024-06-10,West,Partner,SMB,534,4
ORD-17-43,2024-06-09,West,Retail,Mid,483,12
ORD-17-44,2024-06-09,North,Retail,Enterprise,513,9
ORD-17-45,2024-06-14,East,Partner,SMB,611,8
ORD-17-46,2024-06-25,East,Partner,Enterprise,250,11
ORD-17-47,2024-06-07,Central,Web,Mid,369,7
ORD-17-48,2024-06-11,North,Retail,Enterprise,569,8
ORD-17-49,2024-06-13,West,Web,SMB,510,9
ORD-17-50,2024-06-24,Central,Web,Enterprise,448,10
ORD-17-51,2024-06-16,South,Retail,SMB,440,6
ORD-17-52,2024-06-04,South,Retail,SMB,591,7
ORD-17-53,2024-06-18,Central,Web,SMB,598,11
ORD-17-54,2024-06-02,South,Web,Mid,515,3
ORD-17-55,2024-06-15,South,Retail,Mid,461,2
ORD-17-56,2024-06-10,Central,Partner,Mid,475,10
ORD-17-57,2024-06-19,South,Retail,SMB,421,8
ORD-17-58,2024-06-14,West,Retail,SMB,593,5
ORD-17-59,2024-06-01,South,Web,Mid,420,4
ORD-17-60,2024-06-05,East,Retail,SMB,475,10
ORD-17-61,2024-06-02,South,Retail,Enterprise,576,9
ORD-17-62,2024-06-08,West,Retail,Enterprise,333,8
ORD-17-63,2024-06-14,South,Web,SMB,543,10
ORD-17-64,2024-06-01,North,Retail,Enterprise,657,10
ORD-17-65,2024-06-16,North,Web,Mid,530,6
ORD-17-66,2024-06-28,North,Partner,SMB,478,6
ORD-17-67,2024-06-17,West,Retail,SMB,626,4
ORD-17-68,2024-06-26,East,Web,Mid,518,7
ORD-17-69,2024-06-15,North,Web,SMB,502,10
ORD-17-70,2024-06-24,East,Web,Enterprise,245,3
ORD-17-71,2024-06-14,Central,Partner,Enterprise,310,9
ORD-17-72,2024-06-21,East,Web,Enterprise,398,8
ORD-17-73,2024-06-07,Central,Web,Enterprise,249,10
ORD-17-74,2024-06-28,West,Partner,Enterprise,651,15
ORD-17-75,2024-06-06,South,Retail,Mid,443,6
ORD-17-76,2024-06-01,West,Retail,Enterprise,323,9
ORD-17-77,2024-06-13,Central,Partner,Enterprise,543,8
ORD-17-78,2024-06-01,East,Partner,SMB,352,8
ORD-17-79,2024-06-04,Central,Partner,Mid,451,7
ORD-17-80,2024-06-04,East,Web,Enterprise,561,10
ORD-17-81,2024-06-21,Central,Retail,Enterprise,618,10
ORD-17-82,2024-06-15,East,Web,Mid,471,9
ORD-17-83,2024-06-22,West,Partner,Enterprise,300,16
ORD-17-84,2024-06-03,West,Retail,SMB,478,11
ORD-17-85,2024-06-19,West,Web,SMB,723,9
ORD-17-86,2024-06-01,North,Retail,Mid,531,6
ORD-17-87,2024-06-15,East,Web,SMB,265,12
ORD-17-88,2024-06-08,West,Retail,Mid,559,9
ORD-17-89,2024-06-27,Central,Retail,Mid,438,5
ORD-17-90,2024-06-18,East,Web,Mid,254,9
ORD-17-91,2024-06-24,East,Partner,SMB,492,6
ORD-17-92,2024-06-08,Central,Web,Mid,621,11
ORD-17-93,2024-06-27,Central,Partner,Enterprise,383,6
ORD-17-94,2024-06-24,West,Web,Mid,832,12
ORD-17-95,2024-06-27,Central,Partner,SMB,468,6
ORD-17-96,2024-06-21,West,Retail,Enterprise,385,8
ORD-17-97,2024-06-23,North,Retail,Mid,538,8
ORD-17-98,2024-06-25,South,Web,Mid,463,6
ORD-17-99,2024-06-02,South,Partner,Mid,509,7
ORD-17-100,2024-06-01,West,Web,SMB,620,4
ORD-17-101,2024-06-25,Central,Partner,Mid,306,17
ORD-17-102,2024-06-03,East,Web,Enterprise,501,1
ORD-17-103,2024-06-18,Central,Retail,SMB,480,11
ORD-17-104,2024-06-02,East,Web,Enterprise,536,8
ORD-17-105,2024-06-15,East,Retail,SMB,716,7
ORD-17-106,2024-06-26,North,Partner,Enterprise,818,9
ORD-17-107,2024-06-20,South,Web,SMB,439,10
ORD-17-108,2024-06-10,North,Partner,Mid,711,11
ORD-17-109,2024-06-25,East,Web,Enterprise,443,6
ORD-17-110,2024-06-21,Central,Web,Enterprise,362,7
ORD-17-111,2024-06-18,North,Web,Enterprise,191,9
ORD-17-112,2024-06-10,North,Web,Enterprise,587,10
ORD-17-113,2024-06-04,Central,Retail,Enterprise,389,8
ORD-17-114,2024-06-06,North,Retail,Mid,642,6
ORD-17-115,2024-06-19,East,Partner,Enterprise,514,11
ORD-17-116,2024-06-06,North,Partner,SMB,558,5
ORD-17-117,2024-06-22,North,Retail,SMB,451,11
ORD-17-118,2024-06-21,South,Partner,Mid,474,8
ORD-17-119,2024-06-05,North,Retail,Enterprise,601,11
ORD-17-120,2024-06-21,Central,Web,Enterprise,306,5
ORD-17-121,2024-06-07,South,Partner,Enterprise,368,9
ORD-17-122,2024-06-03,West,Partner,SMB,293,8
ORD-17-123,2024-06-02,West,Web,SMB,387,15
ORD-17-124,2024-06-02,Central,Web,SMB,542,8
ORD-17-125,2024-06-18,Central,Partner,SMB,625,14
ORD-17-126,2024-06-19,West,Retail,Mid,487,9
ORD-17-127,2024-06-11,Central,Web,Mid,508,8
ORD-17-128,2024-06-05,Central,Partner,Enterprise,459,7
ORD-17-129,2024-06-03,North,Retail,Mid,597,10
ORD-17-130,2024-06-16,Central,Retail,Enterprise,490,7
ORD-17-131,2024-06-04,North,Retail,SMB,390,4
ORD-17-132,2024-06-08,Central,Web,Mid,402,9
ORD-17-133,2024-06-12,South,Retail,SMB,569,5
ORD-17-134,2024-06-09,East,Web,Enterprise,472,3
ORD-17-135,2024-06-25,West,Retail,Enterprise,250,7
ORD-17-136,2024-06-08,West,Web,SMB,570,5
ORD-17-137,2024-06-21,North,Partner,SMB,399,10
ORD-17-138,2024-06-04,Central,Retail,Enterprise,399,10
ORD-17-139,2024-06-04,North,Web,Enterprise,428,11
ORD-17-140,2024-06-04,North,Partner,SMB,624,10
ORD-17-141,2024-06-21,North,Web,Mid,461,11
ORD-17-142,2024-06-01,Central,Web,Enterprise,314,5
ORD-17-143,2024-06-24,East,Web,SMB,495,2
ORD-17-144,2024-06-25,East,Retail,Enterprise,569,12
ORD-17-145,2024-06-14,East,Partner,Mid,424,10
ORD-17-146,2024-06-07,Central,Partner,Enterprise,431,8
ORD-17-147,2024-06-26,East,Retail,Mid,474,5
ORD-17-148,2024-06-16,Central,Retail,SMB,548,9
ORD-17-149,2024-06-10,West,Web,Enterprise,612,4
ORD-17-150,2024-06-26,West,Web,Mid,327,6
ORD-17-151,2024-06-19,North,Retail,Enterprise,594,11
ORD-17-152,2024-06-28,North,Partner,SMB,591,3
ORD-17-153,2024-06-24,South,Partner,Mid,553,7
ORD-17-154,2024-06-13,East,Web,Enterprise,532,9
ORD-17-155,2024-06-23,South,Retail,Enterprise,512,10
ORD-17-156,2024-06-08,East,Retail,SMB,632,9
ORD-17-157,2024-06-17,West,Web,SMB,421,8
ORD-17-158,2024-06-20,Central,Retail,Enterprise,394,13
ORD-17-159,2024-06-14,Central,Partner,Mid,402,10
ORD-17-160,2024-06-22,West,Retail,SMB,570,9
ORD-17-161,2024-06-09,Central,Retail,Mid,734,13
ORD-17-162,2024-06-25,East,Partner,Mid,641,5
ORD-17-163,2024-06-28,Central,Retail,Enterprise,378,8
ORD-17-164,2024-06-13,East,Partner,Enterprise,345,9
ORD-17-165,2024-06-25,North,Retail,Mid,389,6
ORD-17-166,2024-06-14,North,Web,Enterprise,581,9
ORD-17-167,2024-06-18,North,Web,Enterprise,523,11
ORD-17-168,2024-06-04,East,Partner,Enterprise,450,13
ORD-17-169,2024-06-16,South,Retail,Mid,309,8
ORD-17-170,2024-06-15,South,Web,Enterprise,477,1
ORD-17-171,2024-06-11,East,Web,Mid,490,11
ORD-17-172,2024-06-08,South,Retail,Enterprise,446,10
ORD-17-173,2024-06-09,South,Web,SMB,427,9
ORD-17-174,2024-06-09,East,Partner,SMB,495,12
ORD-17-175,2024-06-01,East,Retail,Enterprise,408,12
ORD-17-176,2024-06-01,North,Partner,Enterprise,334,10
ORD-17-177,2024-06-02,South,Web,Mid,388,8
ORD-17-178,2024-06-10,Central,Web,Mid,722,13
ORD-17-179,2024-06-28,East,Partner,Enterprise,430,11
ORD-17-180,2024-06-06,Central,Web,Mid,420,11
ORD-17-181,2024-06-15,West,Partner,SMB,408,10
ORD-17-182,2024-06-23,South,Partner,SMB,503,6
ORD-17-183,2024-06-19,Central,Retail,Enterprise,507,13
ORD-17-184,2024-06-18,West,Web,SMB,374,7
ORD-17-185,2024-06-27,East,Web,Enterprise,516,7
ORD-17-186,2024-06-25,West,Retail,Mid,342,10
ORD-17-187,2024-06-19,East,Partner,Mid,652,9
ORD-17-188,2024-06-09,West,Retail,Mid,423,5
ORD-17-189,2024-06-04,Central,Web,Mid,322,8
ORD-17-190,2024-06-08,Central,Partner,Mid,608,4
ORD-17-191,2024-06-17,East,Retail,SMB,517,8
ORD-17-192,2024-06-22,East,Retail,Mid,529,8
ORD-17-193,2024-06-15,Central,Retail,Enterprise,707,6
ORD-17-194,2024-06-19,West,Web,SMB,618,5
ORD-17-195,2024-06-05,East,Partner,SMB,433,8
ORD-17-196,2024-06-15,North,Partner,SMB,763,4
ORD-17-197,2024-06-11,West,Retail,SMB,370,8
ORD-17-198,2024-06-17,South,Retail,Enterprise,578,17
ORD-17-199,2024-06-13,West,Partner,Mid,524,14
ORD-17-200,2024-06-15,Central,Retail,SMB,603,9
ORD-17-201,2024-06-13,North,Retail,Enterprise,511,4
ORD-17-202,2024-06-14,West,Retail,Enterprise,430,5
ORD-17-203,2024-06-01,North,Partner,Mid,627,7
ORD-17-204,2024-06-22,East,Retail,SMB,510,7
ORD-17-205,2024-06-03,North,Partner,Enterprise,450,14
ORD-17-206,2024-06-27,South,Web,SMB,430,8
ORD-17-207,2024-06-27,South,Partner,Mid,753,9
ORD-17-208,2024-06-13,North,Retail,Enterprise,353,8
ORD-17-209,2024-06-11,Central,Retail,Mid,705,8
ORD-17-210,2024-06-01,North,Web,Mid,349,8
ORD-17-211,2024-06-16,South,Web,Mid,474,14
ORD-17-212,2024-06-22,South,Web,Mid,379,14
ORD-17-213,2024-06-20,West,Web,Enterprise,657,10
ORD-17-214,2024-06-23,East,Retail,Enterprise,588,7
ORD-17-215,2024-06-25,Central,Partner,Enterprise,427,10
ORD-17-216,2024-06-05,North,Partner,Mid,460,8
ORD-17-217,2024-06-09,East,Partner,Mid,394,12
ORD-17-218,2024-06-28,South,Partner,Mid,439,12
ORD-17-219,2024-06-03,South,Retail,Enterprise,677,9
ORD-17-220,2024-06-27,North,Retail,Mid,278,9
ORD-17-221,2024-06-24,West,Retail,SMB,522,10
ORD-17-222,2024-06-27,North,Partner,Mid,411,9
ORD-17-223,2024-06-28,South,Retail,Enterprise,438,6
ORD-17-224,2024-06-28,West,Retail,SMB,457,5
ORD-17-225,2024-06-06,West,Partner,Mid,467,9
ORD-17-226,2024-06-28,East,Web,SMB,329,7
ORD-17-227,2024-06-02,Central,Retail,Mid,487,9
ORD-17-228,2024-06-05,North,Retail,Enterprise,658,11
ORD-17-229,2024-06-13,East,Web,Enterprise,422,11
ORD-17-230,2024-06-07,South,Partner,Mid,647,4
ORD-17-231,2024-06-12,West,Partner,Mid,599,10
ORD-17-232,2024-06-19,West,Retail,Mid,484,5
ORD-17-233,2024-06-14,East,Partner,Mid,607,4
ORD-17-234,2024-06-23,West,Web,Enterprise,507,13
ORD-17-235,2024-06-09,East,Retail,Mid,522,13
ORD-17-236,2024-06-25,West,Retail,Enterprise,448,6
ORD-17-237,2024-06-13,South,Retail,Mid,426,9
ORD-17-238,2024-06-23,Central,Partner,Enterprise,454,8
ORD-17-239,2024-06-21,West,Web,SMB,722,10
ORD-17-240,2024-06-26,North,Partner,SMB,167,10
ORD-17-241,2024-06-15,South,Retail,SMB,507,11
ORD-17-242,2024-06-15,West,Partner,SMB,349,8
ORD-17-243,2024-06-19,North,Web,SMB,342,11
ORD-17-244,2024-06-10,West,Web,SMB,610,15
ORD-17-245,2024-06-02,Central,Retail,Enterprise,391,11
ORD-17-246,2024-06-12,South,Web,SMB,472,10
ORD-17-247,2024-06-15,Central,Partner,Enterprise,452,10
ORD-17-248,2024-06-26,Central,Partner,SMB,465,3
ORD-17-249,2024-06-09,West,Retail,Mid,686,5
ORD-17-250,2024-06-26,East,Web,Enterprise,480,6
ORD-17-251,2024-06-21,Central,Web,SMB,415,12
ORD-17-252,2024-06-13,West,Web,Enterprise,288,11
ORD-17-253,2024-06-16,South,Retail,SMB,490,7
ORD-17-254,2024-06-08,Central,Partner,Enterprise,561,8
ORD-17-255,2024-06-03,Central,Web,Mid,509,3
ORD-17-256,2024-06-06,West,Partner,SMB,384,12
ORD-17-257,2024-06-05,West,Web,SMB,463,9
ORD-17-258,2024-06-13,North,Partner,Mid,424,7
ORD-17-259,2024-06-18,South,Partner,Enterprise,589,7
ORD-17-260,2024-06-06,South,Web,Enterprise,304,9
ORD-17-261,2024-06-18,East,Web,Enterprise,224,13
ORD-17-262,2024-06-18,West,Partner,Mid,576,9
ORD-17-263,2024-06-27,West,Partner,Enterprise,629,4
ORD-17-264,2024-06-19,West,Retail,Enterprise,509,9
ORD-17-265,2024-06-01,Central,Partner,SMB,343,6
ORD-17-266,2024-06-19,South,Retail,Mid,572,2
ORD-17-267,2024-06-05,Central,Partner,Mid,525,5
ORD-17-268,2024-06-19,Central,Partner,Mid,445,10
ORD-17-269,2024-06-04,North,Web,Mid,656,5
ORD-17-270,2024-06-07,West,Web,Enterprise,564,8
ORD-17-271,2024-06-15,East,Retail,SMB,593,7
ORD-17-272,2024-06-01,West,Retail,SMB,511,11
ORD-17-273,2024-06-02,Central,Web,Enterprise,680,9
ORD-17-274,2024-06-14,North,Web,Mid,464,1
ORD-17-275,2024-06-27,South,Web,SMB,466,6
ORD-17-276,2024-06-13,Central,Web,Mid,418,5
ORD-17-277,2024-06-03,Central,Web,SMB,499,6
ORD-17-278,2024-06-12,East,Retail,SMB,236,7
ORD-17-279,2024-06-11,West,Web,Enterprise,534,9
ORD-17-280,2024-06-28,Central,Partner,Mid,354,6
ORD-17-281,2024-06-22,South,Web,Enterprise,500,5
ORD-17-282,2024-06-18,East,Web,Mid,591,13
ORD-17-283,2024-06-25,South,Retail,Enterprise,511,10
ORD-17-284,2024-06-07,North,Partner,Mid,538,6
ORD-17-285,2024-06-07,East,Retail,SMB,633,11
ORD-17-286,2024-06-24,South,Web,Mid,521,8
ORD-17-287,2024-06-28,North,Web,SMB,513,7
ORD-17-288,2024-06-05,East,Partner,Enterprise,587,5
ORD-17-289,2024-06-27,South,Partner,SMB,568,15
ORD-17-290,2024-06-07,South,Web,Mid,482,3
ORD-17-291,2024-06-06,West,Web,Mid,449,8
ORD-17-292,2024-06-03,North,Web,Mid,598,13
ORD-17-293,2024-06-23,North,Partner,Enterprise,577,8
ORD-17-294,2024-06-05,Central,Partner,Mid,452,10
ORD-17-295,2024-06-02,East,Web,SMB,213,4
ORD-17-296,2024-06-28,East,Partner,Enterprise,297,15
ORD-17-297,2024-06-19,West,Retail,SMB,643,6
ORD-17-298,2024-06-04,Central,Partner,Enterprise,382,7
ORD-17-299,2024-06-25,North,Web,SMB,409,7
ORD-18-0,2024-07-04,Central,Partner,SMB,404,8
ORD-18-1,2024-07-20,South,Web,Mid,377,11
ORD-18-2,2024-07-04,East,Retail,SMB,741,5
ORD-18-3,2024-07-04,North,Web,Mid,522,6
ORD-18-4,2024-07-21,South,Partner,Mid,423,7
ORD-18-5,2024-07-14,South,Web,Mid,386,6
ORD-18-6,2024-07-16,North,Partner,SMB,492,10
ORD-18-7,2024-07-14,East,Partner,Enterprise,500,3
ORD-18-8,2024-07-15,East,Partner,Enterprise,432,5
ORD-18-9,2024-07-03,East,Web,Enterprise,473,13
ORD-18-10,2024-07-01,North,Retail,Enterprise,485,1
ORD-18-11,2024-07-16,West,Web,SMB,437,9
ORD-18-12,2024-07-04,East,Partner,Mid,721,8
ORD-18-13,2024-07-15,East,Partner,SMB,555,7
ORD-18-14,2024-07-22,West,Web,Mid,258,11
ORD-18-15,2024-07-03,North,Web,Enterprise,528,8
ORD-18-16,2024-07-15,West,Web,SMB,341,15
ORD-18-17,2024-07-04,West,Partner,Enterprise,625,3
ORD-18-18,2024-07-23,North,Web,SMB,450,5
ORD-18-19,2024-07-12,West,Web,SMB,523,13
ORD-18-20,2024-07-23,West,Retail,SMB,617,11
ORD-18-21,2024-07-01,North,Retail,SMB,494,11
ORD-18-22,2024-07-10,East,Partner,Enterprise,437,8
ORD-18-23,2024-07-14,East,Web,Enterprise,601,7
ORD-18-24,2024-07-04,East,Retail,Mid,635,12
ORD-18-25,2024-07-18,Central,Retail,Mid,435,3
ORD-18-26,2024-07-25,Central,Partner,SMB,444,9
ORD-18-27,2024-07-16,East,Web,SMB,430,10
ORD-18-28,2024-07-20,North,Retail,Mid,417,15
ORD-18-29,2024-07-21,South,Partner,Enterprise,426,3
ORD-18-30,2024-07-12,North,Retail,Enterprise,456,12
ORD-18-31,2024-07-08,North,Retail,Enterprise,289,9
ORD-18-32,2024-07-24,South,Partner,SMB,626,8
ORD-18-33,2024-07-14,North,Web,Mid,617,7
ORD-18-34,2024-07-27,South,Partner,Mid,762,13
ORD-18-35,2024-07-26,West,Retail,Mid,615,8
ORD-18-36,2024-07-20,North,Retail,SMB,456,7
ORD-18-37,2024-07-04,East,Partner,Enterprise,372,10
ORD-18-38,2024-07-25,East,Retail,SMB,345,12
ORD-18-39,2024-07-10,West,Web,Enterprise,512,9
ORD-18-40,2024-07-01,South,Web,SMB,491,6
ORD-18-41,2024-07-17,West,Retail,Mid,511,10
ORD-18-42,2024-07-18,Central,Web,SMB,524,9
ORD-18-43,2024-07-15,East,Partner,SMB,460,10
ORD-18-44,2024-07-16,Central,Partner,Mid,430,7
ORD-18-45,2024-07-15,North,Web,SMB,443,6
ORD-18-46,2024-07-24,East,Retail,SMB,520,6
ORD-18-47,2024-07-13,East,Partner,Mid,345,4
ORD-18-48,2024-07-04,East,Retail,SMB,585,4
ORD-18-49,2024-07-28,North,Retail,Enterprise,371,8
ORD-18-50,2024-07-25,North,Web,Enterprise,582,8
ORD-18-51,2024-07-04,South,Retail,SMB,434,11
ORD-18-52,2024-07-17,South,Web,Enterprise,338,6
ORD-18-53,2024-07-01,South,Retail,Mid,508,8
ORD-18-54,2024-07-09,Central,Web,Mid,248,8
ORD-18-55,2024-07-09,East,Partner,SMB,531,8
ORD-18-56,2024-07-25,South,Partner,Enterprise,402,7
ORD-18-57,2024-07-09,East,Partner,Enterprise,521,4
ORD-18-58,2024-07-11,Central,Retail,Enterprise,521,3
ORD-18-59,2024-07-28,West,Retail,Mid,474,2
ORD-18-60,2024-07-05,West,Web,Enterprise,324,14
ORD-18-61,2024-07-23,East,Partner,SMB,654,5
ORD-18-62,2024-07-03,South,Partner,SMB,364,10
ORD-18-63,2024-07-17,East,Web,Enterprise,515,11
ORD-18-64,2024-07-19,South,Web,SMB,382,12
ORD-18-65,2024-07-09,South,Web,Enterprise,558,12
ORD-18-66,2024-07-16,East,Retail,Mid,451,11
ORD-18-67,2024-07-07,West,Web,SMB,474,7
ORD-18-68,2024-07-09,South,Partner,SMB,455,3
ORD-18-69,2024-07-03,South,Partner,Mid,528,5
ORD-18-70,2024-07-16,East,Retail,SMB,535,13
ORD-18-71,2024-07-10,South,Web,Enterprise,406,4
ORD-18-72,2024-07-18,West,Retail,SMB,514,10
ORD-18-73,2024-07-07,North,Retail,Enterprise,814,3
ORD-18-74,2024-07-15,East,Web,Enterprise,571,9
ORD-18-75,2024-07-21,North,Web,Enterprise,419,6
ORD-18-76,2024-07-20,East,Partner,SMB,638,7
ORD-18-77,2024-07-19,North,Retail,Enterprise,562,7
ORD-18-78,2024-07-28,Central,Web,SMB,417,8
ORD-18-79,2024-07-25,West,Retail,Mid,415,11
ORD-18-80,2024-07-22,South,Partner,Mid,439,1
ORD-18-81,2024-07-17,North,Partner,Mid,411,18
ORD-18-82,2024-07-02,West,Retail,Enterprise,576,7
ORD-18-83,2024-07-11,South,Retail,Mid,518,8
ORD-18-84,2024-07-22,South,Partner,Enterprise,629,10
ORD-18-85,2024-07-04,East,Web,SMB,666,11
ORD-18-86,2024-07-11,South,Web,Enterprise,702,8
ORD-18-87,2024-07-21,North,Web,Mid,592,10
ORD-18-88,2024-07-11,Central,Web,SMB,448,7
ORD-18-89,2024-07-04,Central,Web,SMB,304,6
ORD-18-90,2024-07-03,West,Web,Enterprise,214,9
ORD-18-91,2024-07-05,West,Partner,Enterprise,395,2
ORD-18-92,2024-07-26,East,Web,SMB,244,10
ORD-18-93,2024-07-02,North,Web,SMB,681,13
ORD-18-94,2024-07-06,West,Retail,Mid,611,8
ORD-18-95,2024-07-16,West,Partner,Mid,512,8
ORD-18-96,2024-07-15,West,Retail,Enterprise,688,5
ORD-18-97,2024-07-21,Central,Partner,Enterprise,329,9
ORD-18-98,2024-07-13,East,Retail,Enterprise,354,10
ORD-18-99,2024-07-20,East,Retail,SMB,220,3
ORD-18-100,2024-07-23,South,Retail,SMB,330,10
ORD-18-101,2024-07-09,South,Partner,Mid,409,5
ORD-18-102,2024-07-22,Central,Partner,SMB,518,11
ORD-18-103,2024-07-27,East,Web,SMB,515,6
ORD-18-104,2024-07-24,South,Partner,SMB,574,7
ORD-18-105,2024-07-05,South,Web,Enterprise,436,2
ORD-18-106,2024-07-07,West,Retail,Mid,507,6
ORD-18-107,2024-07-22,North,Partner,SMB,557,4
ORD-18-108,2024-07-02,North,Web,SMB,554,10
ORD-18-109,2024-07-26,East,Partner,SMB,652,7
ORD-18-110,2024-07-24,West,Retail,Enterprise,517,8
ORD-18-111,2024-07-10,East,Retail,SMB,589,7
ORD-18-112,2024-07-14,South,Retail,Mid,518,4
ORD-18-113,2024-07-28,West,Partner,Enterprise,540,6
ORD-18-114,2024-07-20,West,Web,Mid,414,7
ORD-18-115,2024-07-02,East,Partner,SMB,305,8
ORD-18-116,2024-07-21,South,Partner,Mid,548,8
ORD-18-117,2024-07-18,West,Partner,Enterprise,354,9
ORD-18-118,2024-07-07,Central,Partner,Mid,376,10
ORD-18-119,2024-07-20,East,Partner,SMB,487,10
ORD-18-120,2024-07-03,South,Partner,SMB,387,11
ORD-18-121,2024-07-10,North,Partner,Mid,542,8
ORD-18-122,2024-07-09,Central,Partner,SMB,506,6
ORD-18-123,2024-07-23,North,Retail,SMB,503,10
ORD-18-124,2024-07-06,North,Partner,Mid,620,5
ORD-18-125,2024-07-11,West,Retail,SMB,478,9
ORD-18-126,2024-07-18,North,Partner,SMB,319,8
ORD-18-127,2024-07-09,South,Web,Mid,654,8
ORD-18-128,2024-07-01,South,Partner,Mid,512,8
ORD-18-129,2024-07-20,West,Partner,SMB,495,6
ORD-18-130,2024-07-06,Central,Retail,SMB,482,10
ORD-18-131,2024-07-17,Central,Retail,SMB,477,8
ORD-18-132,2024-07-28,East,Retail,SMB,403,6
ORD-18-133,2024-07-09,Central,Partner,Mid,784,1
ORD-18-134,2024-07-21,Central,Partner,SMB,489,4
ORD-18-135,2024-07-20,North,Retail,Enterprise,466,7
ORD-18-136,2024-07-25,East,Web,SMB,437,12
ORD-18-137,2024-07-09,North,Retail,Mid,495,4
ORD-18-138,2024-07-11,South,Web,SMB,469,2
ORD-18-139,2024-07-03,Central,Web,Enterprise,439,16
ORD-18-140,2024-07-07,West,Web,SMB,384,10
ORD-18-141,2024-07-18,North,Web,Mid,473,5
ORD-18-142,2024-07-12,Central,Partner,Mid,646,7
ORD-18-143,2024-07-16,West,Retail,SMB,545,10
ORD-18-144,2024-07-17,South,Partner,SMB,565,13
ORD-18-145,2024-07-26,West,Web,SMB,471,11
ORD-18-146,2024-07-19,Central,Web,Enterprise,550,14
ORD-18-147,2024-07-25,Central,Retail,Enterprise,550,5
ORD-18-148,2024-07-28,East,Partner,Mid,589,6
ORD-18-149,2024-07-08,West,Web,Enterprise,486,7
ORD-18-150,2024-07-21,North,Web,SMB,624,8
ORD-18-151,2024-07-08,East,Partner,Mid,622,6
ORD-18-152,2024-07-20,North,Retail,SMB,494,12
ORD-18-153,2024-07-10,East,Partner,Mid,396,7
ORD-18-154,2024-07-16,East,Web,SMB,720,10
ORD-18-155,2024-07-03,South,Partner,SMB,485,7
ORD-18-156,2024-07-03,North,Partner,SMB,461,11
ORD-18-157,2024-07-01,East,Partner,Enterprise,407,8
ORD-18-158,2024-07-17,North,Partner,SMB,575,10
ORD-18-159,2024-07-21,West,Web,Mid,325,8
ORD-18-160,2024-07-21,North,Partner,Mid,643,6
ORD-18-161,2024-07-18,North,Web,Enterprise,303,13
ORD-18-162,2024-07-22,West,Partner,Mid,525,10
ORD-18-163,2024-07-17,South,Retail,Enterprise,465,10
ORD-18-164,2024-07-05,North,Partner,SMB,360,11
ORD-18-165,2024-07-21,West,Web,Enterprise,453,7
ORD-18-166,2024-07-21,Central,Partner,SMB,390,13
ORD-18-167,2024-07-13,Central,Partner,Mid,556,8
ORD-18-168,2024-07-13,West,Web,Enterprise,477,3
ORD-18-169,2024-07-05,Central,Web,Mid,625,7
ORD-18-170,2024-07-06,East,Retail,Enterprise,361,11
ORD-18-171,2024-07-02,East,Partner,Mid,557,7
ORD-18-172,2024-07-21,South,Partner,Enterprise,527,7
ORD-18-173,2024-07-18,Central,Partner,SMB,592,8
ORD-18-174,2024-07-11,West,Retail,Enterprise,536,11
ORD-18-175,2024-07-16,North,Web,Mid,631,11
ORD-18-176,2024-07-03,North,Partner,SMB,245,10
ORD-18-177,2024-07-24,Central,Partner,SMB,595,7
ORD-18-178,2024-07-20,West,Partner,SMB,560,10
ORD-18-179,2024-07-18,Central,Partner,Enterprise,408,11
ORD-18-180,2024-07-17,North,Web,Mid,359,5
ORD-18-181,2024-07-23,East,Partner,Mid,478,5
ORD-18-182,2024-07-24,Central,Web,Enterprise,673,6
ORD-18-183,2024-07-04,North,Web,Enterprise,532,13
ORD-18-184,2024-07-17,Central,Retail,Mid,648,10
ORD-18-185,2024-07-26,East,Retail,Enterprise,585,4
ORD-18-186,2024-07-14,West,Retail,Mid,404,9
ORD-18-187,2024-07-24,East,Retail,SMB,586,16
ORD-18-188,2024-07-13,North,Retail,Enterprise,593,14
ORD-18-189,2024-07-17,Central,Retail,SMB,625,13
ORD-18-190,2024-07-13,North,Partner,Mid,518,9
ORD-18-191,2024-07-07,Central,Web,Mid,672,15
ORD-18-192,2024-07-23,East,Partner,Mid,291,4
ORD-18-193,2024-07-27,North,Web,SMB,181,10
ORD-18-194,2024-07-08,East,Partner,Mid,633,9
ORD-18-195,2024-07-13,Central,Partner,Enterprise,671,5
ORD-18-196,2024-07-02,West,Web,Mid,592,5
ORD-18-197,2024-07-13,Central,Web,Enterprise,672,11
ORD-18-198,2024-07-03,East,Web,SMB,521,8
ORD-18-199,2024-07-03,East,Partner,Enterprise,634,15
ORD-18-200,2024-07-09,North,Retail,SMB,303,9
ORD-18-201,2024-07-14,West,Web,SMB,493,10
ORD-18-202,2024-07-16,East,Web,SMB,477,5
ORD-18-203,2024-07-23,West,Retail,Mid,667,13
ORD-18-204,2024-07-11,West,Web,Mid,430,3
ORD-18-205,2024-07-01,South,Partner,SMB,671,3
ORD-18-206,2024-07-14,Central,Retail,Mid,416,11
ORD-18-207,2024-07-21,South,Retail,Enterprise,371,11
ORD-18-208,2024-07-10,West,Web,Enterprise,529,3
ORD-18-209,2024-07-21,West,Partner,SMB,490,9
ORD-18-210,2024-07-12,East,Partner,Mid,428,12
ORD-18-211,2024-07-02,North,Partner,SMB,467,4
ORD-18-212,2024-07-16,North,Web,SMB,326,8
ORD-18-213,2024-07-24,West,Web,Mid,646,11
ORD-18-214,2024-07-03,Central,Retail,Enterprise,554,10
ORD-18-215,2024-07-01,Central,Web,Enterprise,376,8
ORD-18-216,2024-07-14,South,Partner,Enterprise,570,10
ORD-18-217,2024-07-08,East,Web,Enterprise,643,14
ORD-18-218,2024-07-13,East,Retail,Mid,588,11
ORD-18-219,2024-07-28,North,Partner,Enterprise,543,4
ORD-18-220,2024-07-20,South,Partner,Mid,599,7
ORD-18-221,2024-07-03,Central,Partner,Enterprise,724,4
ORD-18-222,2024-07-06,East,Retail,Mid,443,4
ORD-18-223,2024-07-25,Central,Web,Enterprise,696,9
ORD-18-224,2024-07-25,Central,Web,Enterprise,468,8
ORD-18-225,2024-07-04,North,Retail,Mid,347,6
ORD-18-226,2024-07-22,West,Retail,SMB,583,13
ORD-18-227,2024-07-28,East,Retail,SMB,594,6
ORD-18-228,2024-07-01,North,Retail,SMB,622,10
ORD-18-229,2024-07-16,South,Web,SMB,584,7
ORD-18-230,2024-07-13,Central,Partner,Enterprise,540,8
ORD-18-231,2024-07-24,South,Retail,SMB,393,16
ORD-18-232,2024-07-12,North,Partner,Mid,638,8
ORD-18-233,2024-07-10,Central,Web,SMB,711,8
ORD-18-234,2024-07-15,West,Partner,SMB,410,13
ORD-18-235,2024-07-15,West,Partner,Enterprise,509,9
ORD-18-236,2024-07-16,East,Partner,Enterprise,606,9
ORD-18-237,2024-07-28,South,Web,Mid,348,6
ORD-18-238,2024-07-16,West,Retail,Enterprise,400,8
ORD-18-239,2024-07-23,West,Partner,SMB,482,5
ORD-18-240,2024-07-09,North,Retail,Mid,258,10
ORD-18-241,2024-07-27,South,Web,Enterprise,760,12
ORD-18-242,2024-07-07,West,Web,Mid,403,13
ORD-18-243,2024-07-20,West,Retail,Enterprise,579,5
ORD-18-244,2024-07-25,East,Partner,Mid,302,9
ORD-18-245,2024-07-27,Central,Web,Enterprise,567,5
ORD-18-246,2024-07-25,West,Partner,Mid,460,8
ORD-18-247,2024-07-07,South,Partner,Mid,481,8
ORD-18-248,2024-07-16,East,Partner,SMB,363,5
ORD-18-249,2024-07-27,West,Partner,SMB,392,8
ORD-18-250,2024-07-26,South,Web,Mid,482,10
ORD-18-251,2024-07-27,North,Partner,Mid,513,7
ORD-18-252,2024-07-05,North,Partner,SMB,450,4
ORD-18-253,2024-07-16,West,Partner,Mid,312,7
ORD-18-254,2024-07-11,North,Retail,Mid,607,4
ORD-18-255,2024-07-09,Central,Partner,SMB,534,8
ORD-18-256,2024-07-24,North,Partner,SMB,449,8
ORD-18-257,2024-07-01,North,Partner,SMB,406,8
ORD-18-258,2024-07-01,East,Web,SMB,423,6
ORD-18-259,2024-07-18,North,Web,Mid,398,10
ORD-18-260,2024-07-13,East,Partner,Mid,409,2
ORD-18-261,2024-07-03,Central,Retail,SMB,654,6
ORD-18-262,2024-07-03,West,Partner,Enterprise,539,9
ORD-18-263,2024-07-07,East,Retail,SMB,208,8
ORD-18-264,2024-07-18,West,Retail,SMB,394,9
ORD-18-265,2024-07-26,West,Partner,Mid,654,10
ORD-18-266,2024-07-11,West,Retail,Enterprise,326,8
ORD-18-267,2024-07-08,South,Web,SMB,631,5
ORD-18-268,2024-07-03,East,Partner,Enterprise,449,13
ORD-18-269,2024-07-16,West,Retail,Mid,362,3
ORD-18-270,2024-07-01,North,Web,Enterprise,522,8
ORD-18-271,2024-07-24,West,Web,SMB,462,9
ORD-18-272,2024-07-06,West,Retail,Mid,698,6
ORD-18-273,2024-07-17,Central,Web,Mid,612,7
ORD-18-274,2024-07-16,South,Web,Enterprise,411,12
ORD-18-275,2024-07-10,North,Web,SMB,503,8
ORD-18-276,2024-07-05,South,Retail,SMB,612,11
ORD-18-277,2024-07-03,North,Partner,SMB,599,5
ORD-18-278,2024-07-07,North,Partner,Mid,580,10
ORD-18-279,2024-07-20,West,Web,Mid,655,6
ORD-18-280,2024-07-01,West,Web,Enterprise,502,8
ORD-18-281,2024-07-09,West,Retail,SMB,620,2
ORD-18-282,2024-07-23,Central,Web,Mid,576,7
ORD-18-283,2024-07-13,South,Partner,SMB,698,11
ORD-18-284,2024-07-15,Central,Retail,SMB,394,10
ORD-18-285,2024-07-28,East,Partner,Enterprise,586,10
ORD-18-286,2024-07-04,North,Retail,SMB,508,9
ORD-18-287,2024-07-28,North,Web,SMB,350,2
ORD-18-288,2024-07-20,North,Web,SMB,667,14
ORD-18-289,2024-07-23,East,Web,Mid,442,3
ORD-18-290,2024-07-10,North,Partner,Enterprise,538,13
ORD-18-291,2024-07-03,North,Retail,SMB,398,9
ORD-18-292,2024-07-03,East,Retail,Mid,558,7
ORD-18-293,2024-07-15,South,Retail,Enterprise,551,7
ORD-18-294,2024-07-18,North,Partner,Enterprise,582,14
ORD-18-295,2024-07-25,North,Retail,Mid,519,9
ORD-18-296,2024-07-17,South,Web,Mid,373,8
ORD-18-297,2024-07-16,East,Web,Mid,605,8
ORD-18-298,2024-07-10,Central,Retail,SMB,341,6
ORD-18-299,2024-07-02,South,Retail,Enterprise,396,7
ORD-19-0,2024-08-03,West,Retail,Mid,609,15
ORD-19-1,2024-08-17,East,Retail,SMB,515,6
ORD-19-2,2024-08-06,Central,Retail,SMB,525,13
ORD-19-3,2024-08-05,North,Web,SMB,666,4
ORD-19-4,2024-08-08,West,Partner,Enterprise,396,5
ORD-19-5,2024-08-11,South,Web,Enterprise,507,4
ORD-19-6,2024-08-14,Central,Web,Enterprise,450,7
ORD-19-7,2024-08-03,West,Retail,SMB,568,7
ORD-19-8,2024-08-21,South,Web,Mid,461,11
ORD-19-9,2024-08-07,East,Web,Enterprise,546,10
ORD-19-10,2024-08-02,East,Partner,Enterprise,410,9
ORD-19-11,2024-08-08,North,Web,Enterprise,532,10
ORD-19-12,2024-08-10,South,Retail,SMB,462,6
ORD-19-13,2024-08-12,East,Web,SMB,364,9
ORD-19-14,2024-08-07,North,Retail,Mid,484,10
ORD-19-15,2024-08-08,West,Web,SMB,404,11
ORD-19-16,2024-08-01,West,Partner,Enterprise,295,6
ORD-19-17,2024-08-11,West,Retail,Enterprise,476,6
ORD-19-18,2024-08-13,North,Partner,Mid,360,10
ORD-19-19,2024-08-06,West,Retail,Enterprise,603,6
ORD-19-20,2024-08-15,West,Web,Mid,368,10
ORD-19-21,2024-08-17,East,Web,SMB,309,5
ORD-19-22,2024-08-06,East,Partner,Mid,733,8
ORD-19-23,2024-08-13,Central,Web,Enterprise,471,8
ORD-19-24,2024-08-24,West,Retail,SMB,784,1
ORD-19-25,2024-08-23,East,Partner,Enterprise,615,8
ORD-19-26,2024-08-08,West,Retail,SMB,568,15
ORD-19-27,2024-08-07,North,Retail,SMB,410,4
ORD-19-28,2024-08-14,North,Retail,Mid,378,7
ORD-19-29,2024-08-16,East,Web,Enterprise,551,8
ORD-19-30,2024-08-21,East,Retail,SMB,501,9
ORD-19-31,2024-08-27,South,Web,Enterprise,560,3
ORD-19-32,2024-08-14,North,Retail,SMB,470,9
ORD-19-33,2024-08-22,North,Partner,Mid,532,7
ORD-19-34,2024-08-07,Central,Retail,Enterprise,471,8
ORD-19-35,2024-08-12,North,Partner,SMB,571,7
ORD-19-36,2024-08-11,East,Partner,Enterprise,528,9
ORD-19-37,2024-08-02,West,Web,Enterprise,504,4
ORD-19-38,2024-08-22,East,Partner,SMB,529,12
ORD-19-39,2024-08-19,Central,Web,Mid,368,6
ORD-19-40,2024-08-18,East,Partner,Mid,598,6
ORD-19-41,2024-08-20,East,Retail,Mid,415,8
ORD-19-42,2024-08-24,East,Retail,Enterprise,560,9
ORD-19-43,2024-08-11,North,Web,SMB,482,4
ORD-19-44,2024-08-18,North,Partner,SMB,660,13
ORD-19-45,2024-08-11,West,Web,SMB,440,7
ORD-19-46,2024-08-02,North,Web,Enterprise,473,1
ORD-19-47,2024-08-22,East,Web,Mid,453,13
ORD-19-48,2024-08-04,West,Partner,Mid,607,9
ORD-19-49,2024-08-03,Central,Web,Enterprise,320,14
ORD-19-50,2024-08-26,East,Web,Enterprise,469,10
ORD-19-51,2024-08-09,West,Web,Enterprise,590,10
ORD-19-52,2024-08-05,Central,Web,SMB,506,8
ORD-19-53,2024-08-13,North,Web,Mid,691,4
ORD-19-54,2024-08-18,Central,Partner,Enterprise,331,7
ORD-19-55,2024-08-11,South,Web,SMB,501,13
ORD-19-56,2024-08-05,East,Partner,SMB,387,11
ORD-19-57,2024-08-04,Central,Web,SMB,482,4
ORD-19-58,2024-08-11,East,Web,SMB,526,6
ORD-19-59,2024-08-09,East,Web,SMB,540,9
ORD-19-60,2024-08-08,South,Retail,SMB,554,12
ORD-19-61,2024-08-06,Central,Retail,Mid,588,5
ORD-19-62,2024-08-24,South,Retail,SMB,468,2
ORD-19-63,2024-08-18,West,Web,Enterprise,640,9
ORD-19-64,2024-08-15,North,Web,SMB,572,16
ORD-19-65,2024-08-17,Central,Partner,SMB,453,5
ORD-19-66,2024-08-27,South,Web,SMB,771,10
ORD-19-67,2024-08-13,South,Retail,Enterprise,526,8
ORD-19-68,2024-08-14,South,Partner,SMB,386,3
ORD-19-69,2024-08-20,Central,Retail,Mid,631,7
ORD-19-70,2024-08-27,South,Web,Enterprise,532,9
ORD-19-71,2024-08-01,North,Web,SMB,597,9
ORD-19-72,2024-08-04,West,Retail,SMB,555,9
ORD-19-73,2024-08-18,North,Web,Enterprise,601,10
ORD-19-74,2024-08-20,Central,Partner,Mid,366,8
ORD-19-75,2024-08-27,North,Partner,Enterprise,613,8
ORD-19-76,2024-08-26,South,Web,Enterprise,502,1
ORD-19-77,2024-08-26,West,Web,Enterprise,867,14
ORD-19-78,2024-08-07,East,Partner,Mid,505,11
ORD-19-79,2024-08-14,South,Partner,Enterprise,516,13
ORD-19-80,2024-08-22,West,Retail,Enterprise,441,9
ORD-19-81,2024-08-15,East,Retail,Enterprise,639,8
ORD-19-82,2024-08-13,East,Partner,Mid,581,3
ORD-19-83,2024-08-17,South,Partner,Enterprise,536,8
ORD-19-84,2024-08-03,North,Web,Mid,416,9
ORD-19-85,2024-08-09,South,Partner,Mid,453,8
ORD-19-86,2024-08-09,West,Partner,Mid,558,6
ORD-19-87,2024-08-02,East,Partner,Enterprise,486,4
ORD-19-88,2024-08-17,West,Web,Enterprise,466,7
ORD-19-89,2024-08-25,Central,Partner,SMB,557,7
ORD-19-90,2024-08-06,East,Retail,SMB,589,6
ORD-19-91,2024-08-18,East,Retail,Mid,340,8
ORD-19-92,2024-08-08,South,Retail,Enterprise,584,11
ORD-19-93,2024-08-22,North,Retail,Mid,595,10
ORD-19-94,2024-08-05,West,Retail,Enterprise,476,6
ORD-19-95,2024-08-05,East,Partner,Enterprise,585,13
ORD-19-96,2024-08-13,West,Web,Mid,423,12
ORD-19-97,2024-08-14,West,Web,SMB,548,11
ORD-19-98,2024-08-09,East,Web,Mid,565,13
ORD-19-99,2024-08-18,Central,Web,Mid,354,10
ORD-19-100,2024-08-01,Central,Web,Enterprise,408,1
ORD-19-101,2024-08-28,West,Retail,Enterprise,506,6
ORD-19-102,2024-08-08,East,Retail,SMB,226,8
ORD-19-103,2024-08-23,North,Web,Enterprise,472,6
ORD-19-104,2024-08-09,South,Retail,SMB,637,9
ORD-19-105,2024-08-18,North,Web,Enterprise,385,7
ORD-19-106,2024-08-02,Central,Retail,SMB,544,11
ORD-19-107,2024-08-02,Central,Web,SMB,552,5
ORD-19-108,2024-08-27,North,Retail,Mid,561,12
ORD-19-109,2024-08-07,North,Web,Enterprise,506,7
ORD-19-110,2024-08-25,West,Partner,Enterprise,403,1
ORD-19-111,2024-08-11,South,Partner,SMB,656,2
ORD-19-112,2024-08-14,North,Retail,Mid,538,10
ORD-19-113,2024-08-26,Central,Retail,SMB,456,9
ORD-19-114,2024-08-03,Central,Partner,Enterprise,395,9
ORD-19-115,2024-08-25,Central,Web,Enterprise,342,11
ORD-19-116,2024-08-22,North,Partner,Enterprise,517,12
ORD-19-117,2024-08-05,North,Web,Mid,362,10
ORD-19-118,2024-08-05,West,Partner,Mid,471,9
ORD-19-119,2024-08-11,South,Web,SMB,584,10
ORD-19-120,2024-08-18,North,Partner,SMB,544,3
ORD-19-121,2024-08-02,North,Web,Enterprise,429,11
ORD-19-122,2024-08-10,North,Web,SMB,571,11
ORD-19-123,2024-08-10,East,Retail,SMB,354,12
ORD-19-124,2024-08-27,Central,Retail,Enterprise,422,3
ORD-19-125,2024-08-22,North,Retail,SMB,705,10
ORD-19-126,2024-08-17,East,Retail,SMB,450,6
ORD-19-127,2024-08-18,North,Partner,Enterprise,539,5
ORD-19-128,2024-08-21,East,Partner,Mid,430,10
ORD-19-129,2024-08-15,North,Web,Mid,342,8
ORD-19-130,2024-08-21,Central,Web,SMB,546,1
ORD-19-131,2024-08-12,West,Web,Mid,490,9
ORD-19-132,2024-08-21,South,Partner,Mid,424,10
ORD-19-133,2024-08-28,West,Partner,Enterprise,315,8
ORD-19-134,2024-08-06,West,Web,Enterprise,608,9
ORD-19-135,2024-08-10,East,Retail,SMB,562,13
ORD-19-136,2024-08-03,South,Retail,SMB,703,7
ORD-19-137,2024-08-28,Central,Partner,Enterprise,333,7
ORD-19-138,2024-08-16,Central,Retail,SMB,525,1
ORD-19-139,2024-08-10,West,Web,Mid,434,3
ORD-19-140,2024-08-06,Central,Web,Enterprise,463,8
ORD-19-141,2024-08-19,West,Partner,SMB,496,4
ORD-19-142,2024-08-24,North,Web,SMB,569,8
ORD-19-143,2024-08-09,East,Partner,SMB,583,14
ORD-19-144,2024-08-08,East,Retail,Enterprise,242,5
ORD-19-145,2024-08-22,Central,Retail,Enterprise,493,1
ORD-19-146,2024-08-14,North,Partner,SMB,629,9
ORD-19-147,2024-08-19,South,Web,Mid,555,11
ORD-19-148,2024-08-26,North,Partner,Mid,502,7
ORD-19-149,2024-08-20,Central,Retail,Enterprise,657,7
ORD-19-150,2024-08-20,North,Retail,SMB,426,7
ORD-19-151,2024-08-12,North,Web,Mid,475,9
ORD-19-152,2024-08-16,North,Retail,Enterprise,429,5
ORD-19-153,2024-08-11,West,Retail,SMB,538,9
ORD-19-154,2024-08-20,West,Web,SMB,554,12
ORD-19-155,2024-08-26,East,Web,Mid,535,9
ORD-19-156,2024-08-08,West,Partner,Enterprise,773,4
ORD-19-157,2024-08-06,East,Partner,Mid,325,10
ORD-19-158,2024-08-20,South,Retail,SMB,222,8
ORD-19-159,2024-08-26,North,Web,Enterprise,537,8
ORD-19-160,2024-08-04,West,Partner,Mid,709,9
ORD-19-161,2024-08-07,East,Retail,SMB,318,8
ORD-19-162,2024-08-23,East,Retail,SMB,679,8
ORD-19-163,2024-08-22,East,Partner,Mid,522,12
ORD-19-164,2024-08-09,South,Retail,SMB,497,7
ORD-19-165,2024-08-28,North,Retail,Mid,567,4
ORD-19-166,2024-08-09,South,Web,Mid,549,9
ORD-19-167,2024-08-16,West,Web,Mid,381,6
ORD-19-168,2024-08-04,Central,Retail,Enterprise,492,10
ORD-19-169,2024-08-26,North,Retail,Mid,409,6
ORD-19-170,2024-08-27,Central,Web,SMB,767,9
ORD-19-171,2024-08-04,Central,Partner,SMB,396,3
ORD-19-172,2024-08-07,East,Retail,Mid,441,11
ORD-19-173,2024-08-03,South,Retail,Mid,199,7
ORD-19-174,2024-08-24,North,Web,SMB,661,4
ORD-19-175,2024-08-04,South,Retail,Mid,354,11
ORD-19-176,2024-08-28,East,Partner,SMB,619,8
ORD-19-177,2024-08-20,Central,Partner,SMB,405,10
ORD-19-178,2024-08-06,South,Partner,Enterprise,375,9
ORD-19-179,2024-08-27,South,Partner,SMB,598,12
ORD-19-180,2024-08-07,East,Retail,SMB,459,8
ORD-19-181,2024-08-01,East,Retail,Enterprise,566,7
ORD-19-182,2024-08-07,South,Partner,Mid,474,13
ORD-19-183,2024-08-22,Central,Retail,Mid,536,11
ORD-19-184,2024-08-17,South,Web,Mid,440,11
ORD-19-185,2024-08-19,West,Retail,SMB,366,7
ORD-19-186,2024-08-21,North,Partner,SMB,361,11
ORD-19-187,2024-08-19,West,Partner,Mid,521,7
ORD-19-188,2024-08-12,West,Partner,SMB,667,7
ORD-19-189,2024-08-22,North,Web,Mid,641,7
ORD-19-190,2024-08-23,South,Partner,Enterprise,421,7
ORD-19-191,2024-08-24,North,Partner,Mid,603,9
ORD-19-192,2024-08-01,East,Retail,SMB,451,11
ORD-19-193,2024-08-01,East,Partner,Mid,523,11
ORD-19-194,2024-08-18,North,Retail,Mid,578,9
ORD-19-195,2024-08-12,East,Web,Enterprise,511,9
ORD-19-196,2024-08-11,North,Retail,Enterprise,446,5
ORD-19-197,2024-08-04,East,Retail,Mid,585,9
ORD-19-198,2024-08-08,South,Retail,Mid,620,10
ORD-19-199,2024-08-25,Central,Partner,SMB,569,12
ORD-19-200,2024-08-18,East,Retail,Enterprise,285,5
ORD-19-201,2024-08-11,Central,Retail,Enterprise,500,6
ORD-19-202,2024-08-22,West,Retail,SMB,769,11
ORD-19-203,2024-08-11,East,Partner,Mid,332,6
ORD-19-204,2024-08-10,West,Partner,Enterprise,711,7
ORD-19-205,2024-08-02,South,Retail,Mid,460,1
ORD-19-206,2024-08-13,North,Partner,Enterprise,485,9
ORD-19-207,2024-08-19,North,Partner,Mid,390,8
ORD-19-208,2024-08-03,East,Web,SMB,642,14
ORD-19-209,2024-08-06,West,Retail,SMB,593,13
ORD-19-210,2024-08-08,North,Web,Mid,542,4
ORD-19-211,2024-08-17,Central,Retail,Mid,265,8
ORD-19-212,2024-08-07,Central,Partner,SMB,555,11
ORD-19-213,2024-08-26,Central,Retail,Mid,692,7
ORD-19-214,2024-08-16,North,Retail,Mid,503,13
ORD-19-215,2024-08-04,East,Partner,SMB,617,10
ORD-19-216,2024-08-19,East,Retail,Enterprise,685,10
ORD-19-217,2024-08-23,South,Web,SMB,654,6
ORD-19-218,2024-08-12,Central,Retail,Enterprise,558,4
ORD-19-219,2024-08-11,West,Retail,SMB,645,4
ORD-19-220,2024-08-28,West,Web,Mid,531,8
ORD-19-221,2024-08-08,West,Web,Enterprise,692,11
ORD-19-222,2024-08-16,Central,Retail,Mid,571,6
ORD-19-223,2024-08-15,North,Partner,Enterprise,502,7
ORD-19-224,2024-08-13,West,Partner,SMB,359,4
ORD-19-225,2024-08-06,Central,Partner,Enterprise,631,6
ORD-19-226,2024-08-10,North,Retail,SMB,736,5
ORD-19-227,2024-08-11,North,Web,Enterprise,559,7
ORD-19-228,2024-08-13,South,Retail,Mid,552,11
ORD-19-229,2024-08-05,West,Web,Mid,453,5
ORD-19-230,2024-08-13,West,Web,Mid,436,11
ORD-19-231,2024-08-04,Central,Partner,Enterprise,355,6
ORD-19-232,2024-08-24,East,Retail,Enterprise,385,9
ORD-19-233,2024-08-19,South,Web,Mid,484,7
ORD-19-234,2024-08-16,Central,Retail,Mid,593,6
ORD-19-235,2024-08-24,West,Partner,Mid,618,13
ORD-19-236,2024-08-28,North,Partner,Enterprise,430,6
ORD-19-237,2024-08-11,Central,Retail,SMB,302,17
ORD-19-238,2024-08-04,East,Partner,Mid,453,8
ORD-19-239,2024-08-07,West,Partner,SMB,566,9
ORD-19-240,2024-08-01,East,Web,SMB,481,1
ORD-19-241,2024-08-10,South,Retail,SMB,788,13
ORD-19-242,2024-08-13,Central,Web,Mid,553,6
ORD-19-243,2024-08-13,South,Web,Enterprise,615,8
ORD-19-244,2024-08-15,North,Retail,SMB,444,9
ORD-19-245,2024-08-03,West,Partner,SMB,508,8
ORD-19-246,2024-08-02,North,Retail,SMB,439,5
ORD-19-247,2024-08-20,East,Web,Enterprise,288,13
ORD-19-248,2024-08-06,South,Partner,SMB,511,10
ORD-19-249,2024-08-04,North,Web,Mid,601,6
ORD-19-250,2024-08-16,East,Retail,SMB,651,5
ORD-19-251,2024-08-20,West,Retail,SMB,542,5
ORD-19-252,2024-08-24,North,Partner,SMB,644,6
ORD-19-253,2024-08-17,South,Retail,Enterprise,586,8
ORD-19-254,2024-08-02,West,Retail,Mid,437,9
ORD-19-255,2024-08-23,West,Partner,SMB,533,9
ORD-19-256,2024-08-05,East,Partner,Enterprise,561,10
ORD-19-257,2024-08-26,East,Retail,SMB,537,7
ORD-19-258,2024-08-10,Central,Retail,Enterprise,414,11
ORD-19-259,2024-08-27,East,Web,Mid,479,8
ORD-19-260,2024-08-22,West,Web,SMB,363,3
ORD-19-261,2024-08-02,West,Web,Enterprise,635,7
ORD-19-262,2024-08-06,East,Retail,Enterprise,432,9
ORD-19-263,2024-08-20,North,Retail,Enterprise,489,7
ORD-19-264,2024-08-09,South,Retail,SMB,650,7
ORD-19-265,2024-08-20,Central,Web,Enterprise,644,8
ORD-19-266,2024-08-14,North,Partner,Mid,513,7
ORD-19-267,2024-08-07,East,Retail,Enterprise,479,11
ORD-19-268,2024-08-09,West,Retail,SMB,620,7
ORD-19-269,2024-08-06,West,Retail,Enterprise,411,12
ORD-19-270,2024-08-02,North,Partner,Enterprise,412,7
ORD-19-271,2024-08-10,West,Web,Enterprise,381,12
ORD-19-272,2024-08-15,West,Partner,Enterprise,540,8
ORD-19-273,2024-08-26,North,Retail,Mid,670,10
ORD-19-274,2024-08-07,North,Web,SMB,410,11
ORD-19-275,2024-08-11,East,Partner,SMB,692,8
ORD-19-276,2024-08-24,North,Partner,Enterprise,471,7
ORD-19-277,2024-08-26,West,Partner,SMB,262,8
ORD-19-278,2024-08-08,North,Retail,Mid,472,7
ORD-19-279,2024-08-28,East,Partner,Mid,695,6
ORD-19-280,2024-08-17,South,Web,Enterprise,302,6
ORD-19-281,2024-08-02,North,Web,SMB,643,8
ORD-19-282,2024-08-02,West,Partner,Mid,450,6
ORD-19-283,2024-08-03,South,Retail,Enterprise,524,9
ORD-19-284,2024-08-20,Central,Retail,SMB,452,8
ORD-19-285,2024-08-01,West,Partner,Enterprise,496,9
ORD-19-286,2024-08-01,North,Web,SMB,741,12
ORD-19-287,2024-08-21,West,Web,Enterprise,145,7
ORD-19-288,2024-08-10,West,Retail,Enterprise,633,13
ORD-19-289,2024-08-22,West,Partner,Mid,510,5
ORD-19-290,2024-08-09,East,Retail,Mid,474,10
ORD-19-291,2024-08-15,North,Partner,SMB,475,8
ORD-19-292,2024-08-16,Central,Web,Mid,521,8
ORD-19-293,2024-08-02,North,Partner,SMB,526,6
ORD-19-294,2024-08-04,East,Partner,SMB,458,7
ORD-19-295,2024-08-18,Central,Partner,SMB,334,4
ORD-19-296,2024-08-16,North,Web,Enterprise,516,10
ORD-19-297,2024-08-01,East,Partner,SMB,450,9
ORD-19-298,2024-08-25,West,Retail,SMB,410,8
ORD-19-299,2024-08-09,West,Web,Enterprise,392,10