order_id,order_date,segment,revenue,margin_rate
ORD-0,2025-01-03,Enterprise,375,0.3862
ORD-1,2025-01-06,Enterprise,589,0.4123
ORD-2,2025-01-20,Enterprise,621,0.4018
ORD-3,2025-01-14,Enterprise,558,0.3859
ORD-4,2025-01-28,Enterprise,580,0.4125
ORD-5,2025-01-22,Enterprise,467,0.3719
ORD-6,2025-01-27,Enterprise,546,0.3948
ORD-7,2025-01-23,Enterprise,514,0.3696
ORD-8,2025-01-26,Enterprise,509,0.3922
ORD-9,2025-01-26,Enterprise,388,0.407
ORD-10,2025-01-20,Enterprise,506,0.3434
ORD-11,2025-01-15,Enterprise,461,0.4297
ORD-12,2025-01-01,Enterprise,414,0.3605
ORD-13,2025-01-27,Enterprise,528,0.3957
ORD-14,2025-01-16,Enterprise,611,0.3986
ORD-15,2025-01-24,Enterprise,566,0.3802
ORD-16,2025-01-18,Enterprise,380,0.4029
ORD-17,2025-01-16,Enterprise,508,0.3833
ORD-18,2025-01-04,Enterprise,481,0.4174
ORD-19,2025-01-23,Enterprise,518,0.41
ORD-20,2025-01-18,Enterprise,476,0.3864
ORD-21,2025-01-17,Enterprise,492,0.435
ORD-22,2025-01-21,Enterprise,608,0.4044
ORD-23,2025-01-13,Enterprise,478,0.4292
ORD-24,2025-01-16,Enterprise,386,0.4052
ORD-25,2025-01-07,Enterprise,578,0.3762
ORD-26,2025-01-17,Enterprise,600,0.3712
ORD-27,2025-01-12,Enterprise,406,0.4174
ORD-28,2025-01-26,Enterprise,532,0.3856
ORD-29,2025-01-08,Enterprise,403,0.4088
ORD-30,2025-01-04,Enterprise,571,0.3947
ORD-31,2025-01-22,Enterprise,541,0.4101
ORD-32,2025-01-19,Enterprise,509,0.4081
ORD-33,2025-01-23,Enterprise,481,0.3831
ORD-34,2025-01-19,Enterprise,491,0.4485
ORD-35,2025-01-24,Enterprise,566,0.4187
ORD-36,2025-01-25,Enterprise,590,0.37
ORD-37,2025-01-01,Enterprise,493,0.3944
ORD-38,2025-01-02,Enterprise,595,0.4121
ORD-39,2025-01-13,Enterprise,453,0.4105
ORD-40,2025-01-10,Enterprise,427,0.388
ORD-41,2025-01-10,Enterprise,505,0.4146
ORD-42,2025-01-24,Enterprise,619,0.3751
ORD-43,2025-01-01,Enterprise,483,0.3865
ORD-44,2025-01-27,Enterprise,607,0.4251
ORD-45,2025-01-11,Enterprise,616,0.4217
ORD-46,2025-01-15,Enterprise,553,0.4115
ORD-47,2025-01-27,Enterprise,395,0.4023
ORD-48,2025-01-21,Enterprise,560,0.3891
ORD-49,2025-01-16,Enterprise,328,0.3771
ORD-50,2025-01-07,Enterprise,384,0.38
ORD-51,2025-01-25,Enterprise,545,0.3744
ORD-52,2025-01-09,Enterprise,378,0.346
ORD-53,2025-01-23,Enterprise,521,0.3837
ORD-54,2025-01-01,Enterprise,397,0.3573
ORD-55,2025-01-07,Enterprise,656,0.4089
ORD-56,2025-01-15,Enterprise,535,0.3799
ORD-57,2025-01-08,Enterprise,482,0.4293
ORD-58,2025-01-07,Enterprise,462,0.3884
ORD-59,2025-01-26,Enterprise,488,0.3915
ORD-60,2025-01-01,Enterprise,589,0.3995
ORD-61,2025-01-04,Enterprise,396,0.3943
ORD-62,2025-01-08,Enterprise,466,0.3828
ORD-63,2025-01-10,Enterprise,609,0.397
ORD-64,2025-01-19,Enterprise,493,0.4427
ORD-65,2025-01-03,Enterprise,417,0.4114
ORD-66,2025-01-10,Enterprise,492,0.4168
ORD-67,2025-01-27,Enterprise,414,0.4049
ORD-68,2025-01-10,Enterprise,508,0.4044
ORD-69,2025-01-08,Enterprise,456,0.3888
ORD-70,2025-01-06,Enterprise,483,0.3797
ORD-71,2025-01-16,Enterprise,492,0.3905
ORD-72,2025-01-11,Enterprise,467,0.3966
ORD-73,2025-01-18,Enterprise,402,0.3928
ORD-74,2025-01-26,Enterprise,596,0.4279
ORD-75,2025-01-06,Enterprise,393,0.4358
ORD-76,2025-01-23,Enterprise,482,0.4127
ORD-77,2025-01-12,Enterprise,534,0.405
ORD-78,2025-01-07,Enterprise,413,0.4232
ORD-79,2025-01-15,Enterprise,487,0.3825
ORD-80,2025-01-27,Enterprise,581,0.4177
ORD-81,2025-01-27,Enterprise,584,0.4162
ORD-82,2025-01-16,Enterprise,513,0.3864
ORD-83,2025-01-25,Enterprise,499,0.3882
ORD-84,2025-01-16,Enterprise,634,0.3974
ORD-85,2025-01-25,Enterprise,439,0.3978
ORD-86,2025-01-08,Enterprise,546,0.3684
ORD-87,2025-01-02,Enterprise,510,0.4321
ORD-88,2025-01-11,Enterprise,396,0.4433
ORD-89,2025-01-08,Enterprise,704,0.4417
ORD-90,2025-01-05,Enterprise,431,0.421
ORD-91,2025-01-28,Enterprise,601,0.4655
ORD-92,2025-01-18,Enterprise,560,0.4413
ORD-93,2025-01-21,Enterprise,545,0.3986
ORD-94,2025-01-25,Enterprise,487,0.4001
ORD-95,2025-01-01,Enterprise,450,0.3907
ORD-96,2025-01-07,Enterprise,391,0.4194
ORD-97,2025-01-03,Enterprise,662,0.3813
ORD-98,2025-01-24,Enterprise,399,0.458
ORD-99,2025-01-12,Enterprise,555,0.3815
ORD-100,2025-01-11,Enterprise,568,0.385
ORD-101,2025-01-17,Enterprise,447,0.3821
ORD-102,2025-01-13,Enterprise,602,0.3696
ORD-103,2025-01-14,Enterprise,330,0.4166
ORD-104,2025-01-03,Enterprise,562,0.4087
ORD-105,2025-01-02,Enterprise,579,0.3992
ORD-106,2025-01-07,Enterprise,533,0.4074
ORD-107,2025-01-18,Enterprise,664,0.4047
ORD-108,2025-01-01,Enterprise,398,0.4043
ORD-109,2025-01-18,Enterprise,568,0.4015
ORD-110,2025-01-03,Enterprise,610,0.4287
ORD-111,2025-01-08,Enterprise,616,0.4268
ORD-112,2025-01-21,Enterprise,513,0.371
ORD-113,2025-01-26,Enterprise,571,0.4113
ORD-114,2025-01-15,Enterprise,516,0.4023
ORD-115,2025-01-04,Enterprise,461,0.3921
ORD-116,2025-01-05,Enterprise,519,0.3646
ORD-117,2025-01-12,Enterprise,450,0.3889
ORD-118,2025-01-01,Enterprise,444,0.3758
ORD-119,2025-01-04,Enterprise,383,0.4198
ORD-120,2025-01-02,Enterprise,426,0.4188
ORD-121,2025-01-22,Enterprise,592,0.3892
ORD-122,2025-01-15,Enterprise,507,0.4116
ORD-123,2025-01-19,Enterprise,637,0.4023
ORD-124,2025-01-05,Enterprise,480,0.3989
ORD-125,2025-01-28,Enterprise,436,0.4129
ORD-126,2025-01-02,Enterprise,631,0.4032
ORD-127,2025-01-08,Enterprise,363,0.4034
ORD-128,2025-01-01,Enterprise,491,0.3798
ORD-129,2025-01-24,Enterprise,580,0.4175
ORD-130,2025-01-05,Enterprise,531,0.4403
ORD-131,2025-01-25,Enterprise,479,0.4016
ORD-132,2025-01-28,Enterprise,459,0.3958
ORD-133,2025-01-23,Enterprise,612,0.4375
ORD-134,2025-01-15,Enterprise,515,0.414
ORD-135,2025-01-24,Enterprise,593,0.4197
ORD-136,2025-01-10,Enterprise,534,0.3764
ORD-137,2025-01-02,Enterprise,508,0.418
ORD-138,2025-01-17,Enterprise,564,0.409
ORD-139,2025-01-21,Enterprise,693,0.4021
ORD-140,2025-01-24,Enterprise,563,0.4066
ORD-141,2025-01-01,Enterprise,526,0.3974
ORD-142,2025-01-26,Enterprise,543,0.392
ORD-143,2025-01-02,Enterprise,473,0.3971
ORD-144,2025-01-18,Enterprise,556,0.4399
ORD-145,2025-01-28,Enterprise,484,0.3835
ORD-146,2025-01-04,Enterprise,506,0.4056
ORD-147,2025-01-05,Enterprise,363,0.4193
ORD-148,2025-01-03,Enterprise,396,0.3583
ORD-149,2025-01-18,Enterprise,622,0.4219
ORD-150,2025-01-13,Enterprise,541,0.4139
ORD-151,2025-01-10,Enterprise,448,0.3969
ORD-152,2025-01-14,Enterprise,482,0.3702
ORD-153,2025-01-17,Enterprise,502,0.4062
ORD-154,2025-01-05,Enterprise,445,0.415
ORD-155,2025-01-24,Enterprise,403,0.4217
ORD-156,2025-01-17,Enterprise,462,0.3858
ORD-157,2025-01-12,Enterprise,576,0.4263
ORD-158,2025-01-16,Enterprise,437,0.4257
ORD-159,2025-01-13,Enterprise,545,0.3988
ORD-160,2025-01-28,Enterprise,522,0.4216
ORD-161,2025-01-27,Enterprise,393,0.4126
ORD-162,2025-01-20,Enterprise,468,0.4062
ORD-163,2025-01-10,Enterprise,477,0.4263
ORD-164,2025-01-12,Enterprise,511,0.3819
ORD-165,2025-01-06,Enterprise,416,0.4179
ORD-166,2025-01-26,Enterprise,532,0.3951
ORD-167,2025-01-10,Enterprise,537,0.4126
ORD-168,2025-01-27,Enterprise,522,0.3668
ORD-169,2025-01-19,Enterprise,519,0.376
ORD-170,2025-01-14,Enterprise,569,0.377
ORD-171,2025-01-25,Enterprise,486,0.3993
ORD-172,2025-01-09,Enterprise,484,0.3818
ORD-173,2025-01-03,Enterprise,454,0.4235
ORD-174,2025-01-21,Enterprise,531,0.4196
ORD-175,2025-01-15,Enterprise,478,0.4282
ORD-176,2025-01-16,Enterprise,435,0.3768
ORD-177,2025-01-12,Enterprise,663,0.3783
ORD-178,2025-01-04,Enterprise,517,0.3997
ORD-179,2025-01-18,Enterprise,515,0.3984
ORD-180,2025-01-03,Enterprise,583,0.394
ORD-181,2025-01-10,Enterprise,516,0.4211
ORD-182,2025-01-24,Enterprise,408,0.4206
ORD-183,2025-01-18,Enterprise,678,0.4072
ORD-184,2025-01-01,Enterprise,623,0.4056
ORD-185,2025-01-26,Enterprise,462,0.3839
ORD-186,2025-01-12,Enterprise,425,0.363
ORD-187,2025-01-16,Enterprise,625,0.3594
ORD-188,2025-01-24,Enterprise,346,0.3957
ORD-189,2025-01-15,Enterprise,426,0.4222
ORD-190,2025-01-26,Enterprise,496,0.3715
ORD-191,2025-01-14,Enterprise,491,0.3927
ORD-192,2025-01-04,Enterprise,399,0.4111
ORD-193,2025-01-28,Enterprise,472,0.3792
ORD-194,2025-01-26,Enterprise,499,0.3899
ORD-195,2025-01-27,Enterprise,659,0.4125
ORD-196,2025-01-13,Enterprise,476,0.4564
ORD-197,2025-01-24,Enterprise,508,0.4054
ORD-198,2025-01-20,Enterprise,434,0.4283
ORD-199,2025-01-21,Enterprise,414,0.3742
ORD-200,2025-01-18,Enterprise,459,0.3878
ORD-201,2025-01-28,Enterprise,494,0.4037
ORD-202,2025-01-02,Enterprise,504,0.4034
ORD-203,2025-01-12,Enterprise,564,0.4054
ORD-204,2025-01-16,Enterprise,446,0.3988
ORD-205,2025-01-22,Enterprise,493,0.4279
ORD-206,2025-01-27,Enterprise,390,0.3937
ORD-207,2025-01-20,Enterprise,613,0.4179
ORD-208,2025-01-15,Enterprise,588,0.4013
ORD-209,2025-01-06,Enterprise,539,0.4325
ORD-210,2025-01-28,Enterprise,552,0.4147
ORD-211,2025-01-13,Enterprise,525,0.4446
ORD-212,2025-01-13,Enterprise,482,0.379
ORD-213,2025-01-01,Enterprise,526,0.3886
ORD-214,2025-01-12,Enterprise,585,0.4064
ORD-215,2025-01-21,Enterprise,577,0.3725
ORD-216,2025-01-07,Enterprise,495,0.43
ORD-217,2025-01-25,Enterprise,571,0.3961
ORD-218,2025-01-07,Enterprise,508,0.3907
ORD-219,2025-01-19,Enterprise,570,0.401
ORD-220,2025-01-18,Enterprise,635,0.4393
ORD-221,2025-01-09,Enterprise,404,0.4149
ORD-222,2025-01-19,Enterprise,523,0.4118
ORD-223,2025-01-06,Enterprise,316,0.4157
ORD-224,2025-01-01,Enterprise,446,0.411
ORD-225,2025-01-22,Enterprise,537,0.4013
ORD-226,2025-01-23,Enterprise,558,0.3831
ORD-227,2025-01-11,Enterprise,358,0.4016
ORD-228,2025-01-27,Enterprise,454,0.408
ORD-229,2025-01-20,Enterprise,554,0.4241
ORD-230,2025-01-24,Enterprise,534,0.398
ORD-231,2025-01-04,Enterprise,533,0.4125
ORD-232,2025-01-16,Enterprise,534,0.4015
ORD-233,2025-01-26,Enterprise,512,0.3872
ORD-234,2025-01-22,Enterprise,453,0.4117
ORD-235,2025-01-26,Enterprise,587,0.4122
ORD-236,2025-01-09,Enterprise,521,0.3936
ORD-237,2025-01-26,Enterprise,432,0.4102
ORD-238,2025-01-13,Enterprise,403,0.4188
ORD-239,2025-01-05,Enterprise,534,0.4088
ORD-240,2025-01-03,Enterprise,463,0.3848
ORD-241,2025-01-02,Enterprise,366,0.3562
ORD-242,2025-01-16,Enterprise,504,0.3859
ORD-243,2025-01-24,Enterprise,436,0.4026
ORD-244,2025-01-22,Enterprise,301,0.4125
ORD-245,2025-01-01,Enterprise,549,0.3827
ORD-246,2025-01-21,Enterprise,381,0.3697
ORD-247,2025-01-19,Enterprise,548,0.4393
ORD-248,2025-01-19,Enterprise,547,0.4062
ORD-249,2025-01-11,Enterprise,456,0.4032
ORD-250,2025-01-05,Enterprise,385,0.3748
ORD-251,2025-01-03,Enterprise,371,0.4099
ORD-252,2025-01-05,Enterprise,579,0.4042
ORD-253,2025-01-09,Enterprise,666,0.4068
ORD-254,2025-01-22,Enterprise,571,0.3828
ORD-255,2025-01-17,Enterprise,370,0.4345
ORD-256,2025-01-13,Enterprise,421,0.3785
ORD-257,2025-01-15,Enterprise,576,0.4255
ORD-258,2025-01-28,Enterprise,410,0.417
ORD-259,2025-01-24,Enterprise,611,0.4196
ORD-260,2025-01-01,Enterprise,510,0.4184
ORD-261,2025-01-27,Enterprise,514,0.4178
ORD-262,2025-01-03,Enterprise,524,0.394
ORD-263,2025-01-20,Enterprise,515,0.4188
ORD-264,2025-01-25,Enterprise,556,0.424
ORD-265,2025-01-04,Enterprise,470,0.4198
ORD-266,2025-01-24,Enterprise,563,0.408
ORD-267,2025-01-23,Enterprise,500,0.3761
ORD-268,2025-01-03,Enterprise,499,0.3615
ORD-269,2025-01-20,Enterprise,567,0.3858
ORD-270,2025-01-02,Enterprise,549,0.3649
ORD-271,2025-01-26,Enterprise,537,0.4142
ORD-272,2025-01-24,Enterprise,522,0.3946
ORD-273,2025-01-07,Enterprise,515,0.3879
ORD-274,2025-01-03,Enterprise,476,0.3919
ORD-275,2025-01-14,Enterprise,351,0.3962
ORD-276,2025-01-19,Enterprise,278,0.35
ORD-277,2025-01-02,Enterprise,451,0.383
ORD-278,2025-01-17,Enterprise,647,0.4197
ORD-279,2025-01-11,Enterprise,638,0.3755
ORD-280,2025-01-16,Enterprise,560,0.4421
ORD-281,2025-01-09,Enterprise,587,0.3905
ORD-282,2025-01-16,Enterprise,657,0.41
ORD-283,2025-01-12,Enterprise,446,0.4133
ORD-284,2025-01-25,Enterprise,402,0.3979
ORD-285,2025-01-25,Enterprise,468,0.3902
ORD-286,2025-01-24,Enterprise,565,0.3786
ORD-287,2025-01-15,Enterprise,729,0.414
ORD-288,2025-01-04,Enterprise,471,0.3944
ORD-289,2025-01-06,Enterprise,444,0.4268
ORD-290,2025-01-13,Enterprise,640,0.4008
ORD-291,2025-01-08,Enterprise,539,0.4293
ORD-292,2025-01-23,Enterprise,484,0.3956
ORD-293,2025-01-22,Enterprise,508,0.4008
ORD-294,2025-01-07,Enterprise,447,0.4075
ORD-295,2025-01-05,Enterprise,580,0.4035
ORD-296,2025-01-16,Enterprise,507,0.4275
ORD-297,2025-01-04,Enterprise,536,0.4024
ORD-298,2025-01-25,Enterprise,417,0.3996
ORD-299,2025-01-02,Enterprise,544,0.4088
ORD-300,2025-01-19,Enterprise,522,0.4333
ORD-301,2025-01-17,Enterprise,518,0.4054
ORD-302,2025-01-09,Enterprise,391,0.4102
ORD-303,2025-01-13,Enterprise,604,0.3712
ORD-304,2025-01-23,Enterprise,581,0.424
ORD-305,2025-01-12,Enterprise,510,0.3784
ORD-306,2025-01-07,Enterprise,646,0.4143
ORD-307,2025-01-16,Enterprise,604,0.3976
ORD-308,2025-01-01,Enterprise,605,0.3805
ORD-309,2025-01-21,Enterprise,504,0.3901
ORD-310,2025-01-27,Enterprise,510,0.394
ORD-311,2025-01-04,Enterprise,560,0.3939
ORD-312,2025-01-28,Enterprise,383,0.4227
ORD-313,2025-01-05,Enterprise,547,0.4268
ORD-314,2025-01-25,Enterprise,347,0.4044
ORD-315,2025-01-05,Enterprise,498,0.4205
ORD-316,2025-01-01,Enterprise,312,0.3876
ORD-317,2025-01-03,Enterprise,467,0.3839
ORD-318,2025-01-06,Enterprise,565,0.4231
ORD-319,2025-01-11,Enterprise,398,0.3671
ORD-320,2025-01-11,Enterprise,512,0.401
ORD-321,2025-01-01,Enterprise,513,0.4064
ORD-322,2025-01-17,Enterprise,373,0.3965
ORD-323,2025-01-01,Enterprise,478,0.3666
ORD-324,2025-01-21,Enterprise,683,0.3766
ORD-325,2025-01-09,Enterprise,486,0.4291
ORD-326,2025-01-01,Enterprise,449,0.4074
ORD-327,2025-01-01,Enterprise,431,0.4245
ORD-328,2025-01-08,Enterprise,386,0.3884
ORD-329,2025-01-02,Enterprise,420,0.4151
ORD-330,2025-01-13,Enterprise,600,0.3812
ORD-331,2025-01-20,Enterprise,613,0.4084
ORD-332,2025-01-08,Enterprise,440,0.3744
ORD-333,2025-01-21,Enterprise,547,0.3704
ORD-334,2025-01-05,Enterprise,424,0.3846
ORD-335,2025-01-23,Enterprise,421,0.4275
ORD-336,2025-01-27,Enterprise,525,0.4002
ORD-337,2025-01-07,Enterprise,371,0.4161
ORD-338,2025-01-01,Enterprise,380,0.4193
ORD-339,2025-01-21,Enterprise,526,0.3863
ORD-340,2025-01-26,Enterprise,452,0.4394
ORD-341,2025-01-19,Enterprise,557,0.4111
ORD-342,2025-01-02,Enterprise,440,0.4209
ORD-343,2025-01-14,Enterprise,625,0.4057
ORD-344,2025-01-11,Enterprise,370,0.4106
ORD-345,2025-01-11,Enterprise,435,0.3924
ORD-346,2025-01-17,Enterprise,573,0.4053
ORD-347,2025-01-17,Enterprise,694,0.4332
ORD-348,2025-01-24,Enterprise,370,0.3969
ORD-349,2025-01-19,Enterprise,496,0.4387
ORD-350,2025-01-01,Enterprise,470,0.3348
ORD-351,2025-01-15,Enterprise,397,0.4008
ORD-352,2025-01-26,Enterprise,441,0.3888
ORD-353,2025-01-28,Enterprise,322,0.4182
ORD-354,2025-01-17,Enterprise,517,0.4174
ORD-355,2025-01-07,Enterprise,578,0.41
ORD-356,2025-01-19,Enterprise,348,0.3925
ORD-357,2025-01-02,Enterprise,680,0.3648
ORD-358,2025-01-23,Enterprise,343,0.3873
ORD-359,2025-01-11,Enterprise,497,0.3985
ORD-360,2025-01-18,Enterprise,529,0.4083
ORD-361,2025-01-27,Enterprise,511,0.4143
ORD-362,2025-01-13,Enterprise,436,0.3633
ORD-363,2025-01-10,Enterprise,459,0.4107
ORD-364,2025-01-23,Enterprise,703,0.4054
ORD-365,2025-01-26,Enterprise,491,0.3889
ORD-366,2025-01-15,Enterprise,494,0.4271
ORD-367,2025-01-07,Enterprise,284,0.378
ORD-368,2025-01-23,Enterprise,419,0.4246
ORD-369,2025-01-17,Enterprise,429,0.3684
ORD-370,2025-01-25,Enterprise,625,0.3952
ORD-371,2025-01-17,Enterprise,445,0.4105
ORD-372,2025-01-05,Enterprise,551,0.4415
ORD-373,2025-01-22,Enterprise,454,0.4266
ORD-374,2025-01-28,Enterprise,578,0.3486
ORD-375,2025-01-07,Enterprise,543,0.3977
ORD-376,2025-01-14,Enterprise,492,0.3968
ORD-377,2025-01-01,Enterprise,362,0.3976
ORD-378,2025-01-25,Enterprise,506,0.4097
ORD-379,2025-01-14,Enterprise,562,0.3897
ORD-380,2025-01-24,Enterprise,551,0.3958
ORD-381,2025-01-22,Enterprise,545,0.4082
ORD-382,2025-01-07,Enterprise,567,0.3839
ORD-383,2025-01-06,Enterprise,353,0.4166
ORD-384,2025-01-06,Enterprise,530,0.3888
ORD-385,2025-01-10,Enterprise,582,0.409
ORD-386,2025-01-07,Enterprise,493,0.4184
ORD-387,2025-01-24,Enterprise,641,0.4548
ORD-388,2025-01-22,Enterprise,513,0.3778
ORD-389,2025-01-26,Enterprise,665,0.403
ORD-390,2025-01-06,Enterprise,693,0.4213
ORD-391,2025-01-28,Enterprise,469,0.3668
ORD-392,2025-01-05,Enterprise,407,0.4044
ORD-393,2025-01-06,Enterprise,434,0.4017
ORD-394,2025-01-06,Enterprise,370,0.3849
ORD-395,2025-01-05,Enterprise,535,0.4049
ORD-396,2025-01-17,Enterprise,506,0.3966
ORD-397,2025-01-22,Enterprise,523,0.3682
ORD-398,2025-01-12,Enterprise,432,0.4174
ORD-399,2025-01-08,Enterprise,402,0.3918
ORD-400,2025-01-02,Enterprise,530,0.4098
ORD-401,2025-01-08,Enterprise,485,0.3797
ORD-402,2025-01-04,Enterprise,562,0.4264
ORD-403,2025-01-19,Enterprise,421,0.3954
ORD-404,2025-01-22,Enterprise,629,0.3697
ORD-405,2025-01-27,Enterprise,546,0.4111
ORD-406,2025-01-26,Enterprise,392,0.4045
ORD-407,2025-01-04,Enterprise,469,0.3933
ORD-408,2025-01-18,Enterprise,607,0.3672
ORD-409,2025-01-16,Enterprise,434,0.3663
ORD-410,2025-01-07,Enterprise,499,0.4087
ORD-411,2025-01-20,Enterprise,443,0.3923
ORD-412,2025-01-19,Enterprise,565,0.4021
ORD-413,2025-01-11,Enterprise,491,0.3563
ORD-414,2025-01-01,Enterprise,584,0.3914
ORD-415,2025-01-14,Enterprise,589,0.429
ORD-416,2025-01-28,Enterprise,530,0.403
ORD-417,2025-01-22,Enterprise,605,0.3879
ORD-418,2025-01-16,Enterprise,482,0.4207
ORD-419,2025-01-17,Enterprise,498,0.4167
ORD-420,2025-01-14,Enterprise,423,0.4113
ORD-421,2025-01-26,Enterprise,461,0.4051
ORD-422,2025-01-10,Enterprise,452,0.4054
ORD-423,2025-01-11,Enterprise,522,0.4004
ORD-424,2025-01-04,Enterprise,572,0.3737
ORD-425,2025-01-12,Enterprise,457,0.4052
ORD-426,2025-01-02,Enterprise,320,0.3765
ORD-427,2025-01-02,Enterprise,539,0.3768
ORD-428,2025-01-12,Enterprise,482,0.3657
ORD-429,2025-01-19,Enterprise,654,0.37
ORD-430,2025-01-26,Enterprise,466,0.392
ORD-431,2025-01-21,Enterprise,624,0.3976
ORD-432,2025-01-01,Enterprise,706,0.4114
ORD-433,2025-01-14,Enterprise,437,0.4052
ORD-434,2025-01-14,Enterprise,550,0.4066
ORD-435,2025-01-19,Enterprise,551,0.3977
ORD-436,2025-01-26,Enterprise,574,0.4052
ORD-437,2025-01-09,Enterprise,469,0.3682
ORD-438,2025-01-15,Enterprise,562,0.4058
ORD-439,2025-01-04,Enterprise,372,0.3852
ORD-440,2025-01-21,Enterprise,622,0.4436
ORD-441,2025-01-20,Enterprise,484,0.3888
ORD-442,2025-01-24,Enterprise,481,0.4055
ORD-443,2025-01-13,Enterprise,436,0.3703
ORD-444,2025-01-01,Enterprise,513,0.3788
ORD-445,2025-01-08,Enterprise,613,0.3994
ORD-446,2025-01-03,Enterprise,464,0.3908
ORD-447,2025-01-01,Enterprise,587,0.3683
ORD-448,2025-01-14,Enterprise,532,0.3567
ORD-449,2025-01-27,Enterprise,466,0.4104
ORD-450,2025-01-09,Enterprise,619,0.4028
ORD-451,2025-01-11,Enterprise,502,0.3966
ORD-452,2025-01-04,Enterprise,467,0.3744
ORD-453,2025-01-12,Enterprise,517,0.4265
ORD-454,2025-01-15,Enterprise,468,0.4103
ORD-455,2025-01-02,Enterprise,560,0.3908
ORD-456,2025-01-11,Enterprise,449,0.4132
ORD-457,2025-01-11,Enterprise,458,0.3636
ORD-458,2025-01-05,Enterprise,628,0.4147
ORD-459,2025-01-13,Enterprise,481,0.4356
ORD-460,2025-01-28,Enterprise,400,0.3853
ORD-461,2025-01-17,Enterprise,366,0.4002
ORD-462,2025-01-28,Enterprise,267,0.3979
ORD-463,2025-01-17,Enterprise,467,0.4307
ORD-464,2025-01-17,Enterprise,522,0.3856
ORD-465,2025-01-16,Enterprise,440,0.4031
ORD-466,2025-01-02,Enterprise,639,0.3945
ORD-467,2025-01-19,Enterprise,505,0.4075
ORD-468,2025-01-28,Enterprise,526,0.3967
ORD-469,2025-01-17,Enterprise,592,0.4173
ORD-470,2025-01-19,Enterprise,493,0.3876
ORD-471,2025-01-10,Enterprise,404,0.4058
ORD-472,2025-01-25,Enterprise,425,0.3694
ORD-473,2025-01-05,Enterprise,684,0.3783
ORD-474,2025-01-23,Enterprise,516,0.3922
ORD-475,2025-01-15,Enterprise,478,0.3932
ORD-476,2025-01-28,Enterprise,541,0.4029
ORD-477,2025-01-05,Enterprise,599,0.4078
ORD-478,2025-01-19,Enterprise,472,0.391
ORD-479,2025-01-01,Enterprise,573,0.3979
ORD-480,2025-01-27,Enterprise,735,0.3807
ORD-481,2025-01-10,Enterprise,630,0.3863
ORD-482,2025-01-03,Enterprise,504,0.3906
ORD-483,2025-01-12,Enterprise,507,0.3607
ORD-484,2025-01-21,Enterprise,497,0.3947
ORD-485,2025-01-20,Enterprise,463,0.3915
ORD-486,2025-01-06,Enterprise,406,0.4006
ORD-487,2025-01-15,Enterprise,535,0.3938
ORD-488,2025-01-03,Enterprise,539,0.3944
ORD-489,2025-01-26,Enterprise,506,0.4072
ORD-490,2025-01-27,Enterprise,339,0.4195
ORD-491,2025-01-01,Enterprise,549,0.405
ORD-492,2025-01-03,Enterprise,487,0.3857
ORD-493,2025-01-10,Enterprise,534,0.4222
ORD-494,2025-01-17,Enterprise,453,0.3986
ORD-495,2025-01-25,Enterprise,462,0.3875
ORD-496,2025-01-01,Enterprise,499,0.4213
ORD-497,2025-01-04,Enterprise,534,0.4064
ORD-498,2025-01-10,Enterprise,560,0.3703
ORD-499,2025-01-19,Enterprise,510,0.3793
ORD-500,2025-01-20,Enterprise,506,0.4061
ORD-501,2025-01-05,Enterprise,397,0.4279
ORD-502,2025-01-07,Enterprise,410,0.4199
ORD-503,2025-01-26,Enterprise,447,0.4042
ORD-504,2025-01-14,Enterprise,618,0.4178
ORD-505,2025-01-25,Enterprise,571,0.4199
ORD-506,2025-01-11,Enterprise,457,0.4357
ORD-507,2025-01-08,Enterprise,477,0.4065
ORD-508,2025-01-05,Enterprise,431,0.3948
ORD-509,2025-01-16,Enterprise,568,0.4212
ORD-510,2025-01-06,Enterprise,473,0.4307
ORD-511,2025-01-15,Enterprise,402,0.3807
ORD-512,2025-01-04,Enterprise,497,0.4111
ORD-513,2025-01-25,Enterprise,573,0.4439
ORD-514,2025-01-12,Enterprise,335,0.4094
ORD-515,2025-01-21,Enterprise,494,0.3759
ORD-516,2025-01-28,Enterprise,369,0.3712
ORD-517,2025-01-12,Enterprise,545,0.3835
ORD-518,2025-01-28,Enterprise,426,0.3996
ORD-519,2025-01-08,Enterprise,572,0.3902
ORD-520,2025-01-03,Enterprise,582,0.4031
ORD-521,2025-01-23,Enterprise,609,0.4221
ORD-522,2025-01-11,Enterprise,425,0.389
ORD-523,2025-01-17,Enterprise,707,0.4022
ORD-524,2025-01-11,Enterprise,511,0.4039
ORD-525,2025-01-26,Enterprise,572,0.4098
ORD-526,2025-01-19,Enterprise,455,0.3725
ORD-527,2025-01-02,Enterprise,488,0.399
ORD-528,2025-01-21,Enterprise,518,0.4075
ORD-529,2025-01-17,Enterprise,571,0.3591
ORD-530,2025-01-26,Enterprise,424,0.4297
ORD-531,2025-01-18,Enterprise,544,0.4148
ORD-532,2025-01-23,Enterprise,431,0.4079
ORD-533,2025-01-02,Enterprise,583,0.3985
ORD-534,2025-01-12,Enterprise,424,0.3924
ORD-535,2025-01-09,Enterprise,427,0.42
ORD-536,2025-01-27,Enterprise,382,0.4086
ORD-537,2025-01-06,Enterprise,433,0.3976
ORD-538,2025-01-19,Enterprise,610,0.4328
ORD-539,2025-01-28,Enterprise,486,0.3575
ORD-540,2025-01-10,Enterprise,571,0.3808
ORD-541,2025-01-23,Enterprise,635,0.4066
ORD-542,2025-01-12,Enterprise,673,0.4163
ORD-543,2025-01-23,Enterprise,462,0.4005
ORD-544,2025-01-27,Enterprise,465,0.3955
ORD-545,2025-01-18,Enterprise,548,0.4284
ORD-546,2025-01-27,Enterprise,601,0.4069
ORD-547,2025-01-25,Enterprise,559,0.4029
ORD-548,2025-01-13,Enterprise,577,0.4198
ORD-549,2025-01-06,Enterprise,450,0.4319
ORD-550,2025-01-16,Enterprise,584,0.39
ORD-551,2025-01-23,Enterprise,577,0.3841
ORD-552,2025-01-22,Enterprise,626,0.3791
ORD-553,2025-01-05,Enterprise,519,0.3975
ORD-554,2025-01-16,Enterprise,471,0.4242
ORD-555,2025-01-28,Enterprise,444,0.4081
ORD-556,2025-01-04,Enterprise,400,0.3892
ORD-557,2025-01-19,Enterprise,480,0.4074
ORD-558,2025-01-14,Enterprise,543,0.3999
ORD-559,2025-01-10,Enterprise,558,0.3563
ORD-560,2025-01-18,Enterprise,486,0.3823
ORD-561,2025-01-16,Enterprise,564,0.396
ORD-562,2025-01-25,Enterprise,589,0.4477
ORD-563,2025-01-09,Enterprise,615,0.3757
ORD-564,2025-01-21,Enterprise,648,0.4196
ORD-565,2025-01-09,Enterprise,474,0.4351
ORD-566,2025-01-17,Enterprise,529,0.404
ORD-567,2025-01-08,Enterprise,649,0.3838
ORD-568,2025-01-17,Enterprise,484,0.3881
ORD-569,2025-01-03,Enterprise,564,0.4269
ORD-570,2025-01-02,Enterprise,709,0.4139
ORD-571,2025-01-06,Enterprise,493,0.4098
ORD-572,2025-01-14,Enterprise,459,0.4151
ORD-573,2025-01-09,Enterprise,558,0.3868
ORD-574,2025-01-20,Enterprise,540,0.4201
ORD-575,2025-01-21,Enterprise,536,0.3838
ORD-576,2025-01-26,Enterprise,487,0.418
ORD-577,2025-01-03,Enterprise,583,0.4237
ORD-578,2025-01-07,Enterprise,459,0.3845
ORD-579,2025-01-06,Enterprise,475,0.3824
ORD-580,2025-01-08,Enterprise,461,0.3985
ORD-581,2025-01-24,Enterprise,534,0.4069
ORD-582,2025-01-20,Enterprise,521,0.4001
ORD-583,2025-01-24,Enterprise,507,0.3808
ORD-584,2025-01-01,Enterprise,445,0.3989
ORD-585,2025-01-19,Enterprise,583,0.4016
ORD-586,2025-01-15,Enterprise,433,0.4048
ORD-587,2025-01-14,Enterprise,501,0.4
ORD-588,2025-01-07,Enterprise,394,0.4078
ORD-589,2025-01-10,Enterprise,534,0.4152
ORD-590,2025-01-15,Enterprise,428,0.4259
ORD-591,2025-01-23,Enterprise,441,0.3918
ORD-592,2025-01-26,Enterprise,672,0.4101
ORD-593,2025-01-15,Enterprise,579,0.3917
ORD-594,2025-01-15,Enterprise,405,0.3789
ORD-595,2025-01-16,Enterprise,479,0.4201
ORD-596,2025-01-25,Enterprise,535,0.372
ORD-597,2025-01-06,Enterprise,611,0.4105
ORD-598,2025-01-18,Enterprise,600,0.3888
ORD-599,2025-01-18,Enterprise,349,0.4134
ORD-600,2025-01-18,Enterprise,513,0.3951
ORD-601,2025-01-13,Enterprise,537,0.3845
ORD-602,2025-01-18,Enterprise,661,0.405
ORD-603,2025-01-27,Enterprise,482,0.381
ORD-604,2025-01-16,Enterprise,450,0.392
ORD-605,2025-01-03,Enterprise,472,0.4316
ORD-606,2025-01-11,Enterprise,672,0.3974
ORD-607,2025-01-02,Enterprise,442,0.4324
ORD-608,2025-01-23,Enterprise,429,0.3936
ORD-609,2025-01-02,Enterprise,359,0.3747
ORD-610,2025-01-15,Enterprise,399,0.3918
ORD-611,2025-01-05,Enterprise,527,0.4193
ORD-612,2025-01-05,Enterprise,413,0.4135
ORD-613,2025-01-06,Enterprise,396,0.4017
ORD-614,2025-01-20,Enterprise,557,0.3736
ORD-615,2025-01-06,Enterprise,606,0.3989
ORD-616,2025-01-10,Enterprise,510,0.41
ORD-617,2025-01-07,Enterprise,525,0.4048
ORD-618,2025-01-26,Enterprise,519,0.4374
ORD-619,2025-01-17,Enterprise,453,0.366
ORD-620,2025-01-06,Enterprise,578,0.3985
ORD-621,2025-01-16,Enterprise,493,0.4539
ORD-622,2025-01-08,Enterprise,420,0.3876
ORD-623,2025-01-05,Enterprise,572,0.3935
ORD-624,2025-01-24,Enterprise,463,0.3724
ORD-625,2025-01-14,Enterprise,648,0.406
ORD-626,2025-01-28,Enterprise,419,0.45
ORD-627,2025-01-05,Enterprise,548,0.4054
ORD-628,2025-01-09,Enterprise,369,0.3955
ORD-629,2025-01-20,Enterprise,512,0.3971
ORD-630,2025-01-07,Enterprise,622,0.42
ORD-631,2025-01-19,Enterprise,669,0.3632
ORD-632,2025-01-23,Enterprise,458,0.4103
ORD-633,2025-01-24,Enterprise,485,0.3927
ORD-634,2025-01-16,Enterprise,542,0.4425
ORD-635,2025-01-04,Enterprise,404,0.4351
ORD-636,2025-01-13,Enterprise,415,0.3857
ORD-637,2025-01-18,Enterprise,477,0.3679
ORD-638,2025-01-05,Enterprise,488,0.4043
ORD-639,2025-01-17,Enterprise,464,0.4277
ORD-640,2025-01-09,Enterprise,611,0.4091
ORD-641,2025-01-28,Enterprise,487,0.4126
ORD-642,2025-01-26,Enterprise,423,0.4013
ORD-643,2025-01-27,Enterprise,567,0.403
ORD-644,2025-01-07,Enterprise,523,0.4134
ORD-645,2025-01-03,Enterprise,458,0.3769
ORD-646,2025-01-20,Enterprise,598,0.3986
ORD-647,2025-01-03,Enterprise,487,0.4009
ORD-648,2025-01-26,Enterprise,504,0.403
ORD-649,2025-01-22,Enterprise,529,0.4428
ORD-650,2025-01-12,Enterprise,516,0.4106
ORD-651,2025-01-05,Enterprise,504,0.3993
ORD-652,2025-01-28,Enterprise,430,0.4094
ORD-653,2025-01-23,Enterprise,499,0.4355
ORD-654,2025-01-19,Enterprise,462,0.417
ORD-655,2025-01-04,Enterprise,550,0.391
ORD-656,2025-01-09,Enterprise,488,0.4025
ORD-657,2025-01-27,Enterprise,582,0.4066
ORD-658,2025-01-06,Enterprise,644,0.3638
ORD-659,2025-01-10,Enterprise,458,0.4404
ORD-660,2025-01-01,Enterprise,417,0.3859
ORD-661,2025-01-14,Enterprise,563,0.396
ORD-662,2025-01-02,Enterprise,376,0.398
ORD-663,2025-01-27,Enterprise,479,0.407
ORD-664,2025-01-05,Enterprise,509,0.4219
ORD-665,2025-01-08,Enterprise,482,0.3997
ORD-666,2025-01-26,Enterprise,358,0.4068
ORD-667,2025-01-11,Enterprise,494,0.3689
ORD-668,2025-01-18,Enterprise,495,0.4074
ORD-669,2025-01-28,Enterprise,336,0.4301
ORD-670,2025-01-12,Enterprise,511,0.4312
ORD-671,2025-01-01,Enterprise,395,0.3765
ORD-672,2025-01-20,Enterprise,453,0.4317
ORD-673,2025-01-09,Enterprise,504,0.4084
ORD-674,2025-01-11,Enterprise,648,0.3973
ORD-675,2025-01-05,Enterprise,393,0.3894
ORD-676,2025-01-05,Enterprise,450,0.39
ORD-677,2025-01-09,Enterprise,463,0.3989
ORD-678,2025-01-01,Enterprise,566,0.3895
ORD-679,2025-01-09,Enterprise,342,0.3589
ORD-680,2025-01-15,Enterprise,531,0.3851
ORD-681,2025-01-13,Enterprise,507,0.4067
ORD-682,2025-01-18,Enterprise,532,0.3893
ORD-683,2025-01-19,Enterprise,565,0.3741
ORD-684,2025-01-07,Enterprise,474,0.3849
ORD-685,2025-01-07,Enterprise,493,0.3799
ORD-686,2025-01-04,Enterprise,662,0.4094
ORD-687,2025-01-10,Enterprise,475,0.4144
ORD-688,2025-01-10,Enterprise,617,0.3764
ORD-689,2025-01-19,Enterprise,385,0.3705
ORD-690,2025-01-21,Enterprise,377,0.4062
ORD-691,2025-01-12,Enterprise,560,0.3829
ORD-692,2025-01-13,Enterprise,574,0.4148
ORD-693,2025-01-02,Enterprise,517,0.3999
ORD-694,2025-01-11,Enterprise,517,0.3987
ORD-695,2025-01-18,Enterprise,466,0.398
ORD-696,2025-01-09,Enterprise,315,0.4301
ORD-697,2025-01-21,Enterprise,420,0.398
ORD-698,2025-01-21,Enterprise,510,0.4312
ORD-699,2025-01-12,Enterprise,446,0.3784
ORD-700,2025-01-10,SMB,546,0.1165
ORD-701,2025-01-15,SMB,562,0.1004
ORD-702,2025-01-26,SMB,547,0.1153
ORD-703,2025-01-15,SMB,469,0.1027
ORD-704,2025-01-18,SMB,651,0.0919
ORD-705,2025-01-22,SMB,482,0.0784
ORD-706,2025-01-23,SMB,389,0.093
ORD-707,2025-01-26,SMB,440,0.1
ORD-708,2025-01-19,SMB,659,0.1059
ORD-709,2025-01-27,SMB,605,0.0756
ORD-710,2025-01-22,SMB,490,0.11
ORD-711,2025-01-19,SMB,330,0.0751
ORD-712,2025-01-11,SMB,472,0.0676
ORD-713,2025-01-03,SMB,548,0.115
ORD-714,2025-01-27,SMB,472,0.097
ORD-715,2025-01-15,SMB,480,0.1266
ORD-716,2025-01-08,SMB,370,0.0941
ORD-717,2025-01-22,SMB,473,0.0879
ORD-718,2025-01-10,SMB,526,0.1202
ORD-719,2025-01-07,SMB,366,0.0859
ORD-720,2025-01-16,SMB,674,0.074
ORD-721,2025-01-17,SMB,430,0.1162
ORD-722,2025-01-19,SMB,481,0.1104
ORD-723,2025-01-09,SMB,475,0.1108
ORD-724,2025-01-19,SMB,445,0.1084
ORD-725,2025-01-25,SMB,541,0.1095
ORD-726,2025-01-01,SMB,471,0.0915
ORD-727,2025-01-09,SMB,487,0.1198
ORD-728,2025-01-14,SMB,542,0.1211
ORD-729,2025-01-16,SMB,433,0.0792
ORD-730,2025-01-11,SMB,477,0.111
ORD-731,2025-01-27,SMB,571,0.1045
ORD-732,2025-01-12,SMB,564,0.1195
ORD-733,2025-01-25,SMB,531,0.1293
ORD-734,2025-01-23,SMB,405,0.1047
ORD-735,2025-01-02,SMB,499,0.0661
ORD-736,2025-01-18,SMB,433,0.1094
ORD-737,2025-01-06,SMB,448,0.1348
ORD-738,2025-01-26,SMB,567,0.0985
ORD-739,2025-01-16,SMB,517,0.05
ORD-740,2025-01-27,SMB,414,0.054
ORD-741,2025-01-10,SMB,438,0.1109
ORD-742,2025-01-28,SMB,492,0.1253
ORD-743,2025-01-15,SMB,563,0.082
ORD-744,2025-01-25,SMB,366,0.0952
ORD-745,2025-01-17,SMB,441,0.0835
ORD-746,2025-01-16,SMB,546,0.1111
ORD-747,2025-01-13,SMB,446,0.0651
ORD-748,2025-01-17,SMB,459,0.1179
ORD-749,2025-01-18,SMB,570,0.1085
ORD-750,2025-01-14,SMB,443,0.1115
ORD-751,2025-01-22,SMB,456,0.1041
ORD-752,2025-01-04,SMB,410,0.113
ORD-753,2025-01-07,SMB,610,0.0938
ORD-754,2025-01-09,SMB,525,0.1326
ORD-755,2025-01-27,SMB,506,0.1074
ORD-756,2025-01-18,SMB,414,0.0957
ORD-757,2025-01-07,SMB,589,0.1409
ORD-758,2025-01-23,SMB,374,0.1296
ORD-759,2025-01-26,SMB,548,0.0904
ORD-760,2025-01-17,SMB,404,0.1012
ORD-761,2025-01-04,SMB,478,0.1203
ORD-762,2025-01-28,SMB,579,0.1019
ORD-763,2025-01-06,SMB,504,0.1312
ORD-764,2025-01-05,SMB,558,0.0898
ORD-765,2025-01-18,SMB,575,0.1135
ORD-766,2025-01-16,SMB,428,0.1074
ORD-767,2025-01-24,SMB,573,0.1384
ORD-768,2025-01-17,SMB,518,0.1044
ORD-769,2025-01-10,SMB,613,0.1182
ORD-770,2025-01-18,SMB,549,0.15
ORD-771,2025-01-26,SMB,498,0.1073
ORD-772,2025-01-20,SMB,481,0.1185
ORD-773,2025-01-21,SMB,403,0.0957
ORD-774,2025-01-07,SMB,448,0.0964
ORD-775,2025-01-14,SMB,527,0.1207
ORD-776,2025-01-20,SMB,515,0.0971
ORD-777,2025-01-10,SMB,464,0.0635
ORD-778,2025-01-02,SMB,565,0.1091
ORD-779,2025-01-25,SMB,407,0.0895
ORD-780,2025-01-25,SMB,415,0.1031
ORD-781,2025-01-15,SMB,587,0.103
ORD-782,2025-01-19,SMB,505,0.0731
ORD-783,2025-01-27,SMB,425,0.0871
ORD-784,2025-01-11,SMB,392,0.1193
ORD-785,2025-01-25,SMB,565,0.102
ORD-786,2025-01-08,SMB,559,0.1412
ORD-787,2025-01-26,SMB,489,0.1074
ORD-788,2025-01-27,SMB,408,0.0705
ORD-789,2025-01-09,SMB,492,0.0862
ORD-790,2025-01-03,SMB,489,0.1243
ORD-791,2025-01-07,SMB,546,0.0914
ORD-792,2025-01-15,SMB,468,0.0804
ORD-793,2025-01-03,SMB,438,0.1199
ORD-794,2025-01-13,SMB,539,0.1192
ORD-795,2025-01-24,SMB,526,0.0937
ORD-796,2025-01-07,SMB,484,0.0664
ORD-797,2025-01-01,SMB,530,0.1029
ORD-798,2025-01-04,SMB,473,0.1034
ORD-799,2025-01-28,SMB,503,0.0956
ORD-800,2025-01-08,SMB,428,0.1006
ORD-801,2025-01-24,SMB,479,0.1228
ORD-802,2025-01-09,SMB,494,0.0553
ORD-803,2025-01-08,SMB,494,0.0945
ORD-804,2025-01-17,SMB,495,0.089
ORD-805,2025-01-05,SMB,464,0.1374
ORD-806,2025-01-11,SMB,509,0.1088
ORD-807,2025-01-10,SMB,723,0.0951
ORD-808,2025-01-27,SMB,416,0.0854
ORD-809,2025-01-10,SMB,436,0.1087
ORD-810,2025-01-08,SMB,550,0.088
ORD-811,2025-01-09,SMB,652,0.0709
ORD-812,2025-01-16,SMB,487,0.1079
ORD-813,2025-01-25,SMB,548,0.1074
ORD-814,2025-01-17,SMB,412,0.1374
ORD-815,2025-01-11,SMB,405,0.1215
ORD-816,2025-01-26,SMB,641,0.1008
ORD-817,2025-01-14,SMB,412,0.1176
ORD-818,2025-01-27,SMB,412,0.0671
ORD-819,2025-01-20,SMB,447,0.0825
ORD-820,2025-01-12,SMB,477,0.0769
ORD-821,2025-01-24,SMB,416,0.1045
ORD-822,2025-01-16,SMB,291,0.1364
ORD-823,2025-01-22,SMB,469,0.1184
ORD-824,2025-01-15,SMB,432,0.112
ORD-825,2025-01-18,SMB,522,0.1204
ORD-826,2025-01-14,SMB,685,0.134
ORD-827,2025-01-12,SMB,566,0.0604
ORD-828,2025-01-21,SMB,492,0.1051
ORD-829,2025-01-04,SMB,577,0.104
ORD-830,2025-01-16,SMB,410,0.0943
ORD-831,2025-01-17,SMB,591,0.1151
ORD-832,2025-01-28,SMB,538,0.1201
ORD-833,2025-01-23,SMB,451,0.0949
ORD-834,2025-01-22,SMB,449,0.0631
ORD-835,2025-01-16,SMB,482,0.104
ORD-836,2025-01-15,SMB,449,0.0915
ORD-837,2025-01-09,SMB,415,0.0839
ORD-838,2025-01-13,SMB,382,0.0872
ORD-839,2025-01-13,SMB,454,0.0741
ORD-840,2025-01-22,SMB,542,0.1005
ORD-841,2025-01-09,SMB,597,0.0971
ORD-842,2025-01-11,SMB,470,0.0843
ORD-843,2025-01-11,SMB,383,0.1099
ORD-844,2025-01-04,SMB,423,0.1049
ORD-845,2025-01-05,SMB,512,0.1013
ORD-846,2025-01-15,SMB,488,0.1097
ORD-847,2025-01-24,SMB,494,0.1041
ORD-848,2025-01-14,SMB,528,0.1039
ORD-849,2025-01-01,SMB,425,0.132
ORD-850,2025-01-15,SMB,543,0.0708
ORD-851,2025-01-01,SMB,512,0.1271
ORD-852,2025-01-13,SMB,475,0.0807
ORD-853,2025-01-12,SMB,481,0.1225
ORD-854,2025-01-17,SMB,479,0.0778
ORD-855,2025-01-24,SMB,406,0.0739
ORD-856,2025-01-05,SMB,409,0.0914
ORD-857,2025-01-23,SMB,527,0.0993
ORD-858,2025-01-06,SMB,507,0.0811
ORD-859,2025-01-22,SMB,584,0.1124
ORD-860,2025-01-15,SMB,532,0.1393
ORD-861,2025-01-10,SMB,523,0.089
ORD-862,2025-01-16,SMB,383,0.093
ORD-863,2025-01-17,SMB,489,0.0952
ORD-864,2025-01-01,SMB,587,0.101
ORD-865,2025-01-11,SMB,354,0.1201
ORD-866,2025-01-13,SMB,423,0.0651
ORD-867,2025-01-16,SMB,432,0.0566
ORD-868,2025-01-18,SMB,527,0.0917
ORD-869,2025-01-21,SMB,519,0.1
ORD-870,2025-01-10,SMB,482,0.102
ORD-871,2025-01-20,SMB,491,0.1
ORD-872,2025-01-27,SMB,548,0.0694
ORD-873,2025-01-12,SMB,316,0.1103
ORD-874,2025-01-18,SMB,458,0.126
ORD-875,2025-01-05,SMB,537,0.1409
ORD-876,2025-01-18,SMB,534,0.1265
ORD-877,2025-01-27,SMB,514,0.0987
ORD-878,2025-01-12,SMB,587,0.1032
ORD-879,2025-01-17,SMB,576,0.0911
ORD-880,2025-01-13,SMB,440,0.096
ORD-881,2025-01-09,SMB,489,0.0585
ORD-882,2025-01-19,SMB,472,0.0879
ORD-883,2025-01-23,SMB,541,0.0951
ORD-884,2025-01-13,SMB,490,0.0991
ORD-885,2025-01-20,SMB,604,0.1322
ORD-886,2025-01-21,SMB,488,0.1063
ORD-887,2025-01-06,SMB,426,0.0938
ORD-888,2025-01-16,SMB,488,0.0745
ORD-889,2025-01-03,SMB,566,0.0814
ORD-890,2025-01-21,SMB,606,0.0757
ORD-891,2025-01-16,SMB,405,0.094
ORD-892,2025-01-11,SMB,539,0.0995
ORD-893,2025-01-06,SMB,412,0.043
ORD-894,2025-01-10,SMB,479,0.108
ORD-895,2025-01-09,SMB,489,0.1197
ORD-896,2025-01-11,SMB,569,0.1005
ORD-897,2025-01-24,SMB,576,0.0961
ORD-898,2025-01-15,SMB,523,0.127
ORD-899,2025-01-09,SMB,616,0.0898
ORD-900,2025-01-24,SMB,438,0.0893
ORD-901,2025-01-10,SMB,531,0.1015
ORD-902,2025-01-12,SMB,544,0.1035
ORD-903,2025-01-25,SMB,484,0.1131
ORD-904,2025-01-05,SMB,492,0.0596
ORD-905,2025-01-18,SMB,465,0.1453
ORD-906,2025-01-23,SMB,544,0.0908
ORD-907,2025-01-11,SMB,473,0.1047
ORD-908,2025-01-16,SMB,542,0.1126
ORD-909,2025-01-10,SMB,488,0.1083
ORD-910,2025-01-07,SMB,561,0.1094
ORD-911,2025-01-25,SMB,542,0.133
ORD-912,2025-01-11,SMB,496,0.1244
ORD-913,2025-01-12,SMB,346,0.1054
ORD-914,2025-01-03,SMB,403,0.0702
ORD-915,2025-01-01,SMB,536,0.0885
ORD-916,2025-01-23,SMB,438,0.1062
ORD-917,2025-01-27,SMB,449,0.1132
ORD-918,2025-01-08,SMB,487,0.1286
ORD-919,2025-01-10,SMB,545,0.0602
ORD-920,2025-01-11,SMB,353,0.0761
ORD-921,2025-01-03,SMB,527,0.0999
ORD-922,2025-01-06,SMB,607,0.0723
ORD-923,2025-01-18,SMB,595,0.1092
ORD-924,2025-01-06,SMB,581,0.1314
ORD-925,2025-01-02,SMB,567,0.1182
ORD-926,2025-01-03,SMB,446,0.1232
ORD-927,2025-01-27,SMB,436,0.1208
ORD-928,2025-01-20,SMB,570,0.1148
ORD-929,2025-01-09,SMB,474,0.092
ORD-930,2025-01-23,SMB,474,0.1217
ORD-931,2025-01-06,SMB,475,0.1291
ORD-932,2025-01-18,SMB,503,0.082
ORD-933,2025-01-13,SMB,650,0.1061
ORD-934,2025-01-26,SMB,423,0.1046
ORD-935,2025-01-07,SMB,551,0.0392
ORD-936,2025-01-21,SMB,511,0.0849
ORD-937,2025-01-28,SMB,471,0.0902
ORD-938,2025-01-06,SMB,478,0.1239
ORD-939,2025-01-10,SMB,467,0.1044
ORD-940,2025-01-16,SMB,395,0.1003
ORD-941,2025-01-02,SMB,448,0.1159
ORD-942,2025-01-22,SMB,420,0.0927
ORD-943,2025-01-21,SMB,654,0.1246
ORD-944,2025-01-01,SMB,471,0.0732
ORD-945,2025-01-23,SMB,541,0.124
ORD-946,2025-01-14,SMB,455,0.1143
ORD-947,2025-01-01,SMB,572,0.1195
ORD-948,2025-01-11,SMB,422,0.1051
ORD-949,2025-01-06,SMB,454,0.0652
ORD-950,2025-01-02,SMB,457,0.0754
ORD-951,2025-01-15,SMB,535,0.0872
ORD-952,2025-01-05,SMB,530,0.0827
ORD-953,2025-01-05,SMB,409,0.0858
ORD-954,2025-01-23,SMB,490,0.1203
ORD-955,2025-01-24,SMB,511,0.1242
ORD-956,2025-01-14,SMB,433,0.1173
ORD-957,2025-01-18,SMB,622,0.1027
ORD-958,2025-01-27,SMB,505,0.1009
ORD-959,2025-01-25,SMB,479,0.1196
ORD-960,2025-01-20,SMB,488,0.0999
ORD-961,2025-01-14,SMB,573,0.0859
ORD-962,2025-01-09,SMB,613,0.1055
ORD-963,2025-01-14,SMB,426,0.1027
ORD-964,2025-01-09,SMB,452,0.1123
ORD-965,2025-01-21,SMB,532,0.1142
ORD-966,2025-01-02,SMB,435,0.1192
ORD-967,2025-01-19,SMB,499,0.1029
ORD-968,2025-01-27,SMB,455,0.0619
ORD-969,2025-01-18,SMB,574,0.1271
ORD-970,2025-01-20,SMB,603,0.0694
ORD-971,2025-01-05,SMB,442,0.0834
ORD-972,2025-01-14,SMB,469,0.1044
ORD-973,2025-01-18,SMB,575,0.086
ORD-974,2025-01-27,SMB,464,0.1032
ORD-975,2025-01-10,SMB,408,0.1305
ORD-976,2025-01-04,SMB,519,0.1401
ORD-977,2025-01-16,SMB,563,0.0784
ORD-978,2025-01-17,SMB,439,0.0836
ORD-979,2025-01-19,SMB,378,0.0759
ORD-980,2025-01-27,SMB,524,0.1017
ORD-981,2025-01-09,SMB,501,0.1023
ORD-982,2025-01-25,SMB,434,0.1024
ORD-983,2025-01-21,SMB,611,0.0607
ORD-984,2025-01-10,SMB,460,0.0893
ORD-985,2025-01-10,SMB,496,0.0859
ORD-986,2025-01-09,SMB,539,0.1314
ORD-987,2025-01-08,SMB,408,0.1042
ORD-988,2025-01-19,SMB,464,0.1103
ORD-989,2025-01-23,SMB,471,0.1074
ORD-990,2025-01-28,SMB,444,0.0904
ORD-991,2025-01-26,SMB,448,0.147
ORD-992,2025-01-28,SMB,426,0.1039
ORD-993,2025-01-14,SMB,431,0.0986
ORD-994,2025-01-18,SMB,430,0.117
ORD-995,2025-01-18,SMB,372,0.0981
ORD-996,2025-01-08,SMB,461,0.1222
ORD-997,2025-01-06,SMB,412,0.1335
ORD-998,2025-01-15,SMB,442,0.11
ORD-999,2025-01-08,SMB,556,0.0547
ORD-1000,2025-02-07,Enterprise,542,0.394
ORD-1001,2025-02-07,Enterprise,469,0.4217
ORD-1002,2025-02-10,Enterprise,396,0.3712
ORD-1003,2025-02-03,Enterprise,590,0.3811
ORD-1004,2025-02-02,Enterprise,499,0.4001
ORD-1005,2025-02-23,Enterprise,393,0.3892
ORD-1006,2025-02-09,Enterprise,527,0.4249
ORD-1007,2025-02-22,Enterprise,479,0.429
ORD-1008,2025-02-10,Enterprise,363,0.4116
ORD-1009,2025-02-06,Enterprise,375,0.3603
ORD-1010,2025-02-03,Enterprise,470,0.369
ORD-1011,2025-02-20,Enterprise,470,0.38
ORD-1012,2025-02-08,Enterprise,444,0.3626
ORD-1013,2025-02-21,Enterprise,422,0.4119
ORD-1014,2025-02-16,Enterprise,534,0.3866
ORD-1015,2025-02-15,Enterprise,547,0.3739
ORD-1016,2025-02-07,Enterprise,571,0.3999
ORD-1017,2025-02-05,Enterprise,363,0.4099
ORD-1018,2025-02-18,Enterprise,371,0.4002
ORD-1019,2025-02-17,Enterprise,325,0.386
ORD-1020,2025-02-22,Enterprise,656,0.435
ORD-1021,2025-02-16,Enterprise,514,0.3937
ORD-1022,2025-02-02,Enterprise,525,0.3978
ORD-1023,2025-02-22,Enterprise,527,0.383
ORD-1024,2025-02-28,Enterprise,530,0.381
ORD-1025,2025-02-24,Enterprise,443,0.3967
ORD-1026,2025-02-16,Enterprise,465,0.3897
ORD-1027,2025-02-08,Enterprise,516,0.4234
ORD-1028,2025-02-06,Enterprise,499,0.3953
ORD-1029,2025-02-23,Enterprise,423,0.4112
ORD-1030,2025-02-13,Enterprise,601,0.3852
ORD-1031,2025-02-17,Enterprise,438,0.3865
ORD-1032,2025-02-14,Enterprise,464,0.3863
ORD-1033,2025-02-23,Enterprise,489,0.4061
ORD-1034,2025-02-02,Enterprise,342,0.405
ORD-1035,2025-02-03,Enterprise,330,0.3837
ORD-1036,2025-02-13,Enterprise,542,0.4237
ORD-1037,2025-02-20,Enterprise,556,0.3854
ORD-1038,2025-02-04,Enterprise,548,0.3976
ORD-1039,2025-02-28,Enterprise,411,0.4073
ORD-1040,2025-02-05,Enterprise,581,0.4089
ORD-1041,2025-02-27,Enterprise,501,0.4102
ORD-1042,2025-02-28,Enterprise,480,0.3969
ORD-1043,2025-02-15,Enterprise,520,0.4214
ORD-1044,2025-02-09,Enterprise,491,0.4394
ORD-1045,2025-02-04,Enterprise,502,0.4139
ORD-1046,2025-02-07,Enterprise,470,0.3808
ORD-1047,2025-02-15,Enterprise,493,0.4112
ORD-1048,2025-02-14,Enterprise,444,0.4149
ORD-1049,2025-02-28,Enterprise,326,0.3715
ORD-1050,2025-02-28,Enterprise,429,0.4004
ORD-1051,2025-02-06,Enterprise,523,0.431
ORD-1052,2025-02-18,Enterprise,560,0.3596
ORD-1053,2025-02-21,Enterprise,593,0.4324
ORD-1054,2025-02-27,Enterprise,527,0.4062
ORD-1055,2025-02-22,Enterprise,425,0.3999
ORD-1056,2025-02-04,Enterprise,533,0.363
ORD-1057,2025-02-19,Enterprise,470,0.4348
ORD-1058,2025-02-16,Enterprise,488,0.4129
ORD-1059,2025-02-17,Enterprise,387,0.4373
ORD-1060,2025-02-19,Enterprise,503,0.4006
ORD-1061,2025-02-25,Enterprise,473,0.3746
ORD-1062,2025-02-05,Enterprise,436,0.427
ORD-1063,2025-02-25,Enterprise,410,0.3743
ORD-1064,2025-02-12,Enterprise,549,0.3737
ORD-1065,2025-02-03,Enterprise,572,0.4197
ORD-1066,2025-02-21,Enterprise,529,0.4027
ORD-1067,2025-02-04,Enterprise,426,0.378
ORD-1068,2025-02-06,Enterprise,513,0.3941
ORD-1069,2025-02-26,Enterprise,595,0.425
ORD-1070,2025-02-09,Enterprise,474,0.39
ORD-1071,2025-02-09,Enterprise,482,0.379
ORD-1072,2025-02-24,Enterprise,547,0.404
ORD-1073,2025-02-12,Enterprise,435,0.3995
ORD-1074,2025-02-25,Enterprise,553,0.4176
ORD-1075,2025-02-15,Enterprise,486,0.3986
ORD-1076,2025-02-26,Enterprise,593,0.369
ORD-1077,2025-02-24,Enterprise,586,0.4003
ORD-1078,2025-02-18,Enterprise,582,0.4377
ORD-1079,2025-02-01,Enterprise,506,0.3866
ORD-1080,2025-02-20,Enterprise,540,0.4013
ORD-1081,2025-02-26,Enterprise,535,0.4031
ORD-1082,2025-02-15,Enterprise,363,0.435
ORD-1083,2025-02-23,Enterprise,458,0.3624
ORD-1084,2025-02-16,Enterprise,667,0.3886
ORD-1085,2025-02-19,Enterprise,594,0.3943
ORD-1086,2025-02-09,Enterprise,579,0.392
ORD-1087,2025-02-12,Enterprise,475,0.415
ORD-1088,2025-02-04,Enterprise,556,0.4159
ORD-1089,2025-02-24,Enterprise,498,0.3752
ORD-1090,2025-02-25,Enterprise,473,0.4205
ORD-1091,2025-02-10,Enterprise,425,0.4134
ORD-1092,2025-02-07,Enterprise,528,0.4011
ORD-1093,2025-02-09,Enterprise,417,0.4075
ORD-1094,2025-02-16,Enterprise,496,0.4008
ORD-1095,2025-02-22,Enterprise,684,0.3796
ORD-1096,2025-02-06,Enterprise,625,0.3779
ORD-1097,2025-02-05,Enterprise,448,0.3781
ORD-1098,2025-02-10,Enterprise,477,0.437
ORD-1099,2025-02-01,Enterprise,549,0.3723
ORD-1100,2025-02-06,Enterprise,526,0.3982
ORD-1101,2025-02-24,Enterprise,485,0.3668
ORD-1102,2025-02-21,Enterprise,547,0.3876
ORD-1103,2025-02-08,Enterprise,545,0.4131
ORD-1104,2025-02-19,Enterprise,367,0.3967
ORD-1105,2025-02-02,Enterprise,543,0.4061
ORD-1106,2025-02-18,Enterprise,471,0.3865
ORD-1107,2025-02-05,Enterprise,519,0.4212
ORD-1108,2025-02-05,Enterprise,519,0.3868
ORD-1109,2025-02-02,Enterprise,500,0.4044
ORD-1110,2025-02-25,Enterprise,552,0.3946
ORD-1111,2025-02-25,Enterprise,484,0.3748
ORD-1112,2025-02-03,Enterprise,480,0.4114
ORD-1113,2025-02-11,Enterprise,613,0.4164
ORD-1114,2025-02-08,Enterprise,359,0.383
ORD-1115,2025-02-10,Enterprise,385,0.4154
ORD-1116,2025-02-26,Enterprise,533,0.4281
ORD-1117,2025-02-24,Enterprise,482,0.3905
ORD-1118,2025-02-04,Enterprise,452,0.3954
ORD-1119,2025-02-08,Enterprise,308,0.4132
ORD-1120,2025-02-20,Enterprise,525,0.3969
ORD-1121,2025-02-15,Enterprise,675,0.378
ORD-1122,2025-02-25,Enterprise,341,0.4243
ORD-1123,2025-02-10,Enterprise,530,0.3864
ORD-1124,2025-02-19,Enterprise,543,0.4165
ORD-1125,2025-02-27,Enterprise,513,0.3959
ORD-1126,2025-02-21,Enterprise,522,0.3762
ORD-1127,2025-02-11,Enterprise,432,0.428
ORD-1128,2025-02-27,Enterprise,460,0.37
ORD-1129,2025-02-10,Enterprise,510,0.3884
ORD-1130,2025-02-06,Enterprise,431,0.377
ORD-1131,2025-02-18,Enterprise,401,0.3813
ORD-1132,2025-02-10,Enterprise,543,0.4207
ORD-1133,2025-02-01,Enterprise,461,0.424
ORD-1134,2025-02-21,Enterprise,524,0.4018
ORD-1135,2025-02-22,Enterprise,501,0.4047
ORD-1136,2025-02-11,Enterprise,510,0.3909
ORD-1137,2025-02-13,Enterprise,490,0.4188
ORD-1138,2025-02-11,Enterprise,389,0.4247
ORD-1139,2025-02-14,Enterprise,522,0.3999
ORD-1140,2025-02-17,Enterprise,366,0.4293
ORD-1141,2025-02-27,Enterprise,624,0.3709
ORD-1142,2025-02-23,Enterprise,600,0.3946
ORD-1143,2025-02-25,Enterprise,386,0.4042
ORD-1144,2025-02-22,Enterprise,542,0.3946
ORD-1145,2025-02-28,Enterprise,466,0.4284
ORD-1146,2025-02-08,Enterprise,449,0.397
ORD-1147,2025-02-25,Enterprise,426,0.4134
ORD-1148,2025-02-12,Enterprise,504,0.3996
ORD-1149,2025-02-13,Enterprise,454,0.3727
ORD-1150,2025-02-16,Enterprise,452,0.4142
ORD-1151,2025-02-07,Enterprise,442,0.4097
ORD-1152,2025-02-03,Enterprise,505,0.4229
ORD-1153,2025-02-18,Enterprise,424,0.401
ORD-1154,2025-02-20,Enterprise,617,0.3944
ORD-1155,2025-02-14,Enterprise,470,0.3863
ORD-1156,2025-02-19,Enterprise,490,0.3789
ORD-1157,2025-02-12,Enterprise,463,0.383
ORD-1158,2025-02-02,Enterprise,526,0.3892
ORD-1159,2025-02-21,Enterprise,624,0.4108
ORD-1160,2025-02-10,Enterprise,469,0.3958
ORD-1161,2025-02-18,Enterprise,541,0.4143
ORD-1162,2025-02-21,Enterprise,478,0.3885
ORD-1163,2025-02-06,Enterprise,486,0.4148
ORD-1164,2025-02-09,Enterprise,468,0.4115
ORD-1165,2025-02-18,Enterprise,513,0.4002
ORD-1166,2025-02-23,Enterprise,643,0.3896
ORD-1167,2025-02-22,Enterprise,510,0.3906
ORD-1168,2025-02-28,Enterprise,399,0.3947
ORD-1169,2025-02-04,Enterprise,382,0.387
ORD-1170,2025-02-06,Enterprise,576,0.3997
ORD-1171,2025-02-22,Enterprise,444,0.3977
ORD-1172,2025-02-15,Enterprise,650,0.3867
ORD-1173,2025-02-21,Enterprise,431,0.4198
ORD-1174,2025-02-05,Enterprise,674,0.3815
ORD-1175,2025-02-04,Enterprise,535,0.383
ORD-1176,2025-02-02,Enterprise,563,0.3961
ORD-1177,2025-02-22,Enterprise,627,0.4095
ORD-1178,2025-02-27,Enterprise,414,0.4143
ORD-1179,2025-02-27,Enterprise,456,0.444
ORD-1180,2025-02-18,Enterprise,402,0.3811
ORD-1181,2025-02-23,Enterprise,521,0.4097
ORD-1182,2025-02-05,Enterprise,594,0.3814
ORD-1183,2025-02-14,Enterprise,497,0.4291
ORD-1184,2025-02-02,Enterprise,581,0.3851
ORD-1185,2025-02-21,Enterprise,509,0.399
ORD-1186,2025-02-23,Enterprise,626,0.4079
ORD-1187,2025-02-19,Enterprise,417,0.4156
ORD-1188,2025-02-21,Enterprise,450,0.4393
ORD-1189,2025-02-06,Enterprise,472,0.3969
ORD-1190,2025-02-05,Enterprise,434,0.4027
ORD-1191,2025-02-24,Enterprise,329,0.3767
ORD-1192,2025-02-07,Enterprise,505,0.4149
ORD-1193,2025-02-05,Enterprise,469,0.396
ORD-1194,2025-02-26,Enterprise,532,0.3976
ORD-1195,2025-02-28,Enterprise,436,0.4178
ORD-1196,2025-02-04,Enterprise,375,0.4215
ORD-1197,2025-02-06,Enterprise,447,0.3738
ORD-1198,2025-02-20,Enterprise,448,0.3771
ORD-1199,2025-02-26,Enterprise,450,0.4244
ORD-1200,2025-02-28,Enterprise,569,0.4003
ORD-1201,2025-02-05,Enterprise,484,0.4104
ORD-1202,2025-02-04,Enterprise,422,0.3902
ORD-1203,2025-02-26,Enterprise,386,0.4059
ORD-1204,2025-02-11,Enterprise,488,0.391
ORD-1205,2025-02-19,Enterprise,433,0.4046
ORD-1206,2025-02-15,Enterprise,593,0.3948
ORD-1207,2025-02-27,Enterprise,549,0.407
ORD-1208,2025-02-28,Enterprise,598,0.3733
ORD-1209,2025-02-02,Enterprise,541,0.4207
ORD-1210,2025-02-14,Enterprise,565,0.4531
ORD-1211,2025-02-08,Enterprise,455,0.3941
ORD-1212,2025-02-19,Enterprise,433,0.3755
ORD-1213,2025-02-23,Enterprise,540,0.3982
ORD-1214,2025-02-05,Enterprise,407,0.4236
ORD-1215,2025-02-22,Enterprise,651,0.4138
ORD-1216,2025-02-16,Enterprise,416,0.4086
ORD-1217,2025-02-17,Enterprise,594,0.4545
ORD-1218,2025-02-12,Enterprise,455,0.3639
ORD-1219,2025-02-19,Enterprise,605,0.4078
ORD-1220,2025-02-18,Enterprise,351,0.412
ORD-1221,2025-02-02,Enterprise,531,0.3986
ORD-1222,2025-02-09,Enterprise,374,0.4025
ORD-1223,2025-02-26,Enterprise,439,0.4085
ORD-1224,2025-02-20,Enterprise,610,0.3915
ORD-1225,2025-02-22,Enterprise,399,0.4229
ORD-1226,2025-02-08,Enterprise,384,0.3659
ORD-1227,2025-02-06,Enterprise,357,0.3912
ORD-1228,2025-02-12,Enterprise,384,0.3983
ORD-1229,2025-02-03,Enterprise,486,0.4459
ORD-1230,2025-02-18,Enterprise,513,0.404
ORD-1231,2025-02-13,Enterprise,513,0.4009
ORD-1232,2025-02-17,Enterprise,440,0.4091
ORD-1233,2025-02-14,Enterprise,600,0.4152
ORD-1234,2025-02-10,Enterprise,590,0.409
ORD-1235,2025-02-11,Enterprise,581,0.3946
ORD-1236,2025-02-19,Enterprise,570,0.3822
ORD-1237,2025-02-26,Enterprise,400,0.3622
ORD-1238,2025-02-22,Enterprise,496,0.3826
ORD-1239,2025-02-27,Enterprise,472,0.4128
ORD-1240,2025-02-22,Enterprise,490,0.4125
ORD-1241,2025-02-10,Enterprise,469,0.388
ORD-1242,2025-02-18,Enterprise,372,0.4422
ORD-1243,2025-02-23,Enterprise,464,0.4217
ORD-1244,2025-02-23,Enterprise,461,0.3635
ORD-1245,2025-02-02,Enterprise,571,0.3645
ORD-1246,2025-02-16,Enterprise,657,0.384
ORD-1247,2025-02-17,Enterprise,518,0.4032
ORD-1248,2025-02-03,Enterprise,454,0.4148
ORD-1249,2025-02-03,Enterprise,433,0.3922
ORD-1250,2025-02-02,Enterprise,483,0.4063
ORD-1251,2025-02-19,Enterprise,397,0.4195
ORD-1252,2025-02-19,Enterprise,431,0.38
ORD-1253,2025-02-27,Enterprise,531,0.3678
ORD-1254,2025-02-07,Enterprise,483,0.3814
ORD-1255,2025-02-15,Enterprise,507,0.416
ORD-1256,2025-02-01,Enterprise,558,0.3836
ORD-1257,2025-02-11,Enterprise,377,0.4084
ORD-1258,2025-02-18,Enterprise,539,0.3955
ORD-1259,2025-02-06,Enterprise,538,0.3594
ORD-1260,2025-02-26,Enterprise,449,0.3917
ORD-1261,2025-02-09,Enterprise,480,0.4258
ORD-1262,2025-02-10,Enterprise,568,0.4105
ORD-1263,2025-02-21,Enterprise,494,0.4277
ORD-1264,2025-02-24,Enterprise,484,0.4026
ORD-1265,2025-02-11,Enterprise,516,0.3977
ORD-1266,2025-02-05,Enterprise,424,0.395
ORD-1267,2025-02-25,Enterprise,381,0.346
ORD-1268,2025-02-20,Enterprise,560,0.3969
ORD-1269,2025-02-18,Enterprise,500,0.4064
ORD-1270,2025-02-24,Enterprise,548,0.3876
ORD-1271,2025-02-21,Enterprise,628,0.3688
ORD-1272,2025-02-09,Enterprise,481,0.3759
ORD-1273,2025-02-01,Enterprise,532,0.4144
ORD-1274,2025-02-21,Enterprise,478,0.3977
ORD-1275,2025-02-21,Enterprise,309,0.3968
ORD-1276,2025-02-26,Enterprise,422,0.361
ORD-1277,2025-02-05,Enterprise,526,0.3648
ORD-1278,2025-02-16,Enterprise,527,0.3751
ORD-1279,2025-02-16,Enterprise,568,0.3891
ORD-1280,2025-02-27,Enterprise,496,0.4397
ORD-1281,2025-02-13,Enterprise,362,0.4194
ORD-1282,2025-02-18,Enterprise,576,0.3819
ORD-1283,2025-02-10,Enterprise,658,0.3872
ORD-1284,2025-02-14,Enterprise,605,0.422
ORD-1285,2025-02-11,Enterprise,589,0.4076
ORD-1286,2025-02-03,Enterprise,468,0.4122
ORD-1287,2025-02-17,Enterprise,414,0.3693
ORD-1288,2025-02-14,Enterprise,532,0.3788
ORD-1289,2025-02-22,Enterprise,493,0.4165
ORD-1290,2025-02-04,Enterprise,391,0.42
ORD-1291,2025-02-11,Enterprise,464,0.4177
ORD-1292,2025-02-06,Enterprise,564,0.4274
ORD-1293,2025-02-27,Enterprise,379,0.373
ORD-1294,2025-02-24,Enterprise,519,0.386
ORD-1295,2025-02-16,Enterprise,552,0.3968
ORD-1296,2025-02-01,Enterprise,519,0.4061
ORD-1297,2025-02-04,Enterprise,488,0.4098
ORD-1298,2025-02-10,Enterprise,670,0.4106
ORD-1299,2025-02-03,Enterprise,569,0.3933
ORD-1300,2025-02-09,Enterprise,524,0.3991
ORD-1301,2025-02-13,Enterprise,476,0.383
ORD-1302,2025-02-07,Enterprise,512,0.3911
ORD-1303,2025-02-24,Enterprise,425,0.4234
ORD-1304,2025-02-06,Enterprise,688,0.4215
ORD-1305,2025-02-28,Enterprise,440,0.4261
ORD-1306,2025-02-03,Enterprise,575,0.3893
ORD-1307,2025-02-03,Enterprise,397,0.3925
ORD-1308,2025-02-12,Enterprise,298,0.3925
ORD-1309,2025-02-01,Enterprise,493,0.408
ORD-1310,2025-02-08,Enterprise,375,0.3409
ORD-1311,2025-02-20,Enterprise,491,0.4275
ORD-1312,2025-02-27,Enterprise,490,0.4196
ORD-1313,2025-02-14,Enterprise,531,0.4276
ORD-1314,2025-02-16,Enterprise,477,0.3669
ORD-1315,2025-02-13,Enterprise,422,0.3912
ORD-1316,2025-02-26,Enterprise,478,0.3936
ORD-1317,2025-02-06,Enterprise,669,0.3801
ORD-1318,2025-02-18,Enterprise,436,0.391
ORD-1319,2025-02-11,Enterprise,487,0.3895
ORD-1320,2025-02-14,Enterprise,595,0.4111
ORD-1321,2025-02-15,Enterprise,582,0.3717
ORD-1322,2025-02-27,Enterprise,643,0.3835
ORD-1323,2025-02-08,Enterprise,427,0.4098
ORD-1324,2025-02-14,Enterprise,356,0.3906
ORD-1325,2025-02-27,Enterprise,485,0.3906
ORD-1326,2025-02-19,Enterprise,460,0.3967
ORD-1327,2025-02-21,Enterprise,443,0.401
ORD-1328,2025-02-19,Enterprise,404,0.4228
ORD-1329,2025-02-24,Enterprise,498,0.4161
ORD-1330,2025-02-23,Enterprise,502,0.384
ORD-1331,2025-02-20,Enterprise,487,0.4451
ORD-1332,2025-02-17,Enterprise,579,0.3991
ORD-1333,2025-02-05,Enterprise,471,0.4139
ORD-1334,2025-02-28,Enterprise,395,0.3921
ORD-1335,2025-02-02,Enterprise,501,0.3716
ORD-1336,2025-02-01,Enterprise,651,0.3991
ORD-1337,2025-02-23,Enterprise,530,0.3867
ORD-1338,2025-02-17,Enterprise,490,0.4271
ORD-1339,2025-02-12,Enterprise,457,0.4262
ORD-1340,2025-02-06,Enterprise,433,0.4187
ORD-1341,2025-02-09,Enterprise,493,0.4022
ORD-1342,2025-02-01,Enterprise,480,0.3901
ORD-1343,2025-02-02,Enterprise,505,0.3978
ORD-1344,2025-02-17,Enterprise,429,0.3845
ORD-1345,2025-02-16,Enterprise,628,0.3861
ORD-1346,2025-02-20,Enterprise,497,0.3944
ORD-1347,2025-02-24,Enterprise,485,0.3965
ORD-1348,2025-02-18,Enterprise,588,0.4396
ORD-1349,2025-02-06,Enterprise,544,0.3925
ORD-1350,2025-02-07,Enterprise,474,0.3974
ORD-1351,2025-02-06,Enterprise,536,0.3654
ORD-1352,2025-02-19,Enterprise,483,0.3877
ORD-1353,2025-02-03,Enterprise,581,0.4119
ORD-1354,2025-02-22,Enterprise,420,0.4385
ORD-1355,2025-02-24,Enterprise,360,0.4024
ORD-1356,2025-02-09,Enterprise,503,0.396
ORD-1357,2025-02-05,Enterprise,515,0.4005
ORD-1358,2025-02-16,Enterprise,558,0.4236
ORD-1359,2025-02-23,Enterprise,575,0.4086
ORD-1360,2025-02-18,Enterprise,546,0.4039
ORD-1361,2025-02-12,Enterprise,580,0.3831
ORD-1362,2025-02-19,Enterprise,375,0.4065
ORD-1363,2025-02-05,Enterprise,314,0.3958
ORD-1364,2025-02-27,Enterprise,420,0.429
ORD-1365,2025-02-13,Enterprise,599,0.3715
ORD-1366,2025-02-27,Enterprise,563,0.3928
ORD-1367,2025-02-22,Enterprise,484,0.3766
ORD-1368,2025-02-09,Enterprise,506,0.3784
ORD-1369,2025-02-27,Enterprise,403,0.4009
ORD-1370,2025-02-18,Enterprise,509,0.4029
ORD-1371,2025-02-28,Enterprise,534,0.405
ORD-1372,2025-02-02,Enterprise,530,0.406
ORD-1373,2025-02-22,Enterprise,508,0.3947
ORD-1374,2025-02-10,Enterprise,527,0.4225
ORD-1375,2025-02-08,Enterprise,488,0.4044
ORD-1376,2025-02-07,Enterprise,474,0.4126
ORD-1377,2025-02-04,Enterprise,617,0.3794
ORD-1378,2025-02-08,Enterprise,614,0.3816
ORD-1379,2025-02-01,Enterprise,655,0.3706
ORD-1380,2025-02-08,Enterprise,473,0.3888
ORD-1381,2025-02-15,Enterprise,449,0.3876
ORD-1382,2025-02-24,Enterprise,548,0.4258
ORD-1383,2025-02-04,Enterprise,588,0.3791
ORD-1384,2025-02-27,Enterprise,435,0.3847
ORD-1385,2025-02-24,Enterprise,435,0.3857
ORD-1386,2025-02-03,Enterprise,502,0.3861
ORD-1387,2025-02-27,Enterprise,541,0.389
ORD-1388,2025-02-26,Enterprise,494,0.4199
ORD-1389,2025-02-19,Enterprise,327,0.3861
ORD-1390,2025-02-08,Enterprise,575,0.3457
ORD-1391,2025-02-07,Enterprise,384,0.3804
ORD-1392,2025-02-21,Enterprise,406,0.3995
ORD-1393,2025-02-22,Enterprise,373,0.4054
ORD-1394,2025-02-07,Enterprise,474,0.3755
ORD-1395,2025-02-13,Enterprise,573,0.4396
ORD-1396,2025-02-06,Enterprise,406,0.3996
ORD-1397,2025-02-16,Enterprise,401,0.411
ORD-1398,2025-02-05,Enterprise,453,0.3952
ORD-1399,2025-02-07,Enterprise,391,0.3974
ORD-1400,2025-02-26,Enterprise,513,0.4281
ORD-1401,2025-02-03,Enterprise,521,0.3918
ORD-1402,2025-02-04,Enterprise,602,0.4307
ORD-1403,2025-02-27,Enterprise,541,0.3774
ORD-1404,2025-02-05,Enterprise,412,0.4134
ORD-1405,2025-02-17,Enterprise,397,0.4034
ORD-1406,2025-02-27,Enterprise,521,0.3992
ORD-1407,2025-02-05,Enterprise,536,0.4117
ORD-1408,2025-02-09,Enterprise,577,0.4268
ORD-1409,2025-02-19,Enterprise,607,0.4312
ORD-1410,2025-02-13,Enterprise,510,0.4181
ORD-1411,2025-02-07,Enterprise,506,0.3721
ORD-1412,2025-02-13,Enterprise,482,0.3766
ORD-1413,2025-02-09,Enterprise,678,0.411
ORD-1414,2025-02-01,Enterprise,274,0.4027
ORD-1415,2025-02-15,Enterprise,373,0.4003
ORD-1416,2025-02-21,Enterprise,545,0.3991
ORD-1417,2025-02-26,Enterprise,606,0.3848
ORD-1418,2025-02-09,Enterprise,554,0.3972
ORD-1419,2025-02-15,Enterprise,307,0.4203
ORD-1420,2025-02-02,Enterprise,617,0.4016
ORD-1421,2025-02-13,Enterprise,556,0.3743
ORD-1422,2025-02-01,Enterprise,525,0.3957
ORD-1423,2025-02-11,Enterprise,333,0.401
ORD-1424,2025-02-20,Enterprise,578,0.3885
ORD-1425,2025-02-01,Enterprise,620,0.3714
ORD-1426,2025-02-14,Enterprise,414,0.3807
ORD-1427,2025-02-05,Enterprise,432,0.3777
ORD-1428,2025-02-17,Enterprise,601,0.4027
ORD-1429,2025-02-15,Enterprise,423,0.3984
ORD-1430,2025-02-28,Enterprise,702,0.3723
ORD-1431,2025-02-08,Enterprise,447,0.4013
ORD-1432,2025-02-25,Enterprise,538,0.3893
ORD-1433,2025-02-27,Enterprise,517,0.3844
ORD-1434,2025-02-17,Enterprise,653,0.3955
ORD-1435,2025-02-11,Enterprise,624,0.3896
ORD-1436,2025-02-01,Enterprise,520,0.3886
ORD-1437,2025-02-28,Enterprise,382,0.426
ORD-1438,2025-02-10,Enterprise,666,0.4184
ORD-1439,2025-02-13,Enterprise,596,0.4122
ORD-1440,2025-02-07,Enterprise,583,0.3806
ORD-1441,2025-02-03,Enterprise,415,0.398
ORD-1442,2025-02-02,Enterprise,518,0.4215
ORD-1443,2025-02-26,Enterprise,515,0.4105
ORD-1444,2025-02-07,Enterprise,427,0.4176
ORD-1445,2025-02-15,Enterprise,357,0.399
ORD-1446,2025-02-08,Enterprise,572,0.4173
ORD-1447,2025-02-10,Enterprise,497,0.4025
ORD-1448,2025-02-17,Enterprise,337,0.4209
ORD-1449,2025-02-21,Enterprise,461,0.4131
ORD-1450,2025-02-18,Enterprise,556,0.3948
ORD-1451,2025-02-20,Enterprise,560,0.3817
ORD-1452,2025-02-15,Enterprise,530,0.3712
ORD-1453,2025-02-18,Enterprise,444,0.3893
ORD-1454,2025-02-28,Enterprise,605,0.3912
ORD-1455,2025-02-04,Enterprise,388,0.3672
ORD-1456,2025-02-09,Enterprise,517,0.3993
ORD-1457,2025-02-21,Enterprise,328,0.4295
ORD-1458,2025-02-12,Enterprise,577,0.4533
ORD-1459,2025-02-02,Enterprise,394,0.3952
ORD-1460,2025-02-18,Enterprise,481,0.4066
ORD-1461,2025-02-08,Enterprise,409,0.3431
ORD-1462,2025-02-26,Enterprise,477,0.3881
ORD-1463,2025-02-27,Enterprise,555,0.4133
ORD-1464,2025-02-26,Enterprise,445,0.4054
ORD-1465,2025-02-09,Enterprise,623,0.3927
ORD-1466,2025-02-08,Enterprise,401,0.4061
ORD-1467,2025-02-09,Enterprise,509,0.3585
ORD-1468,2025-02-19,Enterprise,448,0.3845
ORD-1469,2025-02-19,Enterprise,511,0.3834
ORD-1470,2025-02-01,Enterprise,525,0.3949
ORD-1471,2025-02-26,Enterprise,487,0.3899
ORD-1472,2025-02-19,Enterprise,652,0.4245
ORD-1473,2025-02-22,Enterprise,498,0.3863
ORD-1474,2025-02-03,Enterprise,503,0.3818
ORD-1475,2025-02-23,Enterprise,543,0.374
ORD-1476,2025-02-08,Enterprise,349,0.3938
ORD-1477,2025-02-15,Enterprise,424,0.3942
ORD-1478,2025-02-03,Enterprise,447,0.3545
ORD-1479,2025-02-21,Enterprise,469,0.4072
ORD-1480,2025-02-10,Enterprise,472,0.4073
ORD-1481,2025-02-16,Enterprise,636,0.3929
ORD-1482,2025-02-09,Enterprise,475,0.384
ORD-1483,2025-02-23,Enterprise,469,0.3932
ORD-1484,2025-02-07,Enterprise,554,0.3842
ORD-1485,2025-02-21,Enterprise,476,0.4134
ORD-1486,2025-02-12,Enterprise,394,0.4361
ORD-1487,2025-02-24,Enterprise,479,0.4365
ORD-1488,2025-02-28,Enterprise,612,0.4119
ORD-1489,2025-02-13,Enterprise,495,0.3775
ORD-1490,2025-02-21,Enterprise,489,0.3614
ORD-1491,2025-02-10,Enterprise,605,0.3899
ORD-1492,2025-02-17,Enterprise,601,0.3925
ORD-1493,2025-02-20,Enterprise,592,0.4539
ORD-1494,2025-02-09,Enterprise,542,0.4026
ORD-1495,2025-02-09,Enterprise,586,0.4118
ORD-1496,2025-02-07,Enterprise,346,0.3992
ORD-1497,2025-02-04,Enterprise,386,0.4061
ORD-1498,2025-02-17,Enterprise,541,0.4022
ORD-1499,2025-02-16,Enterprise,529,0.3738
ORD-1500,2025-02-12,Enterprise,460,0.4056
ORD-1501,2025-02-15,Enterprise,250,0.378
ORD-1502,2025-02-03,Enterprise,535,0.3892
ORD-1503,2025-02-07,Enterprise,382,0.4286
ORD-1504,2025-02-20,Enterprise,592,0.3822
ORD-1505,2025-02-20,Enterprise,555,0.4078
ORD-1506,2025-02-25,Enterprise,476,0.4172
ORD-1507,2025-02-04,Enterprise,363,0.3754
ORD-1508,2025-02-14,Enterprise,418,0.399
ORD-1509,2025-02-12,Enterprise,500,0.3897
ORD-1510,2025-02-26,Enterprise,511,0.4052
ORD-1511,2025-02-05,Enterprise,589,0.3824
ORD-1512,2025-02-23,Enterprise,566,0.3934
ORD-1513,2025-02-20,Enterprise,604,0.4115
ORD-1514,2025-02-22,Enterprise,545,0.3823
ORD-1515,2025-02-26,Enterprise,525,0.3743
ORD-1516,2025-02-19,Enterprise,527,0.3891
ORD-1517,2025-02-20,Enterprise,397,0.4072
ORD-1518,2025-02-14,Enterprise,462,0.37
ORD-1519,2025-02-07,Enterprise,518,0.3811
ORD-1520,2025-02-01,Enterprise,493,0.3941
ORD-1521,2025-02-24,Enterprise,568,0.3509
ORD-1522,2025-02-23,Enterprise,624,0.3951
ORD-1523,2025-02-21,Enterprise,510,0.3853
ORD-1524,2025-02-10,Enterprise,522,0.4326
ORD-1525,2025-02-21,Enterprise,450,0.4082
ORD-1526,2025-02-24,Enterprise,475,0.41
ORD-1527,2025-02-06,Enterprise,584,0.3464
ORD-1528,2025-02-21,Enterprise,526,0.3995
ORD-1529,2025-02-25,Enterprise,473,0.4055
ORD-1530,2025-02-17,Enterprise,357,0.3783
ORD-1531,2025-02-01,Enterprise,442,0.4269
ORD-1532,2025-02-14,Enterprise,435,0.3944
ORD-1533,2025-02-28,Enterprise,485,0.4152
ORD-1534,2025-02-09,Enterprise,596,0.3725
ORD-1535,2025-02-27,Enterprise,633,0.371
ORD-1536,2025-02-20,Enterprise,357,0.3786
ORD-1537,2025-02-03,Enterprise,453,0.4258
ORD-1538,2025-02-08,Enterprise,492,0.417
ORD-1539,2025-02-11,Enterprise,588,0.3697
ORD-1540,2025-02-15,Enterprise,471,0.3946
ORD-1541,2025-02-12,Enterprise,441,0.3833
ORD-1542,2025-02-14,Enterprise,270,0.4145
ORD-1543,2025-02-17,Enterprise,487,0.4016
ORD-1544,2025-02-24,Enterprise,432,0.4029
ORD-1545,2025-02-26,Enterprise,648,0.3891
ORD-1546,2025-02-10,Enterprise,429,0.3876
ORD-1547,2025-02-04,Enterprise,510,0.4139
ORD-1548,2025-02-12,Enterprise,609,0.3852
ORD-1549,2025-02-01,Enterprise,472,0.4324
ORD-1550,2025-02-01,Enterprise,494,0.4353
ORD-1551,2025-02-10,Enterprise,582,0.3916
ORD-1552,2025-02-05,Enterprise,712,0.3856
ORD-1553,2025-02-09,Enterprise,471,0.4367
ORD-1554,2025-02-01,Enterprise,464,0.3847
ORD-1555,2025-02-13,Enterprise,476,0.3959
ORD-1556,2025-02-05,Enterprise,427,0.3969
ORD-1557,2025-02-11,Enterprise,558,0.3867
ORD-1558,2025-02-02,Enterprise,538,0.4061
ORD-1559,2025-02-01,Enterprise,455,0.4163
ORD-1560,2025-02-03,Enterprise,474,0.4265
ORD-1561,2025-02-28,Enterprise,477,0.3878
ORD-1562,2025-02-10,Enterprise,599,0.3958
ORD-1563,2025-02-05,Enterprise,475,0.4069
ORD-1564,2025-02-06,Enterprise,395,0.3717
ORD-1565,2025-02-10,Enterprise,501,0.3909
ORD-1566,2025-02-22,Enterprise,426,0.4548
ORD-1567,2025-02-14,Enterprise,512,0.3854
ORD-1568,2025-02-19,Enterprise,504,0.3891
ORD-1569,2025-02-20,Enterprise,426,0.3883
ORD-1570,2025-02-06,Enterprise,557,0.3787
ORD-1571,2025-02-28,Enterprise,496,0.4185
ORD-1572,2025-02-16,Enterprise,440,0.3966
ORD-1573,2025-02-04,Enterprise,377,0.3872
ORD-1574,2025-02-23,Enterprise,507,0.4044
ORD-1575,2025-02-03,Enterprise,645,0.4303
ORD-1576,2025-02-14,Enterprise,538,0.4239
ORD-1577,2025-02-26,Enterprise,499,0.4062
ORD-1578,2025-02-15,Enterprise,338,0.3848
ORD-1579,2025-02-16,Enterprise,487,0.4033
ORD-1580,2025-02-12,Enterprise,457,0.4173
ORD-1581,2025-02-07,Enterprise,500,0.4109
ORD-1582,2025-02-05,Enterprise,497,0.4127
ORD-1583,2025-02-12,Enterprise,461,0.4113
ORD-1584,2025-02-22,Enterprise,477,0.4047
ORD-1585,2025-02-08,Enterprise,495,0.3863
ORD-1586,2025-02-26,Enterprise,618,0.3976
ORD-1587,2025-02-01,Enterprise,578,0.4545
ORD-1588,2025-02-25,Enterprise,577,0.3902
ORD-1589,2025-02-07,Enterprise,475,0.3896
ORD-1590,2025-02-19,Enterprise,499,0.3717
ORD-1591,2025-02-09,Enterprise,318,0.3958
ORD-1592,2025-02-05,Enterprise,493,0.3775
ORD-1593,2025-02-10,Enterprise,471,0.4172
ORD-1594,2025-02-25,Enterprise,516,0.4004
ORD-1595,2025-02-14,Enterprise,424,0.3462
ORD-1596,2025-02-22,Enterprise,379,0.3792
ORD-1597,2025-02-13,Enterprise,350,0.4103
ORD-1598,2025-02-08,Enterprise,407,0.3801
ORD-1599,2025-02-12,Enterprise,646,0.3908
ORD-1600,2025-02-23,Enterprise,566,0.4151
ORD-1601,2025-02-16,Enterprise,425,0.4378
ORD-1602,2025-02-08,Enterprise,508,0.3648
ORD-1603,2025-02-25,Enterprise,545,0.4158
ORD-1604,2025-02-26,Enterprise,571,0.4218
ORD-1605,2025-02-03,Enterprise,593,0.423
ORD-1606,2025-02-17,Enterprise,464,0.4117
ORD-1607,2025-02-07,Enterprise,575,0.3935
ORD-1608,2025-02-04,Enterprise,668,0.3795
ORD-1609,2025-02-23,Enterprise,485,0.3825
ORD-1610,2025-02-22,Enterprise,472,0.4112
ORD-1611,2025-02-10,Enterprise,545,0.41
ORD-1612,2025-02-14,Enterprise,606,0.3901
ORD-1613,2025-02-21,Enterprise,629,0.3902
ORD-1614,2025-02-05,Enterprise,469,0.4197
ORD-1615,2025-02-04,Enterprise,471,0.3718
ORD-1616,2025-02-20,Enterprise,543,0.3982
ORD-1617,2025-02-13,Enterprise,567,0.391
ORD-1618,2025-02-01,Enterprise,400,0.3883
ORD-1619,2025-02-21,Enterprise,519,0.3978
ORD-1620,2025-02-15,Enterprise,533,0.4356
ORD-1621,2025-02-09,Enterprise,533,0.4417
ORD-1622,2025-02-25,Enterprise,398,0.3893
ORD-1623,2025-02-03,Enterprise,618,0.3862
ORD-1624,2025-02-02,Enterprise,416,0.4027
ORD-1625,2025-02-05,Enterprise,553,0.414
ORD-1626,2025-02-02,Enterprise,423,0.4359
ORD-1627,2025-02-14,Enterprise,452,0.3745
ORD-1628,2025-02-12,Enterprise,486,0.4403
ORD-1629,2025-02-25,Enterprise,596,0.4355
ORD-1630,2025-02-25,Enterprise,560,0.3972
ORD-1631,2025-02-06,Enterprise,632,0.4117
ORD-1632,2025-02-12,Enterprise,456,0.4288
ORD-1633,2025-02-21,Enterprise,353,0.3919
ORD-1634,2025-02-03,Enterprise,430,0.4174
ORD-1635,2025-02-24,Enterprise,515,0.3631
ORD-1636,2025-02-28,Enterprise,626,0.4356
ORD-1637,2025-02-11,Enterprise,409,0.4129
ORD-1638,2025-02-14,Enterprise,504,0.3466
ORD-1639,2025-02-16,Enterprise,489,0.3994
ORD-1640,2025-02-05,Enterprise,546,0.4302
ORD-1641,2025-02-01,Enterprise,615,0.4016
ORD-1642,2025-02-05,Enterprise,397,0.3857
ORD-1643,2025-02-21,Enterprise,440,0.424
ORD-1644,2025-02-13,Enterprise,554,0.4
ORD-1645,2025-02-26,Enterprise,528,0.4402
ORD-1646,2025-02-19,Enterprise,557,0.4159
ORD-1647,2025-02-17,Enterprise,554,0.4207
ORD-1648,2025-02-03,Enterprise,625,0.3806
ORD-1649,2025-02-25,Enterprise,568,0.3873
ORD-1650,2025-02-02,Enterprise,377,0.4036
ORD-1651,2025-02-15,Enterprise,478,0.4065
ORD-1652,2025-02-12,Enterprise,635,0.3813
ORD-1653,2025-02-12,Enterprise,587,0.3884
ORD-1654,2025-02-05,Enterprise,497,0.3898
ORD-1655,2025-02-11,Enterprise,513,0.4019
ORD-1656,2025-02-19,Enterprise,418,0.438
ORD-1657,2025-02-04,Enterprise,404,0.4099
ORD-1658,2025-02-26,Enterprise,467,0.3911
ORD-1659,2025-02-20,Enterprise,345,0.4381
ORD-1660,2025-02-18,Enterprise,568,0.4336
ORD-1661,2025-02-23,Enterprise,550,0.4025
ORD-1662,2025-02-13,Enterprise,514,0.447
ORD-1663,2025-02-15,Enterprise,374,0.4225
ORD-1664,2025-02-01,Enterprise,398,0.4078
ORD-1665,2025-02-25,Enterprise,628,0.4301
ORD-1666,2025-02-09,Enterprise,499,0.3924
ORD-1667,2025-02-02,Enterprise,625,0.4209
ORD-1668,2025-02-09,Enterprise,562,0.3655
ORD-1669,2025-02-12,Enterprise,530,0.3725
ORD-1670,2025-02-14,Enterprise,545,0.4139
ORD-1671,2025-02-21,Enterprise,533,0.4227
ORD-1672,2025-02-16,Enterprise,582,0.3649
ORD-1673,2025-02-19,Enterprise,581,0.4152
ORD-1674,2025-02-07,Enterprise,561,0.3652
ORD-1675,2025-02-21,Enterprise,415,0.427
ORD-1676,2025-02-07,Enterprise,627,0.4041
ORD-1677,2025-02-03,Enterprise,485,0.4138
ORD-1678,2025-02-23,Enterprise,526,0.4083
ORD-1679,2025-02-15,Enterprise,441,0.3928
ORD-1680,2025-02-16,Enterprise,569,0.3766
ORD-1681,2025-02-04,Enterprise,565,0.3843
ORD-1682,2025-02-19,Enterprise,580,0.3698
ORD-1683,2025-02-02,Enterprise,372,0.405
ORD-1684,2025-02-24,Enterprise,530,0.402
ORD-1685,2025-02-06,Enterprise,484,0.426
ORD-1686,2025-02-09,Enterprise,416,0.4255
ORD-1687,2025-02-07,Enterprise,495,0.3936
ORD-1688,2025-02-15,Enterprise,451,0.3801
ORD-1689,2025-02-21,Enterprise,612,0.3643
ORD-1690,2025-02-10,Enterprise,471,0.3715
ORD-1691,2025-02-16,Enterprise,455,0.3718
ORD-1692,2025-02-06,Enterprise,537,0.4204
ORD-1693,2025-02-23,Enterprise,381,0.4212
ORD-1694,2025-02-19,Enterprise,462,0.3943
ORD-1695,2025-02-18,Enterprise,444,0.3677
ORD-1696,2025-02-02,Enterprise,453,0.3883
ORD-1697,2025-02-16,Enterprise,281,0.457
ORD-1698,2025-02-08,Enterprise,479,0.3996
ORD-1699,2025-02-22,Enterprise,550,0.3917
ORD-1700,2025-02-05,SMB,552,0.0809
ORD-1701,2025-02-02,SMB,340,0.1252
ORD-1702,2025-02-18,SMB,498,0.0822
ORD-1703,2025-02-10,SMB,471,0.1328
ORD-1704,2025-02-13,SMB,444,0.0821
ORD-1705,2025-02-04,SMB,521,0.1216
ORD-1706,2025-02-12,SMB,600,0.0934
ORD-1707,2025-02-15,SMB,450,0.1264
ORD-1708,2025-02-27,SMB,477,0.1125
ORD-1709,2025-02-22,SMB,601,0.0821
ORD-1710,2025-02-28,SMB,535,0.1547
ORD-1711,2025-02-01,SMB,492,0.0688
ORD-1712,2025-02-02,SMB,583,0.1138
ORD-1713,2025-02-14,SMB,335,0.1403
ORD-1714,2025-02-12,SMB,461,0.094
ORD-1715,2025-02-06,SMB,603,0.1092
ORD-1716,2025-02-13,SMB,597,0.0886
ORD-1717,2025-02-20,SMB,469,0.0981
ORD-1718,2025-02-14,SMB,397,0.1009
ORD-1719,2025-02-22,SMB,546,0.0841
ORD-1720,2025-02-24,SMB,407,0.0724
ORD-1721,2025-02-22,SMB,530,0.1203
ORD-1722,2025-02-09,SMB,530,0.1017
ORD-1723,2025-02-07,SMB,414,0.1135
ORD-1724,2025-02-20,SMB,505,0.1082
ORD-1725,2025-02-23,SMB,489,0.1129
ORD-1726,2025-02-18,SMB,342,0.1141
ORD-1727,2025-02-09,SMB,514,0.1004
ORD-1728,2025-02-08,SMB,656,0.1324
ORD-1729,2025-02-16,SMB,465,0.092
ORD-1730,2025-02-16,SMB,583,0.0881
ORD-1731,2025-02-22,SMB,436,0.1112
ORD-1732,2025-02-20,SMB,447,0.0945
ORD-1733,2025-02-19,SMB,399,0.0897
ORD-1734,2025-02-24,SMB,395,0.0874
ORD-1735,2025-02-16,SMB,524,0.1013
ORD-1736,2025-02-24,SMB,572,0.0958
ORD-1737,2025-02-03,SMB,429,0.1027
ORD-1738,2025-02-02,SMB,481,0.0903
ORD-1739,2025-02-16,SMB,587,0.0987
ORD-1740,2025-02-15,SMB,584,0.1204
ORD-1741,2025-02-26,SMB,518,0.1093
ORD-1742,2025-02-03,SMB,559,0.1026
ORD-1743,2025-02-15,SMB,498,0.0995
ORD-1744,2025-02-18,SMB,529,0.1152
ORD-1745,2025-02-05,SMB,337,0.106
ORD-1746,2025-02-11,SMB,479,0.1146
ORD-1747,2025-02-06,SMB,610,0.0649
ORD-1748,2025-02-17,SMB,521,0.0904
ORD-1749,2025-02-17,SMB,521,0.0931
ORD-1750,2025-02-16,SMB,389,0.0851
ORD-1751,2025-02-18,SMB,407,0.1261
ORD-1752,2025-02-23,SMB,529,0.0912
ORD-1753,2025-02-26,SMB,623,0.0641
ORD-1754,2025-02-12,SMB,472,0.078
ORD-1755,2025-02-16,SMB,545,0.1148
ORD-1756,2025-02-01,SMB,525,0.1316
ORD-1757,2025-02-05,SMB,484,0.1201
ORD-1758,2025-02-26,SMB,622,0.1228
ORD-1759,2025-02-21,SMB,420,0.1149
ORD-1760,2025-02-06,SMB,593,0.0755
ORD-1761,2025-02-28,SMB,460,0.1151
ORD-1762,2025-02-17,SMB,403,0.1122
ORD-1763,2025-02-23,SMB,470,0.078
ORD-1764,2025-02-04,SMB,355,0.096
ORD-1765,2025-02-13,SMB,531,0.105
ORD-1766,2025-02-01,SMB,444,0.0965
ORD-1767,2025-02-26,SMB,538,0.1166
ORD-1768,2025-02-08,SMB,677,0.0653
ORD-1769,2025-02-23,SMB,558,0.0942
ORD-1770,2025-02-10,SMB,393,0.1196
ORD-1771,2025-02-17,SMB,429,0.0905
ORD-1772,2025-02-20,SMB,290,0.0885
ORD-1773,2025-02-16,SMB,477,0.1018
ORD-1774,2025-02-19,SMB,488,0.0788
ORD-1775,2025-02-23,SMB,330,0.1277
ORD-1776,2025-02-27,SMB,601,0.0907
ORD-1777,2025-02-28,SMB,504,0.1227
ORD-1778,2025-02-17,SMB,402,0.1024
ORD-1779,2025-02-25,SMB,388,0.0863
ORD-1780,2025-02-24,SMB,384,0.1278
ORD-1781,2025-02-19,SMB,359,0.117
ORD-1782,2025-02-10,SMB,465,0.0938
ORD-1783,2025-02-22,SMB,576,0.0647
ORD-1784,2025-02-08,SMB,631,0.0958
ORD-1785,2025-02-12,SMB,461,0.1122
ORD-1786,2025-02-05,SMB,619,0.1049
ORD-1787,2025-02-18,SMB,315,0.0838
ORD-1788,2025-02-20,SMB,515,0.0815
ORD-1789,2025-02-06,SMB,554,0.1003
ORD-1790,2025-02-26,SMB,544,0.1157
ORD-1791,2025-02-19,SMB,552,0.1465
ORD-1792,2025-02-20,SMB,270,0.105
ORD-1793,2025-02-28,SMB,343,0.0984
ORD-1794,2025-02-20,SMB,518,0.0882
ORD-1795,2025-02-02,SMB,715,0.1013
ORD-1796,2025-02-01,SMB,439,0.0946
ORD-1797,2025-02-11,SMB,540,0.0965
ORD-1798,2025-02-09,SMB,534,0.0835
ORD-1799,2025-02-06,SMB,407,0.1108
ORD-1800,2025-02-21,SMB,489,0.1233
ORD-1801,2025-02-19,SMB,410,0.1131
ORD-1802,2025-02-17,SMB,550,0.1158
ORD-1803,2025-02-28,SMB,482,0.0919
ORD-1804,2025-02-24,SMB,626,0.0827
ORD-1805,2025-02-07,SMB,425,0.0903
ORD-1806,2025-02-07,SMB,547,0.1324
ORD-1807,2025-02-05,SMB,387,0.1112
ORD-1808,2025-02-13,SMB,634,0.103
ORD-1809,2025-02-14,SMB,405,0.1042
ORD-1810,2025-02-05,SMB,484,0.1134
ORD-1811,2025-02-27,SMB,389,0.1118
ORD-1812,2025-02-24,SMB,558,0.0891
ORD-1813,2025-02-22,SMB,413,0.1192
ORD-1814,2025-02-15,SMB,504,0.0783
ORD-1815,2025-02-10,SMB,537,0.1254
ORD-1816,2025-02-21,SMB,414,0.1084
ORD-1817,2025-02-07,SMB,382,0.131
ORD-1818,2025-02-08,SMB,649,0.1046
ORD-1819,2025-02-15,SMB,431,0.0642
ORD-1820,2025-02-17,SMB,544,0.0797
ORD-1821,2025-02-11,SMB,455,0.1061
ORD-1822,2025-02-18,SMB,543,0.0835
ORD-1823,2025-02-04,SMB,434,0.1004
ORD-1824,2025-02-02,SMB,538,0.0939
ORD-1825,2025-02-09,SMB,710,0.1236
ORD-1826,2025-02-25,SMB,520,0.1082
ORD-1827,2025-02-19,SMB,475,0.0909
ORD-1828,2025-02-28,SMB,545,0.1105
ORD-1829,2025-02-24,SMB,491,0.0703
ORD-1830,2025-02-19,SMB,586,0.0701
ORD-1831,2025-02-03,SMB,455,0.0786
ORD-1832,2025-02-28,SMB,422,0.0871
ORD-1833,2025-02-08,SMB,503,0.0952
ORD-1834,2025-02-05,SMB,446,0.1264
ORD-1835,2025-02-08,SMB,455,0.0903
ORD-1836,2025-02-14,SMB,585,0.145
ORD-1837,2025-02-07,SMB,615,0.0567
ORD-1838,2025-02-15,SMB,440,0.0696
ORD-1839,2025-02-05,SMB,549,0.0704
ORD-1840,2025-02-21,SMB,566,0.06
ORD-1841,2025-02-24,SMB,566,0.0778
ORD-1842,2025-02-15,SMB,523,0.133
ORD-1843,2025-02-18,SMB,413,0.1251
ORD-1844,2025-02-07,SMB,342,0.133
ORD-1845,2025-02-27,SMB,462,0.1235
ORD-1846,2025-02-08,SMB,386,0.0906
ORD-1847,2025-02-09,SMB,477,0.1087
ORD-1848,2025-02-06,SMB,679,0.1163
ORD-1849,2025-02-10,SMB,510,0.122
ORD-1850,2025-02-26,SMB,457,0.0926
ORD-1851,2025-02-14,SMB,555,0.0835
ORD-1852,2025-02-05,SMB,654,0.1022
ORD-1853,2025-02-25,SMB,591,0.0797
ORD-1854,2025-02-08,SMB,388,0.0858
ORD-1855,2025-02-16,SMB,367,0.1169
ORD-1856,2025-02-13,SMB,511,0.0943
ORD-1857,2025-02-03,SMB,527,0.1075
ORD-1858,2025-02-08,SMB,463,0.0722
ORD-1859,2025-02-01,SMB,466,0.0779
ORD-1860,2025-02-18,SMB,599,0.128
ORD-1861,2025-02-12,SMB,569,0.1271
ORD-1862,2025-02-05,SMB,559,0.0952
ORD-1863,2025-02-12,SMB,569,0.1004
ORD-1864,2025-02-12,SMB,530,0.1049
ORD-1865,2025-02-01,SMB,408,0.0859
ORD-1866,2025-02-01,SMB,511,0.0865
ORD-1867,2025-02-23,SMB,391,0.1148
ORD-1868,2025-02-28,SMB,580,0.0854
ORD-1869,2025-02-06,SMB,631,0.1082
ORD-1870,2025-02-27,SMB,457,0.1509
ORD-1871,2025-02-07,SMB,537,0.1246
ORD-1872,2025-02-16,SMB,514,0.0912
ORD-1873,2025-02-22,SMB,479,0.0968
ORD-1874,2025-02-28,SMB,473,0.1092
ORD-1875,2025-02-03,SMB,366,0.0903
ORD-1876,2025-02-21,SMB,437,0.0851
ORD-1877,2025-02-06,SMB,591,0.088
ORD-1878,2025-02-18,SMB,589,0.1291
ORD-1879,2025-02-04,SMB,458,0.0905
ORD-1880,2025-02-22,SMB,644,0.0935
ORD-1881,2025-02-17,SMB,544,0.1031
ORD-1882,2025-02-05,SMB,400,0.1217
ORD-1883,2025-02-19,SMB,452,0.0971
ORD-1884,2025-02-23,SMB,327,0.1079
ORD-1885,2025-02-05,SMB,481,0.0922
ORD-1886,2025-02-16,SMB,539,0.0691
ORD-1887,2025-02-19,SMB,427,0.1138
ORD-1888,2025-02-16,SMB,518,0.0971
ORD-1889,2025-02-17,SMB,646,0.1216
ORD-1890,2025-02-26,SMB,445,0.1055
ORD-1891,2025-02-04,SMB,519,0.1126
ORD-1892,2025-02-08,SMB,381,0.0955
ORD-1893,2025-02-15,SMB,490,0.1283
ORD-1894,2025-02-07,SMB,394,0.0799
ORD-1895,2025-02-15,SMB,332,0.1397
ORD-1896,2025-02-02,SMB,505,0.1071
ORD-1897,2025-02-06,SMB,477,0.1023
ORD-1898,2025-02-23,SMB,508,0.0932
ORD-1899,2025-02-18,SMB,399,0.1156
ORD-1900,2025-02-20,SMB,584,0.1008
ORD-1901,2025-02-08,SMB,465,0.1371
ORD-1902,2025-02-26,SMB,482,0.1215
ORD-1903,2025-02-08,SMB,530,0.1023
ORD-1904,2025-02-16,SMB,461,0.1109
ORD-1905,2025-02-27,SMB,548,0.0637
ORD-1906,2025-02-10,SMB,460,0.0817
ORD-1907,2025-02-08,SMB,405,0.091
ORD-1908,2025-02-03,SMB,492,0.1144
ORD-1909,2025-02-05,SMB,423,0.0916
ORD-1910,2025-02-27,SMB,298,0.0954
ORD-1911,2025-02-25,SMB,506,0.0797
ORD-1912,2025-02-15,SMB,405,0.0726
ORD-1913,2025-02-12,SMB,494,0.0694
ORD-1914,2025-02-20,SMB,501,0.0992
ORD-1915,2025-02-22,SMB,610,0.111
ORD-1916,2025-02-22,SMB,500,0.0596
ORD-1917,2025-02-22,SMB,517,0.1004
ORD-1918,2025-02-03,SMB,527,0.0982
ORD-1919,2025-02-02,SMB,464,0.0904
ORD-1920,2025-02-28,SMB,564,0.0552
ORD-1921,2025-02-14,SMB,276,0.1371
ORD-1922,2025-02-28,SMB,526,0.1301
ORD-1923,2025-02-04,SMB,609,0.1014
ORD-1924,2025-02-12,SMB,547,0.1022
ORD-1925,2025-02-22,SMB,608,0.1322
ORD-1926,2025-02-02,SMB,474,0.0942
ORD-1927,2025-02-18,SMB,441,0.0808
ORD-1928,2025-02-17,SMB,428,0.1221
ORD-1929,2025-02-01,SMB,541,0.1045
ORD-1930,2025-02-24,SMB,484,0.076
ORD-1931,2025-02-23,SMB,548,0.1005
ORD-1932,2025-02-05,SMB,608,0.1481
ORD-1933,2025-02-27,SMB,501,0.0775
ORD-1934,2025-02-07,SMB,436,0.0947
ORD-1935,2025-02-13,SMB,536,0.1147
ORD-1936,2025-02-08,SMB,611,0.1184
ORD-1937,2025-02-08,SMB,521,0.1403
ORD-1938,2025-02-01,SMB,502,0.0945
ORD-1939,2025-02-22,SMB,465,0.0839
ORD-1940,2025-02-24,SMB,616,0.1239
ORD-1941,2025-02-17,SMB,282,0.1168
ORD-1942,2025-02-09,SMB,510,0.1022
ORD-1943,2025-02-26,SMB,303,0.1181
ORD-1944,2025-02-09,SMB,531,0.1344
ORD-1945,2025-02-13,SMB,490,0.1164
ORD-1946,2025-02-03,SMB,430,0.0967
ORD-1947,2025-02-25,SMB,635,0.0699
ORD-1948,2025-02-11,SMB,470,0.0832
ORD-1949,2025-02-01,SMB,571,0.1108
ORD-1950,2025-02-25,SMB,454,0.1049
ORD-1951,2025-02-03,SMB,680,0.1125
ORD-1952,2025-02-09,SMB,528,0.046
ORD-1953,2025-02-06,SMB,498,0.1173
ORD-1954,2025-02-01,SMB,477,0.1094
ORD-1955,2025-02-02,SMB,379,0.1377
ORD-1956,2025-02-03,SMB,487,0.0875
ORD-1957,2025-02-03,SMB,640,0.1265
ORD-1958,2025-02-04,SMB,444,0.0613
ORD-1959,2025-02-17,SMB,485,0.0985
ORD-1960,2025-02-25,SMB,482,0.0727
ORD-1961,2025-02-18,SMB,461,0.1204
ORD-1962,2025-02-14,SMB,449,0.1052
ORD-1963,2025-02-07,SMB,431,0.1523
ORD-1964,2025-02-02,SMB,542,0.1089
ORD-1965,2025-02-27,SMB,558,0.0952
ORD-1966,2025-02-19,SMB,664,0.128
ORD-1967,2025-02-07,SMB,510,0.1089
ORD-1968,2025-02-27,SMB,553,0.0995
ORD-1969,2025-02-21,SMB,454,0.1148
ORD-1970,2025-02-09,SMB,534,0.1403
ORD-1971,2025-02-23,SMB,477,0.0844
ORD-1972,2025-02-27,SMB,527,0.1172
ORD-1973,2025-02-25,SMB,480,0.1002
ORD-1974,2025-02-15,SMB,504,0.0928
ORD-1975,2025-02-22,SMB,577,0.0755
ORD-1976,2025-02-04,SMB,518,0.0974
ORD-1977,2025-02-01,SMB,547,0.0947
ORD-1978,2025-02-26,SMB,548,0.1098
ORD-1979,2025-02-04,SMB,474,0.106
ORD-1980,2025-02-28,SMB,597,0.0878
ORD-1981,2025-02-25,SMB,520,0.0851
ORD-1982,2025-02-11,SMB,599,0.0972
ORD-1983,2025-02-26,SMB,421,0.1091
ORD-1984,2025-02-28,SMB,475,0.1048
ORD-1985,2025-02-03,SMB,547,0.0952
ORD-1986,2025-02-20,SMB,436,0.0789
ORD-1987,2025-02-11,SMB,429,0.1002
ORD-1988,2025-02-11,SMB,443,0.0859
ORD-1989,2025-02-22,SMB,579,0.0585
ORD-1990,2025-02-08,SMB,533,0.0969
ORD-1991,2025-02-09,SMB,581,0.0994
ORD-1992,2025-02-05,SMB,643,0.1139
ORD-1993,2025-02-17,SMB,493,0.1004
ORD-1994,2025-02-04,SMB,583,0.073
ORD-1995,2025-02-25,SMB,418,0.1344
ORD-1996,2025-02-01,SMB,505,0.1018
ORD-1997,2025-02-17,SMB,560,0.1132
ORD-1998,2025-02-22,SMB,611,0.0811
ORD-1999,2025-02-08,SMB,554,0.063
ORD-2000,2025-03-05,Enterprise,620,0.4337
ORD-2001,2025-03-21,Enterprise,490,0.368
ORD-2002,2025-03-23,Enterprise,613,0.3954
ORD-2003,2025-03-11,Enterprise,440,0.3924
ORD-2004,2025-03-26,Enterprise,579,0.3982
ORD-2005,2025-03-03,Enterprise,625,0.4147
ORD-2006,2025-03-02,Enterprise,553,0.4099
ORD-2007,2025-03-19,Enterprise,436,0.368
ORD-2008,2025-03-04,Enterprise,556,0.3993
ORD-2009,2025-03-10,Enterprise,463,0.4138
ORD-2010,2025-03-28,Enterprise,655,0.4006
ORD-2011,2025-03-24,Enterprise,446,0.4175
ORD-2012,2025-03-15,Enterprise,582,0.3741
ORD-2013,2025-03-26,Enterprise,492,0.4026
ORD-2014,2025-03-15,Enterprise,491,0.3824
ORD-2015,2025-03-21,Enterprise,428,0.3694
ORD-2016,2025-03-23,Enterprise,403,0.3727
ORD-2017,2025-03-15,Enterprise,476,0.4088
ORD-2018,2025-03-25,Enterprise,521,0.4118
ORD-2019,2025-03-01,Enterprise,709,0.3868
ORD-2020,2025-03-27,Enterprise,523,0.4185
ORD-2021,2025-03-05,Enterprise,406,0.3515
ORD-2022,2025-03-08,Enterprise,508,0.4113
ORD-2023,2025-03-12,Enterprise,405,0.4251
ORD-2024,2025-03-15,Enterprise,422,0.4157
ORD-2025,2025-03-15,Enterprise,447,0.3928
ORD-2026,2025-03-24,Enterprise,457,0.4225
ORD-2027,2025-03-21,Enterprise,480,0.4373
ORD-2028,2025-03-24,Enterprise,534,0.4189
ORD-2029,2025-03-16,Enterprise,536,0.3889
ORD-2030,2025-03-21,Enterprise,690,0.3939
ORD-2031,2025-03-10,Enterprise,619,0.4364
ORD-2032,2025-03-16,Enterprise,393,0.3718
ORD-2033,2025-03-27,Enterprise,490,0.3785
ORD-2034,2025-03-03,Enterprise,491,0.4161
ORD-2035,2025-03-08,Enterprise,478,0.3707
ORD-2036,2025-03-27,Enterprise,553,0.4008
ORD-2037,2025-03-26,Enterprise,642,0.3708
ORD-2038,2025-03-26,Enterprise,588,0.3784
ORD-2039,2025-03-14,Enterprise,365,0.4206
ORD-2040,2025-03-11,Enterprise,349,0.4254
ORD-2041,2025-03-12,Enterprise,615,0.3903
ORD-2042,2025-03-04,Enterprise,481,0.4088
ORD-2043,2025-03-11,Enterprise,479,0.3759
ORD-2044,2025-03-24,Enterprise,553,0.3882
ORD-2045,2025-03-27,Enterprise,538,0.3974
ORD-2046,2025-03-23,Enterprise,703,0.402
ORD-2047,2025-03-20,Enterprise,507,0.4093
ORD-2048,2025-03-13,Enterprise,465,0.3799
ORD-2049,2025-03-13,Enterprise,484,0.4025
ORD-2050,2025-03-19,Enterprise,450,0.407
ORD-2051,2025-03-03,Enterprise,476,0.3842
ORD-2052,2025-03-11,Enterprise,530,0.4281
ORD-2053,2025-03-08,Enterprise,614,0.4103
ORD-2054,2025-03-08,Enterprise,526,0.3754
ORD-2055,2025-03-20,Enterprise,430,0.4098
ORD-2056,2025-03-03,Enterprise,495,0.424
ORD-2057,2025-03-15,Enterprise,504,0.4123
ORD-2058,2025-03-27,Enterprise,550,0.4063
ORD-2059,2025-03-05,Enterprise,474,0.4146
ORD-2060,2025-03-05,Enterprise,504,0.4088
ORD-2061,2025-03-01,Enterprise,508,0.4269
ORD-2062,2025-03-11,Enterprise,461,0.4004
ORD-2063,2025-03-02,Enterprise,541,0.4119
ORD-2064,2025-03-27,Enterprise,539,0.3851
ORD-2065,2025-03-22,Enterprise,613,0.408
ORD-2066,2025-03-28,Enterprise,440,0.4185
ORD-2067,2025-03-08,Enterprise,379,0.3974
ORD-2068,2025-03-01,Enterprise,541,0.4477
ORD-2069,2025-03-18,Enterprise,445,0.3749
ORD-2070,2025-03-17,Enterprise,517,0.4158
ORD-2071,2025-03-07,Enterprise,588,0.4034
ORD-2072,2025-03-03,Enterprise,479,0.4032
ORD-2073,2025-03-11,Enterprise,512,0.3862
ORD-2074,2025-03-02,Enterprise,488,0.4354
ORD-2075,2025-03-09,Enterprise,548,0.3591
ORD-2076,2025-03-06,Enterprise,579,0.4055
ORD-2077,2025-03-10,Enterprise,563,0.4069
ORD-2078,2025-03-19,Enterprise,533,0.4014
ORD-2079,2025-03-11,Enterprise,487,0.3957
ORD-2080,2025-03-07,Enterprise,561,0.4091
ORD-2081,2025-03-17,Enterprise,353,0.4082
ORD-2082,2025-03-26,Enterprise,387,0.4411
ORD-2083,2025-03-17,Enterprise,571,0.3976
ORD-2084,2025-03-19,Enterprise,597,0.3977
ORD-2085,2025-03-19,Enterprise,515,0.38
ORD-2086,2025-03-16,Enterprise,389,0.3945
ORD-2087,2025-03-17,Enterprise,569,0.3986
ORD-2088,2025-03-05,Enterprise,363,0.4128
ORD-2089,2025-03-07,Enterprise,372,0.3954
ORD-2090,2025-03-16,Enterprise,358,0.4153
ORD-2091,2025-03-14,Enterprise,386,0.4344
ORD-2092,2025-03-15,Enterprise,615,0.3969
ORD-2093,2025-03-15,Enterprise,489,0.3859
ORD-2094,2025-03-16,Enterprise,555,0.3715
ORD-2095,2025-03-23,Enterprise,555,0.3827
ORD-2096,2025-03-26,Enterprise,597,0.3898
ORD-2097,2025-03-03,Enterprise,351,0.3768
ORD-2098,2025-03-14,Enterprise,426,0.3746
ORD-2099,2025-03-11,Enterprise,419,0.4029
ORD-2100,2025-03-17,Enterprise,442,0.4022
ORD-2101,2025-03-25,Enterprise,308,0.3629
ORD-2102,2025-03-13,Enterprise,480,0.4248
ORD-2103,2025-03-15,Enterprise,639,0.3783
ORD-2104,2025-03-28,Enterprise,482,0.4309
ORD-2105,2025-03-28,Enterprise,503,0.3957
ORD-2106,2025-03-26,Enterprise,469,0.393
ORD-2107,2025-03-23,Enterprise,401,0.357
ORD-2108,2025-03-01,Enterprise,524,0.3949
ORD-2109,2025-03-07,Enterprise,456,0.4038
ORD-2110,2025-03-25,Enterprise,532,0.3612
ORD-2111,2025-03-01,Enterprise,761,0.3981
ORD-2112,2025-03-22,Enterprise,587,0.3982
ORD-2113,2025-03-23,Enterprise,458,0.4052
ORD-2114,2025-03-09,Enterprise,436,0.3913
ORD-2115,2025-03-23,Enterprise,444,0.4163
ORD-2116,2025-03-20,Enterprise,634,0.3718
ORD-2117,2025-03-01,Enterprise,410,0.417
ORD-2118,2025-03-16,Enterprise,389,0.4145
ORD-2119,2025-03-28,Enterprise,366,0.3798
ORD-2120,2025-03-23,Enterprise,637,0.3766
ORD-2121,2025-03-15,Enterprise,399,0.3906
ORD-2122,2025-03-25,Enterprise,617,0.4479
ORD-2123,2025-03-16,Enterprise,492,0.3908
ORD-2124,2025-03-05,Enterprise,458,0.4118
ORD-2125,2025-03-20,Enterprise,430,0.3835
ORD-2126,2025-03-06,Enterprise,463,0.3889
ORD-2127,2025-03-24,Enterprise,519,0.4169
ORD-2128,2025-03-07,Enterprise,469,0.3955
ORD-2129,2025-03-12,Enterprise,555,0.3855
ORD-2130,2025-03-28,Enterprise,493,0.3983
ORD-2131,2025-03-03,Enterprise,440,0.4258
ORD-2132,2025-03-17,Enterprise,598,0.4213
ORD-2133,2025-03-01,Enterprise,619,0.4174
ORD-2134,2025-03-02,Enterprise,387,0.3872
ORD-2135,2025-03-04,Enterprise,325,0.3852
ORD-2136,2025-03-10,Enterprise,466,0.4156
ORD-2137,2025-03-07,Enterprise,479,0.3697
ORD-2138,2025-03-10,Enterprise,381,0.4026
ORD-2139,2025-03-03,Enterprise,518,0.3905
ORD-2140,2025-03-15,Enterprise,529,0.3933
ORD-2141,2025-03-22,Enterprise,450,0.3839
ORD-2142,2025-03-26,Enterprise,409,0.4334
ORD-2143,2025-03-14,Enterprise,398,0.382
ORD-2144,2025-03-17,Enterprise,618,0.3802
ORD-2145,2025-03-24,Enterprise,344,0.4319
ORD-2146,2025-03-04,Enterprise,458,0.4058
ORD-2147,2025-03-17,Enterprise,558,0.3764
ORD-2148,2025-03-06,Enterprise,530,0.4158
ORD-2149,2025-03-15,Enterprise,553,0.4033
ORD-2150,2025-03-24,Enterprise,458,0.3646
ORD-2151,2025-03-14,Enterprise,511,0.3847
ORD-2152,2025-03-04,Enterprise,579,0.4363
ORD-2153,2025-03-19,Enterprise,545,0.4027
ORD-2154,2025-03-09,Enterprise,520,0.3935
ORD-2155,2025-03-24,Enterprise,660,0.4048
ORD-2156,2025-03-17,Enterprise,499,0.4047
ORD-2157,2025-03-11,Enterprise,455,0.3842
ORD-2158,2025-03-20,Enterprise,511,0.3939
ORD-2159,2025-03-18,Enterprise,336,0.428
ORD-2160,2025-03-24,Enterprise,452,0.3796
ORD-2161,2025-03-08,Enterprise,455,0.4181
ORD-2162,2025-03-28,Enterprise,558,0.4059
ORD-2163,2025-03-22,Enterprise,430,0.3949
ORD-2164,2025-03-08,Enterprise,507,0.375
ORD-2165,2025-03-15,Enterprise,523,0.4054
ORD-2166,2025-03-18,Enterprise,494,0.4028
ORD-2167,2025-03-18,Enterprise,486,0.4118
ORD-2168,2025-03-03,Enterprise,604,0.4112
ORD-2169,2025-03-25,Enterprise,498,0.4046
ORD-2170,2025-03-06,Enterprise,481,0.4017
ORD-2171,2025-03-23,Enterprise,393,0.3782
ORD-2172,2025-03-19,Enterprise,629,0.4141
ORD-2173,2025-03-12,Enterprise,476,0.419
ORD-2174,2025-03-03,Enterprise,569,0.4062
ORD-2175,2025-03-22,Enterprise,585,0.369
ORD-2176,2025-03-05,Enterprise,556,0.4444
ORD-2177,2025-03-17,Enterprise,614,0.4212
ORD-2178,2025-03-01,Enterprise,444,0.4231
ORD-2179,2025-03-01,Enterprise,509,0.4033
ORD-2180,2025-03-16,Enterprise,443,0.4486
ORD-2181,2025-03-10,Enterprise,438,0.3937
ORD-2182,2025-03-12,Enterprise,385,0.4043
ORD-2183,2025-03-15,Enterprise,405,0.3717
ORD-2184,2025-03-11,Enterprise,610,0.3804
ORD-2185,2025-03-22,Enterprise,522,0.4039
ORD-2186,2025-03-09,Enterprise,562,0.4127
ORD-2187,2025-03-18,Enterprise,483,0.4243
ORD-2188,2025-03-10,Enterprise,457,0.4105
ORD-2189,2025-03-26,Enterprise,364,0.4276
ORD-2190,2025-03-11,Enterprise,475,0.4226
ORD-2191,2025-03-24,Enterprise,501,0.417
ORD-2192,2025-03-03,Enterprise,597,0.3937
ORD-2193,2025-03-12,Enterprise,456,0.4226
ORD-2194,2025-03-06,Enterprise,468,0.3998
ORD-2195,2025-03-15,Enterprise,326,0.3689
ORD-2196,2025-03-05,Enterprise,541,0.4356
ORD-2197,2025-03-23,Enterprise,583,0.3912
ORD-2198,2025-03-11,Enterprise,473,0.3821
ORD-2199,2025-03-25,Enterprise,499,0.4127
ORD-2200,2025-03-16,Enterprise,340,0.4311
ORD-2201,2025-03-19,Enterprise,432,0.4065
ORD-2202,2025-03-14,Enterprise,418,0.3948
ORD-2203,2025-03-27,Enterprise,502,0.3796
ORD-2204,2025-03-12,Enterprise,494,0.4112
ORD-2205,2025-03-15,Enterprise,359,0.3876
ORD-2206,2025-03-09,Enterprise,416,0.4156
ORD-2207,2025-03-28,Enterprise,438,0.4226
ORD-2208,2025-03-25,Enterprise,619,0.4251
ORD-2209,2025-03-01,Enterprise,525,0.384
ORD-2210,2025-03-10,Enterprise,474,0.4076
ORD-2211,2025-03-11,Enterprise,383,0.4116
ORD-2212,2025-03-14,Enterprise,295,0.373
ORD-2213,2025-03-20,Enterprise,487,0.4124
ORD-2214,2025-03-12,Enterprise,458,0.3959
ORD-2215,2025-03-24,Enterprise,645,0.3921
ORD-2216,2025-03-25,Enterprise,580,0.3818
ORD-2217,2025-03-24,Enterprise,614,0.3714
ORD-2218,2025-03-19,Enterprise,570,0.4027
ORD-2219,2025-03-27,Enterprise,609,0.425
ORD-2220,2025-03-08,Enterprise,571,0.4201
ORD-2221,2025-03-20,Enterprise,491,0.4204
ORD-2222,2025-03-23,Enterprise,503,0.4131
ORD-2223,2025-03-15,Enterprise,480,0.3889
ORD-2224,2025-03-05,Enterprise,323,0.4283
ORD-2225,2025-03-24,Enterprise,477,0.3973
ORD-2226,2025-03-24,Enterprise,561,0.4224
ORD-2227,2025-03-08,Enterprise,417,0.3994
ORD-2228,2025-03-20,Enterprise,360,0.3869
ORD-2229,2025-03-24,Enterprise,497,0.4067
ORD-2230,2025-03-23,Enterprise,351,0.4061
ORD-2231,2025-03-14,Enterprise,451,0.4164
ORD-2232,2025-03-11,Enterprise,423,0.3859
ORD-2233,2025-03-02,Enterprise,479,0.4169
ORD-2234,2025-03-16,Enterprise,421,0.4101
ORD-2235,2025-03-11,Enterprise,447,0.3929
ORD-2236,2025-03-03,Enterprise,489,0.4038
ORD-2237,2025-03-21,Enterprise,589,0.3922
ORD-2238,2025-03-02,Enterprise,335,0.4332
ORD-2239,2025-03-04,Enterprise,476,0.4052
ORD-2240,2025-03-23,Enterprise,389,0.4018
ORD-2241,2025-03-17,Enterprise,429,0.4009
ORD-2242,2025-03-18,Enterprise,468,0.418
ORD-2243,2025-03-16,Enterprise,429,0.4112
ORD-2244,2025-03-11,Enterprise,424,0.3917
ORD-2245,2025-03-09,Enterprise,587,0.3749
ORD-2246,2025-03-21,Enterprise,542,0.4114
ORD-2247,2025-03-04,Enterprise,554,0.374
ORD-2248,2025-03-01,Enterprise,517,0.4239
ORD-2249,2025-03-20,Enterprise,448,0.4131
ORD-2250,2025-03-22,Enterprise,488,0.4151
ORD-2251,2025-03-03,Enterprise,462,0.4137
ORD-2252,2025-03-09,Enterprise,492,0.4184
ORD-2253,2025-03-25,Enterprise,543,0.4163
ORD-2254,2025-03-04,Enterprise,498,0.4112
ORD-2255,2025-03-17,Enterprise,622,0.3628
ORD-2256,2025-03-11,Enterprise,578,0.3581
ORD-2257,2025-03-24,Enterprise,469,0.42
ORD-2258,2025-03-13,Enterprise,598,0.3971
ORD-2259,2025-03-03,Enterprise,713,0.4286
ORD-2260,2025-03-09,Enterprise,566,0.373
ORD-2261,2025-03-06,Enterprise,516,0.4009
ORD-2262,2025-03-11,Enterprise,397,0.3961
ORD-2263,2025-03-03,Enterprise,463,0.3958
ORD-2264,2025-03-28,Enterprise,545,0.387
ORD-2265,2025-03-17,Enterprise,487,0.3972
ORD-2266,2025-03-04,Enterprise,514,0.4278
ORD-2267,2025-03-12,Enterprise,501,0.4154
ORD-2268,2025-03-07,Enterprise,369,0.3859
ORD-2269,2025-03-05,Enterprise,427,0.4111
ORD-2270,2025-03-08,Enterprise,518,0.3683
ORD-2271,2025-03-14,Enterprise,527,0.3966
ORD-2272,2025-03-11,Enterprise,527,0.3746
ORD-2273,2025-03-09,Enterprise,488,0.4212
ORD-2274,2025-03-09,Enterprise,422,0.4149
ORD-2275,2025-03-22,Enterprise,480,0.3914
ORD-2276,2025-03-05,Enterprise,456,0.3951
ORD-2277,2025-03-16,Enterprise,644,0.3874
ORD-2278,2025-03-18,Enterprise,411,0.4105
ORD-2279,2025-03-02,Enterprise,518,0.4065
ORD-2280,2025-03-23,Enterprise,406,0.3843
ORD-2281,2025-03-25,Enterprise,606,0.4072
ORD-2282,2025-03-19,Enterprise,455,0.4068
ORD-2283,2025-03-05,Enterprise,459,0.3873
ORD-2284,2025-03-07,Enterprise,540,0.3985
ORD-2285,2025-03-13,Enterprise,573,0.4266
ORD-2286,2025-03-24,Enterprise,498,0.4172
ORD-2287,2025-03-11,Enterprise,571,0.3972
ORD-2288,2025-03-24,Enterprise,453,0.3667
ORD-2289,2025-03-28,Enterprise,480,0.4295
ORD-2290,2025-03-25,Enterprise,528,0.3914
ORD-2291,2025-03-11,Enterprise,530,0.4273
ORD-2292,2025-03-15,Enterprise,499,0.3946
ORD-2293,2025-03-08,Enterprise,443,0.3675
ORD-2294,2025-03-05,Enterprise,506,0.3871
ORD-2295,2025-03-19,Enterprise,511,0.4017
ORD-2296,2025-03-26,Enterprise,534,0.3918
ORD-2297,2025-03-15,Enterprise,530,0.3911
ORD-2298,2025-03-02,Enterprise,539,0.3739
ORD-2299,2025-03-13,Enterprise,570,0.3925
ORD-2300,2025-03-20,Enterprise,544,0.4083
ORD-2301,2025-03-10,Enterprise,440,0.439
ORD-2302,2025-03-17,Enterprise,438,0.406
ORD-2303,2025-03-17,Enterprise,579,0.3852
ORD-2304,2025-03-01,Enterprise,529,0.3994
ORD-2305,2025-03-22,Enterprise,527,0.3774
ORD-2306,2025-03-10,Enterprise,575,0.3924
ORD-2307,2025-03-06,Enterprise,541,0.4014
ORD-2308,2025-03-16,Enterprise,613,0.391
ORD-2309,2025-03-12,Enterprise,567,0.3825
ORD-2310,2025-03-24,Enterprise,376,0.3676
ORD-2311,2025-03-05,Enterprise,330,0.3891
ORD-2312,2025-03-04,Enterprise,507,0.3946
ORD-2313,2025-03-02,Enterprise,568,0.4439
ORD-2314,2025-03-19,Enterprise,520,0.3842
ORD-2315,2025-03-16,Enterprise,597,0.4217
ORD-2316,2025-03-15,Enterprise,407,0.4552
ORD-2317,2025-03-02,Enterprise,656,0.4005
ORD-2318,2025-03-06,Enterprise,556,0.414
ORD-2319,2025-03-17,Enterprise,436,0.3904
ORD-2320,2025-03-06,Enterprise,568,0.4015
ORD-2321,2025-03-17,Enterprise,491,0.4319
ORD-2322,2025-03-18,Enterprise,431,0.4054
ORD-2323,2025-03-01,Enterprise,396,0.3982
ORD-2324,2025-03-23,Enterprise,428,0.4291
ORD-2325,2025-03-11,Enterprise,520,0.4161
ORD-2326,2025-03-27,Enterprise,610,0.3935
ORD-2327,2025-03-17,Enterprise,513,0.421
ORD-2328,2025-03-10,Enterprise,471,0.4399
ORD-2329,2025-03-10,Enterprise,498,0.3709
ORD-2330,2025-03-01,Enterprise,462,0.4158
ORD-2331,2025-03-28,Enterprise,437,0.3919
ORD-2332,2025-03-13,Enterprise,500,0.4111
ORD-2333,2025-03-10,Enterprise,606,0.4205
ORD-2334,2025-03-11,Enterprise,430,0.4217
ORD-2335,2025-03-12,Enterprise,434,0.3998
ORD-2336,2025-03-09,Enterprise,337,0.4214
ORD-2337,2025-03-19,Enterprise,412,0.4027
ORD-2338,2025-03-22,Enterprise,570,0.3965
ORD-2339,2025-03-14,Enterprise,478,0.4143
ORD-2340,2025-03-20,Enterprise,393,0.3867
ORD-2341,2025-03-11,Enterprise,456,0.3984
ORD-2342,2025-03-17,Enterprise,410,0.4141
ORD-2343,2025-03-01,Enterprise,503,0.441
ORD-2344,2025-03-27,Enterprise,527,0.3713
ORD-2345,2025-03-26,Enterprise,516,0.3714
ORD-2346,2025-03-27,Enterprise,594,0.3993
ORD-2347,2025-03-02,Enterprise,500,0.3827
ORD-2348,2025-03-21,Enterprise,747,0.3842
ORD-2349,2025-03-11,Enterprise,506,0.3963
ORD-2350,2025-03-22,Enterprise,628,0.3842
ORD-2351,2025-03-24,Enterprise,491,0.4393
ORD-2352,2025-03-23,Enterprise,600,0.4088
ORD-2353,2025-03-17,Enterprise,482,0.3983
ORD-2354,2025-03-09,Enterprise,402,0.4125
ORD-2355,2025-03-08,Enterprise,443,0.4183
ORD-2356,2025-03-18,Enterprise,587,0.3851
ORD-2357,2025-03-15,Enterprise,654,0.3648
ORD-2358,2025-03-28,Enterprise,465,0.4339
ORD-2359,2025-03-23,Enterprise,476,0.4263
ORD-2360,2025-03-06,Enterprise,470,0.3901
ORD-2361,2025-03-24,Enterprise,550,0.3965
ORD-2362,2025-03-01,Enterprise,425,0.4221
ORD-2363,2025-03-26,Enterprise,452,0.4174
ORD-2364,2025-03-08,Enterprise,516,0.4108
ORD-2365,2025-03-18,Enterprise,479,0.3819
ORD-2366,2025-03-28,Enterprise,401,0.3673
ORD-2367,2025-03-02,Enterprise,529,0.3712
ORD-2368,2025-03-11,Enterprise,517,0.3933
ORD-2369,2025-03-20,Enterprise,276,0.3974
ORD-2370,2025-03-20,Enterprise,440,0.3781
ORD-2371,2025-03-04,Enterprise,485,0.4379
ORD-2372,2025-03-14,Enterprise,454,0.4142
ORD-2373,2025-03-26,Enterprise,497,0.4334
ORD-2374,2025-03-03,Enterprise,468,0.4101
ORD-2375,2025-03-26,Enterprise,471,0.3902
ORD-2376,2025-03-09,Enterprise,482,0.4304
ORD-2377,2025-03-18,Enterprise,374,0.3774
ORD-2378,2025-03-17,Enterprise,603,0.3893
ORD-2379,2025-03-19,Enterprise,378,0.4137
ORD-2380,2025-03-28,Enterprise,524,0.438
ORD-2381,2025-03-09,Enterprise,501,0.4038
ORD-2382,2025-03-17,Enterprise,448,0.3745
ORD-2383,2025-03-04,Enterprise,463,0.4134
ORD-2384,2025-03-20,Enterprise,494,0.3755
ORD-2385,2025-03-01,Enterprise,597,0.4104
ORD-2386,2025-03-03,Enterprise,559,0.3846
ORD-2387,2025-03-15,Enterprise,592,0.4151
ORD-2388,2025-03-21,Enterprise,561,0.3952
ORD-2389,2025-03-09,Enterprise,532,0.3565
ORD-2390,2025-03-01,Enterprise,539,0.3846
ORD-2391,2025-03-28,Enterprise,539,0.4115
ORD-2392,2025-03-04,Enterprise,475,0.4337
ORD-2393,2025-03-16,Enterprise,461,0.4038
ORD-2394,2025-03-13,Enterprise,406,0.3829
ORD-2395,2025-03-01,Enterprise,512,0.4022
ORD-2396,2025-03-04,Enterprise,475,0.4031
ORD-2397,2025-03-10,Enterprise,422,0.4116
ORD-2398,2025-03-01,Enterprise,427,0.3938
ORD-2399,2025-03-01,Enterprise,571,0.4212
ORD-2400,2025-03-18,Enterprise,474,0.3977
ORD-2401,2025-03-05,Enterprise,532,0.4043
ORD-2402,2025-03-22,Enterprise,529,0.4176
ORD-2403,2025-03-12,Enterprise,492,0.3821
ORD-2404,2025-03-01,Enterprise,466,0.399
ORD-2405,2025-03-04,Enterprise,519,0.4058
ORD-2406,2025-03-07,Enterprise,342,0.4007
ORD-2407,2025-03-07,Enterprise,468,0.4089
ORD-2408,2025-03-07,Enterprise,469,0.4339
ORD-2409,2025-03-13,Enterprise,377,0.4221
ORD-2410,2025-03-14,Enterprise,472,0.3892
ORD-2411,2025-03-02,Enterprise,508,0.4073
ORD-2412,2025-03-08,Enterprise,567,0.3912
ORD-2413,2025-03-27,Enterprise,499,0.401
ORD-2414,2025-03-17,Enterprise,595,0.3751
ORD-2415,2025-03-25,Enterprise,580,0.3914
ORD-2416,2025-03-08,Enterprise,441,0.4081
ORD-2417,2025-03-27,Enterprise,491,0.3978
ORD-2418,2025-03-07,Enterprise,309,0.3871
ORD-2419,2025-03-19,Enterprise,404,0.4032
ORD-2420,2025-03-06,Enterprise,468,0.4064
ORD-2421,2025-03-06,Enterprise,476,0.3909
ORD-2422,2025-03-14,Enterprise,592,0.3961
ORD-2423,2025-03-12,Enterprise,402,0.4114
ORD-2424,2025-03-04,Enterprise,559,0.3799
ORD-2425,2025-03-28,Enterprise,689,0.3897
ORD-2426,2025-03-07,Enterprise,417,0.415
ORD-2427,2025-03-26,Enterprise,496,0.3766
ORD-2428,2025-03-10,Enterprise,407,0.4079
ORD-2429,2025-03-23,Enterprise,486,0.4011
ORD-2430,2025-03-24,Enterprise,585,0.4195
ORD-2431,2025-03-27,Enterprise,594,0.4328
ORD-2432,2025-03-24,Enterprise,552,0.3891
ORD-2433,2025-03-24,Enterprise,624,0.392
ORD-2434,2025-03-28,Enterprise,630,0.4063
ORD-2435,2025-03-15,Enterprise,460,0.4119
ORD-2436,2025-03-20,Enterprise,466,0.4271
ORD-2437,2025-03-02,Enterprise,479,0.4059
ORD-2438,2025-03-13,Enterprise,286,0.3798
ORD-2439,2025-03-08,Enterprise,530,0.4106
ORD-2440,2025-03-23,Enterprise,364,0.3885
ORD-2441,2025-03-02,Enterprise,699,0.4128
ORD-2442,2025-03-04,Enterprise,502,0.3791
ORD-2443,2025-03-01,Enterprise,534,0.3847
ORD-2444,2025-03-21,Enterprise,510,0.4174
ORD-2445,2025-03-16,Enterprise,405,0.4159
ORD-2446,2025-03-14,Enterprise,550,0.4187
ORD-2447,2025-03-01,Enterprise,400,0.4235
ORD-2448,2025-03-27,Enterprise,478,0.3965
ORD-2449,2025-03-06,Enterprise,409,0.3857
ORD-2450,2025-03-21,Enterprise,407,0.4021
ORD-2451,2025-03-07,Enterprise,325,0.382
ORD-2452,2025-03-09,Enterprise,601,0.4065
ORD-2453,2025-03-03,Enterprise,511,0.4213
ORD-2454,2025-03-16,Enterprise,548,0.4105
ORD-2455,2025-03-14,Enterprise,492,0.397
ORD-2456,2025-03-17,Enterprise,420,0.3957
ORD-2457,2025-03-11,Enterprise,630,0.4308
ORD-2458,2025-03-09,Enterprise,488,0.3666
ORD-2459,2025-03-11,Enterprise,499,0.3892
ORD-2460,2025-03-09,Enterprise,657,0.366
ORD-2461,2025-03-24,Enterprise,582,0.4184
ORD-2462,2025-03-20,Enterprise,608,0.3907
ORD-2463,2025-03-28,Enterprise,418,0.3992
ORD-2464,2025-03-16,Enterprise,506,0.4056
ORD-2465,2025-03-28,Enterprise,597,0.4061
ORD-2466,2025-03-18,Enterprise,517,0.4334
ORD-2467,2025-03-18,Enterprise,565,0.4212
ORD-2468,2025-03-08,Enterprise,499,0.4034
ORD-2469,2025-03-14,Enterprise,270,0.3862
ORD-2470,2025-03-25,Enterprise,341,0.3694
ORD-2471,2025-03-17,Enterprise,534,0.4063
ORD-2472,2025-03-28,Enterprise,451,0.3683
ORD-2473,2025-03-15,Enterprise,448,0.3941
ORD-2474,2025-03-15,Enterprise,532,0.3934
ORD-2475,2025-03-20,Enterprise,367,0.3741
ORD-2476,2025-03-05,Enterprise,482,0.4161
ORD-2477,2025-03-21,Enterprise,458,0.4057
ORD-2478,2025-03-04,Enterprise,655,0.4136
ORD-2479,2025-03-10,Enterprise,491,0.4144
ORD-2480,2025-03-25,Enterprise,445,0.3846
ORD-2481,2025-03-28,Enterprise,547,0.3949
ORD-2482,2025-03-10,Enterprise,483,0.4261
ORD-2483,2025-03-25,Enterprise,522,0.4415
ORD-2484,2025-03-04,Enterprise,493,0.3861
ORD-2485,2025-03-13,Enterprise,493,0.385
ORD-2486,2025-03-10,Enterprise,395,0.4047
ORD-2487,2025-03-27,Enterprise,690,0.3759
ORD-2488,2025-03-20,Enterprise,535,0.4041
ORD-2489,2025-03-01,Enterprise,554,0.4058
ORD-2490,2025-03-16,Enterprise,576,0.4048
ORD-2491,2025-03-02,Enterprise,532,0.3939
ORD-2492,2025-03-05,Enterprise,614,0.4003
ORD-2493,2025-03-24,Enterprise,520,0.3961
ORD-2494,2025-03-01,Enterprise,646,0.3438
ORD-2495,2025-03-22,Enterprise,436,0.4246
ORD-2496,2025-03-18,Enterprise,485,0.4014
ORD-2497,2025-03-08,Enterprise,522,0.4354
ORD-2498,2025-03-21,Enterprise,612,0.4257
ORD-2499,2025-03-20,Enterprise,525,0.41
ORD-2500,2025-03-22,Enterprise,444,0.3751
ORD-2501,2025-03-25,Enterprise,500,0.3921
ORD-2502,2025-03-04,Enterprise,480,0.3849
ORD-2503,2025-03-05,Enterprise,532,0.3913
ORD-2504,2025-03-27,Enterprise,472,0.3754
ORD-2505,2025-03-11,Enterprise,484,0.3978
ORD-2506,2025-03-20,Enterprise,423,0.4166
ORD-2507,2025-03-10,Enterprise,439,0.3803
ORD-2508,2025-03-10,Enterprise,508,0.3681
ORD-2509,2025-03-07,Enterprise,385,0.3989
ORD-2510,2025-03-03,Enterprise,486,0.4349
ORD-2511,2025-03-14,Enterprise,502,0.3803
ORD-2512,2025-03-28,Enterprise,448,0.3823
ORD-2513,2025-03-02,Enterprise,642,0.3732
ORD-2514,2025-03-19,Enterprise,515,0.3743
ORD-2515,2025-03-03,Enterprise,554,0.4046
ORD-2516,2025-03-06,Enterprise,405,0.4257
ORD-2517,2025-03-01,Enterprise,440,0.4338
ORD-2518,2025-03-11,Enterprise,482,0.3761
ORD-2519,2025-03-26,Enterprise,480,0.4124
ORD-2520,2025-03-19,Enterprise,639,0.361
ORD-2521,2025-03-05,Enterprise,627,0.3651
ORD-2522,2025-03-28,Enterprise,452,0.3982
ORD-2523,2025-03-07,Enterprise,440,0.4431
ORD-2524,2025-03-04,Enterprise,552,0.4345
ORD-2525,2025-03-01,Enterprise,522,0.3925
ORD-2526,2025-03-28,Enterprise,393,0.4047
ORD-2527,2025-03-24,Enterprise,552,0.4082
ORD-2528,2025-03-28,Enterprise,619,0.3957
ORD-2529,2025-03-25,Enterprise,606,0.4503
ORD-2530,2025-03-24,Enterprise,511,0.3974
ORD-2531,2025-03-18,Enterprise,621,0.3921
ORD-2532,2025-03-28,Enterprise,647,0.4157
ORD-2533,2025-03-14,Enterprise,238,0.402
ORD-2534,2025-03-24,Enterprise,365,0.3911
ORD-2535,2025-03-24,Enterprise,462,0.4171
ORD-2536,2025-03-19,Enterprise,488,0.4104
ORD-2537,2025-03-07,Enterprise,410,0.3553
ORD-2538,2025-03-04,Enterprise,526,0.3968
ORD-2539,2025-03-01,Enterprise,531,0.3949
ORD-2540,2025-03-14,Enterprise,603,0.4011
ORD-2541,2025-03-26,Enterprise,341,0.3709
ORD-2542,2025-03-02,Enterprise,546,0.3931
ORD-2543,2025-03-03,Enterprise,599,0.3963
ORD-2544,2025-03-03,Enterprise,545,0.3849
ORD-2545,2025-03-10,Enterprise,418,0.4005
ORD-2546,2025-03-15,Enterprise,376,0.3681
ORD-2547,2025-03-18,Enterprise,533,0.3973
ORD-2548,2025-03-12,Enterprise,417,0.3731
ORD-2549,2025-03-15,Enterprise,526,0.3826
ORD-2550,2025-03-27,Enterprise,508,0.4172
ORD-2551,2025-03-23,Enterprise,542,0.4281
ORD-2552,2025-03-23,Enterprise,495,0.3986
ORD-2553,2025-03-20,Enterprise,636,0.4293
ORD-2554,2025-03-18,Enterprise,539,0.407
ORD-2555,2025-03-28,Enterprise,583,0.3779
ORD-2556,2025-03-27,Enterprise,505,0.3848
ORD-2557,2025-03-19,Enterprise,555,0.4101
ORD-2558,2025-03-01,Enterprise,533,0.4035
ORD-2559,2025-03-16,Enterprise,486,0.3876
ORD-2560,2025-03-10,Enterprise,515,0.3775
ORD-2561,2025-03-20,Enterprise,576,0.3999
ORD-2562,2025-03-19,Enterprise,430,0.3887
ORD-2563,2025-03-10,Enterprise,399,0.4065
ORD-2564,2025-03-11,Enterprise,471,0.3702
ORD-2565,2025-03-12,Enterprise,571,0.4091
ORD-2566,2025-03-06,Enterprise,436,0.3898
ORD-2567,2025-03-06,Enterprise,328,0.4171
ORD-2568,2025-03-16,Enterprise,515,0.4058
ORD-2569,2025-03-12,Enterprise,298,0.3791
ORD-2570,2025-03-09,Enterprise,583,0.401
ORD-2571,2025-03-22,Enterprise,675,0.3831
ORD-2572,2025-03-08,Enterprise,550,0.3909
ORD-2573,2025-03-18,Enterprise,639,0.3716
ORD-2574,2025-03-01,Enterprise,528,0.4009
ORD-2575,2025-03-13,Enterprise,586,0.4183
ORD-2576,2025-03-11,Enterprise,440,0.4317
ORD-2577,2025-03-08,Enterprise,572,0.3883
ORD-2578,2025-03-01,Enterprise,665,0.4028
ORD-2579,2025-03-20,Enterprise,494,0.3969
ORD-2580,2025-03-07,Enterprise,502,0.3751
ORD-2581,2025-03-10,Enterprise,570,0.4067
ORD-2582,2025-03-14,Enterprise,463,0.4017
ORD-2583,2025-03-21,Enterprise,515,0.4014
ORD-2584,2025-03-07,Enterprise,382,0.3729
ORD-2585,2025-03-14,Enterprise,575,0.3683
ORD-2586,2025-03-17,Enterprise,524,0.386
ORD-2587,2025-03-23,Enterprise,526,0.432
ORD-2588,2025-03-10,Enterprise,394,0.4024
ORD-2589,2025-03-25,Enterprise,476,0.3803
ORD-2590,2025-03-28,Enterprise,397,0.3981
ORD-2591,2025-03-02,Enterprise,678,0.4089
ORD-2592,2025-03-18,Enterprise,441,0.4132
ORD-2593,2025-03-07,Enterprise,443,0.3874
ORD-2594,2025-03-13,Enterprise,514,0.4192
ORD-2595,2025-03-09,Enterprise,537,0.4357
ORD-2596,2025-03-27,Enterprise,608,0.4316
ORD-2597,2025-03-18,Enterprise,341,0.4117
ORD-2598,2025-03-23,Enterprise,334,0.4054
ORD-2599,2025-03-18,Enterprise,405,0.3939
ORD-2600,2025-03-02,Enterprise,436,0.388
ORD-2601,2025-03-24,Enterprise,571,0.3679
ORD-2602,2025-03-10,Enterprise,484,0.3735
ORD-2603,2025-03-07,Enterprise,518,0.4122
ORD-2604,2025-03-25,Enterprise,427,0.4276
ORD-2605,2025-03-03,Enterprise,548,0.3773
ORD-2606,2025-03-27,Enterprise,607,0.4236
ORD-2607,2025-03-03,Enterprise,331,0.3805
ORD-2608,2025-03-28,Enterprise,576,0.4197
ORD-2609,2025-03-09,Enterprise,511,0.3711
ORD-2610,2025-03-25,Enterprise,436,0.4117
ORD-2611,2025-03-11,Enterprise,552,0.4079
ORD-2612,2025-03-06,Enterprise,508,0.3923
ORD-2613,2025-03-19,Enterprise,432,0.4055
ORD-2614,2025-03-12,Enterprise,503,0.3934
ORD-2615,2025-03-12,Enterprise,532,0.415
ORD-2616,2025-03-07,Enterprise,441,0.4454
ORD-2617,2025-03-27,Enterprise,434,0.3777
ORD-2618,2025-03-16,Enterprise,453,0.3836
ORD-2619,2025-03-03,Enterprise,512,0.4233
ORD-2620,2025-03-23,Enterprise,500,0.3867
ORD-2621,2025-03-20,Enterprise,482,0.4324
ORD-2622,2025-03-08,Enterprise,545,0.4009
ORD-2623,2025-03-23,Enterprise,459,0.4033
ORD-2624,2025-03-04,Enterprise,494,0.4024
ORD-2625,2025-03-04,Enterprise,509,0.3728
ORD-2626,2025-03-28,Enterprise,491,0.4429
ORD-2627,2025-03-06,Enterprise,337,0.4096
ORD-2628,2025-03-15,Enterprise,456,0.3882
ORD-2629,2025-03-15,Enterprise,368,0.4095
ORD-2630,2025-03-25,Enterprise,452,0.4453
ORD-2631,2025-03-08,Enterprise,510,0.3809
ORD-2632,2025-03-12,Enterprise,449,0.412
ORD-2633,2025-03-26,Enterprise,450,0.3922
ORD-2634,2025-03-06,Enterprise,670,0.3888
ORD-2635,2025-03-03,Enterprise,535,0.4309
ORD-2636,2025-03-12,Enterprise,563,0.4145
ORD-2637,2025-03-28,Enterprise,499,0.3816
ORD-2638,2025-03-24,Enterprise,449,0.3867
ORD-2639,2025-03-16,Enterprise,560,0.42
ORD-2640,2025-03-02,Enterprise,451,0.3616
ORD-2641,2025-03-22,Enterprise,442,0.4421
ORD-2642,2025-03-26,Enterprise,481,0.412
ORD-2643,2025-03-02,Enterprise,400,0.4022
ORD-2644,2025-03-13,Enterprise,537,0.3909
ORD-2645,2025-03-08,Enterprise,536,0.4126
ORD-2646,2025-03-05,Enterprise,520,0.422
ORD-2647,2025-03-28,Enterprise,628,0.4214
ORD-2648,2025-03-17,Enterprise,384,0.364
ORD-2649,2025-03-17,Enterprise,377,0.3705
ORD-2650,2025-03-25,Enterprise,577,0.3711
ORD-2651,2025-03-12,Enterprise,480,0.3761
ORD-2652,2025-03-14,Enterprise,620,0.3848
ORD-2653,2025-03-17,Enterprise,495,0.446
ORD-2654,2025-03-19,Enterprise,659,0.4269
ORD-2655,2025-03-19,Enterprise,410,0.4048
ORD-2656,2025-03-14,Enterprise,566,0.398
ORD-2657,2025-03-21,Enterprise,409,0.4048
ORD-2658,2025-03-11,Enterprise,683,0.361
ORD-2659,2025-03-28,Enterprise,338,0.4005
ORD-2660,2025-03-03,Enterprise,485,0.4272
ORD-2661,2025-03-16,Enterprise,454,0.4066
ORD-2662,2025-03-11,Enterprise,422,0.3892
ORD-2663,2025-03-22,Enterprise,607,0.3978
ORD-2664,2025-03-19,Enterprise,556,0.3984
ORD-2665,2025-03-09,Enterprise,445,0.4135
ORD-2666,2025-03-18,Enterprise,495,0.391
ORD-2667,2025-03-15,Enterprise,608,0.3688
ORD-2668,2025-03-05,Enterprise,471,0.3649
ORD-2669,2025-03-10,Enterprise,527,0.4427
ORD-2670,2025-03-21,Enterprise,444,0.4036
ORD-2671,2025-03-22,Enterprise,503,0.4132
ORD-2672,2025-03-02,Enterprise,570,0.4074
ORD-2673,2025-03-25,Enterprise,506,0.3913
ORD-2674,2025-03-21,Enterprise,565,0.3798
ORD-2675,2025-03-17,Enterprise,659,0.3804
ORD-2676,2025-03-18,Enterprise,542,0.3782
ORD-2677,2025-03-23,Enterprise,504,0.427
ORD-2678,2025-03-20,Enterprise,436,0.4026
ORD-2679,2025-03-07,Enterprise,544,0.3854
ORD-2680,2025-03-25,Enterprise,462,0.428
ORD-2681,2025-03-04,Enterprise,524,0.4001
ORD-2682,2025-03-14,Enterprise,513,0.4061
ORD-2683,2025-03-16,Enterprise,491,0.4169
ORD-2684,2025-03-20,Enterprise,594,0.3654
ORD-2685,2025-03-21,Enterprise,453,0.4104
ORD-2686,2025-03-19,Enterprise,566,0.4326
ORD-2687,2025-03-07,Enterprise,485,0.4008
ORD-2688,2025-03-15,Enterprise,486,0.4372
ORD-2689,2025-03-17,Enterprise,454,0.4142
ORD-2690,2025-03-26,Enterprise,545,0.4278
ORD-2691,2025-03-27,Enterprise,500,0.4341
ORD-2692,2025-03-21,Enterprise,621,0.4124
ORD-2693,2025-03-13,Enterprise,407,0.4246
ORD-2694,2025-03-13,Enterprise,519,0.3728
ORD-2695,2025-03-08,Enterprise,486,0.3721
ORD-2696,2025-03-04,Enterprise,421,0.3822
ORD-2697,2025-03-06,Enterprise,625,0.3943
ORD-2698,2025-03-19,Enterprise,491,0.4084
ORD-2699,2025-03-10,Enterprise,230,0.4196
ORD-2700,2025-03-19,SMB,509,0.1428
ORD-2701,2025-03-06,SMB,312,0.0785
ORD-2702,2025-03-12,SMB,502,0.0946
ORD-2703,2025-03-05,SMB,433,0.1217
ORD-2704,2025-03-15,SMB,622,0.119
ORD-2705,2025-03-25,SMB,480,0.1436
ORD-2706,2025-03-26,SMB,392,0.1196
ORD-2707,2025-03-05,SMB,495,0.093
ORD-2708,2025-03-08,SMB,540,0.0999
ORD-2709,2025-03-19,SMB,529,0.0598
ORD-2710,2025-03-04,SMB,522,0.0698
ORD-2711,2025-03-04,SMB,551,0.1012
ORD-2712,2025-03-20,SMB,291,0.0876
ORD-2713,2025-03-28,SMB,329,0.1104
ORD-2714,2025-03-08,SMB,579,0.0839
ORD-2715,2025-03-23,SMB,372,0.1171
ORD-2716,2025-03-12,SMB,562,0.076
ORD-2717,2025-03-07,SMB,534,0.099
ORD-2718,2025-03-17,SMB,532,0.0587
ORD-2719,2025-03-11,SMB,499,0.0547
ORD-2720,2025-03-26,SMB,558,0.0877
ORD-2721,2025-03-22,SMB,456,0.0858
ORD-2722,2025-03-13,SMB,427,0.1033
ORD-2723,2025-03-06,SMB,520,0.0895
ORD-2724,2025-03-26,SMB,436,0.0439
ORD-2725,2025-03-17,SMB,468,0.1048
ORD-2726,2025-03-05,SMB,473,0.1144
ORD-2727,2025-03-28,SMB,497,0.0926
ORD-2728,2025-03-20,SMB,466,0.1006
ORD-2729,2025-03-23,SMB,376,0.1128
ORD-2730,2025-03-06,SMB,440,0.0728
ORD-2731,2025-03-13,SMB,538,0.1076
ORD-2732,2025-03-09,SMB,467,0.088
ORD-2733,2025-03-15,SMB,578,0.0802
ORD-2734,2025-03-04,SMB,583,0.1061
ORD-2735,2025-03-12,SMB,431,0.1352
ORD-2736,2025-03-15,SMB,448,0.0986
ORD-2737,2025-03-21,SMB,540,0.1393
ORD-2738,2025-03-03,SMB,499,0.1098
ORD-2739,2025-03-09,SMB,506,0.0809
ORD-2740,2025-03-25,SMB,543,0.0986
ORD-2741,2025-03-04,SMB,478,0.0893
ORD-2742,2025-03-27,SMB,509,0.0939
ORD-2743,2025-03-10,SMB,443,0.0987
ORD-2744,2025-03-19,SMB,452,0.1111
ORD-2745,2025-03-03,SMB,553,0.0829
ORD-2746,2025-03-14,SMB,466,0.1149
ORD-2747,2025-03-10,SMB,304,0.1033
ORD-2748,2025-03-18,SMB,281,0.1162
ORD-2749,2025-03-05,SMB,301,0.1152
ORD-2750,2025-03-23,SMB,429,0.1094
ORD-2751,2025-03-23,SMB,517,0.1307
ORD-2752,2025-03-20,SMB,642,0.0856
ORD-2753,2025-03-26,SMB,458,0.087
ORD-2754,2025-03-16,SMB,462,0.0978
ORD-2755,2025-03-21,SMB,595,0.1281
ORD-2756,2025-03-22,SMB,470,0.1113
ORD-2757,2025-03-03,SMB,492,0.1142
ORD-2758,2025-03-02,SMB,615,0.0273
ORD-2759,2025-03-08,SMB,523,0.1161
ORD-2760,2025-03-27,SMB,410,0.105
ORD-2761,2025-03-22,SMB,550,0.112
ORD-2762,2025-03-27,SMB,408,0.0839
ORD-2763,2025-03-17,SMB,501,0.1318
ORD-2764,2025-03-19,SMB,522,0.1296
ORD-2765,2025-03-18,SMB,484,0.0767
ORD-2766,2025-03-24,SMB,497,0.1334
ORD-2767,2025-03-25,SMB,577,0.0929
ORD-2768,2025-03-23,SMB,569,0.1045
ORD-2769,2025-03-01,SMB,486,0.1113
ORD-2770,2025-03-06,SMB,469,0.1192
ORD-2771,2025-03-01,SMB,415,0.1437
ORD-2772,2025-03-11,SMB,480,0.1066
ORD-2773,2025-03-12,SMB,472,0.1018
ORD-2774,2025-03-25,SMB,553,0.1286
ORD-2775,2025-03-16,SMB,557,0.1095
ORD-2776,2025-03-08,SMB,463,0.113
ORD-2777,2025-03-04,SMB,723,0.1625
ORD-2778,2025-03-16,SMB,494,0.1175
ORD-2779,2025-03-03,SMB,410,0.1031
ORD-2780,2025-03-27,SMB,547,0.0998
ORD-2781,2025-03-22,SMB,758,0.0956
ORD-2782,2025-03-12,SMB,443,0.0878
ORD-2783,2025-03-24,SMB,536,0.1157
ORD-2784,2025-03-08,SMB,519,0.0866
ORD-2785,2025-03-27,SMB,513,0.1167
ORD-2786,2025-03-05,SMB,425,0.0908
ORD-2787,2025-03-05,SMB,639,0.1027
ORD-2788,2025-03-16,SMB,496,0.1023
ORD-2789,2025-03-19,SMB,511,0.1025
ORD-2790,2025-03-25,SMB,602,0.0728
ORD-2791,2025-03-05,SMB,655,0.1272
ORD-2792,2025-03-22,SMB,432,0.1001
ORD-2793,2025-03-04,SMB,476,0.0792
ORD-2794,2025-03-05,SMB,547,0.1347
ORD-2795,2025-03-26,SMB,588,0.1109
ORD-2796,2025-03-10,SMB,455,0.0868
ORD-2797,2025-03-24,SMB,622,0.106
ORD-2798,2025-03-19,SMB,545,0.1179
ORD-2799,2025-03-04,SMB,552,0.0816
ORD-2800,2025-03-17,SMB,413,0.1077
ORD-2801,2025-03-16,SMB,478,0.0597
ORD-2802,2025-03-19,SMB,486,0.0945
ORD-2803,2025-03-21,SMB,591,0.1276
ORD-2804,2025-03-25,SMB,555,0.1347
ORD-2805,2025-03-24,SMB,516,0.1093
ORD-2806,2025-03-04,SMB,523,0.1006
ORD-2807,2025-03-14,SMB,456,0.0898
ORD-2808,2025-03-15,SMB,530,0.0825
ORD-2809,2025-03-26,SMB,388,0.1032
ORD-2810,2025-03-05,SMB,434,0.078
ORD-2811,2025-03-01,SMB,590,0.1141
ORD-2812,2025-03-18,SMB,470,0.1292
ORD-2813,2025-03-17,SMB,534,0.1113
ORD-2814,2025-03-21,SMB,542,0.1113
ORD-2815,2025-03-28,SMB,460,0.1282
ORD-2816,2025-03-26,SMB,550,0.0727
ORD-2817,2025-03-08,SMB,481,0.0772
ORD-2818,2025-03-07,SMB,514,0.0728
ORD-2819,2025-03-06,SMB,425,0.0766
ORD-2820,2025-03-25,SMB,401,0.1421
ORD-2821,2025-03-26,SMB,426,0.1252
ORD-2822,2025-03-27,SMB,551,0.0646
ORD-2823,2025-03-11,SMB,468,0.1263
ORD-2824,2025-03-26,SMB,604,0.1084
ORD-2825,2025-03-16,SMB,606,0.0986
ORD-2826,2025-03-12,SMB,515,0.1123
ORD-2827,2025-03-17,SMB,542,0.0999
ORD-2828,2025-03-10,SMB,600,0.0997
ORD-2829,2025-03-27,SMB,502,0.1099
ORD-2830,2025-03-12,SMB,474,0.1219
ORD-2831,2025-03-26,SMB,606,0.1112
ORD-2832,2025-03-24,SMB,651,0.1244
ORD-2833,2025-03-01,SMB,410,0.1175
ORD-2834,2025-03-20,SMB,538,0.096
ORD-2835,2025-03-12,SMB,562,0.1176
ORD-2836,2025-03-07,SMB,480,0.1078
ORD-2837,2025-03-13,SMB,523,0.0888
ORD-2838,2025-03-22,SMB,551,0.1047
ORD-2839,2025-03-09,SMB,410,0.1144
ORD-2840,2025-03-10,SMB,503,0.0876
ORD-2841,2025-03-21,SMB,548,0.0787
ORD-2842,2025-03-12,SMB,656,0.1017
ORD-2843,2025-03-14,SMB,513,0.1161
ORD-2844,2025-03-15,SMB,485,0.1273
ORD-2845,2025-03-15,SMB,458,0.1063
ORD-2846,2025-03-27,SMB,592,0.1275
ORD-2847,2025-03-06,SMB,429,0.0872
ORD-2848,2025-03-23,SMB,441,0.1272
ORD-2849,2025-03-28,SMB,590,0.1062
ORD-2850,2025-03-25,SMB,391,0.1206
ORD-2851,2025-03-04,SMB,367,0.1306
ORD-2852,2025-03-22,SMB,473,0.0999
ORD-2853,2025-03-25,SMB,460,0.0769
ORD-2854,2025-03-11,SMB,446,0.1132
ORD-2855,2025-03-04,SMB,429,0.0747
ORD-2856,2025-03-16,SMB,451,0.0933
ORD-2857,2025-03-28,SMB,660,0.0624
ORD-2858,2025-03-01,SMB,497,0.1079
ORD-2859,2025-03-06,SMB,483,0.1156
ORD-2860,2025-03-22,SMB,529,0.1135
ORD-2861,2025-03-05,SMB,532,0.0843
ORD-2862,2025-03-12,SMB,504,0.0926
ORD-2863,2025-03-04,SMB,609,0.1092
ORD-2864,2025-03-24,SMB,505,0.1254
ORD-2865,2025-03-16,SMB,584,0.08
ORD-2866,2025-03-01,SMB,526,0.0913
ORD-2867,2025-03-28,SMB,504,0.088
ORD-2868,2025-03-20,SMB,392,0.0727
ORD-2869,2025-03-20,SMB,463,0.0752
ORD-2870,2025-03-18,SMB,502,0.1264
ORD-2871,2025-03-26,SMB,474,0.0906
ORD-2872,2025-03-08,SMB,576,0.0977
ORD-2873,2025-03-01,SMB,513,0.0931
ORD-2874,2025-03-14,SMB,444,0.1115
ORD-2875,2025-03-06,SMB,482,0.1153
ORD-2876,2025-03-03,SMB,580,0.0838
ORD-2877,2025-03-10,SMB,530,0.1141
ORD-2878,2025-03-12,SMB,520,0.1185
ORD-2879,2025-03-04,SMB,619,0.0915
ORD-2880,2025-03-28,SMB,399,0.1548
ORD-2881,2025-03-24,SMB,640,0.0998
ORD-2882,2025-03-09,SMB,476,0.1196
ORD-2883,2025-03-10,SMB,560,0.1025
ORD-2884,2025-03-14,SMB,495,0.0925
ORD-2885,2025-03-07,SMB,476,0.1233
ORD-2886,2025-03-10,SMB,478,0.102
ORD-2887,2025-03-13,SMB,490,0.0956
ORD-2888,2025-03-12,SMB,630,0.0914
ORD-2889,2025-03-15,SMB,679,0.118
ORD-2890,2025-03-22,SMB,436,0.07
ORD-2891,2025-03-01,SMB,492,0.1013
ORD-2892,2025-03-02,SMB,547,0.1137
ORD-2893,2025-03-21,SMB,616,0.0901
ORD-2894,2025-03-03,SMB,506,0.1061
ORD-2895,2025-03-15,SMB,406,0.1001
ORD-2896,2025-03-27,SMB,516,0.0999
ORD-2897,2025-03-26,SMB,575,0.0935
ORD-2898,2025-03-08,SMB,473,0.1049
ORD-2899,2025-03-03,SMB,582,0.0806
ORD-2900,2025-03-24,SMB,691,0.0882
ORD-2901,2025-03-20,SMB,496,0.1002
ORD-2902,2025-03-20,SMB,501,0.095
ORD-2903,2025-03-12,SMB,534,0.1188
ORD-2904,2025-03-28,SMB,581,0.1188
ORD-2905,2025-03-11,SMB,544,0.0916
ORD-2906,2025-03-10,SMB,376,0.0952
ORD-2907,2025-03-08,SMB,492,0.1553
ORD-2908,2025-03-07,SMB,463,0.0889
ORD-2909,2025-03-12,SMB,602,0.0948
ORD-2910,2025-03-15,SMB,635,0.1009
ORD-2911,2025-03-06,SMB,581,0.0927
ORD-2912,2025-03-13,SMB,494,0.0914
ORD-2913,2025-03-18,SMB,376,0.0902
ORD-2914,2025-03-09,SMB,598,0.1305
ORD-2915,2025-03-11,SMB,567,0.1023
ORD-2916,2025-03-16,SMB,462,0.131
ORD-2917,2025-03-06,SMB,473,0.0942
ORD-2918,2025-03-20,SMB,547,0.0762
ORD-2919,2025-03-11,SMB,473,0.1316
ORD-2920,2025-03-08,SMB,528,0.0903
ORD-2921,2025-03-19,SMB,521,0.1006
ORD-2922,2025-03-04,SMB,553,0.1362
ORD-2923,2025-03-02,SMB,463,0.0877
ORD-2924,2025-03-19,SMB,540,0.1338
ORD-2925,2025-03-22,SMB,680,0.113
ORD-2926,2025-03-05,SMB,318,0.0613
ORD-2927,2025-03-03,SMB,580,0.0721
ORD-2928,2025-03-02,SMB,392,0.0791
ORD-2929,2025-03-10,SMB,584,0.1183
ORD-2930,2025-03-05,SMB,412,0.0818
ORD-2931,2025-03-04,SMB,499,0.0891
ORD-2932,2025-03-03,SMB,510,0.0986
ORD-2933,2025-03-18,SMB,347,0.0852
ORD-2934,2025-03-26,SMB,629,0.1099
ORD-2935,2025-03-11,SMB,409,0.0916
ORD-2936,2025-03-11,SMB,518,0.1143
ORD-2937,2025-03-05,SMB,593,0.1104
ORD-2938,2025-03-18,SMB,463,0.123
ORD-2939,2025-03-02,SMB,426,0.1048
ORD-2940,2025-03-25,SMB,381,0.1204
ORD-2941,2025-03-19,SMB,483,0.1374
ORD-2942,2025-03-28,SMB,486,0.0533
ORD-2943,2025-03-25,SMB,476,0.1341
ORD-2944,2025-03-26,SMB,374,0.0953
ORD-2945,2025-03-19,SMB,428,0.1127
ORD-2946,2025-03-19,SMB,584,0.0932
ORD-2947,2025-03-09,SMB,410,0.1003
ORD-2948,2025-03-27,SMB,519,0.0766
ORD-2949,2025-03-25,SMB,516,0.1126
ORD-2950,2025-03-08,SMB,403,0.0976
ORD-2951,2025-03-16,SMB,558,0.0902
ORD-2952,2025-03-19,SMB,551,0.0852
ORD-2953,2025-03-08,SMB,434,0.0897
ORD-2954,2025-03-19,SMB,535,0.0848
ORD-2955,2025-03-17,SMB,549,0.0797
ORD-2956,2025-03-07,SMB,487,0.135
ORD-2957,2025-03-21,SMB,445,0.1105
ORD-2958,2025-03-24,SMB,496,0.1014
ORD-2959,2025-03-27,SMB,525,0.0707
ORD-2960,2025-03-28,SMB,372,0.115
ORD-2961,2025-03-07,SMB,640,0.0984
ORD-2962,2025-03-04,SMB,602,0.0829
ORD-2963,2025-03-11,SMB,496,0.0904
ORD-2964,2025-03-27,SMB,527,0.0625
ORD-2965,2025-03-27,SMB,517,0.0747
ORD-2966,2025-03-16,SMB,479,0.1038
ORD-2967,2025-03-24,SMB,536,0.1137
ORD-2968,2025-03-03,SMB,492,0.1005
ORD-2969,2025-03-26,SMB,488,0.0721
ORD-2970,2025-03-15,SMB,541,0.065
ORD-2971,2025-03-03,SMB,410,0.0948
ORD-2972,2025-03-23,SMB,526,0.076
ORD-2973,2025-03-03,SMB,653,0.1192
ORD-2974,2025-03-23,SMB,461,0.1446
ORD-2975,2025-03-17,SMB,534,0.103
ORD-2976,2025-03-20,SMB,471,0.1466
ORD-2977,2025-03-06,SMB,448,0.1174
ORD-2978,2025-03-14,SMB,445,0.0878
ORD-2979,2025-03-19,SMB,477,0.0687
ORD-2980,2025-03-21,SMB,686,0.0875
ORD-2981,2025-03-06,SMB,460,0.1486
ORD-2982,2025-03-17,SMB,450,0.1324
ORD-2983,2025-03-04,SMB,537,0.0957
ORD-2984,2025-03-08,SMB,588,0.1166
ORD-2985,2025-03-20,SMB,563,0.1081
ORD-2986,2025-03-20,SMB,559,0.1239
ORD-2987,2025-03-25,SMB,539,0.0608
ORD-2988,2025-03-09,SMB,430,0.0967
ORD-2989,2025-03-05,SMB,475,0.079
ORD-2990,2025-03-03,SMB,539,0.095
ORD-2991,2025-03-25,SMB,636,0.0789
ORD-2992,2025-03-16,SMB,480,0.0622
ORD-2993,2025-03-19,SMB,518,0.0898
ORD-2994,2025-03-21,SMB,383,0.1055
ORD-2995,2025-03-28,SMB,554,0.0899
ORD-2996,2025-03-05,SMB,602,0.1093
ORD-2997,2025-03-23,SMB,520,0.0955
ORD-2998,2025-03-27,SMB,525,0.0995
ORD-2999,2025-03-16,SMB,613,0.1042
ORD-3000,2025-04-10,Enterprise,459,0.4495
ORD-3001,2025-04-19,Enterprise,503,0.4479
ORD-3002,2025-04-04,Enterprise,427,0.4317
ORD-3003,2025-04-14,Enterprise,572,0.4412
ORD-3004,2025-04-17,Enterprise,430,0.4375
ORD-3005,2025-04-24,Enterprise,466,0.4463
ORD-3006,2025-04-10,Enterprise,505,0.4129
ORD-3007,2025-04-01,Enterprise,471,0.4236
ORD-3008,2025-04-11,Enterprise,674,0.4776
ORD-3009,2025-04-24,Enterprise,444,0.4178
ORD-3010,2025-04-26,Enterprise,556,0.4294
ORD-3011,2025-04-07,Enterprise,385,0.4388
ORD-3012,2025-04-22,Enterprise,387,0.4623
ORD-3013,2025-04-10,Enterprise,722,0.4326
ORD-3014,2025-04-16,Enterprise,424,0.4351
ORD-3015,2025-04-03,Enterprise,577,0.4514
ORD-3016,2025-04-02,Enterprise,502,0.416
ORD-3017,2025-04-15,Enterprise,529,0.4294
ORD-3018,2025-04-01,Enterprise,526,0.4507
ORD-3019,2025-04-26,Enterprise,546,0.4288
ORD-3020,2025-04-11,Enterprise,629,0.4384
ORD-3021,2025-04-05,Enterprise,483,0.4394
ORD-3022,2025-04-07,Enterprise,705,0.4589
ORD-3023,2025-04-14,Enterprise,564,0.3911
ORD-3024,2025-04-05,Enterprise,624,0.4576
ORD-3025,2025-04-27,Enterprise,353,0.4456
ORD-3026,2025-04-02,Enterprise,659,0.4565
ORD-3027,2025-04-02,Enterprise,375,0.427
ORD-3028,2025-04-23,Enterprise,504,0.437
ORD-3029,2025-04-05,Enterprise,523,0.3935
ORD-3030,2025-04-20,Enterprise,354,0.4344
ORD-3031,2025-04-25,Enterprise,555,0.4556
ORD-3032,2025-04-19,Enterprise,500,0.4382
ORD-3033,2025-04-05,Enterprise,572,0.4064
ORD-3034,2025-04-20,Enterprise,510,0.4175
ORD-3035,2025-04-17,Enterprise,402,0.4664
ORD-3036,2025-04-23,Enterprise,518,0.4281
ORD-3037,2025-04-02,Enterprise,478,0.4353
ORD-3038,2025-04-13,Enterprise,378,0.4738
ORD-3039,2025-04-04,Enterprise,565,0.4116
ORD-3040,2025-04-15,Enterprise,467,0.4213
ORD-3041,2025-04-23,Enterprise,465,0.4229
ORD-3042,2025-04-11,Enterprise,545,0.4804
ORD-3043,2025-04-08,Enterprise,445,0.4578
ORD-3044,2025-04-09,Enterprise,487,0.4244
ORD-3045,2025-04-14,Enterprise,501,0.4444
ORD-3046,2025-04-24,Enterprise,442,0.4423
ORD-3047,2025-04-25,Enterprise,586,0.4209
ORD-3048,2025-04-15,Enterprise,483,0.4387
ORD-3049,2025-04-04,Enterprise,464,0.4379
ORD-3050,2025-04-15,Enterprise,521,0.4283
ORD-3051,2025-04-04,Enterprise,363,0.4344
ORD-3052,2025-04-08,Enterprise,493,0.4154
ORD-3053,2025-04-04,Enterprise,583,0.4718
ORD-3054,2025-04-08,Enterprise,572,0.4153
ORD-3055,2025-04-11,Enterprise,499,0.4569
ORD-3056,2025-04-04,Enterprise,387,0.4093
ORD-3057,2025-04-11,Enterprise,614,0.4038
ORD-3058,2025-04-06,Enterprise,581,0.4894
ORD-3059,2025-04-24,Enterprise,552,0.4591
ORD-3060,2025-04-24,Enterprise,686,0.4379
ORD-3061,2025-04-17,Enterprise,510,0.4656
ORD-3062,2025-04-17,Enterprise,527,0.4552
ORD-3063,2025-04-20,Enterprise,505,0.4432
ORD-3064,2025-04-23,Enterprise,508,0.4294
ORD-3065,2025-04-24,Enterprise,558,0.427
ORD-3066,2025-04-16,Enterprise,537,0.4581
ORD-3067,2025-04-03,Enterprise,481,0.4368
ORD-3068,2025-04-24,Enterprise,440,0.433
ORD-3069,2025-04-17,Enterprise,499,0.434
ORD-3070,2025-04-18,Enterprise,494,0.4199
ORD-3071,2025-04-06,Enterprise,581,0.4748
ORD-3072,2025-04-26,Enterprise,496,0.457
ORD-3073,2025-04-13,Enterprise,491,0.4412
ORD-3074,2025-04-26,Enterprise,598,0.4466
ORD-3075,2025-04-13,Enterprise,655,0.4614
ORD-3076,2025-04-16,Enterprise,585,0.4499
ORD-3077,2025-04-06,Enterprise,436,0.4672
ORD-3078,2025-04-06,Enterprise,559,0.4634
ORD-3079,2025-04-13,Enterprise,398,0.4299
ORD-3080,2025-04-10,Enterprise,676,0.4158
ORD-3081,2025-04-18,Enterprise,486,0.4167
ORD-3082,2025-04-08,Enterprise,396,0.4278
ORD-3083,2025-04-05,Enterprise,365,0.4457
ORD-3084,2025-04-04,Enterprise,436,0.461
ORD-3085,2025-04-17,Enterprise,447,0.4115
ORD-3086,2025-04-10,Enterprise,564,0.4278
ORD-3087,2025-04-02,Enterprise,633,0.4534
ORD-3088,2025-04-13,Enterprise,486,0.4387
ORD-3089,2025-04-13,Enterprise,468,0.4167
ORD-3090,2025-04-20,Enterprise,450,0.432
ORD-3091,2025-04-10,Enterprise,349,0.4647
ORD-3092,2025-04-08,Enterprise,499,0.4297
ORD-3093,2025-04-23,Enterprise,583,0.428
ORD-3094,2025-04-26,Enterprise,429,0.4728
ORD-3095,2025-04-19,Enterprise,443,0.4478
ORD-3096,2025-04-05,Enterprise,552,0.4143
ORD-3097,2025-04-27,Enterprise,475,0.4532
ORD-3098,2025-04-22,Enterprise,641,0.4925
ORD-3099,2025-04-02,Enterprise,551,0.4382
ORD-3100,2025-04-19,Enterprise,515,0.4396
ORD-3101,2025-04-08,Enterprise,347,0.4509
ORD-3102,2025-04-08,Enterprise,513,0.4608
ORD-3103,2025-04-21,Enterprise,450,0.428
ORD-3104,2025-04-03,Enterprise,468,0.4486
ORD-3105,2025-04-11,Enterprise,470,0.4195
ORD-3106,2025-04-22,Enterprise,488,0.4261
ORD-3107,2025-04-15,Enterprise,423,0.4626
ORD-3108,2025-04-15,Enterprise,649,0.4145
ORD-3109,2025-04-25,Enterprise,592,0.4203
ORD-3110,2025-04-17,Enterprise,455,0.4363
ORD-3111,2025-04-04,Enterprise,563,0.4444
ORD-3112,2025-04-23,Enterprise,457,0.4437
ORD-3113,2025-04-17,Enterprise,587,0.4276
ORD-3114,2025-04-10,Enterprise,463,0.4449
ORD-3115,2025-04-10,Enterprise,381,0.4649
ORD-3116,2025-04-02,Enterprise,492,0.4166
ORD-3117,2025-04-01,Enterprise,418,0.4536
ORD-3118,2025-04-28,Enterprise,323,0.4554
ORD-3119,2025-04-18,Enterprise,502,0.4928
ORD-3120,2025-04-02,Enterprise,486,0.4398
ORD-3121,2025-04-09,Enterprise,463,0.4375
ORD-3122,2025-04-18,Enterprise,413,0.4133
ORD-3123,2025-04-25,Enterprise,555,0.3821
ORD-3124,2025-04-28,Enterprise,482,0.4638
ORD-3125,2025-04-07,Enterprise,504,0.4105
ORD-3126,2025-04-19,Enterprise,448,0.4743
ORD-3127,2025-04-27,Enterprise,574,0.4226
ORD-3128,2025-04-06,Enterprise,620,0.4667
ORD-3129,2025-04-05,Enterprise,634,0.4005
ORD-3130,2025-04-22,Enterprise,412,0.4507
ORD-3131,2025-04-02,Enterprise,372,0.4432
ORD-3132,2025-04-24,Enterprise,531,0.4347
ORD-3133,2025-04-05,Enterprise,501,0.4169
ORD-3134,2025-04-19,Enterprise,667,0.4329
ORD-3135,2025-04-07,Enterprise,456,0.4116
ORD-3136,2025-04-06,Enterprise,456,0.4357
ORD-3137,2025-04-17,Enterprise,581,0.4404
ORD-3138,2025-04-06,Enterprise,432,0.4169
ORD-3139,2025-04-04,Enterprise,582,0.4449
ORD-3140,2025-04-17,Enterprise,572,0.4353
ORD-3141,2025-04-06,Enterprise,408,0.4674
ORD-3142,2025-04-26,Enterprise,339,0.458
ORD-3143,2025-04-24,Enterprise,451,0.4217
ORD-3144,2025-04-17,Enterprise,454,0.4154
ORD-3145,2025-04-20,Enterprise,458,0.4628
ORD-3146,2025-04-19,Enterprise,391,0.4347
ORD-3147,2025-04-27,Enterprise,406,0.4016
ORD-3148,2025-04-26,Enterprise,340,0.4458
ORD-3149,2025-04-23,Enterprise,652,0.431
ORD-3150,2025-04-06,SMB,558,0.1412
ORD-3151,2025-04-05,SMB,539,0.1428
ORD-3152,2025-04-09,SMB,403,0.1526
ORD-3153,2025-04-20,SMB,492,0.1282
ORD-3154,2025-04-10,SMB,459,0.1243
ORD-3155,2025-04-19,SMB,614,0.1354
ORD-3156,2025-04-18,SMB,488,0.1528
ORD-3157,2025-04-16,SMB,456,0.1341
ORD-3158,2025-04-21,SMB,526,0.1807
ORD-3159,2025-04-05,SMB,590,0.1316
ORD-3160,2025-04-16,SMB,494,0.1303
ORD-3161,2025-04-08,SMB,498,0.148
ORD-3162,2025-04-23,SMB,483,0.1596
ORD-3163,2025-04-26,SMB,554,0.1309
ORD-3164,2025-04-15,SMB,449,0.1288
ORD-3165,2025-04-02,SMB,469,0.1246
ORD-3166,2025-04-08,SMB,548,0.1433
ORD-3167,2025-04-19,SMB,558,0.1591
ORD-3168,2025-04-02,SMB,396,0.1156
ORD-3169,2025-04-19,SMB,534,0.1511
ORD-3170,2025-04-23,SMB,483,0.149
ORD-3171,2025-04-14,SMB,467,0.1116
ORD-3172,2025-04-04,SMB,441,0.1246
ORD-3173,2025-04-16,SMB,496,0.1358
ORD-3174,2025-04-09,SMB,659,0.1156
ORD-3175,2025-04-13,SMB,558,0.1403
ORD-3176,2025-04-27,SMB,488,0.1602
ORD-3177,2025-04-13,SMB,422,0.1417
ORD-3178,2025-04-22,SMB,464,0.1766
ORD-3179,2025-04-07,SMB,343,0.1387
ORD-3180,2025-04-16,SMB,473,0.1185
ORD-3181,2025-04-23,SMB,603,0.1502
ORD-3182,2025-04-25,SMB,508,0.1861
ORD-3183,2025-04-12,SMB,415,0.1432
ORD-3184,2025-04-22,SMB,678,0.1151
ORD-3185,2025-04-02,SMB,477,0.1367
ORD-3186,2025-04-18,SMB,485,0.1398
ORD-3187,2025-04-17,SMB,548,0.0996
ORD-3188,2025-04-12,SMB,591,0.1471
ORD-3189,2025-04-08,SMB,397,0.1358
ORD-3190,2025-04-17,SMB,574,0.1353
ORD-3191,2025-04-05,SMB,534,0.1163
ORD-3192,2025-04-24,SMB,455,0.1542
ORD-3193,2025-04-20,SMB,580,0.163
ORD-3194,2025-04-10,SMB,492,0.15
ORD-3195,2025-04-27,SMB,508,0.1193
ORD-3196,2025-04-16,SMB,366,0.1399
ORD-3197,2025-04-18,SMB,702,0.1191
ORD-3198,2025-04-08,SMB,568,0.1297
ORD-3199,2025-04-28,SMB,504,0.1077
ORD-3200,2025-04-01,SMB,404,0.1535
ORD-3201,2025-04-19,SMB,408,0.112
ORD-3202,2025-04-03,SMB,318,0.1493
ORD-3203,2025-04-24,SMB,498,0.1575
ORD-3204,2025-04-13,SMB,539,0.1532
ORD-3205,2025-04-06,SMB,413,0.1186
ORD-3206,2025-04-01,SMB,478,0.151
ORD-3207,2025-04-24,SMB,465,0.166
ORD-3208,2025-04-10,SMB,609,0.1506
ORD-3209,2025-04-05,SMB,523,0.1517
ORD-3210,2025-04-05,SMB,579,0.1261
ORD-3211,2025-04-16,SMB,396,0.1292
ORD-3212,2025-04-25,SMB,346,0.1393
ORD-3213,2025-04-25,SMB,417,0.1414
ORD-3214,2025-04-20,SMB,554,0.118
ORD-3215,2025-04-23,SMB,522,0.1702
ORD-3216,2025-04-03,SMB,638,0.1345
ORD-3217,2025-04-27,SMB,485,0.148
ORD-3218,2025-04-12,SMB,445,0.142
ORD-3219,2025-04-26,SMB,567,0.1799
ORD-3220,2025-04-03,SMB,480,0.1709
ORD-3221,2025-04-01,SMB,523,0.1282
ORD-3222,2025-04-28,SMB,510,0.1061
ORD-3223,2025-04-27,SMB,496,0.1649
ORD-3224,2025-04-12,SMB,420,0.1527
ORD-3225,2025-04-11,SMB,521,0.1477
ORD-3226,2025-04-15,SMB,520,0.1597
ORD-3227,2025-04-23,SMB,440,0.1108
ORD-3228,2025-04-18,SMB,459,0.148
ORD-3229,2025-04-07,SMB,532,0.1197
ORD-3230,2025-04-18,SMB,528,0.1107
ORD-3231,2025-04-13,SMB,658,0.137
ORD-3232,2025-04-20,SMB,499,0.1205
ORD-3233,2025-04-14,SMB,559,0.1518
ORD-3234,2025-04-19,SMB,506,0.1725
ORD-3235,2025-04-13,SMB,442,0.1268
ORD-3236,2025-04-14,SMB,497,0.1416
ORD-3237,2025-04-05,SMB,447,0.1477
ORD-3238,2025-04-12,SMB,444,0.1643
ORD-3239,2025-04-09,SMB,528,0.1539
ORD-3240,2025-04-14,SMB,481,0.1823
ORD-3241,2025-04-09,SMB,487,0.1555
ORD-3242,2025-04-05,SMB,590,0.1406
ORD-3243,2025-04-07,SMB,552,0.1238
ORD-3244,2025-04-23,SMB,512,0.15
ORD-3245,2025-04-26,SMB,519,0.106
ORD-3246,2025-04-11,SMB,416,0.154
ORD-3247,2025-04-21,SMB,561,0.1118
ORD-3248,2025-04-25,SMB,468,0.1525
ORD-3249,2025-04-09,SMB,319,0.1
ORD-3250,2025-04-22,SMB,370,0.1238
ORD-3251,2025-04-04,SMB,379,0.126
ORD-3252,2025-04-17,SMB,613,0.1367
ORD-3253,2025-04-08,SMB,644,0.1482
ORD-3254,2025-04-14,SMB,483,0.1451
ORD-3255,2025-04-09,SMB,599,0.1426
ORD-3256,2025-04-22,SMB,430,0.1275
ORD-3257,2025-04-06,SMB,441,0.1084
ORD-3258,2025-04-20,SMB,462,0.1424
ORD-3259,2025-04-21,SMB,533,0.1735
ORD-3260,2025-04-17,SMB,604,0.1564
ORD-3261,2025-04-01,SMB,448,0.1259
ORD-3262,2025-04-15,SMB,622,0.1586
ORD-3263,2025-04-20,SMB,500,0.1706
ORD-3264,2025-04-12,SMB,371,0.1254
ORD-3265,2025-04-17,SMB,552,0.1282
ORD-3266,2025-04-27,SMB,408,0.1311
ORD-3267,2025-04-13,SMB,448,0.1476
ORD-3268,2025-04-03,SMB,441,0.1536
ORD-3269,2025-04-03,SMB,509,0.0982
ORD-3270,2025-04-17,SMB,625,0.1053
ORD-3271,2025-04-25,SMB,579,0.1255
ORD-3272,2025-04-28,SMB,550,0.1618
ORD-3273,2025-04-27,SMB,669,0.1707
ORD-3274,2025-04-22,SMB,469,0.1419
ORD-3275,2025-04-04,SMB,466,0.1345
ORD-3276,2025-04-24,SMB,444,0.139
ORD-3277,2025-04-03,SMB,590,0.1594
ORD-3278,2025-04-07,SMB,479,0.1491
ORD-3279,2025-04-17,SMB,577,0.1406
ORD-3280,2025-04-18,SMB,283,0.1503
ORD-3281,2025-04-10,SMB,407,0.1205
ORD-3282,2025-04-24,SMB,547,0.1428
ORD-3283,2025-04-01,SMB,364,0.1177
ORD-3284,2025-04-17,SMB,449,0.1334
ORD-3285,2025-04-28,SMB,525,0.1878
ORD-3286,2025-04-23,SMB,516,0.1429
ORD-3287,2025-04-20,SMB,354,0.1188
ORD-3288,2025-04-25,SMB,400,0.1533
ORD-3289,2025-04-14,SMB,470,0.1617
ORD-3290,2025-04-07,SMB,396,0.1611
ORD-3291,2025-04-20,SMB,351,0.146
ORD-3292,2025-04-13,SMB,461,0.1277
ORD-3293,2025-04-16,SMB,497,0.1429
ORD-3294,2025-04-17,SMB,548,0.1201
ORD-3295,2025-04-23,SMB,579,0.1428
ORD-3296,2025-04-21,SMB,541,0.1203
ORD-3297,2025-04-28,SMB,573,0.1386
ORD-3298,2025-04-10,SMB,560,0.1403
ORD-3299,2025-04-21,SMB,484,0.1468
ORD-3300,2025-04-19,SMB,510,0.1632
ORD-3301,2025-04-14,SMB,439,0.1192
ORD-3302,2025-04-28,SMB,472,0.1242
ORD-3303,2025-04-26,SMB,559,0.1481
ORD-3304,2025-04-21,SMB,456,0.1097
ORD-3305,2025-04-01,SMB,594,0.115
ORD-3306,2025-04-01,SMB,513,0.1336
ORD-3307,2025-04-24,SMB,431,0.1525
ORD-3308,2025-04-08,SMB,480,0.1325
ORD-3309,2025-04-06,SMB,368,0.1666
ORD-3310,2025-04-08,SMB,492,0.1669
ORD-3311,2025-04-14,SMB,396,0.1256
ORD-3312,2025-04-22,SMB,529,0.13
ORD-3313,2025-04-12,SMB,446,0.1429
ORD-3314,2025-04-27,SMB,515,0.1521
ORD-3315,2025-04-26,SMB,535,0.1379
ORD-3316,2025-04-19,SMB,476,0.1239
ORD-3317,2025-04-01,SMB,467,0.1313
ORD-3318,2025-04-05,SMB,518,0.1374
ORD-3319,2025-04-23,SMB,533,0.1532
ORD-3320,2025-04-13,SMB,504,0.1364
ORD-3321,2025-04-04,SMB,571,0.1569
ORD-3322,2025-04-11,SMB,605,0.1219
ORD-3323,2025-04-12,SMB,540,0.1213
ORD-3324,2025-04-23,SMB,479,0.1555
ORD-3325,2025-04-22,SMB,520,0.1357
ORD-3326,2025-04-18,SMB,476,0.122
ORD-3327,2025-04-24,SMB,521,0.1658
ORD-3328,2025-04-17,SMB,401,0.1313
ORD-3329,2025-04-25,SMB,428,0.0888
ORD-3330,2025-04-20,SMB,458,0.1098
ORD-3331,2025-04-27,SMB,529,0.1095
ORD-3332,2025-04-17,SMB,441,0.1245
ORD-3333,2025-04-09,SMB,409,0.1454
ORD-3334,2025-04-21,SMB,392,0.1695
ORD-3335,2025-04-24,SMB,555,0.1387
ORD-3336,2025-04-07,SMB,406,0.1146
ORD-3337,2025-04-26,SMB,497,0.0882
ORD-3338,2025-04-20,SMB,438,0.1464
ORD-3339,2025-04-22,SMB,497,0.1187
ORD-3340,2025-04-10,SMB,493,0.1636
ORD-3341,2025-04-23,SMB,436,0.1517
ORD-3342,2025-04-26,SMB,415,0.163
ORD-3343,2025-04-19,SMB,561,0.144
ORD-3344,2025-04-04,SMB,270,0.1183
ORD-3345,2025-04-07,SMB,616,0.1663
ORD-3346,2025-04-11,SMB,574,0.169
ORD-3347,2025-04-27,SMB,344,0.1367
ORD-3348,2025-04-27,SMB,454,0.1323
ORD-3349,2025-04-19,SMB,508,0.1643
ORD-3350,2025-04-16,SMB,423,0.1149
ORD-3351,2025-04-19,SMB,497,0.114
ORD-3352,2025-04-09,SMB,530,0.1292
ORD-3353,2025-04-24,SMB,479,0.1038
ORD-3354,2025-04-12,SMB,586,0.1422
ORD-3355,2025-04-07,SMB,579,0.1278
ORD-3356,2025-04-19,SMB,578,0.1297
ORD-3357,2025-04-25,SMB,520,0.1686
ORD-3358,2025-04-05,SMB,426,0.1618
ORD-3359,2025-04-06,SMB,439,0.1226
ORD-3360,2025-04-25,SMB,413,0.1461
ORD-3361,2025-04-06,SMB,600,0.1617
ORD-3362,2025-04-22,SMB,495,0.1605
ORD-3363,2025-04-01,SMB,442,0.1551
ORD-3364,2025-04-21,SMB,542,0.1698
ORD-3365,2025-04-10,SMB,500,0.1782
ORD-3366,2025-04-28,SMB,555,0.1052
ORD-3367,2025-04-25,SMB,586,0.1123
ORD-3368,2025-04-18,SMB,573,0.1378
ORD-3369,2025-04-15,SMB,504,0.1266
ORD-3370,2025-04-02,SMB,562,0.1775
ORD-3371,2025-04-16,SMB,556,0.1153
ORD-3372,2025-04-11,SMB,560,0.1244
ORD-3373,2025-04-19,SMB,520,0.1263
ORD-3374,2025-04-12,SMB,527,0.1459
ORD-3375,2025-04-26,SMB,454,0.1138
ORD-3376,2025-04-24,SMB,366,0.1699
ORD-3377,2025-04-06,SMB,477,0.1057
ORD-3378,2025-04-10,SMB,398,0.1785
ORD-3379,2025-04-21,SMB,419,0.172
ORD-3380,2025-04-12,SMB,519,0.1349
ORD-3381,2025-04-14,SMB,495,0.1531
ORD-3382,2025-04-04,SMB,490,0.1627
ORD-3383,2025-04-22,SMB,510,0.1665
ORD-3384,2025-04-15,SMB,454,0.1282
ORD-3385,2025-04-14,SMB,591,0.1174
ORD-3386,2025-04-26,SMB,505,0.1418
ORD-3387,2025-04-15,SMB,555,0.1476
ORD-3388,2025-04-20,SMB,549,0.123
ORD-3389,2025-04-23,SMB,495,0.1382
ORD-3390,2025-04-02,SMB,595,0.1291
ORD-3391,2025-04-15,SMB,487,0.15
ORD-3392,2025-04-24,SMB,508,0.1309
ORD-3393,2025-04-02,SMB,498,0.1376
ORD-3394,2025-04-14,SMB,491,0.0859
ORD-3395,2025-04-28,SMB,593,0.1384
ORD-3396,2025-04-12,SMB,404,0.1826
ORD-3397,2025-04-16,SMB,522,0.1294
ORD-3398,2025-04-17,SMB,484,0.1822
ORD-3399,2025-04-13,SMB,440,0.1751
ORD-3400,2025-04-03,SMB,480,0.1409
ORD-3401,2025-04-24,SMB,460,0.1376
ORD-3402,2025-04-22,SMB,612,0.1658
ORD-3403,2025-04-27,SMB,452,0.1393
ORD-3404,2025-04-14,SMB,535,0.1505
ORD-3405,2025-04-02,SMB,512,0.1435
ORD-3406,2025-04-04,SMB,389,0.1646
ORD-3407,2025-04-13,SMB,405,0.1309
ORD-3408,2025-04-05,SMB,451,0.1475
ORD-3409,2025-04-04,SMB,546,0.1382
ORD-3410,2025-04-19,SMB,410,0.1081
ORD-3411,2025-04-22,SMB,438,0.0934
ORD-3412,2025-04-22,SMB,546,0.1445
ORD-3413,2025-04-20,SMB,519,0.1695
ORD-3414,2025-04-04,SMB,610,0.1466
ORD-3415,2025-04-21,SMB,492,0.1482
ORD-3416,2025-04-23,SMB,562,0.1325
ORD-3417,2025-04-25,SMB,454,0.1315
ORD-3418,2025-04-03,SMB,524,0.1437
ORD-3419,2025-04-05,SMB,506,0.1464
ORD-3420,2025-04-28,SMB,499,0.1181
ORD-3421,2025-04-10,SMB,506,0.1437
ORD-3422,2025-04-24,SMB,477,0.1263
ORD-3423,2025-04-01,SMB,556,0.1251
ORD-3424,2025-04-09,SMB,556,0.1379
ORD-3425,2025-04-02,SMB,511,0.0815
ORD-3426,2025-04-11,SMB,453,0.1721
ORD-3427,2025-04-09,SMB,590,0.1504
ORD-3428,2025-04-14,SMB,441,0.1628
ORD-3429,2025-04-25,SMB,401,0.18
ORD-3430,2025-04-13,SMB,587,0.1374
ORD-3431,2025-04-22,SMB,420,0.0937
ORD-3432,2025-04-06,SMB,617,0.1214
ORD-3433,2025-04-13,SMB,455,0.1765
ORD-3434,2025-04-07,SMB,504,0.1637
ORD-3435,2025-04-27,SMB,547,0.1638
ORD-3436,2025-04-07,SMB,464,0.1353
ORD-3437,2025-04-08,SMB,464,0.1635
ORD-3438,2025-04-22,SMB,441,0.1218
ORD-3439,2025-04-12,SMB,609,0.1479
ORD-3440,2025-04-22,SMB,456,0.1533
ORD-3441,2025-04-18,SMB,533,0.1767
ORD-3442,2025-04-01,SMB,487,0.1519
ORD-3443,2025-04-12,SMB,462,0.1488
ORD-3444,2025-04-01,SMB,528,0.1556
ORD-3445,2025-04-02,SMB,505,0.1508
ORD-3446,2025-04-02,SMB,599,0.1496
ORD-3447,2025-04-19,SMB,541,0.1299
ORD-3448,2025-04-12,SMB,561,0.1506
ORD-3449,2025-04-03,SMB,522,0.1567
ORD-3450,2025-04-17,SMB,416,0.1561
ORD-3451,2025-04-17,SMB,542,0.1671
ORD-3452,2025-04-22,SMB,532,0.1399
ORD-3453,2025-04-24,SMB,425,0.16
ORD-3454,2025-04-21,SMB,409,0.1604
ORD-3455,2025-04-18,SMB,568,0.1395
ORD-3456,2025-04-16,SMB,479,0.1724
ORD-3457,2025-04-21,SMB,409,0.1376
ORD-3458,2025-04-11,SMB,556,0.1496
ORD-3459,2025-04-20,SMB,535,0.1391
ORD-3460,2025-04-15,SMB,484,0.1545
ORD-3461,2025-04-26,SMB,504,0.1319
ORD-3462,2025-04-16,SMB,464,0.141
ORD-3463,2025-04-24,SMB,442,0.1322
ORD-3464,2025-04-02,SMB,444,0.1403
ORD-3465,2025-04-23,SMB,387,0.1211
ORD-3466,2025-04-02,SMB,495,0.1345
ORD-3467,2025-04-26,SMB,513,0.1797
ORD-3468,2025-04-09,SMB,626,0.0997
ORD-3469,2025-04-23,SMB,599,0.1224
ORD-3470,2025-04-24,SMB,429,0.1462
ORD-3471,2025-04-04,SMB,309,0.1444
ORD-3472,2025-04-09,SMB,439,0.1285
ORD-3473,2025-04-22,SMB,474,0.144
ORD-3474,2025-04-07,SMB,453,0.1577
ORD-3475,2025-04-12,SMB,353,0.1242
ORD-3476,2025-04-08,SMB,505,0.1046
ORD-3477,2025-04-03,SMB,586,0.1539
ORD-3478,2025-04-08,SMB,665,0.164
ORD-3479,2025-04-01,SMB,428,0.1497
ORD-3480,2025-04-12,SMB,491,0.1426
ORD-3481,2025-04-15,SMB,421,0.1407
ORD-3482,2025-04-05,SMB,394,0.1248
ORD-3483,2025-04-15,SMB,464,0.1415
ORD-3484,2025-04-10,SMB,613,0.1415
ORD-3485,2025-04-11,SMB,555,0.1477
ORD-3486,2025-04-07,SMB,347,0.1432
ORD-3487,2025-04-20,SMB,500,0.16
ORD-3488,2025-04-06,SMB,407,0.1093
ORD-3489,2025-04-10,SMB,617,0.151
ORD-3490,2025-04-20,SMB,378,0.1054
ORD-3491,2025-04-27,SMB,376,0.1731
ORD-3492,2025-04-09,SMB,594,0.1362
ORD-3493,2025-04-17,SMB,351,0.1638
ORD-3494,2025-04-23,SMB,415,0.1453
ORD-3495,2025-04-16,SMB,509,0.1416
ORD-3496,2025-04-11,SMB,485,0.1645
ORD-3497,2025-04-18,SMB,567,0.149
ORD-3498,2025-04-22,SMB,529,0.136
ORD-3499,2025-04-24,SMB,621,0.1242
ORD-3500,2025-04-16,SMB,366,0.175
ORD-3501,2025-04-23,SMB,449,0.1417
ORD-3502,2025-04-06,SMB,618,0.1256
ORD-3503,2025-04-20,SMB,619,0.1402
ORD-3504,2025-04-16,SMB,614,0.1563
ORD-3505,2025-04-13,SMB,408,0.1168
ORD-3506,2025-04-05,SMB,551,0.135
ORD-3507,2025-04-07,SMB,479,0.1497
ORD-3508,2025-04-24,SMB,358,0.1396
ORD-3509,2025-04-08,SMB,628,0.1167
ORD-3510,2025-04-16,SMB,379,0.1363
ORD-3511,2025-04-01,SMB,338,0.1487
ORD-3512,2025-04-20,SMB,482,0.1077
ORD-3513,2025-04-24,SMB,347,0.0939
ORD-3514,2025-04-08,SMB,388,0.1067
ORD-3515,2025-04-28,SMB,531,0.141
ORD-3516,2025-04-04,SMB,554,0.1587
ORD-3517,2025-04-23,SMB,476,0.103
ORD-3518,2025-04-11,SMB,529,0.1103
ORD-3519,2025-04-11,SMB,538,0.1224
ORD-3520,2025-04-27,SMB,508,0.1302
ORD-3521,2025-04-17,SMB,507,0.1371
ORD-3522,2025-04-26,SMB,564,0.1547
ORD-3523,2025-04-17,SMB,561,0.1228
ORD-3524,2025-04-16,SMB,366,0.1213
ORD-3525,2025-04-21,SMB,610,0.1078
ORD-3526,2025-04-23,SMB,457,0.1459
ORD-3527,2025-04-04,SMB,529,0.1519
ORD-3528,2025-04-03,SMB,350,0.1372
ORD-3529,2025-04-10,SMB,670,0.1337
ORD-3530,2025-04-09,SMB,468,0.1435
ORD-3531,2025-04-08,SMB,372,0.13
ORD-3532,2025-04-12,SMB,388,0.1035
ORD-3533,2025-04-11,SMB,409,0.1318
ORD-3534,2025-04-24,SMB,601,0.1451
ORD-3535,2025-04-02,SMB,506,0.1383
ORD-3536,2025-04-09,SMB,388,0.1266
ORD-3537,2025-04-11,SMB,598,0.1106
ORD-3538,2025-04-24,SMB,398,0.1599
ORD-3539,2025-04-17,SMB,567,0.1433
ORD-3540,2025-04-08,SMB,581,0.1672
ORD-3541,2025-04-18,SMB,521,0.1539
ORD-3542,2025-04-08,SMB,473,0.152
ORD-3543,2025-04-02,SMB,605,0.1539
ORD-3544,2025-04-15,SMB,400,0.1433
ORD-3545,2025-04-18,SMB,652,0.1015
ORD-3546,2025-04-27,SMB,401,0.1383
ORD-3547,2025-04-01,SMB,626,0.1231
ORD-3548,2025-04-26,SMB,528,0.103
ORD-3549,2025-04-13,SMB,501,0.1618
ORD-3550,2025-04-26,SMB,581,0.1368
ORD-3551,2025-04-26,SMB,567,0.1633
ORD-3552,2025-04-05,SMB,520,0.163
ORD-3553,2025-04-09,SMB,410,0.1492
ORD-3554,2025-04-27,SMB,455,0.1507
ORD-3555,2025-04-21,SMB,428,0.1101
ORD-3556,2025-04-21,SMB,397,0.135
ORD-3557,2025-04-16,SMB,430,0.1398
ORD-3558,2025-04-23,SMB,472,0.1652
ORD-3559,2025-04-15,SMB,446,0.1678
ORD-3560,2025-04-13,SMB,452,0.1326
ORD-3561,2025-04-02,SMB,501,0.1453
ORD-3562,2025-04-01,SMB,422,0.1317
ORD-3563,2025-04-18,SMB,539,0.1323
ORD-3564,2025-04-04,SMB,445,0.1216
ORD-3565,2025-04-19,SMB,320,0.1405
ORD-3566,2025-04-20,SMB,540,0.1319
ORD-3567,2025-04-18,SMB,499,0.1394
ORD-3568,2025-04-10,SMB,448,0.1256
ORD-3569,2025-04-05,SMB,459,0.114
ORD-3570,2025-04-14,SMB,630,0.1431
ORD-3571,2025-04-16,SMB,353,0.1224
ORD-3572,2025-04-07,SMB,485,0.1311
ORD-3573,2025-04-13,SMB,415,0.1488
ORD-3574,2025-04-02,SMB,559,0.1276
ORD-3575,2025-04-09,SMB,554,0.1224
ORD-3576,2025-04-19,SMB,524,0.1191
ORD-3577,2025-04-11,SMB,584,0.1481
ORD-3578,2025-04-15,SMB,542,0.1344
ORD-3579,2025-04-02,SMB,423,0.1454
ORD-3580,2025-04-10,SMB,695,0.1132
ORD-3581,2025-04-21,SMB,528,0.1524
ORD-3582,2025-04-15,SMB,390,0.1234
ORD-3583,2025-04-19,SMB,380,0.1745
ORD-3584,2025-04-14,SMB,495,0.163
ORD-3585,2025-04-10,SMB,527,0.1401
ORD-3586,2025-04-26,SMB,431,0.1312
ORD-3587,2025-04-04,SMB,438,0.1463
ORD-3588,2025-04-15,SMB,510,0.1548
ORD-3589,2025-04-15,SMB,519,0.1305
ORD-3590,2025-04-18,SMB,487,0.1378
ORD-3591,2025-04-04,SMB,473,0.1415
ORD-3592,2025-04-16,SMB,528,0.1485
ORD-3593,2025-04-03,SMB,371,0.1354
ORD-3594,2025-04-23,SMB,529,0.1382
ORD-3595,2025-04-14,SMB,503,0.1611
ORD-3596,2025-04-15,SMB,467,0.1407
ORD-3597,2025-04-27,SMB,561,0.1557
ORD-3598,2025-04-24,SMB,443,0.1343
ORD-3599,2025-04-26,SMB,393,0.1394
ORD-3600,2025-04-26,SMB,620,0.1668
ORD-3601,2025-04-08,SMB,554,0.1558
ORD-3602,2025-04-10,SMB,398,0.1503
ORD-3603,2025-04-22,SMB,500,0.1514
ORD-3604,2025-04-03,SMB,604,0.1577
ORD-3605,2025-04-03,SMB,593,0.183
ORD-3606,2025-04-28,SMB,650,0.1411
ORD-3607,2025-04-13,SMB,440,0.1291
ORD-3608,2025-04-05,SMB,459,0.1527
ORD-3609,2025-04-27,SMB,442,0.1356
ORD-3610,2025-04-28,SMB,558,0.1686
ORD-3611,2025-04-11,SMB,401,0.1456
ORD-3612,2025-04-12,SMB,559,0.1217
ORD-3613,2025-04-22,SMB,523,0.163
ORD-3614,2025-04-14,SMB,541,0.1689
ORD-3615,2025-04-20,SMB,535,0.1594
ORD-3616,2025-04-07,SMB,448,0.1709
ORD-3617,2025-04-15,SMB,509,0.1563
ORD-3618,2025-04-02,SMB,497,0.1647
ORD-3619,2025-04-15,SMB,515,0.1126
ORD-3620,2025-04-01,SMB,500,0.1629
ORD-3621,2025-04-09,SMB,498,0.1429
ORD-3622,2025-04-23,SMB,578,0.1433
ORD-3623,2025-04-24,SMB,515,0.1385
ORD-3624,2025-04-17,SMB,553,0.1361
ORD-3625,2025-04-15,SMB,421,0.122
ORD-3626,2025-04-14,SMB,618,0.1337
ORD-3627,2025-04-28,SMB,422,0.1624
ORD-3628,2025-04-20,SMB,433,0.1574
ORD-3629,2025-04-21,SMB,509,0.094
ORD-3630,2025-04-05,SMB,498,0.1431
ORD-3631,2025-04-25,SMB,463,0.1121
ORD-3632,2025-04-06,SMB,474,0.1302
ORD-3633,2025-04-01,SMB,463,0.1476
ORD-3634,2025-04-24,SMB,452,0.1407
ORD-3635,2025-04-18,SMB,440,0.1697
ORD-3636,2025-04-13,SMB,359,0.132
ORD-3637,2025-04-15,SMB,588,0.1507
ORD-3638,2025-04-27,SMB,492,0.1419
ORD-3639,2025-04-05,SMB,299,0.1068
ORD-3640,2025-04-21,SMB,399,0.1217
ORD-3641,2025-04-24,SMB,565,0.1467
ORD-3642,2025-04-13,SMB,473,0.1389
ORD-3643,2025-04-15,SMB,580,0.1585
ORD-3644,2025-04-05,SMB,481,0.1736
ORD-3645,2025-04-28,SMB,404,0.1194
ORD-3646,2025-04-14,SMB,515,0.1358
ORD-3647,2025-04-25,SMB,520,0.1606
ORD-3648,2025-04-02,SMB,426,0.1333
ORD-3649,2025-04-06,SMB,428,0.1563
ORD-3650,2025-04-11,SMB,419,0.1138
ORD-3651,2025-04-10,SMB,405,0.145
ORD-3652,2025-04-10,SMB,465,0.1675
ORD-3653,2025-04-20,SMB,433,0.1353
ORD-3654,2025-04-03,SMB,288,0.1825
ORD-3655,2025-04-05,SMB,506,0.1356
ORD-3656,2025-04-11,SMB,424,0.134
ORD-3657,2025-04-03,SMB,449,0.1081
ORD-3658,2025-04-27,SMB,507,0.1245
ORD-3659,2025-04-09,SMB,550,0.1392
ORD-3660,2025-04-05,SMB,525,0.1592
ORD-3661,2025-04-27,SMB,389,0.1295
ORD-3662,2025-04-23,SMB,577,0.121
ORD-3663,2025-04-28,SMB,631,0.1025
ORD-3664,2025-04-01,SMB,457,0.1305
ORD-3665,2025-04-06,SMB,498,0.1269
ORD-3666,2025-04-17,SMB,486,0.1266
ORD-3667,2025-04-07,SMB,349,0.1025
ORD-3668,2025-04-22,SMB,651,0.1525
ORD-3669,2025-04-10,SMB,714,0.1428
ORD-3670,2025-04-05,SMB,573,0.1301
ORD-3671,2025-04-14,SMB,547,0.1338
ORD-3672,2025-04-20,SMB,619,0.1315
ORD-3673,2025-04-08,SMB,558,0.1858
ORD-3674,2025-04-12,SMB,284,0.156
ORD-3675,2025-04-13,SMB,536,0.0994
ORD-3676,2025-04-13,SMB,633,0.1468
ORD-3677,2025-04-15,SMB,461,0.1171
ORD-3678,2025-04-18,SMB,564,0.1608
ORD-3679,2025-04-07,SMB,408,0.1672
ORD-3680,2025-04-15,SMB,518,0.1283
ORD-3681,2025-04-06,SMB,483,0.1223
ORD-3682,2025-04-14,SMB,523,0.1234
ORD-3683,2025-04-03,SMB,564,0.1541
ORD-3684,2025-04-25,SMB,409,0.146
ORD-3685,2025-04-15,SMB,450,0.1525
ORD-3686,2025-04-18,SMB,428,0.1432
ORD-3687,2025-04-28,SMB,486,0.1403
ORD-3688,2025-04-03,SMB,512,0.144
ORD-3689,2025-04-24,SMB,495,0.1627
ORD-3690,2025-04-01,SMB,440,0.1432
ORD-3691,2025-04-11,SMB,548,0.1388
ORD-3692,2025-04-10,SMB,440,0.1624
ORD-3693,2025-04-03,SMB,460,0.1592
ORD-3694,2025-04-28,SMB,566,0.1159
ORD-3695,2025-04-14,SMB,575,0.1368
ORD-3696,2025-04-21,SMB,364,0.1065
ORD-3697,2025-04-09,SMB,493,0.1257
ORD-3698,2025-04-23,SMB,535,0.1297
ORD-3699,2025-04-07,SMB,393,0.1806
ORD-3700,2025-04-21,SMB,655,0.1181
ORD-3701,2025-04-12,SMB,410,0.1222
ORD-3702,2025-04-05,SMB,399,0.1281
ORD-3703,2025-04-28,SMB,492,0.1449
ORD-3704,2025-04-20,SMB,574,0.1206
ORD-3705,2025-04-26,SMB,343,0.1341
ORD-3706,2025-04-18,SMB,478,0.1827
ORD-3707,2025-04-17,SMB,509,0.1493
ORD-3708,2025-04-27,SMB,626,0.1435
ORD-3709,2025-04-24,SMB,491,0.1475
ORD-3710,2025-04-08,SMB,460,0.1462
ORD-3711,2025-04-21,SMB,462,0.1231
ORD-3712,2025-04-26,SMB,406,0.1186
ORD-3713,2025-04-06,SMB,586,0.1112
ORD-3714,2025-04-03,SMB,499,0.0717
ORD-3715,2025-04-25,SMB,594,0.121
ORD-3716,2025-04-08,SMB,321,0.1084
ORD-3717,2025-04-20,SMB,524,0.1332
ORD-3718,2025-04-06,SMB,541,0.1049
ORD-3719,2025-04-03,SMB,433,0.1193
ORD-3720,2025-04-24,SMB,346,0.141
ORD-3721,2025-04-06,SMB,562,0.1273
ORD-3722,2025-04-24,SMB,450,0.1297
ORD-3723,2025-04-04,SMB,526,0.1281
ORD-3724,2025-04-10,SMB,486,0.1128
ORD-3725,2025-04-12,SMB,561,0.1767
ORD-3726,2025-04-17,SMB,436,0.17
ORD-3727,2025-04-09,SMB,517,0.1515
ORD-3728,2025-04-17,SMB,552,0.1302
ORD-3729,2025-04-14,SMB,429,0.1383
ORD-3730,2025-04-06,SMB,545,0.1359
ORD-3731,2025-04-19,SMB,465,0.1346
ORD-3732,2025-04-11,SMB,441,0.1573
ORD-3733,2025-04-14,SMB,570,0.1622
ORD-3734,2025-04-20,SMB,614,0.1155
ORD-3735,2025-04-19,SMB,479,0.156
ORD-3736,2025-04-23,SMB,430,0.1504
ORD-3737,2025-04-15,SMB,555,0.1723
ORD-3738,2025-04-27,SMB,275,0.1524
ORD-3739,2025-04-06,SMB,586,0.1207
ORD-3740,2025-04-18,SMB,374,0.095
ORD-3741,2025-04-05,SMB,512,0.1423
ORD-3742,2025-04-07,SMB,424,0.1474
ORD-3743,2025-04-10,SMB,570,0.1721
ORD-3744,2025-04-23,SMB,626,0.1582
ORD-3745,2025-04-16,SMB,471,0.1586
ORD-3746,2025-04-15,SMB,534,0.151
ORD-3747,2025-04-06,SMB,516,0.1656
ORD-3748,2025-04-15,SMB,606,0.1374
ORD-3749,2025-04-23,SMB,559,0.1356
ORD-3750,2025-04-14,SMB,531,0.1282
ORD-3751,2025-04-08,SMB,574,0.1264
ORD-3752,2025-04-28,SMB,321,0.192
ORD-3753,2025-04-02,SMB,476,0.1162
ORD-3754,2025-04-06,SMB,418,0.1514
ORD-3755,2025-04-09,SMB,580,0.1559
ORD-3756,2025-04-20,SMB,370,0.1457
ORD-3757,2025-04-01,SMB,454,0.1277
ORD-3758,2025-04-10,SMB,454,0.1415
ORD-3759,2025-04-06,SMB,660,0.1357
ORD-3760,2025-04-20,SMB,467,0.1187
ORD-3761,2025-04-01,SMB,569,0.1473
ORD-3762,2025-04-22,SMB,519,0.1666
ORD-3763,2025-04-27,SMB,590,0.1568
ORD-3764,2025-04-03,SMB,369,0.1345
ORD-3765,2025-04-19,SMB,513,0.1263
ORD-3766,2025-04-13,SMB,578,0.1288
ORD-3767,2025-04-08,SMB,621,0.1456
ORD-3768,2025-04-26,SMB,361,0.1812
ORD-3769,2025-04-08,SMB,438,0.1419
ORD-3770,2025-04-22,SMB,536,0.1447
ORD-3771,2025-04-22,SMB,493,0.151
ORD-3772,2025-04-02,SMB,457,0.1195
ORD-3773,2025-04-28,SMB,436,0.1016
ORD-3774,2025-04-06,SMB,428,0.1441
ORD-3775,2025-04-01,SMB,510,0.1506
ORD-3776,2025-04-05,SMB,556,0.1708
ORD-3777,2025-04-21,SMB,474,0.1743
ORD-3778,2025-04-06,SMB,456,0.1383
ORD-3779,2025-04-18,SMB,545,0.146
ORD-3780,2025-04-26,SMB,519,0.1619
ORD-3781,2025-04-27,SMB,682,0.1549
ORD-3782,2025-04-13,SMB,438,0.1245
ORD-3783,2025-04-11,SMB,517,0.1441
ORD-3784,2025-04-13,SMB,530,0.1709
ORD-3785,2025-04-24,SMB,586,0.1593
ORD-3786,2025-04-08,SMB,456,0.1546
ORD-3787,2025-04-12,SMB,538,0.1615
ORD-3788,2025-04-03,SMB,397,0.1475
ORD-3789,2025-04-18,SMB,357,0.171
ORD-3790,2025-04-23,SMB,494,0.1413
ORD-3791,2025-04-28,SMB,523,0.1159
ORD-3792,2025-04-27,SMB,631,0.1562
ORD-3793,2025-04-24,SMB,450,0.1227
ORD-3794,2025-04-05,SMB,456,0.1611
ORD-3795,2025-04-20,SMB,467,0.1122
ORD-3796,2025-04-08,SMB,447,0.1271
ORD-3797,2025-04-20,SMB,352,0.11
ORD-3798,2025-04-10,SMB,619,0.1427
ORD-3799,2025-04-11,SMB,628,0.1294
ORD-3800,2025-04-15,SMB,532,0.1313
ORD-3801,2025-04-07,SMB,590,0.1413
ORD-3802,2025-04-26,SMB,520,0.1744
ORD-3803,2025-04-09,SMB,530,0.1634
ORD-3804,2025-04-05,SMB,627,0.163
ORD-3805,2025-04-10,SMB,502,0.1387
ORD-3806,2025-04-22,SMB,575,0.1651
ORD-3807,2025-04-02,SMB,421,0.1286
ORD-3808,2025-04-03,SMB,638,0.1688
ORD-3809,2025-04-05,SMB,517,0.1409
ORD-3810,2025-04-16,SMB,495,0.1263
ORD-3811,2025-04-25,SMB,478,0.1566
ORD-3812,2025-04-18,SMB,408,0.1416
ORD-3813,2025-04-26,SMB,478,0.1172
ORD-3814,2025-04-06,SMB,654,0.1388
ORD-3815,2025-04-05,SMB,436,0.1647
ORD-3816,2025-04-02,SMB,479,0.1596
ORD-3817,2025-04-03,SMB,483,0.1141
ORD-3818,2025-04-26,SMB,458,0.0985
ORD-3819,2025-04-21,SMB,718,0.1317
ORD-3820,2025-04-12,SMB,387,0.1385
ORD-3821,2025-04-20,SMB,488,0.1598
ORD-3822,2025-04-01,SMB,605,0.1384
ORD-3823,2025-04-11,SMB,335,0.1577
ORD-3824,2025-04-06,SMB,337,0.1457
ORD-3825,2025-04-03,SMB,535,0.1371
ORD-3826,2025-04-16,SMB,462,0.1016
ORD-3827,2025-04-20,SMB,445,0.1289
ORD-3828,2025-04-26,SMB,492,0.1399
ORD-3829,2025-04-26,SMB,589,0.1553
ORD-3830,2025-04-05,SMB,524,0.1179
ORD-3831,2025-04-21,SMB,445,0.1744
ORD-3832,2025-04-25,SMB,619,0.1513
ORD-3833,2025-04-23,SMB,454,0.1183
ORD-3834,2025-04-03,SMB,496,0.1584
ORD-3835,2025-04-02,SMB,428,0.1116
ORD-3836,2025-04-17,SMB,457,0.1557
ORD-3837,2025-04-20,SMB,632,0.1636
ORD-3838,2025-04-05,SMB,609,0.1599
ORD-3839,2025-04-26,SMB,517,0.113
ORD-3840,2025-04-15,SMB,494,0.1327
ORD-3841,2025-04-04,SMB,475,0.1277
ORD-3842,2025-04-25,SMB,421,0.1298
ORD-3843,2025-04-18,SMB,494,0.1491
ORD-3844,2025-04-04,SMB,471,0.1364
ORD-3845,2025-04-09,SMB,478,0.1638
ORD-3846,2025-04-22,SMB,606,0.1462
ORD-3847,2025-04-06,SMB,575,0.1632
ORD-3848,2025-04-09,SMB,460,0.1638
ORD-3849,2025-04-27,SMB,565,0.0877
ORD-3850,2025-04-13,SMB,589,0.153
ORD-3851,2025-04-17,SMB,660,0.1605
ORD-3852,2025-04-23,SMB,519,0.11
ORD-3853,2025-04-27,SMB,522,0.172
ORD-3854,2025-04-26,SMB,603,0.1416
ORD-3855,2025-04-12,SMB,413,0.1143
ORD-3856,2025-04-05,SMB,437,0.1586
ORD-3857,2025-04-05,SMB,481,0.1649
ORD-3858,2025-04-09,SMB,389,0.1626
ORD-3859,2025-04-22,SMB,631,0.1153
ORD-3860,2025-04-19,SMB,424,0.1099
ORD-3861,2025-04-11,SMB,502,0.1305
ORD-3862,2025-04-24,SMB,340,0.1735
ORD-3863,2025-04-16,SMB,550,0.1205
ORD-3864,2025-04-02,SMB,507,0.1525
ORD-3865,2025-04-06,SMB,360,0.1476
ORD-3866,2025-04-11,SMB,550,0.1306
ORD-3867,2025-04-04,SMB,603,0.1425
ORD-3868,2025-04-20,SMB,402,0.1355
ORD-3869,2025-04-19,SMB,636,0.1361
ORD-3870,2025-04-09,SMB,501,0.1646
ORD-3871,2025-04-03,SMB,525,0.1487
ORD-3872,2025-04-08,SMB,614,0.1527
ORD-3873,2025-04-02,SMB,604,0.1279
ORD-3874,2025-04-02,SMB,467,0.1174
ORD-3875,2025-04-26,SMB,512,0.1401
ORD-3876,2025-04-05,SMB,615,0.1296
ORD-3877,2025-04-22,SMB,469,0.1137
ORD-3878,2025-04-24,SMB,430,0.1765
ORD-3879,2025-04-22,SMB,460,0.1423
ORD-3880,2025-04-21,SMB,547,0.1446
ORD-3881,2025-04-18,SMB,561,0.107
ORD-3882,2025-04-16,SMB,544,0.1146
ORD-3883,2025-04-02,SMB,591,0.1337
ORD-3884,2025-04-20,SMB,575,0.1201
ORD-3885,2025-04-18,SMB,415,0.1508
ORD-3886,2025-04-24,SMB,561,0.1721
ORD-3887,2025-04-15,SMB,467,0.1409
ORD-3888,2025-04-09,SMB,500,0.1519
ORD-3889,2025-04-08,SMB,472,0.1473
ORD-3890,2025-04-03,SMB,530,0.1144
ORD-3891,2025-04-21,SMB,497,0.1333
ORD-3892,2025-04-10,SMB,466,0.1216
ORD-3893,2025-04-11,SMB,481,0.1508
ORD-3894,2025-04-05,SMB,551,0.1301
ORD-3895,2025-04-10,SMB,353,0.136
ORD-3896,2025-04-10,SMB,574,0.1215
ORD-3897,2025-04-04,SMB,524,0.1514
ORD-3898,2025-04-28,SMB,472,0.1568
ORD-3899,2025-04-10,SMB,585,0.1127
ORD-3900,2025-04-09,SMB,556,0.1427
ORD-3901,2025-04-07,SMB,410,0.144
ORD-3902,2025-04-19,SMB,532,0.1214
ORD-3903,2025-04-24,SMB,410,0.1522
ORD-3904,2025-04-13,SMB,550,0.1435
ORD-3905,2025-04-27,SMB,477,0.1175
ORD-3906,2025-04-11,SMB,558,0.1563
ORD-3907,2025-04-15,SMB,587,0.1238
ORD-3908,2025-04-11,SMB,391,0.1067
ORD-3909,2025-04-05,SMB,543,0.1454
ORD-3910,2025-04-10,SMB,358,0.1519
ORD-3911,2025-04-22,SMB,492,0.1454
ORD-3912,2025-04-21,SMB,587,0.1149
ORD-3913,2025-04-13,SMB,490,0.1508
ORD-3914,2025-04-15,SMB,501,0.1574
ORD-3915,2025-04-13,SMB,599,0.1389
ORD-3916,2025-04-18,SMB,463,0.1625
ORD-3917,2025-04-21,SMB,479,0.1569
ORD-3918,2025-04-05,SMB,502,0.1358
ORD-3919,2025-04-14,SMB,496,0.1489
ORD-3920,2025-04-03,SMB,578,0.1389
ORD-3921,2025-04-11,SMB,511,0.1277
ORD-3922,2025-04-19,SMB,536,0.1629
ORD-3923,2025-04-08,SMB,563,0.1469
ORD-3924,2025-04-14,SMB,507,0.1678
ORD-3925,2025-04-01,SMB,615,0.174
ORD-3926,2025-04-22,SMB,412,0.1383
ORD-3927,2025-04-11,SMB,586,0.1426
ORD-3928,2025-04-20,SMB,578,0.1346
ORD-3929,2025-04-21,SMB,511,0.1322
ORD-3930,2025-04-07,SMB,518,0.1363
ORD-3931,2025-04-12,SMB,401,0.1398
ORD-3932,2025-04-10,SMB,513,0.151
ORD-3933,2025-04-14,SMB,575,0.1587
ORD-3934,2025-04-11,SMB,594,0.1348
ORD-3935,2025-04-18,SMB,410,0.1475
ORD-3936,2025-04-08,SMB,495,0.1153
ORD-3937,2025-04-01,SMB,426,0.1244
ORD-3938,2025-04-08,SMB,607,0.1813
ORD-3939,2025-04-03,SMB,428,0.15
ORD-3940,2025-04-05,SMB,375,0.1502
ORD-3941,2025-04-04,SMB,603,0.1214
ORD-3942,2025-04-04,SMB,537,0.1602
ORD-3943,2025-04-21,SMB,507,0.1575
ORD-3944,2025-04-24,SMB,583,0.1411
ORD-3945,2025-04-06,SMB,642,0.1816
ORD-3946,2025-04-14,SMB,591,0.1787
ORD-3947,2025-04-09,SMB,462,0.1449
ORD-3948,2025-04-12,SMB,423,0.131
ORD-3949,2025-04-10,SMB,565,0.1645
ORD-3950,2025-04-24,SMB,451,0.1528
ORD-3951,2025-04-08,SMB,532,0.1073
ORD-3952,2025-04-08,SMB,500,0.1127
ORD-3953,2025-04-06,SMB,644,0.1669
ORD-3954,2025-04-02,SMB,423,0.1622
ORD-3955,2025-04-28,SMB,397,0.1604
ORD-3956,2025-04-01,SMB,441,0.1359
ORD-3957,2025-04-08,SMB,496,0.15
ORD-3958,2025-04-14,SMB,567,0.1403
ORD-3959,2025-04-02,SMB,504,0.1493
ORD-3960,2025-04-07,SMB,538,0.1524
ORD-3961,2025-04-21,SMB,440,0.1275
ORD-3962,2025-04-12,SMB,391,0.1442
ORD-3963,2025-04-06,SMB,562,0.1441
ORD-3964,2025-04-01,SMB,605,0.1579
ORD-3965,2025-04-04,SMB,419,0.1433
ORD-3966,2025-04-21,SMB,425,0.1099
ORD-3967,2025-04-01,SMB,338,0.1322
ORD-3968,2025-04-27,SMB,427,0.1904
ORD-3969,2025-04-12,SMB,605,0.1208
ORD-3970,2025-04-08,SMB,539,0.1386
ORD-3971,2025-04-28,SMB,562,0.1728
ORD-3972,2025-04-01,SMB,478,0.1057
ORD-3973,2025-04-08,SMB,540,0.1842
ORD-3974,2025-04-17,SMB,439,0.1521
ORD-3975,2025-04-19,SMB,431,0.1294
ORD-3976,2025-04-04,SMB,450,0.1238
ORD-3977,2025-04-20,SMB,589,0.1392
ORD-3978,2025-04-14,SMB,481,0.1565
ORD-3979,2025-04-23,SMB,371,0.123
ORD-3980,2025-04-25,SMB,466,0.1455
ORD-3981,2025-04-06,SMB,571,0.1714
ORD-3982,2025-04-22,SMB,519,0.1251
ORD-3983,2025-04-20,SMB,397,0.1083
ORD-3984,2025-04-09,SMB,379,0.1403
ORD-3985,2025-04-09,SMB,442,0.164
ORD-3986,2025-04-23,SMB,415,0.1678
ORD-3987,2025-04-18,SMB,570,0.1086
ORD-3988,2025-04-05,SMB,657,0.1282
ORD-3989,2025-04-24,SMB,600,0.1682
ORD-3990,2025-04-26,SMB,435,0.1389
ORD-3991,2025-04-25,SMB,273,0.1399
ORD-3992,2025-04-21,SMB,471,0.1557
ORD-3993,2025-04-13,SMB,462,0.1287
ORD-3994,2025-04-20,SMB,467,0.1478
ORD-3995,2025-04-09,SMB,288,0.1729
ORD-3996,2025-04-04,SMB,538,0.1116
ORD-3997,2025-04-21,SMB,365,0.1682
ORD-3998,2025-04-16,SMB,526,0.1705
ORD-3999,2025-04-11,SMB,511,0.1274